{"container_types": 4, "number_of_facilities": 2, "container_quality_level": 5, "time_periods": 14, "number_containers_arriving_to_facility_zero": [[168, 253, 221, 241, 167, 232, 244, 264, 231, 130, 164, 193, 271, 225], [281, 189, 280, 162, 219, 120, 288, 104, 142, 156, 227, 164, 142, 205], [145, 148, 238, 120, 140, 287, 205, 168, 209, 151, 195, 216, 258, 159], [184, 173, 168, 117, 185, 130, 141, 185, 102, 220, 153, 218, 228, 222]], "number_unexpected_containers_at_facilities": [[37, 67, 64], [11, 10, 4], [13, 96, 9], [3, 38, 84]], "number_good_quality_containers_at_facilities": [[3, 5, 8], [65, 26, 79], [54, 43, 70], [47, 92, 95]], "containers_demand_for_clients": [[180, 198, 212, 190, 197, 195, 205, 229, 209, 229, 217, 234, 200, 217], [227, 241, 203, 194, 184, 255, 266, 189, 209, 190, 226, 235, 220, 264], [212, 178, 178, 178, 217, 220, 190, 180, 189, 181, 188, 198, 213, 220], [239, 184, 203, 216, 198, 192, 189, 230, 170, 209, 168, 197, 230, 194]], "transportation_capacity": 588, "probability_original_quality_level": [[8.0, 9.0, 20.0, 31.0, 11.0, 21.0, 0.0], [7.0, 13.0, 33.0, 23.0, 15.0, 8.0, 1.0], [5.0, 29.0, 9.0, 12.0, 16.0, 26.0, 3.0], [7.0, 9.0, 15.0, 3.0, 51.0, 12.0, 3.0]], "number_hours_required_for_inspection": [0.5332016594118921, 0.48491324920708484, 0.7172608823166374, 0.4600101694783442], "number_hours_available_for_inspection": [213, 245, 225], "expected_number_hours_required_for_repair": [1.5092875869072149, 1.3922310026703375, 1.4027510009523432, 1.5706297521789019], "number_hours_available_for_repair": [395, 457, 539], "warehouse_capacity_of_facility": [776, 824, 803], "cost_of_inspection": [10.664033188237843, 9.698264984141696, 14.345217646332749, 9.200203389566884], "expected_cost_of_repair": [43.70192778283627, 40.59859066007517, 41.33450287539817, 45.7439179170404], "cost_of_transportation": [106, 78], "holding_cost": [2.9029434834479146, 2.489777335037617, 1.7724378229883873], "rejection_cost": [200.0, 200.0, 200.0, 200.0]}