{"container_types": 4, "number_of_facilities": 2, "container_quality_level": 5, "time_periods": 14, "number_containers_arriving_to_facility_zero": [[215, 146, 218, 156, 117, 126, 231, 106, 175, 219, 142, 264, 186, 151], [141, 295, 284, 211, 138, 116, 214, 185, 167, 247, 184, 298, 200, 102], [143, 284, 142, 286, 165, 189, 238, 286, 191, 162, 180, 106, 265, 237], [134, 218, 172, 129, 179, 265, 140, 213, 203, 127, 149, 205, 147, 179]], "number_unexpected_containers_at_facilities": [[95, 20, 63], [31, 27, 74], [39, 29, 37], [61, 88, 9]], "number_good_quality_containers_at_facilities": [[75, 41, 63], [73, 91, 63], [85, 28, 91], [40, 87, 8]], "containers_demand_for_clients": [[189, 186, 173, 190, 228, 163, 184, 197, 218, 157, 193, 207, 208, 227], [229, 199, 229, 183, 178, 216, 224, 177, 161, 239, 205, 239, 211, 199], [216, 211, 203, 236, 267, 260, 196, 219, 194, 254, 231, 234, 256, 235], [216, 188, 270, 216, 211, 236, 267, 200, 213, 195, 252, 258, 226, 215]], "transportation_capacity": 628, "probability_original_quality_level": [[10.0, 24.0, 0.0, 25.0, 20.0, 17.0, 4.0], [10.0, 10.0, 21.0, 21.0, 15.0, 20.0, 3.0], [10.0, 15.0, 3.0, 0.0, 27.0, 42.0, 3.0], [7.0, 6.0, 33.0, 10.0, 12.0, 28.0, 4.0]], "number_hours_required_for_inspection": [0.42298983180830757, 0.40357718630111494, 0.3893709784690836, 0.6352786781389453], "number_hours_available_for_inspection": [192, 207, 176], "expected_number_hours_required_for_repair": [1.3876039166949257, 1.4024090146648869, 1.6762004523146259, 1.4280403474458032], "number_hours_available_for_repair": [412, 545, 425], "warehouse_capacity_of_facility": [806, 872, 850], "cost_of_inspection": [8.459796636166152, 8.071543726022298, 7.7874195693816715, 12.705573562778907], "expected_cost_of_repair": [40.60469469999502, 40.72531874626276, 48.55210765258158, 42.08899325968762], "cost_of_transportation": [105, 130], "holding_cost": [2.867285499519679, 1.9236843687467753, 1.322544550288424], "rejection_cost": [200.0, 200.0, 200.0, 200.0]}