{"container_types": 4, "number_of_facilities": 2, "container_quality_level": 5, "time_periods": 14, "number_containers_arriving_to_facility_zero": [[173, 178, 199, 151, 159, 185, 134, 194, 118, 237, 112, 209, 288, 257], [267, 296, 231, 257, 181, 129, 286, 107, 273, 284, 142, 207, 276, 174], [159, 138, 183, 274, 163, 180, 279, 276, 137, 190, 107, 138, 250, 114], [186, 204, 127, 196, 291, 251, 287, 162, 245, 231, 164, 180, 144, 206]], "number_unexpected_containers_at_facilities": [[95, 98, 92], [5, 26, 29], [63, 71, 55], [98, 13, 67]], "number_good_quality_containers_at_facilities": [[44, 93, 47], [12, 69, 81], [93, 68, 84], [95, 83, 59]], "containers_demand_for_clients": [[195, 251, 192, 195, 238, 195, 238, 263, 215, 233, 264, 242, 261, 267], [232, 201, 221, 233, 199, 230, 230, 213, 227, 229, 246, 219, 202, 222], [202, 193, 217, 226, 216, 240, 229, 190, 271, 277, 226, 241, 223, 247], [234, 241, 205, 246, 234, 237, 252, 252, 176, 222, 176, 192, 225, 210]], "transportation_capacity": 659, "probability_original_quality_level": [[10.0, 7.0, 27.0, 14.0, 21.0, 18.0, 3.0], [8.0, 8.0, 19.0, 9.0, 34.0, 17.0, 5.0], [9.0, 23.0, 6.0, 30.0, 26.0, 3.0, 3.0], [10.0, 16.0, 8.0, 35.0, 7.0, 21.0, 3.0]], "number_hours_required_for_inspection": [0.8253674228767364, 0.7162568865867199, 0.580741230931946, 0.6608573547946507], "number_hours_available_for_inspection": [253, 302, 275], "expected_number_hours_required_for_repair": [1.4381555378446071, 1.4812357221125538, 1.3971012289957994, 1.3583416447591024], "number_hours_available_for_repair": [561, 518, 483], "warehouse_capacity_of_facility": [876, 833, 916], "cost_of_inspection": [16.50734845753473, 14.325137731734399, 11.61482461863892, 13.217147095893013], "expected_cost_of_repair": [41.81392211432849, 42.94687923302434, 40.1935584011401, 39.53244007099258], "cost_of_transportation": [150, 133], "holding_cost": [2.507906068999905, 1.7284845701044744, 1.5662630381397962], "rejection_cost": [200.0, 200.0, 200.0, 200.0]}