{"container_types": 4, "number_of_facilities": 2, "container_quality_level": 5, "time_periods": 14, "number_containers_arriving_to_facility_zero": [[120, 141, 293, 104, 229, 183, 183, 194, 280, 263, 163, 281, 166, 100], [290, 188, 264, 167, 105, 244, 109, 298, 273, 157, 240, 226, 149, 218], [158, 147, 143, 177, 158, 266, 197, 138, 292, 115, 291, 179, 105, 151], [124, 200, 264, 244, 240, 278, 220, 203, 134, 211, 231, 187, 174, 251]], "number_unexpected_containers_at_facilities": [[17, 14, 87], [57, 4, 12], [49, 93, 15], [69, 28, 82]], "number_good_quality_containers_at_facilities": [[85, 60, 72], [40, 20, 43], [2, 99, 98], [72, 89, 46]], "containers_demand_for_clients": [[276, 244, 192, 278, 286, 198, 274, 284, 218, 284, 200, 271, 242, 193], [234, 178, 258, 205, 184, 201, 198, 174, 189, 216, 231, 251, 251, 235], [212, 202, 209, 213, 227, 204, 261, 228, 259, 264, 183, 223, 189, 255], [228, 244, 179, 245, 228, 199, 232, 176, 191, 214, 195, 168, 181, 164]], "transportation_capacity": 509, "probability_original_quality_level": [[5.0, 15.0, 6.0, 8.0, 23.0, 40.0, 3.0], [8.0, 27.0, 16.0, 18.0, 20.0, 11.0, 0.0], [7.0, 30.0, 22.0, 16.0, 12.0, 12.0, 1.0], [9.0, 38.0, 10.0, 0.0, 6.0, 35.0, 2.0]], "number_hours_required_for_inspection": [0.41129184203924773, 0.7092023230210747, 0.7010045793465222, 0.7155081000259021], "number_hours_available_for_inspection": [319, 277, 306], "expected_number_hours_required_for_repair": [1.6585785871866623, 1.3271427204804318, 1.331388706146063, 1.3559142214853876], "number_hours_available_for_repair": [387, 554, 381], "warehouse_capacity_of_facility": [924, 863, 955], "cost_of_inspection": [8.225836840784954, 14.184046460421493, 14.020091586930443, 14.310162000518043], "expected_cost_of_repair": [49.01331298384275, 38.25364682809286, 39.10140120667452, 39.25392526324558], "cost_of_transportation": [90, 160], "holding_cost": [2.5748595055682184, 2.3440040806190865, 1.753207445025243], "rejection_cost": [200.0, 200.0, 200.0, 200.0]}