{"container_types": 4, "number_of_facilities": 2, "container_quality_level": 5, "time_periods": 14, "number_containers_arriving_to_facility_zero": [[294, 108, 225, 131, 206, 104, 206, 281, 196, 191, 133, 203, 289, 144], [170, 127, 250, 192, 239, 131, 160, 225, 149, 220, 227, 284, 244, 273], [122, 173, 144, 279, 212, 243, 276, 251, 254, 167, 172, 234, 148, 244], [261, 124, 101, 158, 248, 283, 123, 141, 215, 158, 267, 257, 297, 114]], "number_unexpected_containers_at_facilities": [[38, 61, 8], [17, 30, 82], [27, 94, 21], [93, 38, 68]], "number_good_quality_containers_at_facilities": [[37, 48, 23], [50, 78, 49], [9, 66, 22], [67, 11, 1]], "containers_demand_for_clients": [[245, 203, 187, 224, 197, 256, 207, 254, 242, 247, 197, 194, 204, 179], [228, 230, 223, 215, 212, 238, 171, 232, 176, 171, 170, 202, 224, 189], [196, 229, 253, 225, 244, 247, 226, 189, 214, 202, 272, 266, 263, 193], [230, 206, 238, 205, 263, 237, 237, 195, 260, 194, 224, 254, 216, 187]], "transportation_capacity": 503, "probability_original_quality_level": [[10.0, 16.0, 31.0, 25.0, 7.0, 7.0, 4.0], [9.0, 3.0, 7.0, 10.0, 33.0, 38.0, 0.0], [7.0, 17.0, 23.0, 12.0, 28.0, 11.0, 2.0], [6.0, 10.0, 29.0, 0.0, 3.0, 50.0, 2.0]], "number_hours_required_for_inspection": [0.36754102096335295, 0.6868193572571334, 0.4171889865679272, 0.7614787514586361], "number_hours_available_for_inspection": [245, 214, 287], "expected_number_hours_required_for_repair": [1.1802312097138157, 1.7492935474614395, 1.295235219978813, 1.6341910168709313], "number_hours_available_for_repair": [554, 577, 459], "warehouse_capacity_of_facility": [843, 814, 954], "cost_of_inspection": [7.350820419267059, 13.736387145142668, 8.343779731358543, 15.229575029172722], "expected_cost_of_repair": [33.555063114177806, 50.961069249605416, 38.09362851099079, 48.30072650028014], "cost_of_transportation": [107, 130], "holding_cost": [2.935960878769265, 1.8844993090198567, 1.2210378535106192], "rejection_cost": [200.0, 200.0, 200.0, 200.0]}