{"container_types": 4, "number_of_facilities": 2, "container_quality_level": 5, "time_periods": 14, "number_containers_arriving_to_facility_zero": [[215, 278, 166, 193, 228, 215, 284, 109, 209, 155, 275, 248, 137, 152], [207, 249, 293, 195, 222, 214, 120, 222, 117, 259, 178, 225, 279, 189], [105, 202, 172, 142, 184, 277, 194, 249, 253, 279, 194, 277, 292, 169], [198, 288, 157, 108, 287, 285, 286, 290, 239, 258, 191, 181, 278, 236]], "number_unexpected_containers_at_facilities": [[36, 94, 24], [24, 48, 54], [20, 20, 85], [2, 18, 42]], "number_good_quality_containers_at_facilities": [[65, 75, 35], [17, 0, 4], [43, 88, 73], [99, 68, 71]], "containers_demand_for_clients": [[299, 279, 291, 245, 284, 278, 242, 232, 279, 284, 274, 227, 212, 294], [230, 265, 196, 238, 215, 262, 248, 214, 207, 188, 193, 211, 225, 194], [186, 224, 196, 185, 223, 252, 253, 205, 228, 234, 195, 234, 203, 265], [228, 216, 262, 192, 201, 230, 235, 193, 267, 232, 200, 208, 281, 217]], "transportation_capacity": 584, "probability_original_quality_level": [[9.0, 29.0, 18.0, 41.0, 1.0, 2.0, 0.0], [6.0, 30.0, 19.0, 11.0, 27.0, 6.0, 1.0], [9.0, 17.0, 25.0, 10.0, 15.0, 22.0, 2.0], [10.0, 22.0, 24.0, 7.0, 2.0, 32.0, 3.0]], "number_hours_required_for_inspection": [0.9129112673338908, 0.6241003263987353, 0.4569263753399426, 0.7923872694111066], "number_hours_available_for_inspection": [349, 382, 332], "expected_number_hours_required_for_repair": [1.048067196462136, 1.3161392000922734, 1.354324489528706, 1.4153630295746351], "number_hours_available_for_repair": [470, 409, 423], "warehouse_capacity_of_facility": [999, 1035, 985], "cost_of_inspection": [18.25822534667782, 12.482006527974704, 9.138527506798852, 15.847745388222132], "expected_cost_of_repair": [30.50830043189162, 38.29325192236703, 39.01456849217873, 40.47686826547428], "cost_of_transportation": [111, 75], "holding_cost": [2.301926188889369, 1.5262322179197714, 1.8498424946409933], "rejection_cost": [200.0, 200.0, 200.0, 200.0]}