{"container_types": 4, "number_of_facilities": 2, "container_quality_level": 5, "time_periods": 14, "number_containers_arriving_to_facility_zero": [[202, 154, 122, 186, 271, 291, 132, 296, 193, 105, 166, 110, 158, 213], [146, 158, 189, 175, 206, 162, 200, 108, 183, 102, 216, 111, 131, 205], [194, 212, 273, 121, 181, 239, 219, 206, 137, 167, 122, 113, 271, 235], [261, 232, 185, 124, 281, 163, 193, 239, 116, 265, 104, 196, 162, 185]], "number_unexpected_containers_at_facilities": [[51, 46, 65], [97, 95, 48], [81, 82, 98], [17, 49, 73]], "number_good_quality_containers_at_facilities": [[45, 81, 96], [97, 28, 71], [37, 57, 95], [78, 24, 57]], "containers_demand_for_clients": [[209, 178, 179, 244, 175, 204, 207, 179, 198, 227, 211, 230, 253, 182], [215, 245, 230, 184, 182, 186, 213, 229, 225, 227, 181, 254, 255, 191], [167, 225, 167, 221, 172, 171, 199, 160, 158, 212, 182, 186, 180, 196], [249, 226, 265, 243, 197, 219, 232, 232, 266, 188, 221, 204, 259, 264]], "transportation_capacity": 596, "probability_original_quality_level": [[6.0, 23.0, 2.0, 23.0, 9.0, 35.0, 2.0], [6.0, 8.0, 12.0, 23.0, 15.0, 31.0, 5.0], [7.0, 20.0, 23.0, 7.0, 16.0, 22.0, 5.0], [6.0, 24.0, 15.0, 10.0, 9.0, 33.0, 3.0]], "number_hours_required_for_inspection": [0.5785223407187978, 0.451432922745437, 0.355674018166637, 0.4367414810000277], "number_hours_available_for_inspection": [187, 186, 170], "expected_number_hours_required_for_repair": [1.438327013682989, 1.4998357276415346, 1.407564374710438, 1.4695952012589442], "number_hours_available_for_repair": [553, 480, 553], "warehouse_capacity_of_facility": [832, 858, 786], "cost_of_inspection": [11.570446814375956, 9.02865845490874, 7.113480363332741, 8.734829620000554], "expected_cost_of_repair": [42.25235733645952, 44.065064443397475, 41.501171561515555, 42.919669714949066], "cost_of_transportation": [85, 126], "holding_cost": [2.7475642572935977, 1.7728346885541222, 1.9166468506128136], "rejection_cost": [200.0, 200.0, 200.0, 200.0]}