{"container_types": 4, "number_of_facilities": 2, "container_quality_level": 5, "time_periods": 14, "number_containers_arriving_to_facility_zero": [[174, 118, 233, 240, 103, 225, 173, 295, 116, 234, 165, 220, 251, 122], [223, 231, 218, 247, 106, 173, 209, 140, 214, 296, 181, 140, 165, 282], [208, 141, 104, 259, 212, 137, 241, 239, 284, 217, 260, 294, 106, 103], [122, 161, 176, 198, 250, 224, 266, 240, 186, 161, 248, 174, 233, 203]], "number_unexpected_containers_at_facilities": [[65, 42, 94], [55, 46, 24], [42, 99, 7], [72, 91, 97]], "number_good_quality_containers_at_facilities": [[60, 1, 53], [90, 39, 56], [14, 64, 44], [94, 32, 33]], "containers_demand_for_clients": [[225, 243, 219, 219, 190, 185, 203, 256, 219, 213, 225, 200, 186, 226], [199, 185, 189, 225, 177, 242, 252, 184, 177, 178, 173, 172, 224, 207], [251, 213, 193, 256, 246, 198, 262, 215, 223, 236, 222, 180, 184, 244], [252, 230, 242, 223, 230, 207, 198, 225, 187, 240, 175, 256, 262, 238]], "transportation_capacity": 618, "probability_original_quality_level": [[8.0, 26.0, 15.0, 12.0, 10.0, 29.0, 0.0], [10.0, 29.0, 4.0, 16.0, 31.0, 9.0, 1.0], [7.0, 14.0, 22.0, 33.0, 3.0, 19.0, 2.0], [5.0, 4.0, 19.0, 28.0, 14.0, 26.0, 4.0]], "number_hours_required_for_inspection": [0.6142970183586526, 0.7538501273776446, 0.5168554084338725, 0.5996786643231394], "number_hours_available_for_inspection": [304, 295, 242], "expected_number_hours_required_for_repair": [1.4280028682839612, 1.2631943119049016, 1.3898346560484953, 1.5850039440268304], "number_hours_available_for_repair": [522, 550, 403], "warehouse_capacity_of_facility": [877, 869, 927], "cost_of_inspection": [12.285940367173051, 15.07700254755289, 10.33710816867745, 11.993573286462789], "expected_cost_of_repair": [41.950506223280584, 36.76599559938475, 40.725362201740275, 46.720003361368796], "cost_of_transportation": [109, 128], "holding_cost": [2.384576191835725, 1.6863110809459823, 1.9417283142068076], "rejection_cost": [200.0, 200.0, 200.0, 200.0]}