{"container_types": 4, "number_of_facilities": 2, "container_quality_level": 5, "time_periods": 14, "number_containers_arriving_to_facility_zero": [[220, 245, 138, 141, 131, 190, 181, 164, 145, 191, 138, 105, 183, 177], [241, 132, 197, 122, 170, 186, 102, 291, 271, 147, 276, 138, 171, 118], [188, 250, 158, 120, 202, 205, 244, 162, 241, 147, 125, 192, 291, 108], [224, 220, 148, 241, 270, 153, 156, 126, 175, 181, 222, 104, 232, 123]], "number_unexpected_containers_at_facilities": [[79, 85, 33], [32, 57, 70], [66, 94, 72], [79, 66, 48]], "number_good_quality_containers_at_facilities": [[82, 24, 53], [83, 90, 75], [87, 93, 55], [30, 26, 87]], "containers_demand_for_clients": [[240, 202, 240, 227, 218, 166, 228, 203, 202, 225, 168, 213, 246, 242], [209, 194, 192, 177, 172, 183, 162, 193, 198, 208, 222, 200, 210, 157], [198, 206, 190, 195, 228, 210, 220, 221, 179, 254, 235, 209, 177, 219], [264, 186, 216, 208, 188, 252, 199, 190, 222, 236, 238, 259, 262, 215]], "transportation_capacity": 471, "probability_original_quality_level": [[8.0, 38.0, 13.0, 4.0, 28.0, 6.0, 3.0], [6.0, 0.0, 32.0, 12.0, 8.0, 41.0, 1.0], [10.0, 12.0, 11.0, 15.0, 22.0, 29.0, 1.0], [5.0, 31.0, 27.0, 13.0, 12.0, 7.0, 5.0]], "number_hours_required_for_inspection": [0.7174725502621393, 0.6417115562421731, 0.41590023076890176, 0.9101038542538487], "number_hours_available_for_inspection": [233, 310, 234], "expected_number_hours_required_for_repair": [1.2246359076254851, 1.6261333286903747, 1.517489481694768, 1.1229660097476906], "number_hours_available_for_repair": [481, 517, 496], "warehouse_capacity_of_facility": [914, 834, 906], "cost_of_inspection": [14.349451005242786, 12.834231124843463, 8.318004615378035, 18.202077085076972], "expected_cost_of_repair": [35.82386391182517, 47.79988665088834, 44.30184184596166, 33.030215836886285], "cost_of_transportation": [77, 92], "holding_cost": [2.2638565915382163, 2.468212253499606, 1.9361260729039977], "rejection_cost": [200.0, 200.0, 200.0, 200.0]}