{"container_types": 4, "number_of_facilities": 2, "container_quality_level": 5, "time_periods": 14, "number_containers_arriving_to_facility_zero": [[151, 171, 216, 227, 275, 207, 227, 256, 173, 206, 199, 157, 215, 132], [230, 182, 238, 200, 215, 230, 125, 218, 256, 174, 221, 161, 126, 296], [268, 121, 239, 111, 148, 239, 232, 108, 152, 285, 160, 220, 141, 229], [271, 174, 162, 127, 167, 148, 183, 149, 272, 298, 288, 267, 133, 215]], "number_unexpected_containers_at_facilities": [[72, 20, 46], [8, 70, 88], [79, 95, 89], [11, 49, 4]], "number_good_quality_containers_at_facilities": [[82, 82, 78], [89, 59, 67], [88, 91, 25], [93, 44, 33]], "containers_demand_for_clients": [[221, 180, 177, 221, 178, 193, 231, 210, 209, 260, 177, 263, 263, 220], [188, 204, 255, 243, 228, 252, 226, 216, 233, 230, 201, 192, 269, 249], [245, 259, 268, 240, 193, 201, 262, 207, 231, 260, 275, 187, 194, 216], [227, 219, 196, 217, 213, 207, 181, 241, 265, 265, 244, 196, 263, 241]], "transportation_capacity": 491, "probability_original_quality_level": [[6.0, 30.0, 16.0, 23.0, 4.0, 16.0, 5.0], [7.0, 22.0, 24.0, 2.0, 27.0, 15.0, 3.0], [9.0, 1.0, 36.0, 25.0, 7.0, 20.0, 2.0], [7.0, 4.0, 22.0, 18.0, 14.0, 30.0, 5.0]], "number_hours_required_for_inspection": [0.7040374714740795, 0.9296553693406497, 0.8670809079950903, 0.7628379989485268], "number_hours_available_for_inspection": [389, 434, 320], "expected_number_hours_required_for_repair": [1.2128023980815021, 1.318662048692284, 1.4045896387801609, 1.4538472356827135], "number_hours_available_for_repair": [501, 483, 476], "warehouse_capacity_of_facility": [906, 991, 914], "cost_of_inspection": [14.080749429481589, 18.593107386812996, 17.341618159901806, 15.256759978970535], "expected_cost_of_repair": [35.76774990879254, 38.716665792094204, 40.85852213705262, 42.89469943058377], "cost_of_transportation": [117, 169], "holding_cost": [2.1089782965703123, 2.487270309453437, 1.3105622869358031], "rejection_cost": [200.0, 200.0, 200.0, 200.0]}