{"container_types": 4, "number_of_facilities": 2, "container_quality_level": 5, "time_periods": 14, "number_containers_arriving_to_facility_zero": [[226, 228, 212, 263, 181, 212, 218, 105, 222, 259, 113, 239, 259, 267], [148, 173, 242, 225, 208, 128, 141, 280, 120, 168, 134, 204, 221, 237], [232, 186, 222, 179, 187, 130, 255, 174, 220, 238, 222, 247, 191, 131], [114, 283, 192, 216, 297, 156, 295, 295, 245, 258, 190, 275, 194, 213]], "number_unexpected_containers_at_facilities": [[25, 75, 45], [38, 36, 48], [89, 63, 41], [21, 41, 38]], "number_good_quality_containers_at_facilities": [[26, 39, 7], [21, 2, 65], [18, 63, 84], [89, 35, 46]], "containers_demand_for_clients": [[213, 205, 237, 269, 208, 295, 248, 242, 259, 241, 298, 273, 281, 219], [191, 191, 258, 270, 250, 272, 227, 247, 225, 205, 203, 250, 260, 226], [206, 192, 164, 177, 200, 224, 208, 236, 196, 212, 221, 214, 230, 189], [225, 241, 225, 217, 217, 202, 192, 209, 270, 185, 223, 221, 268, 220]], "transportation_capacity": 507, "probability_original_quality_level": [[9.0, 23.0, 18.0, 24.0, 4.0, 21.0, 1.0], [6.0, 3.0, 9.0, 25.0, 45.0, 12.0, 0.0], [8.0, 21.0, 15.0, 11.0, 20.0, 24.0, 1.0], [9.0, 17.0, 20.0, 9.0, 0.0, 43.0, 2.0]], "number_hours_required_for_inspection": [0.9824396087294057, 0.9113302559951928, 0.5261252005012721, 0.4996119465865346], "number_hours_available_for_inspection": [385, 314, 350], "expected_number_hours_required_for_repair": [1.3148836354475262, 1.567265014768253, 1.4186025498432313, 1.5234614245066882], "number_hours_available_for_repair": [414, 549, 466], "warehouse_capacity_of_facility": [865, 961, 941], "cost_of_inspection": [19.648792174588113, 18.226605119903855, 10.522504010025441, 9.992238931730693], "expected_cost_of_repair": [37.65033448523716, 46.39445803298792, 41.108203572813956, 44.12282846170311], "cost_of_transportation": [115, 114], "holding_cost": [2.961994389198127, 1.9393179480633236, 1.3212129532057344], "rejection_cost": [200.0, 200.0, 200.0, 200.0]}