{"container_types": 4, "number_of_facilities": 2, "container_quality_level": 5, "time_periods": 14, "number_containers_arriving_to_facility_zero": [[112, 296, 114, 297, 174, 210, 197, 151, 185, 177, 285, 236, 252, 189], [165, 162, 296, 231, 264, 265, 241, 111, 182, 215, 211, 195, 183, 275], [233, 290, 155, 178, 233, 176, 104, 134, 143, 139, 218, 173, 113, 221], [108, 108, 272, 290, 161, 203, 133, 175, 291, 130, 273, 131, 109, 207]], "number_unexpected_containers_at_facilities": [[13, 74, 94], [10, 10, 96], [48, 48, 88], [79, 36, 99]], "number_good_quality_containers_at_facilities": [[50, 15, 40], [44, 45, 77], [45, 59, 78], [99, 16, 49]], "containers_demand_for_clients": [[229, 237, 246, 234, 191, 179, 173, 226, 172, 223, 171, 172, 214, 203], [261, 267, 181, 207, 260, 224, 261, 214, 209, 252, 243, 241, 206, 214], [246, 279, 253, 212, 244, 269, 242, 199, 216, 189, 266, 221, 195, 266], [238, 171, 187, 203, 215, 208, 233, 225, 233, 236, 173, 197, 189, 165]], "transportation_capacity": 560, "probability_original_quality_level": [[8.0, 14.0, 7.0, 1.0, 39.0, 27.0, 4.0], [5.0, 11.0, 23.0, 7.0, 24.0, 26.0, 4.0], [5.0, 22.0, 20.0, 16.0, 16.0, 17.0, 4.0], [9.0, 12.0, 36.0, 4.0, 16.0, 22.0, 1.0]], "number_hours_required_for_inspection": [0.7178309118420653, 0.7023974338777141, 0.49529811018067266, 0.777938375246705], "number_hours_available_for_inspection": [304, 275, 248], "expected_number_hours_required_for_repair": [1.4970761082869075, 1.5244170637040622, 1.355186942110106, 1.36495638947566], "number_hours_available_for_repair": [509, 473, 527], "warehouse_capacity_of_facility": [908, 937, 806], "cost_of_inspection": [14.356618236841305, 14.047948677554283, 9.905962203613454, 15.5587675049341], "expected_cost_of_repair": [43.825990978268344, 44.89062441324878, 39.66163706821603, 39.39370093993062], "cost_of_transportation": [90, 118], "holding_cost": [2.189571457161944, 2.099704235015691, 1.095793530024403], "rejection_cost": [200.0, 200.0, 200.0, 200.0]}