{"container_types": 4, "number_of_facilities": 2, "container_quality_level": 5, "time_periods": 14, "number_containers_arriving_to_facility_zero": [[257, 232, 128, 269, 238, 252, 203, 103, 243, 108, 133, 289, 235, 219], [268, 192, 201, 269, 289, 105, 231, 190, 131, 282, 164, 109, 124, 136], [260, 148, 157, 173, 280, 216, 272, 232, 162, 299, 213, 215, 276, 126], [199, 110, 203, 216, 156, 190, 107, 143, 234, 230, 230, 215, 253, 200]], "number_unexpected_containers_at_facilities": [[10, 2, 79], [38, 23, 33], [41, 3, 7], [24, 37, 33]], "number_good_quality_containers_at_facilities": [[95, 20, 32], [26, 75, 82], [53, 28, 72], [47, 35, 21]], "containers_demand_for_clients": [[241, 166, 176, 183, 175, 194, 230, 197, 241, 223, 245, 188, 187, 207], [199, 189, 240, 217, 209, 203, 186, 224, 238, 238, 230, 181, 242, 237], [239, 203, 224, 251, 188, 202, 226, 228, 234, 193, 173, 183, 242, 240], [247, 206, 213, 205, 271, 247, 186, 200, 192, 245, 242, 246, 219, 250]], "transportation_capacity": 568, "probability_original_quality_level": [[9.0, 24.0, 8.0, 28.0, 23.0, 4.0, 4.0], [7.0, 8.0, 34.0, 28.0, 0.0, 19.0, 4.0], [6.0, 28.0, 18.0, 3.0, 19.0, 23.0, 3.0], [6.0, 24.0, 21.0, 12.0, 7.0, 26.0, 4.0]], "number_hours_required_for_inspection": [0.42421404701753124, 0.5276693072811155, 0.8478528676718893, 0.3694887925383359], "number_hours_available_for_inspection": [272, 264, 232], "expected_number_hours_required_for_repair": [1.258938254604541, 1.4362825674212363, 1.3540580012587307, 1.2727531425526453], "number_hours_available_for_repair": [452, 463, 374], "warehouse_capacity_of_facility": [901, 855, 867], "cost_of_inspection": [8.484280940350624, 10.55338614562231, 16.957057353437786, 7.389775850766718], "expected_cost_of_repair": [36.038486394868954, 41.69180573215997, 39.46818549544594, 37.5055911643069], "cost_of_transportation": [60, 105], "holding_cost": [2.2642255381982954, 1.5728438948578711, 1.0429252564427618], "rejection_cost": [200.0, 200.0, 200.0, 200.0]}