{"container_types": 4, "number_of_facilities": 2, "container_quality_level": 5, "time_periods": 14, "number_containers_arriving_to_facility_zero": [[161, 144, 149, 277, 222, 285, 221, 262, 177, 141, 136, 173, 101, 275], [214, 219, 210, 116, 265, 226, 299, 271, 156, 220, 179, 250, 171, 149], [177, 163, 134, 168, 139, 205, 205, 236, 260, 283, 136, 197, 249, 214], [125, 138, 238, 234, 152, 275, 295, 283, 288, 129, 106, 103, 246, 167]], "number_unexpected_containers_at_facilities": [[3, 45, 65], [0, 74, 46], [83, 59, 38], [22, 72, 98]], "number_good_quality_containers_at_facilities": [[81, 16, 17], [41, 87, 33], [82, 51, 55], [86, 59, 90]], "containers_demand_for_clients": [[230, 258, 203, 210, 184, 229, 214, 189, 208, 212, 249, 255, 184, 247], [200, 182, 228, 205, 216, 170, 205, 173, 216, 221, 176, 215, 176, 182], [231, 219, 247, 193, 244, 204, 226, 216, 243, 271, 239, 198, 201, 200], [243, 217, 218, 220, 253, 203, 193, 222, 210, 257, 247, 231, 214, 186]], "transportation_capacity": 566, "probability_original_quality_level": [[10.0, 7.0, 7.0, 41.0, 2.0, 32.0, 1.0], [7.0, 16.0, 16.0, 22.0, 24.0, 10.0, 5.0], [8.0, 27.0, 37.0, 8.0, 13.0, 3.0, 4.0], [6.0, 22.0, 2.0, 18.0, 31.0, 19.0, 2.0]], "number_hours_required_for_inspection": [0.9360219787968388, 0.8560840193455681, 0.860199050445298, 0.9418694014370577], "number_hours_available_for_inspection": [432, 431, 341], "expected_number_hours_required_for_repair": [1.5037335390131394, 1.3794255669173447, 1.1305105913671138, 1.529991278640915], "number_hours_available_for_repair": [416, 500, 505], "warehouse_capacity_of_facility": [911, 807, 966], "cost_of_inspection": [18.720439575936776, 17.12168038691136, 17.20398100890596, 18.837388028741152], "expected_cost_of_repair": [43.37527342782495, 40.095581296864694, 32.53769076963127, 44.847964860654535], "cost_of_transportation": [93, 151], "holding_cost": [2.502315693850678, 2.4156340635406464, 1.6393329726951964], "rejection_cost": [200.0, 200.0, 200.0, 200.0]}