{"container_types": 4, "number_of_facilities": 2, "container_quality_level": 5, "time_periods": 14, "number_containers_arriving_to_facility_zero": [[187, 265, 272, 231, 146, 190, 226, 158, 187, 278, 167, 268, 130, 212], [103, 280, 269, 124, 290, 292, 245, 230, 173, 117, 229, 213, 220, 159], [213, 113, 172, 192, 127, 133, 103, 172, 178, 272, 238, 130, 100, 286], [284, 218, 129, 137, 257, 195, 142, 117, 292, 192, 150, 290, 117, 289]], "number_unexpected_containers_at_facilities": [[60, 9, 77], [6, 4, 56], [59, 2, 63], [67, 99, 97]], "number_good_quality_containers_at_facilities": [[25, 89, 78], [67, 70, 76], [39, 60, 96], [7, 24, 64]], "containers_demand_for_clients": [[262, 200, 214, 229, 232, 246, 243, 219, 191, 212, 185, 242, 208, 256], [250, 218, 196, 248, 206, 270, 239, 193, 269, 238, 215, 188, 275, 278], [231, 254, 190, 240, 227, 230, 244, 246, 213, 275, 193, 234, 193, 222], [196, 196, 213, 213, 166, 219, 176, 201, 173, 182, 230, 168, 169, 209]], "transportation_capacity": 695, "probability_original_quality_level": [[6.0, 4.0, 3.0, 47.0, 33.0, 3.0, 4.0], [10.0, 2.0, 23.0, 10.0, 21.0, 30.0, 4.0], [10.0, 21.0, 28.0, 27.0, 3.0, 10.0, 1.0], [8.0, 4.0, 19.0, 1.0, 33.0, 32.0, 3.0]], "number_hours_required_for_inspection": [0.9816465089942114, 0.6631999842687671, 0.9189713994985254, 0.6811113791868457], "number_hours_available_for_inspection": [315, 348, 385], "expected_number_hours_required_for_repair": [1.4184769416361314, 1.5977175668155912, 1.243806863480368, 1.5771543838298214], "number_hours_available_for_repair": [499, 602, 529], "warehouse_capacity_of_facility": [819, 867, 909], "cost_of_inspection": [19.632930179884227, 13.263999685375342, 18.37942798997051, 13.622227583736915], "expected_cost_of_repair": [41.90893591734308, 46.06309081746267, 35.707494904421864, 46.20537341329208], "cost_of_transportation": [89, 164], "holding_cost": [2.3540226822700783, 2.1822062897258103, 1.0973861873012312], "rejection_cost": [200.0, 200.0, 200.0, 200.0]}