{"container_types": 4, "number_of_facilities": 2, "container_quality_level": 5, "time_periods": 14, "number_containers_arriving_to_facility_zero": [[190, 194, 182, 169, 194, 283, 141, 274, 142, 140, 177, 103, 154, 124], [192, 155, 154, 289, 153, 189, 227, 237, 177, 176, 269, 181, 113, 206], [201, 230, 191, 135, 106, 203, 297, 241, 295, 122, 295, 127, 227, 190], [164, 251, 122, 266, 111, 102, 128, 206, 201, 101, 295, 265, 267, 107]], "number_unexpected_containers_at_facilities": [[57, 41, 10], [75, 88, 49], [20, 60, 85], [22, 10, 35]], "number_good_quality_containers_at_facilities": [[47, 1, 4], [66, 82, 48], [53, 48, 91], [51, 9, 76]], "containers_demand_for_clients": [[194, 186, 194, 183, 234, 190, 173, 185, 238, 211, 174, 205, 173, 188], [192, 151, 150, 151, 164, 153, 200, 167, 182, 168, 208, 221, 159, 198], [254, 229, 210, 200, 206, 243, 214, 195, 231, 241, 218, 230, 192, 260], [255, 218, 206, 184, 255, 198, 224, 238, 198, 214, 219, 251, 219, 209]], "transportation_capacity": 619, "probability_original_quality_level": [[10.0, 21.0, 26.0, 3.0, 18.0, 19.0, 3.0], [7.0, 31.0, 1.0, 30.0, 25.0, 5.0, 1.0], [6.0, 0.0, 27.0, 19.0, 29.0, 18.0, 1.0], [9.0, 31.0, 18.0, 1.0, 1.0, 35.0, 5.0]], "number_hours_required_for_inspection": [0.6445948442311172, 0.494662976780017, 0.4012177395872776, 0.5905536770470075], "number_hours_available_for_inspection": [177, 194, 251], "expected_number_hours_required_for_repair": [1.2701461353517558, 1.388543834407238, 1.5825763980506344, 1.3078693971699724], "number_hours_available_for_repair": [492, 440, 512], "warehouse_capacity_of_facility": [901, 904, 805], "cost_of_inspection": [12.891896884622344, 9.89325953560034, 8.024354791745552, 11.81107354094015], "expected_cost_of_repair": [36.76132558127565, 40.82422975735146, 46.44101208012568, 37.45252086505823], "cost_of_transportation": [61, 104], "holding_cost": [2.420809346251996, 2.1438812208868, 1.8215819437817504], "rejection_cost": [200.0, 200.0, 200.0, 200.0]}