{"container_types": 4, "number_of_facilities": 2, "container_quality_level": 5, "time_periods": 14, "number_containers_arriving_to_facility_zero": [[154, 212, 112, 272, 200, 131, 261, 253, 205, 197, 174, 216, 204, 233], [160, 296, 194, 162, 162, 248, 265, 192, 283, 237, 232, 196, 167, 295], [263, 239, 234, 273, 108, 225, 141, 158, 298, 112, 171, 237, 253, 227], [287, 238, 186, 201, 192, 275, 125, 223, 183, 184, 267, 186, 150, 215]], "number_unexpected_containers_at_facilities": [[88, 46, 35], [2, 70, 13], [76, 21, 73], [27, 79, 72]], "number_good_quality_containers_at_facilities": [[68, 8, 28], [26, 0, 9], [19, 7, 25], [38, 99, 35]], "containers_demand_for_clients": [[231, 209, 268, 267, 196, 228, 187, 196, 225, 276, 218, 188, 231, 215], [204, 197, 226, 232, 262, 218, 247, 182, 246, 205, 195, 229, 262, 260], [185, 258, 248, 198, 245, 249, 201, 229, 186, 259, 222, 269, 206, 262], [204, 236, 228, 184, 194, 219, 180, 215, 216, 201, 210, 244, 189, 230]], "transportation_capacity": 566, "probability_original_quality_level": [[9.0, 20.0, 15.0, 24.0, 27.0, 2.0, 3.0], [10.0, 6.0, 20.0, 33.0, 2.0, 29.0, 0.0], [10.0, 9.0, 28.0, 28.0, 11.0, 10.0, 4.0], [7.0, 32.0, 22.0, 13.0, 12.0, 13.0, 1.0]], "number_hours_required_for_inspection": [0.3556693882678518, 0.798908876797621, 0.8518676484269513, 0.33983303594832365], "number_hours_available_for_inspection": [214, 271, 268], "expected_number_hours_required_for_repair": [1.2363938906139256, 1.5216709847264651, 1.2825523430205703, 1.2438641335248397], "number_hours_available_for_repair": [439, 493, 504], "warehouse_capacity_of_facility": [911, 894, 881], "cost_of_inspection": [7.113387765357037, 15.97817753595242, 17.037352968539025, 6.796660718966473], "expected_cost_of_repair": [35.775951889805924, 44.02779600687522, 37.23703349027698, 36.51872614632314], "cost_of_transportation": [73, 165], "holding_cost": [2.315078181735437, 1.9849778063860877, 1.9321971897274974], "rejection_cost": [200.0, 200.0, 200.0, 200.0]}