{"container_types": 4, "number_of_facilities": 2, "container_quality_level": 5, "time_periods": 14, "number_containers_arriving_to_facility_zero": [[209, 148, 170, 236, 208, 106, 261, 271, 250, 121, 139, 132, 251, 197], [269, 286, 268, 283, 129, 219, 120, 204, 221, 249, 249, 100, 181, 123], [258, 175, 193, 247, 170, 189, 178, 210, 218, 150, 177, 220, 220, 259], [190, 108, 137, 232, 160, 101, 280, 273, 239, 251, 204, 115, 116, 236]], "number_unexpected_containers_at_facilities": [[0, 30, 58], [1, 81, 74], [39, 83, 62], [35, 21, 44]], "number_good_quality_containers_at_facilities": [[73, 8, 22], [72, 2, 35], [11, 94, 68], [79, 13, 14]], "containers_demand_for_clients": [[176, 240, 209, 218, 234, 173, 182, 205, 212, 192, 182, 169, 191, 232], [220, 240, 239, 221, 175, 177, 216, 235, 168, 225, 172, 214, 189, 231], [268, 262, 221, 225, 186, 230, 228, 235, 187, 233, 201, 199, 186, 206], [218, 198, 249, 209, 214, 232, 245, 237, 202, 247, 207, 274, 226, 258]], "transportation_capacity": 670, "probability_original_quality_level": [[9.0, 16.0, 3.0, 35.0, 23.0, 12.0, 2.0], [9.0, 9.0, 12.0, 21.0, 21.0, 23.0, 5.0], [6.0, 8.0, 30.0, 27.0, 2.0, 25.0, 2.0], [10.0, 9.0, 14.0, 19.0, 13.0, 31.0, 4.0]], "number_hours_required_for_inspection": [0.807728611310304, 0.5567012508334048, 0.6662479866248417, 0.5753551941694397], "number_hours_available_for_inspection": [237, 325, 240], "expected_number_hours_required_for_repair": [1.4838462248134798, 1.4521752336098348, 1.4727559212794736, 1.452518718620589], "number_hours_available_for_repair": [551, 512, 541], "warehouse_capacity_of_facility": [943, 935, 911], "cost_of_inspection": [16.15457222620608, 11.134025016668097, 13.324959732496835, 11.507103883388794], "expected_cost_of_repair": [42.73793540191804, 41.971851084115414, 43.002028194331416, 42.162993378256346], "cost_of_transportation": [99, 166], "holding_cost": [2.8134920114791306, 1.871894247050947, 1.7359623019235446], "rejection_cost": [200.0, 200.0, 200.0, 200.0]}