{"container_types": 4, "number_of_facilities": 2, "container_quality_level": 5, "time_periods": 14, "number_containers_arriving_to_facility_zero": [[241, 162, 195, 131, 285, 290, 248, 161, 288, 294, 144, 121, 239, 270], [184, 208, 237, 188, 297, 117, 236, 268, 207, 170, 113, 151, 107, 245], [159, 115, 205, 276, 244, 128, 137, 251, 114, 290, 153, 163, 150, 246], [120, 171, 232, 242, 112, 219, 228, 167, 256, 225, 150, 176, 231, 259]], "number_unexpected_containers_at_facilities": [[41, 23, 58], [58, 62, 29], [64, 82, 23], [49, 60, 45]], "number_good_quality_containers_at_facilities": [[79, 64, 29], [79, 36, 16], [32, 22, 41], [8, 18, 84]], "containers_demand_for_clients": [[255, 242, 174, 253, 220, 182, 259, 230, 233, 238, 216, 187, 258, 181], [280, 252, 207, 213, 219, 259, 252, 224, 284, 242, 211, 237, 243, 255], [252, 197, 228, 182, 180, 199, 199, 195, 244, 220, 237, 247, 172, 180], [190, 204, 185, 214, 174, 168, 217, 227, 204, 243, 230, 196, 209, 202]], "transportation_capacity": 562, "probability_original_quality_level": [[8.0, 13.0, 28.0, 27.0, 16.0, 8.0, 0.0], [10.0, 17.0, 8.0, 23.0, 24.0, 16.0, 2.0], [9.0, 26.0, 20.0, 8.0, 0.0, 33.0, 4.0], [8.0, 6.0, 13.0, 8.0, 40.0, 25.0, 0.0]], "number_hours_required_for_inspection": [0.9842532750241522, 0.9800064782254982, 0.4243256193578073, 0.581703145642431], "number_hours_available_for_inspection": [345, 314, 265], "expected_number_hours_required_for_repair": [1.334388055041845, 1.4142496263270883, 1.3570307089637976, 1.6246066158732406], "number_hours_available_for_repair": [540, 551, 449], "warehouse_capacity_of_facility": [915, 905, 916], "cost_of_inspection": [19.68506550048304, 19.600129564509963, 8.486512387156147, 11.63406291284862], "expected_cost_of_repair": [38.95384681832695, 40.48329723489834, 39.64175586748618, 47.261397261575404], "cost_of_transportation": [156, 131], "holding_cost": [2.54968495909753, 1.9445405467415715, 1.3699316060373465], "rejection_cost": [200.0, 200.0, 200.0, 200.0]}