{"container_types": 4, "number_of_facilities": 2, "container_quality_level": 5, "time_periods": 14, "number_containers_arriving_to_facility_zero": [[157, 106, 173, 160, 188, 100, 137, 143, 220, 255, 201, 127, 214, 206], [246, 179, 133, 173, 292, 264, 154, 289, 175, 160, 177, 174, 185, 185], [271, 136, 264, 102, 155, 249, 161, 178, 244, 282, 281, 190, 261, 208], [118, 147, 175, 106, 289, 169, 106, 232, 114, 238, 288, 282, 294, 295]], "number_unexpected_containers_at_facilities": [[98, 25, 91], [38, 98, 37], [56, 19, 11], [53, 73, 6]], "number_good_quality_containers_at_facilities": [[63, 37, 47], [65, 53, 48], [30, 11, 55], [3, 90, 6]], "containers_demand_for_clients": [[197, 208, 252, 251, 251, 262, 200, 200, 241, 251, 190, 179, 192, 187], [175, 225, 190, 193, 165, 175, 170, 191, 202, 211, 164, 159, 172, 195], [225, 257, 180, 265, 259, 238, 256, 181, 195, 204, 210, 214, 243, 239], [185, 181, 192, 247, 250, 244, 238, 225, 199, 191, 203, 249, 238, 261]], "transportation_capacity": 501, "probability_original_quality_level": [[7.0, 9.0, 6.0, 27.0, 21.0, 30.0, 0.0], [9.0, 18.0, 3.0, 23.0, 24.0, 22.0, 1.0], [8.0, 10.0, 7.0, 21.0, 23.0, 28.0, 3.0], [6.0, 2.0, 38.0, 15.0, 12.0, 27.0, 0.0]], "number_hours_required_for_inspection": [0.6162976150169567, 0.39935613859105157, 0.7694328297292833, 0.34183942000649925], "number_hours_available_for_inspection": [266, 237, 227], "expected_number_hours_required_for_repair": [1.6768772573433364, 1.5587323113653655, 1.6033257797701161, 1.4961851551471015], "number_hours_available_for_repair": [496, 619, 567], "warehouse_capacity_of_facility": [781, 783, 941], "cost_of_inspection": [12.325952300339134, 7.987122771821031, 15.388656594585665, 6.836788400129985], "expected_cost_of_repair": [49.38859301632121, 45.21893460867799, 47.019058137476385, 44.11901617602991], "cost_of_transportation": [72, 157], "holding_cost": [2.041368586075841, 1.5460548278815427, 1.678068365980552], "rejection_cost": [200.0, 200.0, 200.0, 200.0]}