{"container_types": 4, "number_of_facilities": 2, "container_quality_level": 5, "time_periods": 7, "number_containers_arriving_to_facility_zero": [[283, 182, 292, 167, 191, 221, 184], [166, 290, 188, 235, 156, 215, 264], [276, 207, 266, 172, 288, 298, 168], [108, 280, 196, 229, 257, 134, 190]], "number_unexpected_containers_at_facilities": [[63, 79, 86], [19, 25, 5], [17, 50, 9], [39, 19, 43]], "number_good_quality_containers_at_facilities": [[6, 78, 81], [75, 32, 42], [17, 1, 84], [2, 38, 45]], "containers_demand_for_clients": [[254, 250, 182, 188, 243, 204, 248], [259, 284, 234, 310, 319, 280, 309], [214, 261, 209, 288, 207, 251, 259], [276, 246, 254, 282, 244, 291, 279]], "transportation_capacity": 583, "probability_original_quality_level": [[6.0, 23.0, 15.0, 20.0, 16.0, 15.0, 5.0], [5.0, 8.0, 4.0, 30.0, 12.0, 37.0, 4.0], [10.0, 18.0, 22.0, 9.0, 20.0, 17.0, 4.0], [10.0, 18.0, 1.0, 14.0, 27.0, 26.0, 4.0]], "number_hours_required_for_inspection": [0.5569159764630561, 0.7500658399344633, 0.3720463867104939, 0.5754035052218627], "number_hours_available_for_inspection": [290, 290, 271], "expected_number_hours_required_for_repair": [1.335473660097017, 1.5962043200668823, 1.263939658499519, 1.424918988041357], "number_hours_available_for_repair": [448, 525, 573], "warehouse_capacity_of_facility": [1080, 976, 944], "cost_of_inspection": [11.138319529261123, 15.001316798689267, 7.440927734209878, 11.508070104437254], "expected_cost_of_repair": [39.023026666956326, 47.368827506813396, 36.09943293981588, 41.04623176334458], "cost_of_transportation": [144, 148], "holding_cost": [2.5881070038546685, 2.0402220845602486, 1.8702968598793253], "rejection_cost": [500.0, 500.0, 500.0, 500.0]}