{"container_types": 4, "number_of_facilities": 2, "container_quality_level": 5, "time_periods": 7, "number_containers_arriving_to_facility_zero": [[161, 265, 160, 238, 259, 244, 197], [181, 226, 231, 126, 269, 204, 134], [183, 114, 106, 237, 162, 299, 180], [189, 137, 199, 167, 297, 262, 121]], "number_unexpected_containers_at_facilities": [[95, 91, 30], [68, 52, 83], [17, 40, 70], [53, 49, 8]], "number_good_quality_containers_at_facilities": [[90, 34, 53], [39, 12, 51], [65, 37, 34], [13, 24, 67]], "containers_demand_for_clients": [[246, 212, 235, 187, 204, 224, 213], [308, 314, 243, 236, 304, 284, 286], [200, 227, 226, 247, 228, 194, 227], [185, 236, 186, 237, 177, 238, 204]], "transportation_capacity": 511, "probability_original_quality_level": [[10.0, 0.0, 45.0, 25.0, 7.0, 11.0, 2.0], [10.0, 7.0, 14.0, 21.0, 21.0, 24.0, 3.0], [7.0, 20.0, 1.0, 24.0, 17.0, 26.0, 5.0], [5.0, 16.0, 7.0, 15.0, 23.0, 30.0, 4.0]], "number_hours_required_for_inspection": [0.6742268545206751, 0.3953274717727045, 0.6260167018151142, 0.7791416475811189], "number_hours_available_for_inspection": [305, 268, 271], "expected_number_hours_required_for_repair": [1.260115667341101, 1.4996520419311026, 1.3731239319276551, 1.4353550493475036], "number_hours_available_for_repair": [414, 481, 451], "warehouse_capacity_of_facility": [951, 1005, 961], "cost_of_inspection": [13.484537090413502, 7.90654943545409, 12.520334036302284, 15.582832951622379], "expected_cost_of_repair": [36.71169298875977, 43.32032827597796, 40.293089982713866, 42.50965826481613], "cost_of_transportation": [160, 123], "holding_cost": [2.0936458131075897, 1.5740715385978592, 1.2354784094964226], "rejection_cost": [500.0, 500.0, 500.0, 500.0]}