{"container_types": 4, "number_of_facilities": 2, "container_quality_level": 5, "time_periods": 7, "number_containers_arriving_to_facility_zero": [[182, 259, 104, 136, 281, 287, 137], [256, 256, 289, 190, 295, 265, 192], [258, 263, 119, 141, 203, 206, 147], [178, 254, 255, 233, 121, 252, 220]], "number_unexpected_containers_at_facilities": [[43, 58, 34], [43, 72, 87], [36, 7, 55], [18, 94, 88]], "number_good_quality_containers_at_facilities": [[81, 58, 45], [20, 28, 47], [20, 62, 4], [94, 80, 7]], "containers_demand_for_clients": [[297, 303, 247, 228, 284, 288, 278], [230, 233, 262, 206, 286, 244, 194], [242, 259, 246, 283, 331, 342, 240], [189, 249, 218, 252, 200, 240, 185]], "transportation_capacity": 670, "probability_original_quality_level": [[9.0, 27.0, 6.0, 23.0, 17.0, 14.0, 4.0], [8.0, 12.0, 15.0, 31.0, 28.0, 5.0, 1.0], [10.0, 5.0, 8.0, 25.0, 23.0, 28.0, 1.0], [7.0, 13.0, 21.0, 15.0, 9.0, 31.0, 4.0]], "number_hours_required_for_inspection": [0.8652962635514708, 0.39633962470114287, 0.6330239945986705, 0.9019639390997025], "number_hours_available_for_inspection": [393, 298, 369], "expected_number_hours_required_for_repair": [1.2940661416603525, 1.3724295043985233, 1.630602417357369, 1.4615722464149696], "number_hours_available_for_repair": [474, 624, 643], "warehouse_capacity_of_facility": [1075, 1001, 945], "cost_of_inspection": [17.305925271029416, 7.926792494022857, 12.660479891973411, 18.03927878199405], "expected_cost_of_repair": [37.31483514447913, 40.1131146118828, 47.805660332332515, 43.078519825641045], "cost_of_transportation": [104, 105], "holding_cost": [2.5658683148177883, 1.6790632506102634, 1.8395683309839295], "rejection_cost": [500.0, 500.0, 500.0, 500.0]}