{"container_types": 4, "number_of_facilities": 2, "container_quality_level": 5, "time_periods": 7, "number_containers_arriving_to_facility_zero": [[279, 220, 150, 220, 233, 287, 202], [152, 102, 213, 260, 272, 266, 100], [221, 108, 262, 110, 198, 255, 205], [245, 293, 210, 191, 204, 281, 159]], "number_unexpected_containers_at_facilities": [[17, 87, 56], [63, 61, 83], [38, 67, 73], [6, 7, 44]], "number_good_quality_containers_at_facilities": [[71, 3, 93], [84, 94, 54], [79, 94, 73], [15, 43, 35]], "containers_demand_for_clients": [[275, 244, 226, 239, 231, 281, 212], [219, 235, 274, 279, 294, 279, 296], [276, 268, 206, 305, 302, 294, 225], [301, 232, 236, 233, 206, 213, 262]], "transportation_capacity": 793, "probability_original_quality_level": [[6.0, 2.0, 38.0, 17.0, 22.0, 14.0, 1.0], [5.0, 38.0, 10.0, 8.0, 28.0, 8.0, 3.0], [6.0, 2.0, 33.0, 21.0, 21.0, 17.0, 0.0], [9.0, 32.0, 13.0, 20.0, 0.0, 25.0, 1.0]], "number_hours_required_for_inspection": [0.4991176786612518, 0.6696339612085113, 0.6101512764467925, 0.38402458962934105], "number_hours_available_for_inspection": [262, 278, 333], "expected_number_hours_required_for_repair": [1.3984682274339963, 1.2239349674308302, 1.4968651594270306, 1.2020856150044887], "number_hours_available_for_repair": [496, 530, 455], "warehouse_capacity_of_facility": [1071, 1075, 980], "cost_of_inspection": [9.982353573225035, 13.392679224170225, 12.20302552893585, 7.680491792586821], "expected_cost_of_repair": [40.886307554224324, 36.165593107661344, 44.25883815421555, 34.96051234110623], "cost_of_transportation": [96, 153], "holding_cost": [2.6436679613378886, 1.6677156453059303, 1.9304001471054093], "rejection_cost": [500.0, 500.0, 500.0, 500.0]}