{"container_types": 4, "number_of_facilities": 2, "container_quality_level": 5, "time_periods": 7, "number_containers_arriving_to_facility_zero": [[110, 150, 257, 280, 152, 170, 212], [109, 174, 292, 294, 177, 119, 180], [120, 161, 256, 221, 250, 246, 231], [218, 266, 199, 274, 138, 281, 136]], "number_unexpected_containers_at_facilities": [[94, 92, 94], [5, 70, 18], [23, 58, 56], [19, 83, 68]], "number_good_quality_containers_at_facilities": [[39, 37, 69], [21, 50, 7], [61, 67, 82], [66, 59, 47]], "containers_demand_for_clients": [[225, 221, 236, 218, 223, 243, 290], [287, 241, 230, 270, 226, 271, 239], [211, 237, 241, 200, 211, 201, 201], [259, 290, 246, 231, 280, 302, 211]], "transportation_capacity": 534, "probability_original_quality_level": [[6.0, 19.0, 27.0, 29.0, 4.0, 10.0, 5.0], [9.0, 29.0, 26.0, 29.0, 3.0, 3.0, 1.0], [8.0, 15.0, 27.0, 29.0, 10.0, 8.0, 3.0], [6.0, 23.0, 0.0, 29.0, 9.0, 31.0, 2.0]], "number_hours_required_for_inspection": [0.5811974543477805, 0.8180826602776333, 0.9948883076979326, 0.4635369526562267], "number_hours_available_for_inspection": [313, 405, 281], "expected_number_hours_required_for_repair": [1.2355969230140573, 1.1658933474166364, 1.2342553119488333, 1.527776136149949], "number_hours_available_for_repair": [481, 383, 537], "warehouse_capacity_of_facility": [1063, 1078, 993], "cost_of_inspection": [11.623949086955609, 16.361653205552667, 19.897766153958653, 9.270739053124533], "expected_cost_of_repair": [36.4619660546952, 33.94895396079887, 35.537886545277495, 44.91510931281104], "cost_of_transportation": [74, 98], "holding_cost": [2.6829134064430966, 1.9623563037093081, 1.0764699306329935], "rejection_cost": [500.0, 500.0, 500.0, 500.0]}