{"container_types": 4, "number_of_facilities": 2, "container_quality_level": 5, "time_periods": 7, "number_containers_arriving_to_facility_zero": [[264, 290, 277, 274, 165, 104, 193], [166, 160, 276, 236, 261, 251, 130], [182, 124, 148, 174, 113, 128, 264], [130, 110, 132, 177, 155, 221, 211]], "number_unexpected_containers_at_facilities": [[24, 33, 54], [38, 59, 12], [99, 55, 43], [92, 29, 98]], "number_good_quality_containers_at_facilities": [[10, 69, 26], [81, 73, 48], [42, 28, 66], [20, 15, 27]], "containers_demand_for_clients": [[179, 217, 217, 223, 180, 210, 217], [221, 224, 221, 241, 253, 255, 216], [286, 248, 305, 240, 258, 205, 285], [232, 216, 193, 175, 240, 232, 205]], "transportation_capacity": 498, "probability_original_quality_level": [[9.0, 20.0, 12.0, 37.0, 13.0, 7.0, 2.0], [7.0, 6.0, 4.0, 6.0, 27.0, 47.0, 3.0], [5.0, 9.0, 37.0, 17.0, 18.0, 13.0, 1.0], [9.0, 24.0, 18.0, 5.0, 12.0, 30.0, 2.0]], "number_hours_required_for_inspection": [0.5557201203483952, 0.927807628947252, 0.3581373435235306, 0.33464801402563565], "number_hours_available_for_inspection": [309, 248, 272], "expected_number_hours_required_for_repair": [1.2466931776142929, 1.812866647530359, 1.4376285065410301, 1.2842525591736693], "number_hours_available_for_repair": [530, 548, 503], "warehouse_capacity_of_facility": [843, 922, 960], "cost_of_inspection": [11.114402406967905, 18.55615257894504, 7.162746870470612, 6.692960280512713], "expected_cost_of_repair": [36.4227191152139, 53.014644614886535, 42.16119244041261, 37.55287443407454], "cost_of_transportation": [124, 148], "holding_cost": [2.8931809106141686, 2.2477632908401493, 1.8356164267000978], "rejection_cost": [500.0, 500.0, 500.0, 500.0]}