{"container_types": 4, "number_of_facilities": 2, "container_quality_level": 5, "time_periods": 7, "number_containers_arriving_to_facility_zero": [[100, 290, 177, 100, 256, 253, 108], [221, 283, 106, 295, 222, 201, 156], [113, 144, 260, 100, 166, 271, 156], [100, 277, 202, 129, 219, 205, 171]], "number_unexpected_containers_at_facilities": [[6, 76, 94], [14, 41, 7], [87, 72, 61], [98, 45, 26]], "number_good_quality_containers_at_facilities": [[30, 51, 64], [94, 56, 66], [37, 78, 67], [17, 75, 37]], "containers_demand_for_clients": [[234, 221, 212, 209, 220, 234, 260], [192, 233, 247, 190, 263, 222, 271], [255, 256, 216, 252, 272, 237, 297], [213, 218, 271, 231, 211, 197, 235]], "transportation_capacity": 644, "probability_original_quality_level": [[7.0, 9.0, 23.0, 14.0, 17.0, 27.0, 3.0], [10.0, 23.0, 10.0, 18.0, 14.0, 23.0, 2.0], [7.0, 5.0, 8.0, 46.0, 23.0, 7.0, 4.0], [5.0, 6.0, 2.0, 22.0, 41.0, 23.0, 1.0]], "number_hours_required_for_inspection": [0.6522664037837511, 0.7186974271707053, 0.4473968999713888, 0.42799018548495477], "number_hours_available_for_inspection": [286, 289, 251], "expected_number_hours_required_for_repair": [1.4553836622320602, 1.3892192413131852, 1.477524383903234, 1.781118712720015], "number_hours_available_for_repair": [440, 594, 549], "warehouse_capacity_of_facility": [981, 992, 916], "cost_of_inspection": [13.045328075675023, 14.373948543414105, 8.947937999427776, 8.559803709699095], "expected_cost_of_repair": [42.38185108064745, 39.70760944115483, 42.99698158643515, 52.7461206983677], "cost_of_transportation": [128, 167], "holding_cost": [2.65708476212815, 2.0983979728841176, 1.3119011143814245], "rejection_cost": [500.0, 500.0, 500.0, 500.0]}