{"container_types": 4, "number_of_facilities": 2, "container_quality_level": 5, "time_periods": 7, "number_containers_arriving_to_facility_zero": [[296, 131, 259, 298, 199, 126, 177], [178, 186, 201, 237, 161, 122, 215], [123, 201, 143, 271, 121, 235, 115], [127, 240, 241, 192, 181, 116, 113]], "number_unexpected_containers_at_facilities": [[59, 30, 96], [63, 7, 85], [79, 21, 91], [87, 14, 93]], "number_good_quality_containers_at_facilities": [[53, 25, 90], [80, 18, 73], [1, 5, 79], [38, 10, 59]], "containers_demand_for_clients": [[257, 249, 256, 190, 238, 174, 212], [293, 234, 253, 295, 241, 210, 310], [258, 212, 251, 257, 242, 260, 234], [231, 221, 218, 198, 232, 170, 176]], "transportation_capacity": 629, "probability_original_quality_level": [[8.0, 27.0, 11.0, 12.0, 13.0, 27.0, 2.0], [9.0, 24.0, 6.0, 3.0, 23.0, 30.0, 5.0], [8.0, 2.0, 21.0, 14.0, 23.0, 28.0, 4.0], [9.0, 26.0, 18.0, 32.0, 11.0, 2.0, 2.0]], "number_hours_required_for_inspection": [0.8348367609684082, 0.5818007826924447, 0.4953045431355458, 0.4944166690397109], "number_hours_available_for_inspection": [285, 264, 305], "expected_number_hours_required_for_repair": [1.3324322294606425, 1.453316283666294, 1.5153146515478948, 1.2305385922426555], "number_hours_available_for_repair": [522, 563, 513], "warehouse_capacity_of_facility": [971, 869, 878], "cost_of_inspection": [16.696735219368165, 11.636015653848894, 9.906090862710915, 9.888333380794217], "expected_cost_of_repair": [39.004140205334586, 42.21266324726415, 44.40737118447354, 35.178606028441806], "cost_of_transportation": [122, 129], "holding_cost": [2.977753463448355, 2.3149656179212097, 1.7815062584256909], "rejection_cost": [500.0, 500.0, 500.0, 500.0]}