{"container_types": 4, "number_of_facilities": 2, "container_quality_level": 5, "time_periods": 7, "number_containers_arriving_to_facility_zero": [[275, 280, 285, 174, 265, 226, 155], [275, 164, 274, 135, 151, 283, 252], [101, 134, 102, 232, 119, 165, 186], [178, 257, 102, 185, 290, 147, 237]], "number_unexpected_containers_at_facilities": [[57, 2, 55], [83, 26, 40], [85, 34, 36], [30, 85, 53]], "number_good_quality_containers_at_facilities": [[33, 64, 58], [55, 12, 44], [10, 19, 5], [20, 17, 30]], "containers_demand_for_clients": [[220, 257, 247, 223, 275, 237, 250], [291, 257, 250, 233, 262, 266, 236], [249, 289, 244, 275, 254, 230, 251], [154, 155, 185, 198, 209, 186, 153]], "transportation_capacity": 538, "probability_original_quality_level": [[7.0, 14.0, 2.0, 11.0, 40.0, 22.0, 4.0], [5.0, 22.0, 24.0, 26.0, 1.0, 21.0, 1.0], [9.0, 15.0, 16.0, 26.0, 20.0, 14.0, 0.0], [7.0, 29.0, 21.0, 0.0, 26.0, 12.0, 5.0]], "number_hours_required_for_inspection": [0.8239667912082456, 0.4232440893435578, 0.6972576699145547, 0.5017866971976268], "number_hours_available_for_inspection": [327, 286, 301], "expected_number_hours_required_for_repair": [1.524018988611759, 1.282409027688673, 1.51641352744328, 1.2435247620160985], "number_hours_available_for_repair": [417, 578, 425], "warehouse_capacity_of_facility": [1005, 941, 1023], "cost_of_inspection": [16.479335824164913, 8.464881786871155, 13.945153398291094, 10.035733943952536], "expected_cost_of_repair": [44.70839871066726, 37.96970667477557, 43.952109304421775, 36.2386563480747], "cost_of_transportation": [73, 112], "holding_cost": [2.4616504562556356, 1.9722588080574481, 1.7113152629556634], "rejection_cost": [500.0, 500.0, 500.0, 500.0]}