{"container_types": 4, "number_of_facilities": 2, "container_quality_level": 5, "time_periods": 7, "number_containers_arriving_to_facility_zero": [[160, 111, 121, 245, 293, 106, 108], [266, 253, 279, 159, 131, 142, 293], [182, 263, 298, 181, 136, 277, 137], [113, 208, 244, 158, 297, 124, 185]], "number_unexpected_containers_at_facilities": [[66, 30, 6], [38, 86, 43], [70, 41, 42], [83, 65, 50]], "number_good_quality_containers_at_facilities": [[66, 86, 37], [32, 52, 92], [3, 38, 6], [74, 17, 64]], "containers_demand_for_clients": [[286, 203, 242, 253, 233, 219, 253], [225, 224, 178, 166, 169, 237, 224], [287, 239, 274, 277, 217, 229, 270], [217, 277, 205, 253, 238, 216, 264]], "transportation_capacity": 542, "probability_original_quality_level": [[10.0, 1.0, 2.0, 0.0, 27.0, 55.0, 5.0], [5.0, 4.0, 7.0, 18.0, 28.0, 37.0, 1.0], [8.0, 14.0, 10.0, 10.0, 35.0, 19.0, 4.0], [9.0, 26.0, 10.0, 2.0, 21.0, 28.0, 4.0]], "number_hours_required_for_inspection": [0.4134497380623858, 0.9979039249117404, 0.6056201427467808, 0.3947583705516535], "number_hours_available_for_inspection": [318, 277, 240], "expected_number_hours_required_for_repair": [1.6788308667892675, 1.7290172096395162, 1.4943851823505043, 1.3375968419234123], "number_hours_available_for_repair": [564, 498, 654], "warehouse_capacity_of_facility": [953, 897, 877], "cost_of_inspection": [8.268994761247715, 19.95807849823481, 12.112402854935615, 7.8951674110330705], "expected_cost_of_repair": [49.31647885850423, 51.14078536476362, 43.54653990003433, 38.39664369618172], "cost_of_transportation": [160, 108], "holding_cost": [2.2388183962373036, 2.0215206806201196, 1.4693371687491423], "rejection_cost": [500.0, 500.0, 500.0, 500.0]}