{"container_types": 4, "number_of_facilities": 2, "container_quality_level": 5, "time_periods": 7, "number_containers_arriving_to_facility_zero": [[137, 228, 296, 257, 280, 172, 220], [137, 173, 182, 177, 282, 176, 277], [167, 145, 172, 146, 283, 199, 297], [272, 124, 292, 264, 210, 113, 274]], "number_unexpected_containers_at_facilities": [[73, 95, 30], [4, 59, 31], [48, 74, 77], [66, 61, 63]], "number_good_quality_containers_at_facilities": [[77, 90, 87], [13, 11, 49], [63, 96, 13], [94, 55, 76]], "containers_demand_for_clients": [[276, 290, 322, 286, 334, 322, 279], [299, 339, 234, 343, 239, 271, 260], [191, 207, 219, 186, 215, 216, 197], [279, 267, 300, 274, 289, 221, 252]], "transportation_capacity": 641, "probability_original_quality_level": [[7.0, 22.0, 6.0, 25.0, 24.0, 12.0, 4.0], [10.0, 21.0, 27.0, 7.0, 1.0, 31.0, 3.0], [5.0, 10.0, 52.0, 9.0, 15.0, 9.0, 0.0], [10.0, 0.0, 17.0, 0.0, 40.0, 30.0, 3.0]], "number_hours_required_for_inspection": [0.8692874759888312, 0.952198324994616, 0.6023751578837183, 0.8156507755366723], "number_hours_available_for_inspection": [450, 394, 376], "expected_number_hours_required_for_repair": [1.3034466804052591, 1.3504586375014447, 1.3606273921686012, 1.575600505255976], "number_hours_available_for_repair": [639, 633, 663], "warehouse_capacity_of_facility": [1003, 995, 1109], "cost_of_inspection": [17.385749519776624, 19.04396649989232, 12.047503157674367, 16.313015510733447], "expected_cost_of_repair": [38.2342374257131, 39.289567697668325, 40.02506295347818, 45.866632434754685], "cost_of_transportation": [138, 80], "holding_cost": [2.1586273742777324, 1.7999534020750783, 1.8259038513556574], "rejection_cost": [500.0, 500.0, 500.0, 500.0]}