{"container_types": 4, "number_of_facilities": 2, "container_quality_level": 5, "time_periods": 7, "number_containers_arriving_to_facility_zero": [[247, 206, 119, 186, 292, 125, 248], [100, 145, 136, 217, 201, 270, 288], [136, 269, 191, 155, 227, 157, 295], [161, 145, 276, 236, 220, 163, 298]], "number_unexpected_containers_at_facilities": [[65, 77, 54], [26, 58, 9], [29, 87, 18], [33, 36, 9]], "number_good_quality_containers_at_facilities": [[92, 38, 0], [4, 5, 78], [94, 66, 89], [4, 90, 59]], "containers_demand_for_clients": [[228, 230, 274, 290, 198, 204, 293], [270, 226, 245, 232, 238, 211, 282], [259, 199, 185, 176, 180, 204, 185], [248, 297, 293, 248, 215, 230, 212]], "transportation_capacity": 669, "probability_original_quality_level": [[9.0, 31.0, 10.0, 7.0, 31.0, 9.0, 3.0], [6.0, 21.0, 16.0, 4.0, 38.0, 10.0, 5.0], [9.0, 21.0, 16.0, 20.0, 17.0, 15.0, 2.0], [5.0, 14.0, 7.0, 36.0, 22.0, 14.0, 2.0]], "number_hours_required_for_inspection": [0.5092118899973458, 0.9353868496604675, 0.6136127161433313, 0.9300400787612911], "number_hours_available_for_inspection": [344, 385, 372], "expected_number_hours_required_for_repair": [1.2626315872096066, 1.3395021702230778, 1.4181611471187383, 1.530605897819003], "number_hours_available_for_repair": [577, 590, 530], "warehouse_capacity_of_facility": [903, 1070, 982], "cost_of_inspection": [10.184237799946915, 18.70773699320935, 12.272254322866626, 18.600801575225823], "expected_cost_of_repair": [36.70559886747403, 39.51995889212874, 40.79579627540039, 45.348867373480445], "cost_of_transportation": [66, 80], "holding_cost": [2.7636678480177705, 1.8603652007208245, 1.7083645394195661], "rejection_cost": [500.0, 500.0, 500.0, 500.0]}