{"container_types": 4, "number_of_facilities": 2, "container_quality_level": 5, "time_periods": 7, "number_containers_arriving_to_facility_zero": [[247, 277, 235, 138, 170, 177, 151], [163, 236, 238, 176, 159, 260, 203], [231, 246, 187, 257, 292, 219, 194], [251, 138, 248, 239, 236, 229, 137]], "number_unexpected_containers_at_facilities": [[97, 31, 36], [12, 90, 17], [6, 63, 33], [23, 70, 89]], "number_good_quality_containers_at_facilities": [[64, 36, 17], [40, 44, 93], [65, 67, 85], [24, 85, 63]], "containers_demand_for_clients": [[224, 296, 221, 245, 224, 258, 224], [252, 214, 200, 244, 197, 249, 206], [205, 251, 197, 248, 296, 291, 270], [238, 225, 272, 311, 298, 232, 264]], "transportation_capacity": 810, "probability_original_quality_level": [[7.0, 17.0, 21.0, 26.0, 7.0, 20.0, 2.0], [6.0, 25.0, 5.0, 17.0, 23.0, 21.0, 3.0], [5.0, 18.0, 24.0, 23.0, 18.0, 12.0, 0.0], [7.0, 25.0, 11.0, 10.0, 20.0, 26.0, 1.0]], "number_hours_required_for_inspection": [0.6407369309941493, 0.9812185937350915, 0.7743516462253623, 0.5114614864822496], "number_hours_available_for_inspection": [379, 316, 428], "expected_number_hours_required_for_repair": [1.3713587393586442, 1.4361299282127984, 1.4208729639732036, 1.3894712978350543], "number_hours_available_for_repair": [512, 541, 449], "warehouse_capacity_of_facility": [953, 991, 1035], "cost_of_inspection": [12.814738619882986, 19.62437187470183, 15.487032924507247, 10.229229729644993], "expected_cost_of_repair": [39.958598115451466, 42.462466519448306, 41.931781124014826, 40.31574812142275], "cost_of_transportation": [159, 144], "holding_cost": [2.9620066718620683, 1.5906539034233373, 1.5846862478870765], "rejection_cost": [500.0, 500.0, 500.0, 500.0]}