{"container_types": 4, "number_of_facilities": 2, "container_quality_level": 5, "time_periods": 7, "number_containers_arriving_to_facility_zero": [[270, 296, 181, 221, 239, 191, 140], [112, 263, 234, 257, 262, 145, 219], [205, 105, 134, 162, 276, 149, 221], [172, 154, 121, 146, 232, 100, 134]], "number_unexpected_containers_at_facilities": [[43, 19, 80], [81, 54, 27], [6, 65, 77], [13, 7, 76]], "number_good_quality_containers_at_facilities": [[82, 3, 96], [6, 95, 45], [88, 80, 82], [36, 39, 62]], "containers_demand_for_clients": [[196, 189, 211, 182, 193, 187, 198], [258, 248, 304, 241, 241, 250, 284], [276, 296, 256, 250, 236, 226, 253], [220, 270, 276, 202, 249, 224, 268]], "transportation_capacity": 687, "probability_original_quality_level": [[9.0, 15.0, 1.0, 21.0, 25.0, 25.0, 4.0], [9.0, 23.0, 22.0, 12.0, 19.0, 13.0, 2.0], [8.0, 38.0, 0.0, 4.0, 21.0, 29.0, 0.0], [8.0, 20.0, 20.0, 17.0, 20.0, 11.0, 4.0]], "number_hours_required_for_inspection": [0.9569222882626769, 0.6939463596863928, 0.9234548993965234, 0.41041168708926284], "number_hours_available_for_inspection": [342, 421, 363], "expected_number_hours_required_for_repair": [1.5447630213177836, 1.3112807899481502, 1.3701891299052915, 1.317222085825152], "number_hours_available_for_repair": [603, 503, 608], "warehouse_capacity_of_facility": [860, 935, 953], "cost_of_inspection": [19.138445765253536, 13.878927193727858, 18.469097987930468, 8.208233741785257], "expected_cost_of_repair": [44.68651278669524, 37.89690005264983, 39.76901356009258, 38.50698084912035], "cost_of_transportation": [77, 114], "holding_cost": [2.1600047104546385, 1.938021820917446, 1.3375366434717768], "rejection_cost": [500.0, 500.0, 500.0, 500.0]}