{"container_types": 4, "number_of_facilities": 2, "container_quality_level": 5, "time_periods": 7, "number_containers_arriving_to_facility_zero": [[239, 121, 286, 128, 197, 126, 276], [203, 102, 207, 260, 103, 107, 290], [145, 238, 157, 279, 141, 239, 241], [246, 203, 196, 214, 209, 205, 234]], "number_unexpected_containers_at_facilities": [[86, 2, 86], [38, 64, 96], [74, 72, 16], [32, 84, 56]], "number_good_quality_containers_at_facilities": [[76, 83, 49], [74, 44, 39], [0, 68, 67], [74, 10, 11]], "containers_demand_for_clients": [[233, 291, 259, 224, 287, 288, 274], [207, 211, 259, 210, 210, 247, 255], [263, 197, 214, 198, 233, 224, 188], [292, 271, 257, 269, 247, 289, 277]], "transportation_capacity": 652, "probability_original_quality_level": [[9.0, 2.0, 25.0, 49.0, 0.0, 12.0, 3.0], [5.0, 20.0, 8.0, 26.0, 26.0, 15.0, 0.0], [7.0, 21.0, 14.0, 11.0, 22.0, 21.0, 4.0], [9.0, 12.0, 11.0, 23.0, 22.0, 18.0, 5.0]], "number_hours_required_for_inspection": [0.9461478228230956, 0.605414303324172, 0.45468230690327194, 0.6884382862882266], "number_hours_available_for_inspection": [377, 323, 308], "expected_number_hours_required_for_repair": [1.2969056043262677, 1.4938122506126685, 1.3735019385699594, 1.374784768454709], "number_hours_available_for_repair": [443, 499, 512], "warehouse_capacity_of_facility": [1066, 902, 1039], "cost_of_inspection": [18.92295645646191, 12.10828606648344, 9.093646138065438, 13.768765725764531], "expected_cost_of_repair": [37.37293555475847, 43.84662820288888, 40.15681528754868, 39.88085981747898], "cost_of_transportation": [97, 75], "holding_cost": [2.643510652025079, 2.0621621223387354, 1.3195164962177421], "rejection_cost": [500.0, 500.0, 500.0, 500.0]}