{"container_types": 4, "number_of_facilities": 2, "container_quality_level": 5, "time_periods": 7, "number_containers_arriving_to_facility_zero": [[191, 287, 177, 264, 177, 184, 267], [292, 193, 296, 264, 143, 283, 296], [117, 299, 229, 204, 175, 252, 270], [242, 169, 130, 105, 221, 288, 237]], "number_unexpected_containers_at_facilities": [[73, 9, 16], [78, 21, 18], [25, 96, 74], [65, 12, 94]], "number_good_quality_containers_at_facilities": [[5, 87, 28], [96, 12, 34], [57, 30, 35], [69, 0, 33]], "containers_demand_for_clients": [[193, 263, 200, 265, 229, 268, 226], [255, 256, 270, 223, 271, 272, 283], [321, 263, 342, 273, 304, 243, 250], [316, 233, 253, 285, 237, 272, 302]], "transportation_capacity": 569, "probability_original_quality_level": [[8.0, 30.0, 11.0, 3.0, 25.0, 23.0, 0.0], [5.0, 10.0, 30.0, 14.0, 30.0, 8.0, 3.0], [8.0, 11.0, 26.0, 15.0, 24.0, 14.0, 2.0], [10.0, 49.0, 5.0, 2.0, 21.0, 13.0, 0.0]], "number_hours_required_for_inspection": [0.37203657415287467, 0.7114649189217379, 0.6119157775015603, 0.37387651915047704], "number_hours_available_for_inspection": [262, 223, 236], "expected_number_hours_required_for_repair": [1.440922585718684, 1.465733196249008, 1.3442676496070933, 1.1641667286829014], "number_hours_available_for_repair": [527, 466, 490], "warehouse_capacity_of_facility": [1047, 1020, 1123], "cost_of_inspection": [7.440731483057493, 14.229298378434759, 12.238315550031206, 7.47753038300954], "expected_cost_of_repair": [42.341465343078255, 43.315856647237, 39.24223137356788, 33.18625496107303], "cost_of_transportation": [92, 132], "holding_cost": [2.4472158525700523, 2.1008261037853107, 1.3122068184789482], "rejection_cost": [500.0, 500.0, 500.0, 500.0]}