{"container_types": 4, "number_of_facilities": 2, "container_quality_level": 5, "time_periods": 7, "number_containers_arriving_to_facility_zero": [[205, 154, 150, 120, 245, 168, 293], [188, 209, 283, 223, 248, 240, 226], [196, 204, 281, 276, 264, 237, 221], [283, 179, 137, 183, 277, 195, 163]], "number_unexpected_containers_at_facilities": [[66, 94, 6], [87, 15, 20], [26, 37, 8], [51, 77, 32]], "number_good_quality_containers_at_facilities": [[84, 97, 19], [96, 13, 11], [61, 82, 49], [77, 56, 91]], "containers_demand_for_clients": [[283, 247, 208, 239, 266, 251, 260], [252, 270, 272, 205, 253, 283, 219], [299, 224, 253, 260, 248, 243, 294], [321, 304, 256, 274, 234, 254, 274]], "transportation_capacity": 574, "probability_original_quality_level": [[5.0, 19.0, 16.0, 2.0, 26.0, 28.0, 4.0], [6.0, 2.0, 27.0, 18.0, 27.0, 19.0, 1.0], [8.0, 14.0, 22.0, 24.0, 21.0, 9.0, 2.0], [9.0, 15.0, 12.0, 33.0, 10.0, 21.0, 0.0]], "number_hours_required_for_inspection": [0.9323383657311392, 0.9255145900507838, 0.9945261102226616, 0.8788785329814726], "number_hours_available_for_inspection": [428, 454, 551], "expected_number_hours_required_for_repair": [1.5107111027444002, 1.4680062544586139, 1.3369257056260284, 1.429075885206118], "number_hours_available_for_repair": [640, 456, 587], "warehouse_capacity_of_facility": [1059, 953, 1126], "cost_of_inspection": [18.64676731462278, 18.510291801015676, 19.89052220445323, 17.57757065962945], "expected_cost_of_repair": [44.71401846483599, 43.03853864176683, 38.72769070398177, 41.19259642810426], "cost_of_transportation": [136, 76], "holding_cost": [2.3221049342229434, 1.849245588322811, 1.9261066420404407], "rejection_cost": [500.0, 500.0, 500.0, 500.0]}