{"container_types": 4, "number_of_facilities": 2, "container_quality_level": 5, "time_periods": 7, "number_containers_arriving_to_facility_zero": [[265, 158, 221, 268, 177, 117, 134], [183, 171, 167, 192, 110, 168, 248], [235, 148, 251, 220, 147, 294, 110], [225, 154, 227, 123, 130, 227, 229]], "number_unexpected_containers_at_facilities": [[46, 30, 91], [26, 29, 22], [10, 40, 76], [11, 15, 6]], "number_good_quality_containers_at_facilities": [[48, 68, 29], [30, 51, 52], [36, 49, 66], [77, 65, 96]], "containers_demand_for_clients": [[259, 226, 254, 186, 181, 228, 209], [233, 261, 275, 234, 279, 256, 201], [246, 187, 220, 180, 181, 194, 243], [196, 252, 262, 274, 208, 284, 246]], "transportation_capacity": 713, "probability_original_quality_level": [[9.0, 8.0, 1.0, 11.0, 22.0, 46.0, 3.0], [8.0, 0.0, 31.0, 13.0, 17.0, 30.0, 1.0], [6.0, 14.0, 28.0, 10.0, 10.0, 27.0, 5.0], [10.0, 19.0, 19.0, 16.0, 14.0, 21.0, 1.0]], "number_hours_required_for_inspection": [0.5218576838295422, 0.519592369184735, 0.4827674872542238, 0.3663181356105068], "number_hours_available_for_inspection": [242, 205, 252], "expected_number_hours_required_for_repair": [1.6283965560115745, 1.5598606590338628, 1.396315892107371, 1.4233013632450706], "number_hours_available_for_repair": [616, 465, 512], "warehouse_capacity_of_facility": [970, 930, 892], "cost_of_inspection": [10.437153676590844, 10.3918473836947, 9.655349745084475, 7.326362712210136], "expected_cost_of_repair": [47.823251140029754, 45.58728168930045, 40.83487412549129, 40.71009780645241], "cost_of_transportation": [85, 97], "holding_cost": [2.7807969199307774, 1.6319488705124912, 1.4748969348073135], "rejection_cost": [500.0, 500.0, 500.0, 500.0]}