{"container_types": 4, "number_of_facilities": 2, "container_quality_level": 5, "time_periods": 7, "number_containers_arriving_to_facility_zero": [[110, 120, 123, 127, 182, 134, 193], [183, 225, 102, 121, 188, 247, 248], [109, 140, 229, 265, 219, 107, 192], [265, 141, 226, 146, 170, 228, 126]], "number_unexpected_containers_at_facilities": [[51, 52, 56], [84, 61, 28], [64, 48, 57], [3, 84, 23]], "number_good_quality_containers_at_facilities": [[88, 23, 60], [52, 94, 34], [3, 73, 15], [0, 81, 71]], "containers_demand_for_clients": [[180, 256, 231, 208, 217, 218, 210], [213, 205, 175, 150, 188, 212, 151], [210, 206, 284, 261, 205, 191, 243], [237, 223, 247, 205, 227, 246, 251]], "transportation_capacity": 668, "probability_original_quality_level": [[6.0, 2.0, 69.0, 2.0, 1.0, 18.0, 2.0], [8.0, 14.0, 19.0, 5.0, 29.0, 24.0, 1.0], [10.0, 22.0, 17.0, 17.0, 7.0, 27.0, 0.0], [9.0, 11.0, 23.0, 12.0, 21.0, 19.0, 5.0]], "number_hours_required_for_inspection": [0.8049709432383032, 0.364705701491773, 0.945933799918978, 0.985169947291618], "number_hours_available_for_inspection": [367, 320, 267], "expected_number_hours_required_for_repair": [1.3220401599504685, 1.534971289898741, 1.4312551988836384, 1.3314004212976056], "number_hours_available_for_repair": [381, 403, 433], "warehouse_capacity_of_facility": [896, 945, 891], "cost_of_inspection": [16.099418864766065, 7.29411402983546, 18.91867599837956, 19.70339894583236], "expected_cost_of_repair": [38.52117870407625, 44.58148565546174, 41.37563733496092, 38.83601811297772], "cost_of_transportation": [97, 169], "holding_cost": [2.8398535979656945, 1.546648150233001, 1.46134337894496], "rejection_cost": [500.0, 500.0, 500.0, 500.0]}