{"container_types": 4, "number_of_facilities": 2, "container_quality_level": 5, "time_periods": 7, "number_containers_arriving_to_facility_zero": [[284, 173, 242, 177, 271, 248, 207], [209, 276, 203, 286, 286, 278, 131], [189, 221, 137, 129, 230, 231, 211], [233, 219, 206, 219, 113, 159, 217]], "number_unexpected_containers_at_facilities": [[59, 26, 96], [76, 74, 93], [65, 60, 17], [9, 72, 24]], "number_good_quality_containers_at_facilities": [[97, 99, 92], [67, 7, 57], [9, 90, 52], [2, 9, 71]], "containers_demand_for_clients": [[256, 236, 244, 232, 249, 262, 249], [251, 282, 277, 352, 345, 310, 277], [280, 284, 290, 319, 291, 346, 343], [259, 236, 203, 226, 269, 214, 271]], "transportation_capacity": 792, "probability_original_quality_level": [[5.0, 4.0, 10.0, 23.0, 21.0, 37.0, 0.0], [8.0, 23.0, 17.0, 9.0, 22.0, 18.0, 3.0], [10.0, 30.0, 0.0, 11.0, 18.0, 30.0, 1.0], [6.0, 16.0, 16.0, 14.0, 25.0, 22.0, 1.0]], "number_hours_required_for_inspection": [0.645403215087215, 0.982890696724994, 0.7654174584802366, 0.53494043532208], "number_hours_available_for_inspection": [393, 368, 329], "expected_number_hours_required_for_repair": [1.7423916273945843, 1.3572487378580562, 1.481141765072273, 1.5369118394307506], "number_hours_available_for_repair": [698, 538, 633], "warehouse_capacity_of_facility": [1041, 995, 1089], "cost_of_inspection": [12.9080643017443, 19.657813934499877, 15.308349169604732, 10.6988087064416], "expected_cost_of_repair": [51.68769219077598, 39.8460355544818, 42.89726700339159, 45.47894580227154], "cost_of_transportation": [129, 85], "holding_cost": [2.368973137259154, 1.6827525644881662, 1.3803147034718677], "rejection_cost": [500.0, 500.0, 500.0, 500.0]}