{"container_types": 4, "number_of_facilities": 2, "container_quality_level": 9, "time_periods": 30, "number_containers_arriving_to_facility_zero": [[174, 179, 206, 175, 263, 134, 169, 188, 213, 139, 235, 262, 217, 255, 149, 266, 210, 195, 174, 138, 194, 284, 158, 159, 174, 160, 276, 120, 153, 215], [204, 222, 198, 178, 259, 286, 289, 165, 132, 215, 278, 288, 125, 124, 133, 268, 102, 277, 297, 275, 118, 137, 188, 289, 144, 113, 281, 177, 216, 170], [179, 114, 297, 136, 137, 251, 159, 102, 100, 279, 253, 214, 148, 177, 249, 154, 274, 235, 225, 172, 100, 221, 247, 137, 224, 218, 135, 183, 270, 131], [161, 181, 156, 187, 117, 298, 262, 267, 129, 125, 140, 196, 111, 266, 157, 179, 153, 292, 144, 135, 111, 152, 111, 265, 132, 254, 199, 187, 215, 233]], "number_unexpected_containers_at_facilities": [[40, 9, 76], [37, 78, 34], [80, 73, 61], [26, 35, 90]], "number_good_quality_containers_at_facilities": [[65, 88, 15], [16, 75, 20], [99, 2, 65], [97, 43, 23]], "containers_demand_for_clients": [[184, 187, 227, 171, 171, 159, 186, 219, 178, 220, 182, 165, 167, 179, 166, 207, 224, 166, 220, 198, 183, 172, 208, 178, 177, 162, 156, 219, 211, 170], [206, 198, 190, 219, 188, 228, 234, 168, 198, 166, 172, 225, 243, 236, 205, 244, 220, 221, 212, 232, 226, 168, 184, 202, 167, 174, 203, 196, 189, 174], [232, 188, 173, 253, 216, 234, 209, 178, 219, 203, 173, 217, 178, 212, 247, 236, 233, 198, 228, 181, 206, 196, 238, 196, 220, 184, 212, 237, 189, 204], [175, 217, 242, 237, 242, 166, 164, 218, 224, 208, 191, 189, 166, 226, 236, 189, 196, 174, 201, 231, 233, 195, 198, 185, 227, 193, 180, 240, 180, 198]], "transportation_capacity": 484, "probability_original_quality_level": [[5.0, 4.0, 5.0, 19.0, 4.0, 19.0, 18.0, 5.0, 8.0, 8.0, 5.0], [5.0, 11.0, 5.0, 10.0, 11.0, 2.0, 14.0, 12.0, 10.0, 20.0, 0.0], [6.0, 2.0, 7.0, 20.0, 22.0, 1.0, 11.0, 18.0, 9.0, 4.0, 0.0], [9.0, 4.0, 12.0, 2.0, 15.0, 12.0, 10.0, 15.0, 14.0, 5.0, 2.0]], "number_hours_required_for_inspection": [0.9623612137248206, 0.9464130185001823, 0.5747175263582514, 0.5956695426188309], "number_hours_available_for_inspection": [264, 375, 369], "expected_number_hours_required_for_repair": [2.0106882367501533, 2.2595379599691974, 2.1010617894184738, 2.073427238122384], "number_hours_available_for_repair": [651, 651, 645], "warehouse_capacity_of_facility": [881, 734, 836], "cost_of_inspection": [19.247224274496414, 18.928260370003645, 11.494350527165027, 11.913390852376617], "expected_cost_of_repair": [59.50076793864082, 66.97004652176611, 62.42964764076873, 61.086448455924476], "cost_of_transportation": [137, 134], "holding_cost": [2.039740730207789, 2.2521177227901057, 1.9545807406150126], "rejection_cost": [500.0, 500.0, 500.0, 500.0]}