{"container_types": 4, "number_of_facilities": 2, "container_quality_level": 9, "time_periods": 30, "number_containers_arriving_to_facility_zero": [[202, 165, 213, 215, 268, 265, 260, 264, 107, 282, 264, 200, 208, 112, 237, 130, 192, 107, 175, 189, 253, 257, 259, 122, 289, 179, 225, 241, 138, 282], [229, 277, 145, 253, 189, 247, 118, 167, 110, 289, 160, 223, 199, 172, 269, 132, 271, 159, 135, 136, 105, 126, 283, 264, 270, 119, 170, 261, 263, 254], [118, 208, 140, 248, 267, 200, 255, 152, 259, 285, 203, 221, 257, 296, 135, 118, 298, 101, 262, 233, 256, 126, 131, 124, 120, 101, 100, 275, 114, 251], [205, 236, 276, 137, 262, 210, 235, 147, 232, 151, 269, 157, 113, 264, 159, 140, 226, 277, 147, 117, 143, 101, 121, 172, 101, 292, 266, 156, 108, 149]], "number_unexpected_containers_at_facilities": [[37, 6, 26], [99, 5, 40], [53, 81, 11], [51, 20, 0]], "number_good_quality_containers_at_facilities": [[9, 2, 10], [32, 51, 78], [94, 98, 70], [23, 25, 89]], "containers_demand_for_clients": [[195, 195, 206, 166, 183, 221, 197, 196, 163, 187, 204, 208, 193, 212, 154, 227, 164, 153, 223, 169, 171, 225, 207, 216, 177, 219, 226, 169, 179, 230], [241, 178, 192, 245, 175, 238, 201, 246, 199, 181, 181, 180, 195, 182, 170, 181, 228, 243, 203, 235, 223, 172, 251, 183, 225, 197, 171, 215, 240, 207], [173, 218, 241, 213, 225, 219, 195, 215, 194, 230, 221, 195, 215, 186, 217, 175, 194, 205, 248, 229, 174, 172, 179, 211, 249, 207, 198, 203, 188, 228], [175, 194, 243, 233, 212, 168, 191, 217, 231, 227, 229, 225, 213, 199, 232, 175, 167, 203, 180, 247, 207, 174, 223, 205, 242, 232, 174, 202, 166, 219]], "transportation_capacity": 469, "probability_original_quality_level": [[5.0, 15.0, 13.0, 2.0, 11.0, 7.0, 9.0, 4.0, 11.0, 19.0, 4.0], [6.0, 14.0, 13.0, 10.0, 14.0, 16.0, 1.0, 14.0, 7.0, 5.0, 0.0], [6.0, 0.0, 6.0, 5.0, 20.0, 18.0, 21.0, 5.0, 4.0, 12.0, 3.0], [9.0, 0.0, 7.0, 11.0, 14.0, 9.0, 9.0, 9.0, 14.0, 15.0, 3.0]], "number_hours_required_for_inspection": [0.881440383080424, 0.8012083605572464, 0.6788658766958171, 0.9312645238259888], "number_hours_available_for_inspection": [284, 329, 376], "expected_number_hours_required_for_repair": [2.018128683063203, 1.8476558494906916, 2.1338476529396946, 2.189335733068098], "number_hours_available_for_repair": [744, 684, 757], "warehouse_capacity_of_facility": [846, 782, 822], "cost_of_inspection": [17.62880766160848, 16.024167211144928, 13.577317533916343, 18.625290476519776], "expected_cost_of_repair": [59.59904671783485, 54.65156793400408, 63.178907651639754, 64.24311949624207], "cost_of_transportation": [105, 81], "holding_cost": [2.4923730347832582, 1.6816476821798563, 1.833700508411912], "rejection_cost": [500.0, 500.0, 500.0, 500.0]}