{"container_types": 4, "number_of_facilities": 2, "container_quality_level": 9, "time_periods": 30, "number_containers_arriving_to_facility_zero": [[181, 105, 191, 247, 126, 170, 235, 128, 260, 101, 223, 187, 281, 245, 263, 151, 164, 291, 108, 244, 147, 222, 127, 197, 268, 291, 218, 202, 250, 133], [225, 215, 252, 252, 172, 103, 147, 256, 197, 216, 250, 135, 229, 176, 102, 258, 173, 120, 161, 218, 191, 123, 249, 239, 241, 163, 273, 145, 270, 243], [124, 201, 144, 170, 158, 223, 176, 119, 237, 245, 216, 272, 115, 187, 174, 139, 113, 217, 213, 218, 177, 179, 268, 221, 195, 103, 256, 248, 157, 111], [113, 198, 221, 127, 242, 187, 294, 260, 265, 213, 188, 169, 286, 286, 295, 210, 145, 228, 123, 220, 158, 176, 118, 117, 132, 277, 256, 289, 206, 154]], "number_unexpected_containers_at_facilities": [[12, 56, 88], [38, 67, 93], [52, 65, 22], [48, 14, 35]], "number_good_quality_containers_at_facilities": [[64, 1, 95], [19, 43, 53], [48, 18, 62], [99, 77, 59]], "containers_demand_for_clients": [[218, 225, 258, 211, 230, 204, 178, 197, 194, 179, 207, 244, 224, 174, 197, 208, 178, 246, 206, 220, 247, 175, 247, 188, 231, 224, 182, 185, 222, 189], [227, 215, 198, 205, 190, 196, 225, 173, 170, 177, 201, 248, 170, 217, 228, 227, 233, 197, 171, 233, 186, 201, 211, 239, 212, 237, 224, 238, 183, 190], [170, 181, 179, 241, 233, 200, 213, 196, 186, 174, 218, 188, 242, 168, 170, 175, 183, 179, 207, 215, 196, 189, 172, 232, 244, 241, 194, 219, 190, 197], [210, 166, 206, 165, 229, 192, 207, 179, 192, 216, 164, 221, 208, 211, 170, 210, 165, 210, 169, 158, 230, 159, 200, 225, 222, 228, 170, 182, 223, 183]], "transportation_capacity": 617, "probability_original_quality_level": [[7.0, 15.0, 5.0, 1.0, 12.0, 13.0, 12.0, 10.0, 3.0, 18.0, 4.0], [10.0, 4.0, 19.0, 8.0, 9.0, 6.0, 19.0, 1.0, 11.0, 8.0, 5.0], [8.0, 12.0, 11.0, 13.0, 6.0, 11.0, 12.0, 6.0, 11.0, 7.0, 3.0], [7.0, 0.0, 27.0, 0.0, 2.0, 23.0, 2.0, 6.0, 10.0, 23.0, 0.0]], "number_hours_required_for_inspection": [0.6495608190331763, 0.7313129920643952, 0.5811018108331436, 0.9040187211525841], "number_hours_available_for_inspection": [311, 322, 273], "expected_number_hours_required_for_repair": [2.0432353109468786, 1.8101008926539268, 1.840088498921368, 2.245334766113743], "number_hours_available_for_repair": [675, 665, 781], "warehouse_capacity_of_facility": [784, 824, 834], "cost_of_inspection": [12.991216380663527, 14.626259841287903, 11.622036216662872, 18.08037442305168], "expected_cost_of_repair": [60.50142350045679, 52.325803604604836, 54.270177255748315, 66.39058474113973], "cost_of_transportation": [157, 161], "holding_cost": [2.7494728977767657, 2.0322699503451833, 1.662900538048066], "rejection_cost": [500.0, 500.0, 500.0, 500.0]}