{"container_types": 4, "number_of_facilities": 2, "container_quality_level": 9, "time_periods": 30, "number_containers_arriving_to_facility_zero": [[127, 183, 139, 253, 194, 196, 242, 226, 202, 225, 218, 161, 252, 250, 257, 131, 186, 246, 224, 295, 280, 176, 290, 238, 234, 196, 126, 292, 141, 128], [277, 114, 289, 250, 135, 236, 204, 250, 233, 138, 227, 187, 113, 174, 157, 126, 236, 111, 268, 105, 165, 185, 195, 132, 236, 159, 181, 255, 263, 290], [134, 292, 242, 250, 161, 173, 221, 174, 209, 234, 223, 138, 262, 254, 239, 193, 201, 184, 155, 171, 111, 218, 192, 274, 223, 189, 164, 159, 290, 196], [124, 140, 262, 256, 166, 265, 206, 149, 171, 239, 142, 122, 298, 119, 219, 243, 230, 299, 182, 292, 131, 183, 240, 133, 162, 256, 188, 131, 193, 244]], "number_unexpected_containers_at_facilities": [[8, 80, 61], [70, 47, 56], [92, 74, 86], [20, 52, 93]], "number_good_quality_containers_at_facilities": [[64, 53, 8], [8, 2, 49], [48, 64, 91], [31, 51, 19]], "containers_demand_for_clients": [[234, 237, 210, 227, 175, 233, 189, 188, 203, 214, 193, 187, 170, 200, 196, 235, 204, 199, 207, 166, 215, 171, 170, 231, 249, 226, 210, 177, 212, 219], [241, 256, 224, 183, 204, 189, 246, 260, 262, 178, 188, 259, 198, 236, 192, 190, 262, 205, 190, 196, 202, 214, 255, 246, 238, 185, 189, 239, 240, 216], [211, 191, 206, 224, 171, 228, 238, 238, 179, 186, 239, 240, 177, 214, 225, 214, 238, 216, 197, 236, 225, 214, 203, 208, 176, 184, 214, 187, 242, 244], [175, 205, 193, 217, 218, 178, 257, 249, 223, 235, 178, 240, 198, 247, 238, 262, 251, 198, 257, 210, 249, 225, 262, 251, 229, 211, 261, 175, 247, 223]], "transportation_capacity": 549, "probability_original_quality_level": [[8.0, 16.0, 5.0, 11.0, 14.0, 2.0, 16.0, 2.0, 16.0, 9.0, 1.0], [6.0, 18.0, 8.0, 14.0, 4.0, 8.0, 5.0, 13.0, 7.0, 14.0, 3.0], [9.0, 13.0, 11.0, 5.0, 2.0, 4.0, 18.0, 12.0, 3.0, 21.0, 2.0], [6.0, 9.0, 16.0, 17.0, 5.0, 11.0, 5.0, 10.0, 1.0, 17.0, 3.0]], "number_hours_required_for_inspection": [0.6701554934257292, 0.6752407673937054, 0.6168326891981335, 0.6904253198945424], "number_hours_available_for_inspection": [271, 246, 226], "expected_number_hours_required_for_repair": [1.9659382255372697, 1.8944647177555725, 2.0806551277962746, 1.8780530898005174], "number_hours_available_for_repair": [641, 565, 725], "warehouse_capacity_of_facility": [850, 804, 934], "cost_of_inspection": [13.403109868514584, 13.504815347874109, 12.33665378396267, 13.808506397890847], "expected_cost_of_repair": [57.378896026607606, 55.78368343300207, 61.0747961029412, 55.67826371769534], "cost_of_transportation": [100, 158], "holding_cost": [2.790139443744981, 1.5096678521948617, 1.5348101491868658], "rejection_cost": [500.0, 500.0, 500.0, 500.0]}