{"container_types": 4, "number_of_facilities": 2, "container_quality_level": 9, "time_periods": 30, "number_containers_arriving_to_facility_zero": [[127, 179, 175, 202, 125, 108, 112, 215, 170, 264, 170, 108, 258, 272, 132, 143, 261, 237, 111, 132, 108, 181, 110, 237, 230, 296, 116, 197, 149, 130], [240, 101, 183, 126, 189, 248, 203, 162, 192, 246, 146, 278, 178, 171, 220, 176, 121, 133, 296, 134, 233, 118, 232, 248, 244, 112, 289, 195, 161, 166], [150, 253, 232, 141, 150, 154, 101, 191, 295, 243, 224, 237, 171, 205, 293, 123, 249, 127, 147, 239, 192, 169, 126, 147, 102, 266, 244, 169, 294, 147], [226, 146, 194, 147, 130, 115, 159, 241, 171, 199, 143, 270, 184, 114, 189, 110, 173, 146, 260, 214, 190, 156, 269, 171, 209, 164, 182, 116, 133, 162]], "number_unexpected_containers_at_facilities": [[13, 72, 76], [11, 52, 65], [15, 88, 97], [71, 84, 55]], "number_good_quality_containers_at_facilities": [[8, 15, 53], [42, 46, 74], [39, 41, 5], [53, 42, 66]], "containers_demand_for_clients": [[215, 171, 155, 215, 150, 171, 153, 167, 187, 186, 199, 208, 158, 189, 180, 224, 151, 194, 158, 196, 200, 196, 179, 190, 155, 214, 202, 158, 172, 153], [170, 157, 154, 181, 212, 203, 203, 172, 178, 146, 207, 173, 207, 147, 157, 161, 188, 179, 214, 218, 206, 197, 193, 149, 205, 209, 163, 205, 211, 156], [175, 204, 180, 238, 220, 205, 228, 206, 232, 214, 238, 182, 216, 210, 234, 176, 195, 194, 214, 223, 194, 193, 185, 178, 234, 189, 165, 164, 185, 189], [220, 186, 231, 172, 178, 235, 212, 240, 212, 215, 235, 220, 189, 209, 232, 205, 200, 185, 234, 236, 234, 210, 177, 221, 223, 239, 162, 215, 235, 228]], "transportation_capacity": 420, "probability_original_quality_level": [[10.0, 4.0, 14.0, 8.0, 11.0, 11.0, 8.0, 14.0, 11.0, 6.0, 3.0], [8.0, 14.0, 9.0, 15.0, 7.0, 2.0, 12.0, 15.0, 8.0, 8.0, 2.0], [6.0, 4.0, 6.0, 5.0, 23.0, 19.0, 0.0, 0.0, 12.0, 25.0, 0.0], [10.0, 8.0, 1.0, 3.0, 17.0, 15.0, 2.0, 7.0, 19.0, 13.0, 5.0]], "number_hours_required_for_inspection": [0.7312635662152095, 0.5482611092990479, 0.37393367648764736, 0.8802278621485293], "number_hours_available_for_inspection": [235, 214, 219], "expected_number_hours_required_for_repair": [2.0027348202361512, 1.885023774933739, 2.313555471352112, 2.0760082804271955], "number_hours_available_for_repair": [541, 747, 614], "warehouse_capacity_of_facility": [759, 727, 799], "cost_of_inspection": [14.62527132430419, 10.96522218598096, 7.478673529752947, 17.604557242970586], "expected_cost_of_repair": [58.61714332511503, 55.294981658977775, 68.25299954608761, 60.99423254628652], "cost_of_transportation": [85, 88], "holding_cost": [2.8564917879663665, 1.5215977588256708, 1.057227660160156], "rejection_cost": [500.0, 500.0, 500.0, 500.0]}