{"container_types": 4, "number_of_facilities": 2, "container_quality_level": 9, "time_periods": 30, "number_containers_arriving_to_facility_zero": [[247, 189, 247, 279, 231, 178, 227, 220, 159, 283, 270, 187, 212, 171, 197, 298, 106, 156, 238, 184, 223, 226, 206, 202, 143, 132, 274, 138, 170, 219], [222, 180, 284, 118, 151, 238, 263, 284, 236, 218, 187, 122, 173, 273, 232, 219, 196, 280, 265, 236, 239, 104, 108, 140, 252, 133, 214, 164, 158, 229], [296, 286, 182, 146, 122, 143, 199, 162, 170, 241, 246, 220, 270, 280, 256, 261, 120, 284, 158, 210, 174, 226, 297, 172, 294, 142, 163, 116, 253, 180], [135, 210, 183, 111, 209, 170, 271, 183, 174, 282, 247, 121, 137, 166, 125, 235, 171, 110, 132, 254, 269, 249, 122, 104, 223, 206, 126, 117, 213, 161]], "number_unexpected_containers_at_facilities": [[37, 40, 79], [10, 61, 32], [58, 16, 2], [66, 97, 93]], "number_good_quality_containers_at_facilities": [[19, 14, 23], [48, 82, 28], [47, 88, 66], [26, 32, 13]], "containers_demand_for_clients": [[213, 179, 225, 222, 206, 174, 159, 159, 182, 193, 218, 168, 184, 219, 179, 200, 188, 175, 170, 212, 226, 213, 183, 173, 157, 166, 221, 200, 154, 193], [201, 191, 183, 217, 248, 221, 220, 173, 210, 174, 175, 229, 175, 222, 198, 236, 191, 226, 239, 182, 178, 172, 218, 243, 197, 228, 182, 216, 189, 181], [252, 197, 186, 207, 215, 246, 218, 225, 245, 234, 171, 245, 177, 209, 222, 224, 177, 235, 244, 229, 211, 186, 247, 193, 236, 250, 205, 207, 230, 169], [222, 179, 213, 234, 194, 231, 217, 197, 181, 207, 233, 188, 183, 188, 211, 237, 252, 250, 256, 258, 209, 194, 258, 176, 259, 196, 222, 212, 174, 220]], "transportation_capacity": 621, "probability_original_quality_level": [[5.0, 1.0, 14.0, 9.0, 11.0, 7.0, 12.0, 9.0, 11.0, 19.0, 2.0], [8.0, 5.0, 0.0, 18.0, 18.0, 15.0, 1.0, 15.0, 11.0, 8.0, 1.0], [10.0, 11.0, 4.0, 8.0, 1.0, 12.0, 7.0, 16.0, 16.0, 15.0, 0.0], [9.0, 0.0, 19.0, 5.0, 4.0, 12.0, 6.0, 10.0, 11.0, 22.0, 2.0]], "number_hours_required_for_inspection": [0.39276769592413374, 0.5019552128622113, 0.5666624247113851, 0.4523125952516779], "number_hours_available_for_inspection": [177, 223, 176], "expected_number_hours_required_for_repair": [2.248450291914973, 2.0747429092371372, 2.217348988587674, 2.2226471296732053], "number_hours_available_for_repair": [762, 903, 657], "warehouse_capacity_of_facility": [833, 791, 800], "cost_of_inspection": [7.855353918482675, 10.039104257244226, 11.333248494227702, 9.046251905033557], "expected_cost_of_repair": [66.69491225595885, 61.111198439839065, 64.87471748205944, 64.94451268714235], "cost_of_transportation": [121, 145], "holding_cost": [2.9062114075402143, 1.946293471914992, 1.4453476959665028], "rejection_cost": [500.0, 500.0, 500.0, 500.0]}