{"container_types": 4, "number_of_facilities": 2, "container_quality_level": 9, "time_periods": 30, "number_containers_arriving_to_facility_zero": [[192, 232, 216, 101, 237, 161, 287, 228, 299, 233, 182, 253, 278, 106, 255, 144, 168, 214, 123, 199, 237, 285, 254, 272, 200, 199, 164, 210, 211, 129], [232, 242, 123, 176, 109, 190, 223, 179, 214, 190, 233, 205, 250, 234, 118, 220, 170, 298, 274, 185, 201, 113, 206, 283, 242, 195, 100, 283, 229, 287], [268, 207, 214, 203, 105, 107, 208, 116, 252, 131, 208, 210, 144, 171, 157, 221, 173, 295, 289, 165, 144, 131, 156, 160, 104, 292, 154, 219, 249, 259], [151, 153, 125, 171, 213, 199, 120, 191, 223, 136, 103, 220, 172, 264, 179, 236, 236, 232, 193, 190, 239, 135, 259, 292, 215, 225, 253, 244, 195, 254]], "number_unexpected_containers_at_facilities": [[81, 82, 4], [1, 49, 52], [40, 58, 81], [43, 86, 15]], "number_good_quality_containers_at_facilities": [[3, 42, 87], [90, 21, 5], [55, 2, 56], [96, 38, 75]], "containers_demand_for_clients": [[227, 178, 181, 181, 181, 232, 220, 197, 178, 210, 231, 210, 249, 249, 251, 219, 212, 231, 195, 172, 203, 181, 185, 174, 171, 173, 233, 227, 232, 218], [186, 230, 249, 191, 216, 197, 233, 243, 249, 195, 209, 208, 192, 213, 225, 256, 214, 237, 257, 182, 182, 180, 250, 195, 249, 259, 259, 216, 237, 227], [208, 242, 256, 201, 173, 211, 172, 224, 245, 255, 234, 240, 206, 208, 171, 232, 254, 241, 236, 235, 206, 227, 221, 191, 239, 253, 250, 247, 184, 242], [193, 172, 211, 206, 163, 190, 224, 223, 226, 227, 214, 162, 231, 180, 216, 196, 172, 202, 189, 171, 224, 181, 205, 228, 172, 186, 163, 170, 191, 231]], "transportation_capacity": 654, "probability_original_quality_level": [[8.0, 7.0, 6.0, 13.0, 4.0, 6.0, 14.0, 14.0, 15.0, 13.0, 0.0], [8.0, 11.0, 13.0, 18.0, 16.0, 4.0, 11.0, 3.0, 1.0, 12.0, 3.0], [9.0, 0.0, 15.0, 25.0, 4.0, 3.0, 3.0, 0.0, 22.0, 19.0, 0.0], [5.0, 15.0, 23.0, 13.0, 8.0, 13.0, 1.0, 5.0, 0.0, 12.0, 5.0]], "number_hours_required_for_inspection": [0.3384153517750257, 0.90224468731487, 0.7139951658945629, 0.546993515226663], "number_hours_available_for_inspection": [287, 306, 303], "expected_number_hours_required_for_repair": [2.2776502621819574, 1.6693145467004364, 2.13486628328572, 1.603748164634756], "number_hours_available_for_repair": [533, 547, 747], "warehouse_capacity_of_facility": [806, 856, 846], "cost_of_inspection": [6.768307035500514, 18.044893746297397, 14.279903317891257, 10.939870304533258], "expected_cost_of_repair": [66.81080675726143, 49.191649352057546, 63.104163063045455, 47.59060037689451], "cost_of_transportation": [89, 94], "holding_cost": [2.2517088313810043, 2.0977670121904746, 1.2520170936639161], "rejection_cost": [500.0, 500.0, 500.0, 500.0]}