{"container_types": 4, "number_of_facilities": 2, "container_quality_level": 9, "time_periods": 30, "number_containers_arriving_to_facility_zero": [[111, 284, 194, 113, 171, 204, 176, 114, 222, 259, 246, 237, 292, 276, 239, 202, 116, 121, 171, 207, 289, 255, 115, 261, 169, 220, 116, 141, 143, 208], [169, 274, 101, 204, 134, 166, 146, 261, 250, 208, 140, 259, 283, 206, 112, 106, 119, 233, 278, 113, 230, 284, 289, 200, 292, 219, 188, 124, 129, 201], [227, 189, 136, 269, 125, 182, 108, 212, 292, 221, 145, 267, 128, 267, 231, 110, 214, 221, 174, 233, 254, 155, 160, 222, 233, 215, 101, 245, 291, 124], [267, 133, 297, 178, 135, 208, 279, 262, 230, 176, 277, 252, 271, 152, 174, 183, 123, 213, 237, 134, 178, 122, 137, 144, 144, 238, 241, 117, 217, 131]], "number_unexpected_containers_at_facilities": [[58, 88, 3], [93, 98, 86], [71, 56, 82], [47, 93, 83]], "number_good_quality_containers_at_facilities": [[33, 79, 67], [84, 16, 45], [64, 29, 15], [18, 68, 47]], "containers_demand_for_clients": [[211, 205, 210, 215, 228, 165, 174, 201, 224, 205, 183, 216, 165, 197, 226, 234, 223, 184, 230, 204, 175, 239, 169, 192, 197, 169, 207, 214, 220, 243], [166, 213, 190, 177, 205, 246, 170, 190, 179, 184, 204, 206, 170, 203, 173, 237, 240, 227, 238, 225, 214, 239, 224, 187, 246, 181, 220, 221, 183, 207], [170, 238, 193, 239, 206, 218, 186, 246, 228, 225, 200, 191, 219, 179, 192, 174, 201, 222, 169, 214, 251, 249, 218, 219, 243, 243, 197, 179, 225, 235], [179, 195, 179, 215, 206, 171, 237, 206, 212, 220, 170, 208, 177, 184, 168, 229, 232, 232, 203, 196, 206, 214, 244, 209, 220, 195, 173, 189, 204, 228]], "transportation_capacity": 598, "probability_original_quality_level": [[6.0, 6.0, 9.0, 12.0, 15.0, 3.0, 7.0, 6.0, 13.0, 18.0, 5.0], [10.0, 9.0, 6.0, 12.0, 4.0, 15.0, 8.0, 15.0, 7.0, 14.0, 0.0], [7.0, 1.0, 10.0, 12.0, 13.0, 10.0, 8.0, 7.0, 8.0, 19.0, 5.0], [7.0, 16.0, 4.0, 0.0, 7.0, 12.0, 15.0, 5.0, 14.0, 17.0, 3.0]], "number_hours_required_for_inspection": [0.3690651509034787, 0.9807067694742054, 0.4956166750561974, 0.7661498373436948], "number_hours_available_for_inspection": [319, 259, 267], "expected_number_hours_required_for_repair": [2.1456081359219197, 2.1475105548602427, 2.1508373254042463, 2.148306512376357], "number_hours_available_for_repair": [670, 885, 707], "warehouse_capacity_of_facility": [822, 864, 787], "cost_of_inspection": [7.381303018069573, 19.614135389484108, 9.912333501123948, 15.322996746873896], "expected_cost_of_repair": [63.71876946956958, 63.18999423921201, 63.68147276067739, 63.65813737454528], "cost_of_transportation": [131, 74], "holding_cost": [2.2843411651983407, 2.4298229672685565, 1.5171590499914556], "rejection_cost": [500.0, 500.0, 500.0, 500.0]}