{"container_types": 4, "number_of_facilities": 2, "container_quality_level": 9, "time_periods": 30, "number_containers_arriving_to_facility_zero": [[155, 131, 117, 292, 241, 259, 147, 132, 192, 140, 211, 292, 117, 276, 156, 184, 202, 251, 111, 144, 269, 227, 158, 197, 149, 290, 147, 170, 165, 139], [123, 108, 114, 201, 203, 265, 233, 193, 249, 190, 190, 246, 102, 118, 120, 197, 294, 294, 288, 255, 154, 263, 255, 148, 152, 147, 118, 160, 209, 267], [163, 252, 109, 206, 120, 286, 284, 161, 150, 111, 268, 263, 130, 164, 181, 170, 158, 172, 206, 286, 120, 250, 233, 143, 125, 284, 223, 271, 230, 103], [249, 173, 182, 257, 183, 165, 166, 137, 199, 182, 100, 256, 157, 113, 125, 187, 272, 153, 168, 284, 244, 257, 201, 279, 168, 106, 297, 177, 231, 279]], "number_unexpected_containers_at_facilities": [[1, 5, 45], [80, 87, 5], [49, 11, 74], [43, 3, 53]], "number_good_quality_containers_at_facilities": [[81, 53, 43], [3, 35, 87], [6, 0, 52], [97, 93, 48]], "containers_demand_for_clients": [[177, 169, 244, 248, 179, 233, 205, 225, 250, 245, 230, 178, 229, 216, 213, 205, 246, 178, 194, 176, 222, 208, 243, 182, 210, 236, 243, 210, 176, 176], [182, 189, 227, 223, 228, 169, 181, 225, 159, 181, 176, 170, 174, 179, 176, 215, 190, 222, 195, 215, 230, 172, 203, 230, 176, 165, 204, 223, 233, 209], [174, 177, 224, 213, 190, 219, 183, 183, 235, 168, 187, 167, 194, 182, 229, 235, 198, 221, 200, 186, 241, 229, 176, 218, 239, 236, 225, 221, 166, 167], [228, 228, 179, 174, 173, 168, 212, 161, 205, 179, 235, 182, 189, 165, 236, 174, 192, 191, 188, 224, 166, 228, 217, 205, 194, 219, 209, 165, 197, 165]], "transportation_capacity": 527, "probability_original_quality_level": [[10.0, 8.0, 3.0, 10.0, 5.0, 9.0, 15.0, 15.0, 8.0, 12.0, 5.0], [8.0, 12.0, 6.0, 10.0, 2.0, 16.0, 0.0, 17.0, 10.0, 16.0, 3.0], [9.0, 10.0, 2.0, 20.0, 1.0, 7.0, 1.0, 16.0, 13.0, 16.0, 5.0], [5.0, 12.0, 1.0, 13.0, 15.0, 19.0, 6.0, 1.0, 1.0, 25.0, 2.0]], "number_hours_required_for_inspection": [0.8783899122343004, 0.8354122028274492, 0.9679575053250837, 0.6423044720091947], "number_hours_available_for_inspection": [391, 377, 354], "expected_number_hours_required_for_repair": [2.025301390387351, 2.1125005645707806, 1.982115915562689, 2.0620739569434035], "number_hours_available_for_repair": [607, 587, 679], "warehouse_capacity_of_facility": [885, 821, 875], "cost_of_inspection": [17.56779824468601, 16.708244056548985, 19.359150106501673, 12.846089440183894], "expected_cost_of_repair": [59.58567306805904, 62.39180514611919, 58.55012632071063, 61.26231093245535], "cost_of_transportation": [136, 95], "holding_cost": [2.9332723141994297, 2.423548127259294, 1.7744544857515157], "rejection_cost": [500.0, 500.0, 500.0, 500.0]}