{"container_types": 4, "number_of_facilities": 2, "container_quality_level": 9, "time_periods": 30, "number_containers_arriving_to_facility_zero": [[245, 199, 273, 184, 225, 100, 258, 130, 258, 192, 212, 247, 173, 195, 153, 192, 150, 134, 246, 280, 251, 128, 247, 147, 233, 146, 200, 277, 188, 121], [210, 293, 200, 231, 190, 132, 109, 104, 223, 194, 290, 178, 153, 212, 216, 169, 216, 235, 296, 216, 240, 150, 248, 121, 203, 107, 171, 246, 156, 185], [107, 295, 252, 251, 272, 254, 104, 125, 274, 119, 276, 288, 155, 250, 184, 266, 125, 226, 211, 274, 181, 239, 115, 148, 230, 111, 183, 276, 146, 284], [211, 206, 226, 279, 218, 199, 113, 203, 233, 283, 248, 275, 122, 280, 279, 164, 265, 217, 151, 147, 185, 104, 236, 288, 132, 169, 258, 227, 130, 178]], "number_unexpected_containers_at_facilities": [[94, 72, 19], [57, 80, 21], [63, 85, 55], [49, 65, 5]], "number_good_quality_containers_at_facilities": [[31, 50, 42], [4, 17, 22], [39, 94, 27], [59, 78, 55]], "containers_demand_for_clients": [[239, 209, 246, 259, 178, 188, 185, 255, 202, 232, 183, 220, 189, 193, 236, 226, 187, 257, 212, 229, 258, 221, 247, 173, 259, 215, 232, 180, 249, 196], [221, 237, 241, 197, 232, 174, 208, 177, 225, 168, 241, 184, 236, 186, 206, 181, 229, 180, 249, 195, 213, 192, 248, 186, 190, 232, 235, 229, 239, 214], [230, 191, 218, 222, 172, 170, 172, 188, 215, 181, 186, 168, 167, 182, 207, 235, 235, 199, 223, 209, 211, 184, 186, 190, 235, 167, 209, 243, 234, 165], [207, 175, 245, 258, 244, 219, 204, 261, 214, 196, 246, 217, 215, 224, 214, 201, 213, 189, 193, 243, 212, 236, 176, 254, 198, 201, 206, 219, 229, 249]], "transportation_capacity": 505, "probability_original_quality_level": [[5.0, 12.0, 3.0, 11.0, 17.0, 22.0, 6.0, 4.0, 2.0, 18.0, 0.0], [5.0, 20.0, 7.0, 4.0, 15.0, 5.0, 26.0, 5.0, 7.0, 5.0, 1.0], [9.0, 11.0, 9.0, 12.0, 11.0, 3.0, 13.0, 11.0, 14.0, 7.0, 0.0], [10.0, 6.0, 19.0, 11.0, 20.0, 9.0, 11.0, 3.0, 4.0, 7.0, 0.0]], "number_hours_required_for_inspection": [0.3645186764415734, 0.9004107759685731, 0.9720087878772878, 0.8733375635150149], "number_hours_available_for_inspection": [380, 296, 346], "expected_number_hours_required_for_repair": [2.0170431905646753, 1.8741710423168396, 2.0649153939604377, 1.78544945929217], "number_hours_available_for_repair": [639, 678, 773], "warehouse_capacity_of_facility": [810, 868, 875], "cost_of_inspection": [7.290373528831467, 18.00821551937146, 19.440175757545756, 17.4667512703003], "expected_cost_of_repair": [59.82572352857209, 55.653065105104524, 60.808195366008825, 52.4759127532341], "cost_of_transportation": [154, 104], "holding_cost": [2.2433573896486085, 2.35417040312717, 1.9498720878707494], "rejection_cost": [500.0, 500.0, 500.0, 500.0]}