{"container_types": 4, "number_of_facilities": 2, "container_quality_level": 9, "time_periods": 30, "number_containers_arriving_to_facility_zero": [[103, 124, 104, 108, 168, 119, 287, 157, 289, 118, 106, 139, 199, 131, 165, 189, 297, 269, 242, 244, 251, 239, 255, 237, 243, 248, 205, 118, 172, 202], [131, 104, 136, 229, 164, 165, 235, 268, 117, 169, 160, 270, 107, 144, 256, 129, 290, 295, 167, 201, 112, 213, 238, 104, 291, 160, 220, 283, 109, 243], [102, 102, 187, 136, 108, 272, 197, 112, 187, 113, 254, 133, 294, 232, 195, 243, 208, 126, 174, 109, 169, 199, 224, 201, 288, 271, 113, 263, 127, 253], [225, 215, 172, 135, 243, 225, 289, 284, 120, 263, 227, 262, 109, 215, 293, 120, 185, 213, 100, 183, 285, 262, 202, 284, 173, 228, 144, 172, 226, 242]], "number_unexpected_containers_at_facilities": [[5, 62, 36], [56, 17, 33], [0, 48, 65], [62, 1, 41]], "number_good_quality_containers_at_facilities": [[69, 80, 95], [40, 92, 65], [96, 52, 48], [62, 90, 15]], "containers_demand_for_clients": [[182, 218, 192, 194, 252, 226, 233, 240, 208, 248, 227, 205, 223, 215, 205, 204, 249, 219, 211, 236, 244, 179, 189, 194, 213, 199, 195, 261, 234, 185], [211, 163, 182, 187, 236, 166, 190, 170, 205, 242, 192, 225, 164, 225, 164, 200, 166, 186, 211, 190, 182, 201, 173, 188, 205, 173, 224, 180, 184, 199], [167, 170, 201, 192, 161, 190, 232, 171, 223, 210, 206, 219, 239, 218, 190, 215, 224, 170, 208, 227, 220, 238, 200, 196, 180, 220, 224, 161, 166, 165], [230, 225, 172, 214, 223, 201, 176, 214, 182, 205, 194, 215, 171, 158, 199, 168, 234, 202, 191, 202, 218, 161, 226, 228, 157, 214, 230, 218, 220, 209]], "transportation_capacity": 593, "probability_original_quality_level": [[5.0, 6.0, 22.0, 8.0, 10.0, 3.0, 13.0, 5.0, 3.0, 22.0, 3.0], [8.0, 2.0, 7.0, 13.0, 4.0, 14.0, 17.0, 13.0, 4.0, 14.0, 4.0], [5.0, 16.0, 12.0, 0.0, 6.0, 11.0, 12.0, 16.0, 5.0, 13.0, 4.0], [5.0, 0.0, 16.0, 11.0, 14.0, 8.0, 11.0, 5.0, 17.0, 12.0, 1.0]], "number_hours_required_for_inspection": [0.6814571236331882, 0.9473153325328811, 0.756531475346455, 0.47455781847819317], "number_hours_available_for_inspection": [346, 329, 316], "expected_number_hours_required_for_repair": [2.065758453683109, 2.1482208317788487, 2.015366269160662, 2.1523915702408885], "number_hours_available_for_repair": [793, 846, 665], "warehouse_capacity_of_facility": [832, 805, 800], "cost_of_inspection": [13.629142472663764, 18.946306650657622, 15.1306295069291, 9.491156369563864], "expected_cost_of_repair": [61.23453882416703, 63.42719466139653, 59.71038499213113, 64.02112994699573], "cost_of_transportation": [155, 107], "holding_cost": [2.5732028699647076, 2.471731291267881, 1.7922770615108443], "rejection_cost": [500.0, 500.0, 500.0, 500.0]}