{"container_types": 4, "number_of_facilities": 2, "container_quality_level": 9, "time_periods": 30, "number_containers_arriving_to_facility_zero": [[134, 250, 272, 263, 113, 256, 216, 285, 269, 218, 245, 270, 103, 107, 248, 113, 228, 126, 125, 151, 183, 146, 276, 264, 297, 217, 247, 134, 173, 236], [108, 229, 286, 259, 182, 160, 142, 126, 295, 194, 208, 284, 148, 130, 297, 197, 245, 270, 130, 121, 174, 266, 127, 261, 103, 283, 252, 157, 118, 155], [265, 226, 101, 120, 233, 147, 119, 110, 132, 175, 157, 238, 232, 236, 280, 125, 168, 269, 104, 138, 234, 149, 156, 250, 242, 116, 233, 260, 285, 202], [203, 272, 117, 246, 234, 111, 165, 280, 220, 271, 152, 208, 282, 250, 170, 229, 111, 291, 184, 106, 252, 223, 192, 178, 268, 199, 186, 224, 235, 236]], "number_unexpected_containers_at_facilities": [[83, 81, 57], [34, 13, 47], [4, 4, 6], [35, 36, 80]], "number_good_quality_containers_at_facilities": [[94, 29, 11], [68, 2, 46], [6, 90, 48], [91, 66, 5]], "containers_demand_for_clients": [[262, 190, 203, 181, 217, 215, 215, 247, 184, 181, 200, 258, 187, 252, 260, 262, 254, 261, 196, 256, 239, 221, 237, 184, 206, 227, 231, 263, 263, 196], [212, 237, 244, 256, 186, 204, 243, 175, 229, 249, 224, 199, 194, 258, 206, 197, 199, 242, 249, 244, 176, 186, 209, 197, 179, 174, 229, 248, 197, 241], [170, 212, 195, 208, 196, 204, 165, 204, 184, 220, 242, 210, 195, 237, 177, 204, 217, 202, 209, 191, 166, 237, 239, 231, 174, 197, 178, 221, 224, 181], [232, 205, 173, 227, 165, 208, 176, 225, 212, 215, 165, 231, 162, 162, 228, 222, 226, 229, 183, 176, 216, 197, 175, 226, 169, 170, 210, 172, 170, 190]], "transportation_capacity": 594, "probability_original_quality_level": [[9.0, 3.0, 21.0, 16.0, 21.0, 2.0, 24.0, 1.0, 0.0, 3.0, 0.0], [9.0, 5.0, 3.0, 13.0, 19.0, 9.0, 2.0, 2.0, 13.0, 25.0, 0.0], [8.0, 17.0, 11.0, 17.0, 7.0, 0.0, 8.0, 5.0, 10.0, 17.0, 0.0], [7.0, 16.0, 1.0, 5.0, 15.0, 10.0, 4.0, 11.0, 22.0, 5.0, 4.0]], "number_hours_required_for_inspection": [0.7202572276323765, 0.4527650059345673, 0.46884093899101614, 0.7343226159495586], "number_hours_available_for_inspection": [278, 286, 233], "expected_number_hours_required_for_repair": [1.7399391760228715, 2.2640829118920336, 1.9328135231247097, 1.9937745299791465], "number_hours_available_for_repair": [710, 775, 720], "warehouse_capacity_of_facility": [902, 910, 877], "cost_of_inspection": [14.405144552647531, 9.055300118691346, 9.376818779820322, 14.686452318991172], "expected_cost_of_repair": [51.11071318538416, 66.34412648516178, 56.65023176673926, 59.00336536159558], "cost_of_transportation": [104, 147], "holding_cost": [2.5188185022310607, 2.472736699876106, 1.9571211942023718], "rejection_cost": [500.0, 500.0, 500.0, 500.0]}