{"container_types": 4, "number_of_facilities": 2, "container_quality_level": 9, "time_periods": 30, "number_containers_arriving_to_facility_zero": [[245, 261, 172, 235, 159, 230, 265, 134, 135, 201, 128, 143, 114, 244, 170, 135, 262, 158, 173, 184, 248, 226, 207, 247, 265, 295, 200, 143, 285, 132], [120, 273, 253, 291, 123, 144, 157, 199, 107, 155, 184, 199, 269, 264, 180, 211, 298, 185, 298, 130, 261, 200, 182, 107, 114, 140, 206, 201, 129, 248], [257, 128, 150, 148, 212, 277, 103, 277, 181, 111, 269, 142, 203, 237, 178, 130, 295, 167, 210, 114, 140, 176, 211, 221, 233, 227, 206, 179, 272, 230], [290, 211, 223, 120, 262, 245, 269, 141, 186, 107, 117, 104, 137, 266, 159, 227, 283, 208, 282, 259, 295, 209, 221, 283, 142, 263, 212, 101, 111, 248]], "number_unexpected_containers_at_facilities": [[79, 36, 37], [52, 98, 21], [32, 82, 24], [48, 72, 63]], "number_good_quality_containers_at_facilities": [[76, 15, 24], [65, 55, 94], [48, 2, 43], [61, 61, 61]], "containers_demand_for_clients": [[231, 212, 180, 243, 246, 209, 226, 175, 221, 223, 237, 200, 230, 187, 223, 186, 192, 241, 215, 182, 211, 260, 192, 216, 195, 210, 250, 205, 228, 185], [197, 167, 170, 178, 246, 208, 198, 178, 183, 194, 226, 240, 195, 211, 245, 245, 197, 194, 231, 243, 171, 190, 175, 237, 215, 171, 178, 233, 241, 174], [236, 213, 197, 242, 169, 229, 238, 166, 176, 172, 206, 181, 236, 185, 233, 177, 217, 244, 231, 217, 202, 197, 241, 197, 178, 189, 178, 187, 227, 169], [188, 232, 230, 174, 221, 223, 223, 211, 207, 229, 239, 172, 169, 186, 228, 188, 231, 203, 184, 197, 172, 192, 238, 178, 231, 209, 173, 196, 237, 165]], "transportation_capacity": 586, "probability_original_quality_level": [[7.0, 7.0, 2.0, 24.0, 11.0, 5.0, 26.0, 0.0, 3.0, 15.0, 0.0], [9.0, 14.0, 0.0, 3.0, 6.0, 13.0, 15.0, 18.0, 7.0, 11.0, 4.0], [7.0, 7.0, 9.0, 8.0, 14.0, 12.0, 11.0, 9.0, 5.0, 18.0, 0.0], [9.0, 7.0, 12.0, 16.0, 5.0, 4.0, 4.0, 15.0, 4.0, 19.0, 5.0]], "number_hours_required_for_inspection": [0.39070269739310676, 0.6148285922038238, 0.4033561032743769, 0.5027836246726148], "number_hours_available_for_inspection": [237, 196, 185], "expected_number_hours_required_for_repair": [2.0292058336488834, 2.10522712180814, 2.1602814648739868, 1.9279910552469328], "number_hours_available_for_repair": [802, 652, 614], "warehouse_capacity_of_facility": [915, 836, 877], "cost_of_inspection": [7.814053947862135, 12.296571844076476, 8.067122065487538, 10.055672493452297], "expected_cost_of_repair": [60.058746641390826, 61.74079494698737, 63.548266242573646, 56.89458966584262], "cost_of_transportation": [65, 146], "holding_cost": [2.248583563377241, 1.7319075220113174, 1.408501837898108], "rejection_cost": [500.0, 500.0, 500.0, 500.0]}