{"container_types": 4, "number_of_facilities": 2, "container_quality_level": 9, "time_periods": 30, "number_containers_arriving_to_facility_zero": [[168, 246, 141, 258, 198, 279, 214, 183, 271, 129, 296, 229, 136, 268, 167, 253, 272, 219, 141, 171, 143, 167, 114, 220, 106, 284, 102, 295, 281, 250], [134, 283, 131, 142, 107, 198, 125, 169, 288, 191, 262, 146, 259, 186, 174, 219, 111, 184, 249, 191, 285, 207, 208, 207, 256, 180, 219, 260, 282, 203], [250, 158, 277, 245, 220, 112, 154, 105, 100, 123, 232, 206, 290, 253, 294, 283, 282, 233, 145, 178, 206, 183, 228, 225, 217, 230, 253, 296, 255, 199], [267, 182, 170, 138, 185, 175, 194, 132, 266, 135, 250, 281, 235, 148, 160, 166, 148, 282, 171, 177, 252, 152, 130, 276, 107, 209, 181, 189, 249, 129]], "number_unexpected_containers_at_facilities": [[46, 51, 16], [3, 7, 69], [59, 51, 24], [97, 84, 48]], "number_good_quality_containers_at_facilities": [[15, 10, 69], [42, 95, 0], [69, 42, 63], [8, 20, 15]], "containers_demand_for_clients": [[178, 216, 228, 232, 236, 217, 205, 165, 209, 185, 222, 231, 183, 202, 172, 211, 225, 161, 179, 208, 207, 204, 164, 213, 175, 203, 187, 216, 202, 207], [199, 227, 225, 196, 231, 254, 178, 233, 244, 235, 209, 186, 253, 182, 189, 195, 192, 237, 227, 247, 209, 250, 210, 210, 181, 229, 240, 207, 179, 208], [169, 248, 234, 197, 184, 200, 230, 222, 207, 238, 218, 201, 206, 177, 186, 171, 175, 199, 212, 214, 237, 169, 189, 247, 235, 198, 173, 236, 214, 250], [267, 218, 202, 190, 212, 267, 241, 193, 189, 234, 190, 233, 227, 203, 197, 234, 189, 244, 191, 202, 214, 239, 212, 224, 196, 191, 199, 180, 197, 224]], "transportation_capacity": 567, "probability_original_quality_level": [[8.0, 14.0, 14.0, 10.0, 4.0, 11.0, 11.0, 12.0, 8.0, 8.0, 0.0], [5.0, 7.0, 5.0, 13.0, 10.0, 14.0, 10.0, 11.0, 5.0, 17.0, 3.0], [6.0, 16.0, 7.0, 6.0, 18.0, 10.0, 6.0, 4.0, 14.0, 11.0, 2.0], [9.0, 0.0, 20.0, 7.0, 10.0, 17.0, 1.0, 21.0, 3.0, 11.0, 1.0]], "number_hours_required_for_inspection": [0.9373150172782563, 0.3454215308982645, 0.9513802058998435, 0.3729787942017584], "number_hours_available_for_inspection": [233, 246, 299], "expected_number_hours_required_for_repair": [1.9202093414965065, 2.169273184131232, 2.0046059620194234, 2.09199957277998], "number_hours_available_for_repair": [695, 683, 825], "warehouse_capacity_of_facility": [775, 829, 901], "cost_of_inspection": [18.746300345565125, 6.90843061796529, 19.02760411799687, 7.459575884035168], "expected_cost_of_repair": [56.331706964678425, 64.17177145265003, 59.09620845041549, 61.38820794259816], "cost_of_transportation": [130, 71], "holding_cost": [2.450606554755644, 1.6094375391280793, 1.2307183820241194], "rejection_cost": [500.0, 500.0, 500.0, 500.0]}