{"container_types": 4, "number_of_facilities": 2, "container_quality_level": 9, "time_periods": 30, "number_containers_arriving_to_facility_zero": [[194, 107, 233, 172, 114, 202, 163, 201, 130, 256, 120, 245, 102, 286, 160, 137, 248, 175, 112, 252, 150, 211, 164, 177, 227, 192, 221, 207, 170, 125], [202, 188, 203, 200, 249, 135, 180, 147, 157, 295, 159, 112, 166, 287, 100, 157, 286, 234, 110, 144, 189, 196, 209, 101, 133, 105, 165, 180, 115, 149], [279, 155, 113, 217, 293, 137, 195, 218, 172, 218, 157, 156, 193, 256, 134, 270, 181, 145, 109, 278, 295, 251, 179, 254, 270, 182, 113, 203, 172, 241], [160, 226, 293, 119, 153, 236, 136, 262, 210, 292, 175, 286, 177, 271, 200, 249, 109, 135, 112, 125, 264, 108, 250, 284, 150, 241, 198, 201, 242, 215]], "number_unexpected_containers_at_facilities": [[88, 29, 25], [29, 62, 68], [69, 93, 74], [32, 57, 42]], "number_good_quality_containers_at_facilities": [[49, 89, 7], [99, 0, 39], [85, 0, 45], [49, 11, 62]], "containers_demand_for_clients": [[219, 175, 193, 177, 232, 198, 247, 174, 181, 193, 246, 215, 181, 200, 232, 171, 173, 252, 236, 179, 218, 200, 253, 245, 244, 203, 180, 172, 195, 181], [160, 224, 209, 205, 226, 202, 207, 201, 222, 191, 212, 204, 206, 161, 195, 175, 180, 173, 153, 164, 212, 185, 155, 158, 228, 182, 213, 202, 163, 194], [193, 178, 218, 202, 150, 176, 214, 165, 149, 177, 169, 170, 158, 214, 155, 188, 207, 160, 156, 150, 186, 193, 152, 185, 204, 162, 175, 215, 215, 164], [203, 182, 196, 177, 188, 181, 192, 237, 236, 186, 191, 219, 209, 233, 195, 235, 223, 194, 228, 205, 218, 192, 226, 222, 218, 221, 252, 237, 195, 250]], "transportation_capacity": 524, "probability_original_quality_level": [[5.0, 5.0, 3.0, 15.0, 16.0, 10.0, 5.0, 22.0, 8.0, 6.0, 5.0], [8.0, 4.0, 11.0, 4.0, 18.0, 10.0, 15.0, 1.0, 11.0, 17.0, 1.0], [9.0, 14.0, 4.0, 13.0, 6.0, 12.0, 7.0, 9.0, 10.0, 11.0, 5.0], [10.0, 18.0, 3.0, 7.0, 15.0, 2.0, 5.0, 19.0, 1.0, 20.0, 0.0]], "number_hours_required_for_inspection": [0.6349563677467828, 0.47803260229337174, 0.4261670063854536, 0.7302221042886132], "number_hours_available_for_inspection": [265, 269, 199], "expected_number_hours_required_for_repair": [2.012237501454755, 2.1248781898623266, 1.9129852421716216, 2.0704277349091558], "number_hours_available_for_repair": [565, 600, 752], "warehouse_capacity_of_facility": [823, 848, 879], "cost_of_inspection": [12.699127354935655, 9.560652045867435, 8.523340127709071, 14.604442085772265], "expected_cost_of_repair": [59.4256937647162, 62.27883987542012, 55.859951197534265, 60.80282411177817], "cost_of_transportation": [82, 89], "holding_cost": [2.2778119059442012, 1.9995393962500376, 1.563728331208043], "rejection_cost": [500.0, 500.0, 500.0, 500.0]}