{"container_types": 4, "number_of_facilities": 2, "container_quality_level": 9, "time_periods": 30, "number_containers_arriving_to_facility_zero": [[110, 213, 251, 235, 263, 207, 179, 231, 207, 250, 132, 180, 160, 151, 212, 182, 154, 137, 207, 157, 233, 227, 214, 259, 250, 181, 295, 193, 237, 282], [208, 263, 259, 201, 197, 138, 125, 200, 182, 273, 190, 208, 229, 278, 258, 163, 125, 112, 184, 117, 194, 104, 283, 240, 150, 210, 245, 111, 121, 130], [223, 292, 260, 144, 212, 287, 202, 107, 275, 279, 166, 145, 215, 106, 165, 242, 122, 210, 196, 259, 197, 169, 138, 195, 151, 273, 143, 260, 285, 191], [171, 209, 164, 230, 107, 224, 242, 201, 155, 103, 191, 250, 198, 151, 234, 222, 157, 248, 245, 163, 109, 233, 103, 283, 165, 237, 202, 283, 293, 256]], "number_unexpected_containers_at_facilities": [[64, 47, 63], [49, 60, 15], [48, 14, 49], [74, 7, 25]], "number_good_quality_containers_at_facilities": [[21, 22, 45], [45, 82, 52], [86, 38, 35], [16, 24, 51]], "containers_demand_for_clients": [[232, 220, 205, 177, 198, 248, 198, 189, 174, 174, 197, 241, 218, 237, 208, 191, 181, 180, 215, 217, 240, 185, 230, 176, 216, 166, 185, 229, 178, 175], [252, 212, 205, 227, 221, 190, 244, 232, 211, 251, 173, 200, 221, 191, 211, 252, 194, 207, 181, 204, 202, 252, 254, 200, 240, 209, 222, 182, 237, 188], [200, 207, 208, 234, 227, 186, 192, 163, 201, 230, 168, 182, 200, 178, 218, 215, 180, 204, 174, 225, 203, 201, 166, 186, 218, 192, 222, 201, 231, 174], [239, 218, 242, 177, 198, 219, 244, 174, 221, 219, 198, 247, 174, 248, 250, 232, 186, 206, 174, 227, 209, 203, 210, 206, 235, 234, 235, 209, 226, 169]], "transportation_capacity": 446, "probability_original_quality_level": [[8.0, 19.0, 11.0, 3.0, 17.0, 7.0, 5.0, 11.0, 4.0, 11.0, 4.0], [5.0, 15.0, 2.0, 9.0, 14.0, 11.0, 7.0, 17.0, 0.0, 20.0, 0.0], [8.0, 1.0, 16.0, 6.0, 0.0, 20.0, 4.0, 10.0, 23.0, 7.0, 5.0], [8.0, 5.0, 15.0, 14.0, 5.0, 9.0, 13.0, 15.0, 6.0, 9.0, 1.0]], "number_hours_required_for_inspection": [0.7468493913602245, 0.42729750891093976, 0.9046039501275674, 0.48291853151351505], "number_hours_available_for_inspection": [221, 308, 219], "expected_number_hours_required_for_repair": [1.7521861415230706, 2.1949398292676565, 2.102619908489909, 1.9757309684896258], "number_hours_available_for_repair": [574, 608, 780], "warehouse_capacity_of_facility": [853, 772, 881], "cost_of_inspection": [14.93698782720449, 8.545950178218796, 18.092079002551348, 9.658370630270301], "expected_cost_of_repair": [51.74253905837619, 65.0944948912327, 62.09156883551445, 58.191240714149075], "cost_of_transportation": [82, 114], "holding_cost": [2.395260570559691, 2.1394751856698297, 1.4185135159707216], "rejection_cost": [500.0, 500.0, 500.0, 500.0]}