{"container_types": 4, "number_of_facilities": 2, "container_quality_level": 9, "time_periods": 30, "number_containers_arriving_to_facility_zero": [[233, 287, 226, 249, 291, 241, 107, 174, 166, 201, 274, 179, 184, 141, 217, 167, 175, 167, 265, 107, 295, 194, 204, 125, 202, 131, 208, 243, 170, 216], [213, 153, 209, 262, 132, 148, 224, 280, 291, 102, 111, 222, 212, 137, 185, 225, 178, 228, 289, 104, 236, 248, 232, 126, 284, 248, 281, 192, 299, 181], [167, 235, 180, 179, 227, 217, 125, 155, 252, 108, 269, 150, 232, 244, 137, 249, 139, 202, 239, 140, 206, 245, 160, 114, 192, 140, 256, 216, 169, 163], [140, 214, 146, 196, 203, 249, 106, 146, 262, 193, 121, 115, 138, 258, 140, 127, 289, 251, 192, 201, 109, 164, 158, 216, 156, 125, 253, 210, 193, 277]], "number_unexpected_containers_at_facilities": [[47, 32, 14], [8, 77, 26], [24, 85, 57], [91, 66, 28]], "number_good_quality_containers_at_facilities": [[20, 71, 68], [4, 7, 67], [67, 48, 12], [9, 81, 92]], "containers_demand_for_clients": [[188, 209, 186, 174, 216, 188, 188, 179, 161, 192, 212, 198, 172, 201, 225, 212, 190, 205, 196, 218, 202, 198, 160, 218, 207, 198, 197, 198, 188, 166], [199, 208, 241, 221, 243, 220, 243, 169, 222, 181, 169, 213, 230, 217, 184, 171, 220, 250, 175, 222, 215, 238, 182, 247, 180, 210, 210, 228, 175, 221], [224, 189, 201, 172, 188, 192, 246, 245, 249, 239, 238, 255, 207, 226, 181, 219, 190, 209, 175, 175, 176, 243, 199, 243, 177, 212, 211, 217, 231, 172], [192, 227, 210, 209, 183, 221, 225, 223, 198, 174, 195, 160, 188, 172, 175, 166, 199, 171, 198, 203, 202, 211, 228, 169, 197, 223, 179, 172, 222, 179]], "transportation_capacity": 622, "probability_original_quality_level": [[8.0, 5.0, 9.0, 14.0, 0.0, 14.0, 14.0, 11.0, 11.0, 13.0, 1.0], [9.0, 16.0, 3.0, 2.0, 11.0, 9.0, 16.0, 2.0, 14.0, 13.0, 5.0], [10.0, 11.0, 15.0, 10.0, 13.0, 10.0, 0.0, 6.0, 7.0, 14.0, 4.0], [8.0, 12.0, 5.0, 12.0, 4.0, 3.0, 12.0, 13.0, 12.0, 15.0, 4.0]], "number_hours_required_for_inspection": [0.4391588821887742, 0.9278225867474317, 0.43645887583247617, 0.6307586773002914], "number_hours_available_for_inspection": [254, 245, 208], "expected_number_hours_required_for_repair": [2.1499940749824464, 1.9807752941044066, 1.7739258220045928, 2.046432016296534], "number_hours_available_for_repair": [665, 773, 763], "warehouse_capacity_of_facility": [869, 796, 861], "cost_of_inspection": [8.783177643775485, 18.556451734948634, 8.729177516649523, 12.61517354600583], "expected_cost_of_repair": [63.06438804126826, 58.51951181526559, 51.950891821837146, 59.892880565479665], "cost_of_transportation": [146, 136], "holding_cost": [2.3841145538561057, 1.511326607229114, 1.2775835216802194], "rejection_cost": [500.0, 500.0, 500.0, 500.0]}