{"container_types": 4, "number_of_facilities": 2, "container_quality_level": 9, "time_periods": 30, "number_containers_arriving_to_facility_zero": [[277, 117, 102, 274, 182, 172, 132, 225, 122, 237, 237, 186, 213, 193, 171, 196, 104, 245, 152, 108, 144, 297, 265, 128, 278, 230, 240, 141, 238, 114], [237, 116, 269, 151, 241, 175, 197, 271, 163, 164, 245, 177, 110, 295, 150, 262, 241, 227, 250, 202, 253, 225, 259, 268, 170, 147, 279, 181, 176, 273], [179, 214, 182, 186, 145, 186, 104, 248, 145, 105, 108, 206, 222, 284, 245, 183, 132, 227, 155, 142, 234, 255, 188, 256, 204, 277, 132, 112, 209, 186], [108, 217, 285, 102, 227, 206, 183, 282, 222, 214, 156, 279, 226, 175, 135, 243, 204, 263, 136, 208, 122, 284, 246, 265, 118, 116, 280, 117, 235, 184]], "number_unexpected_containers_at_facilities": [[20, 91, 21], [4, 52, 76], [53, 10, 66], [71, 12, 51]], "number_good_quality_containers_at_facilities": [[75, 53, 50], [0, 14, 76], [80, 85, 40], [73, 61, 31]], "containers_demand_for_clients": [[242, 240, 201, 194, 191, 217, 172, 172, 184, 198, 180, 171, 230, 243, 205, 191, 218, 209, 220, 198, 187, 178, 201, 211, 208, 180, 243, 172, 230, 228], [165, 211, 164, 171, 235, 211, 170, 224, 207, 178, 238, 212, 175, 207, 198, 202, 166, 186, 225, 224, 182, 185, 237, 197, 172, 221, 229, 200, 224, 165], [220, 219, 186, 243, 191, 256, 244, 230, 180, 232, 187, 202, 236, 247, 186, 219, 236, 192, 187, 209, 237, 180, 206, 183, 231, 201, 193, 177, 258, 259], [176, 233, 209, 180, 236, 187, 212, 237, 210, 175, 161, 231, 194, 183, 172, 173, 201, 211, 201, 226, 210, 185, 190, 193, 186, 203, 175, 163, 202, 194]], "transportation_capacity": 594, "probability_original_quality_level": [[9.0, 3.0, 12.0, 10.0, 4.0, 7.0, 5.0, 14.0, 11.0, 20.0, 5.0], [8.0, 1.0, 17.0, 17.0, 16.0, 15.0, 11.0, 9.0, 0.0, 4.0, 2.0], [7.0, 16.0, 0.0, 16.0, 8.0, 0.0, 6.0, 13.0, 17.0, 16.0, 1.0], [7.0, 5.0, 10.0, 9.0, 11.0, 0.0, 16.0, 1.0, 17.0, 19.0, 5.0]], "number_hours_required_for_inspection": [0.38671479446314394, 0.37749411376707714, 0.4380963182567576, 0.7222853403211299], "number_hours_available_for_inspection": [180, 184, 176], "expected_number_hours_required_for_repair": [2.1249251179962774, 1.7606138775628266, 2.1666464857098258, 2.2096785018827165], "number_hours_available_for_repair": [853, 706, 843], "warehouse_capacity_of_facility": [840, 861, 754], "cost_of_inspection": [7.734295889262879, 7.549882275341543, 8.761926365135151, 14.445706806422598], "expected_cost_of_repair": [62.598114828993715, 51.6604859936385, 64.2115685951974, 65.06657873829103], "cost_of_transportation": [79, 91], "holding_cost": [2.074932794800798, 1.6360303057379708, 1.042544447773672], "rejection_cost": [500.0, 500.0, 500.0, 500.0]}