{"container_types": 4, "number_of_facilities": 2, "container_quality_level": 9, "time_periods": 30, "number_containers_arriving_to_facility_zero": [[170, 237, 136, 227, 183, 267, 112, 266, 224, 228, 179, 102, 177, 260, 201, 143, 110, 120, 233, 151, 283, 257, 158, 264, 291, 285, 160, 265, 197, 179], [157, 156, 148, 106, 125, 229, 130, 105, 111, 192, 245, 290, 169, 100, 193, 237, 150, 221, 263, 266, 210, 111, 258, 219, 146, 111, 282, 289, 241, 252], [128, 205, 207, 195, 147, 127, 248, 142, 299, 262, 170, 227, 139, 128, 246, 142, 216, 147, 218, 240, 242, 175, 215, 294, 285, 247, 115, 137, 292, 182], [143, 213, 203, 142, 259, 282, 231, 140, 130, 133, 231, 132, 167, 247, 243, 151, 242, 208, 104, 180, 202, 147, 140, 180, 179, 200, 207, 297, 258, 119]], "number_unexpected_containers_at_facilities": [[80, 79, 6], [10, 36, 10], [5, 69, 70], [87, 45, 92]], "number_good_quality_containers_at_facilities": [[57, 68, 45], [67, 43, 48], [10, 32, 12], [55, 74, 8]], "containers_demand_for_clients": [[225, 183, 211, 228, 162, 241, 175, 210, 210, 240, 212, 198, 229, 166, 187, 163, 193, 183, 221, 206, 166, 216, 189, 205, 194, 218, 229, 198, 203, 234], [234, 210, 197, 220, 176, 179, 193, 238, 225, 221, 234, 207, 239, 237, 244, 234, 184, 234, 236, 194, 234, 229, 172, 245, 192, 178, 185, 227, 172, 189], [187, 193, 177, 167, 227, 202, 220, 209, 224, 179, 197, 207, 181, 183, 207, 176, 186, 222, 212, 213, 232, 180, 177, 176, 191, 235, 223, 202, 234, 163], [211, 223, 226, 238, 229, 195, 225, 198, 221, 233, 243, 248, 195, 198, 196, 176, 170, 168, 179, 202, 233, 173, 225, 237, 240, 202, 243, 219, 202, 178]], "transportation_capacity": 600, "probability_original_quality_level": [[6.0, 13.0, 14.0, 10.0, 14.0, 13.0, 8.0, 2.0, 3.0, 12.0, 5.0], [7.0, 0.0, 11.0, 13.0, 14.0, 13.0, 6.0, 11.0, 15.0, 9.0, 1.0], [5.0, 13.0, 19.0, 4.0, 11.0, 1.0, 9.0, 0.0, 23.0, 15.0, 0.0], [8.0, 0.0, 15.0, 10.0, 15.0, 10.0, 6.0, 8.0, 9.0, 18.0, 1.0]], "number_hours_required_for_inspection": [0.8506763656848347, 0.6418243047293195, 0.9316213714988667, 0.6390787402831077], "number_hours_available_for_inspection": [361, 359, 282], "expected_number_hours_required_for_repair": [1.7900265967073863, 2.1643104190312705, 2.1056226154908835, 2.167036071973125], "number_hours_available_for_repair": [744, 653, 614], "warehouse_capacity_of_facility": [819, 841, 813], "cost_of_inspection": [17.013527313696695, 12.836486094586391, 18.632427429977334, 12.781574805662155], "expected_cost_of_repair": [52.645832789448825, 63.70569161076819, 62.63928207842422, 63.592731748476034], "cost_of_transportation": [140, 122], "holding_cost": [2.7856301036837863, 1.7670081287384192, 1.9088576916189404], "rejection_cost": [500.0, 500.0, 500.0, 500.0]}