{"container_types": 4, "number_of_facilities": 2, "container_quality_level": 9, "time_periods": 30, "number_containers_arriving_to_facility_zero": [[224, 124, 294, 121, 271, 282, 122, 153, 120, 250, 196, 123, 297, 238, 198, 115, 160, 173, 123, 180, 221, 177, 184, 170, 237, 229, 127, 240, 109, 134], [150, 233, 182, 104, 250, 171, 160, 159, 190, 299, 267, 166, 126, 194, 154, 225, 204, 164, 216, 100, 184, 106, 287, 149, 157, 223, 277, 169, 157, 131], [157, 141, 153, 188, 225, 205, 272, 204, 233, 100, 168, 144, 249, 126, 137, 267, 213, 207, 189, 166, 284, 252, 283, 116, 210, 201, 203, 231, 243, 168], [208, 203, 189, 153, 240, 195, 205, 201, 190, 110, 205, 259, 220, 233, 107, 267, 259, 218, 285, 205, 215, 142, 230, 271, 146, 293, 278, 165, 290, 180]], "number_unexpected_containers_at_facilities": [[20, 68, 68], [16, 64, 7], [27, 26, 31], [61, 3, 5]], "number_good_quality_containers_at_facilities": [[84, 32, 23], [92, 39, 15], [72, 45, 30], [92, 87, 13]], "containers_demand_for_clients": [[226, 252, 234, 229, 180, 228, 241, 251, 217, 225, 200, 179, 223, 209, 234, 236, 225, 183, 198, 194, 194, 256, 183, 186, 215, 250, 251, 223, 226, 247], [225, 229, 188, 171, 224, 171, 159, 169, 231, 176, 207, 162, 206, 188, 195, 160, 228, 203, 200, 228, 208, 162, 186, 187, 163, 221, 178, 208, 219, 188], [179, 198, 171, 191, 218, 177, 181, 174, 180, 204, 172, 173, 177, 158, 212, 206, 159, 226, 160, 202, 192, 229, 227, 227, 219, 227, 168, 156, 166, 200], [204, 222, 239, 235, 238, 201, 202, 182, 211, 187, 231, 182, 245, 174, 214, 208, 183, 167, 214, 219, 193, 228, 164, 209, 216, 194, 207, 240, 190, 198]], "transportation_capacity": 608, "probability_original_quality_level": [[7.0, 17.0, 1.0, 0.0, 10.0, 8.0, 23.0, 2.0, 8.0, 20.0, 4.0], [7.0, 11.0, 12.0, 12.0, 12.0, 7.0, 8.0, 11.0, 5.0, 14.0, 1.0], [9.0, 4.0, 4.0, 15.0, 6.0, 17.0, 8.0, 13.0, 5.0, 15.0, 4.0], [9.0, 14.0, 8.0, 10.0, 8.0, 6.0, 11.0, 8.0, 4.0, 17.0, 5.0]], "number_hours_required_for_inspection": [0.5211909007063708, 0.7933062500390716, 0.6073299506701825, 0.6597125285428035], "number_hours_available_for_inspection": [249, 240, 209], "expected_number_hours_required_for_repair": [2.1478388997606834, 1.9808321829728999, 2.1184690589624156, 1.8474901258964203], "number_hours_available_for_repair": [630, 561, 631], "warehouse_capacity_of_facility": [754, 860, 838], "cost_of_inspection": [10.423818014127415, 15.866125000781432, 12.14659901340365, 13.19425057085607], "expected_cost_of_repair": [63.67633280815016, 58.1665852894228, 62.21223489126153, 54.378059526512885], "cost_of_transportation": [109, 148], "holding_cost": [2.693031884890098, 2.073576383368108, 1.9664123683122887], "rejection_cost": [500.0, 500.0, 500.0, 500.0]}