{"container_types": 4, "number_of_facilities": 2, "container_quality_level": 9, "time_periods": 7, "number_containers_arriving_to_facility_zero": [[176, 167, 264, 103, 158, 267, 253], [256, 237, 104, 259, 104, 240, 257], [192, 126, 167, 252, 158, 150, 139], [276, 236, 218, 223, 101, 187, 262]], "number_unexpected_containers_at_facilities": [[13, 78, 89], [66, 16, 49], [70, 72, 66], [19, 71, 37]], "number_good_quality_containers_at_facilities": [[17, 18, 41], [89, 46, 65], [69, 67, 53], [73, 30, 78]], "containers_demand_for_clients": [[236, 207, 250, 292, 220, 207, 300], [193, 271, 256, 201, 203, 190, 249], [216, 211, 240, 261, 290, 280, 218], [197, 193, 265, 216, 231, 227, 240]], "transportation_capacity": 747, "probability_original_quality_level": [[6.0, 1.0, 1.0, 5.0, 4.0, 14.0, 2.0, 21.0, 4.0, 37.0, 5.0], [6.0, 4.0, 29.0, 6.0, 0.0, 17.0, 2.0, 9.0, 20.0, 5.0, 2.0], [7.0, 13.0, 8.0, 7.0, 11.0, 5.0, 2.0, 14.0, 11.0, 18.0, 4.0], [5.0, 19.0, 4.0, 3.0, 7.0, 1.0, 11.0, 2.0, 19.0, 25.0, 4.0]], "number_hours_required_for_inspection": [0.9631102224396412, 0.4390883314159397, 0.6699510249388324, 0.4006000388115823], "number_hours_available_for_inspection": [271, 353, 243], "expected_number_hours_required_for_repair": [2.6017933301640936, 2.036342548212576, 2.0551363025959626, 2.2558198128941647], "number_hours_available_for_repair": [957, 1061, 1031], "warehouse_capacity_of_facility": [1044, 986, 991], "cost_of_inspection": [19.262204448792822, 8.781766628318795, 13.399020498776649, 8.012000776231647], "expected_cost_of_repair": [76.88223994845724, 60.45052058874393, 60.942577188524574, 66.8840763306904], "cost_of_transportation": [109, 104], "holding_cost": [2.512316649152454, 2.1195206469911354, 1.1071753245696065], "rejection_cost": [200.0, 200.0, 200.0, 200.0]}