{"container_types": 4, "number_of_facilities": 2, "container_quality_level": 9, "time_periods": 7, "number_containers_arriving_to_facility_zero": [[186, 240, 109, 102, 272, 169, 152], [208, 159, 233, 249, 105, 281, 197], [104, 287, 146, 160, 273, 267, 251], [290, 272, 264, 269, 280, 275, 166]], "number_unexpected_containers_at_facilities": [[47, 80, 68], [87, 23, 3], [3, 27, 95], [46, 55, 6]], "number_good_quality_containers_at_facilities": [[81, 1, 60], [92, 73, 83], [61, 83, 60], [97, 23, 62]], "containers_demand_for_clients": [[246, 351, 252, 288, 324, 285, 317], [190, 255, 215, 233, 235, 210, 205], [272, 205, 307, 290, 269, 232, 272], [209, 255, 216, 301, 290, 211, 250]], "transportation_capacity": 578, "probability_original_quality_level": [[8.0, 4.0, 21.0, 2.0, 12.0, 14.0, 6.0, 3.0, 20.0, 8.0, 2.0], [7.0, 16.0, 2.0, 3.0, 14.0, 1.0, 13.0, 11.0, 14.0, 15.0, 4.0], [5.0, 10.0, 6.0, 11.0, 15.0, 19.0, 3.0, 5.0, 18.0, 3.0, 5.0], [6.0, 13.0, 13.0, 7.0, 13.0, 9.0, 9.0, 9.0, 14.0, 4.0, 3.0]], "number_hours_required_for_inspection": [0.5460504121724649, 0.7007586927364755, 0.40184153363406033, 0.39544981938282114], "number_hours_available_for_inspection": [238, 249, 311], "expected_number_hours_required_for_repair": [2.043841713264456, 2.09369889160492, 1.9153147285981549, 1.8843748047557392], "number_hours_available_for_repair": [1012, 873, 803], "warehouse_capacity_of_facility": [988, 1135, 1002], "cost_of_inspection": [10.921008243449297, 14.015173854729511, 8.036830672681207, 7.908996387656423], "expected_cost_of_repair": [60.349606383569345, 61.87270935129443, 56.74111659606921, 55.6611665567834], "cost_of_transportation": [66, 100], "holding_cost": [2.202274424897003, 1.8990848945365393, 1.873677637122443], "rejection_cost": [200.0, 200.0, 200.0, 200.0]}