{"container_types": 4, "number_of_facilities": 2, "container_quality_level": 9, "time_periods": 7, "number_containers_arriving_to_facility_zero": [[226, 187, 287, 123, 164, 259, 275], [212, 236, 212, 271, 195, 173, 160], [287, 188, 118, 175, 203, 221, 234], [225, 119, 236, 238, 259, 212, 215]], "number_unexpected_containers_at_facilities": [[82, 97, 86], [67, 48, 40], [25, 88, 51], [90, 96, 80]], "number_good_quality_containers_at_facilities": [[95, 17, 85], [25, 82, 8], [84, 92, 10], [74, 23, 0]], "containers_demand_for_clients": [[304, 258, 297, 242, 317, 270, 312], [276, 297, 232, 266, 322, 297, 320], [236, 213, 202, 275, 211, 265, 271], [293, 249, 220, 272, 221, 259, 212]], "transportation_capacity": 585, "probability_original_quality_level": [[6.0, 13.0, 16.0, 15.0, 10.0, 14.0, 4.0, 0.0, 1.0, 16.0, 5.0], [10.0, 14.0, 12.0, 19.0, 1.0, 9.0, 11.0, 9.0, 0.0, 10.0, 5.0], [6.0, 14.0, 15.0, 2.0, 14.0, 0.0, 12.0, 6.0, 12.0, 15.0, 4.0], [10.0, 2.0, 16.0, 13.0, 8.0, 8.0, 10.0, 1.0, 13.0, 18.0, 1.0]], "number_hours_required_for_inspection": [0.5082465999458279, 0.3540141816987772, 0.7477277209842369, 0.9799059626747327], "number_hours_available_for_inspection": [284, 356, 285], "expected_number_hours_required_for_repair": [1.6699815951208847, 1.6683944848785932, 1.9632561064473801, 2.07859099117328], "number_hours_available_for_repair": [702, 935, 946], "warehouse_capacity_of_facility": [987, 954, 1111], "cost_of_inspection": [10.164931998916558, 7.080283633975544, 14.954554419684738, 19.598119253494655], "expected_cost_of_repair": [49.29520988144386, 48.61484412537119, 57.859657703026684, 60.76454248217659], "cost_of_transportation": [83, 157], "holding_cost": [2.08104387608111, 1.8979497323415324, 1.4482857177803463], "rejection_cost": [200.0, 200.0, 200.0, 200.0]}