{"container_types": 4, "number_of_facilities": 2, "container_quality_level": 9, "time_periods": 7, "number_containers_arriving_to_facility_zero": [[165, 232, 276, 259, 288, 157, 237], [157, 245, 206, 108, 267, 166, 190], [255, 270, 241, 201, 270, 177, 188], [289, 129, 218, 119, 138, 263, 259]], "number_unexpected_containers_at_facilities": [[68, 28, 3], [99, 6, 78], [86, 43, 99], [19, 17, 57]], "number_good_quality_containers_at_facilities": [[24, 67, 15], [8, 49, 23], [42, 2, 27], [20, 5, 4]], "containers_demand_for_clients": [[232, 187, 206, 244, 202, 240, 221], [213, 288, 283, 244, 272, 221, 242], [221, 205, 254, 267, 251, 249, 204], [317, 250, 219, 240, 261, 261, 273]], "transportation_capacity": 603, "probability_original_quality_level": [[7.0, 18.0, 1.0, 8.0, 7.0, 22.0, 17.0, 6.0, 4.0, 10.0, 0.0], [6.0, 3.0, 7.0, 12.0, 19.0, 1.0, 18.0, 12.0, 3.0, 15.0, 4.0], [8.0, 12.0, 3.0, 0.0, 17.0, 20.0, 8.0, 12.0, 12.0, 6.0, 2.0], [10.0, 3.0, 12.0, 11.0, 12.0, 13.0, 10.0, 7.0, 1.0, 16.0, 5.0]], "number_hours_required_for_inspection": [0.4179570415097655, 0.49068127306259607, 0.5829665423753452, 0.5769382074767738], "number_hours_available_for_inspection": [259, 279, 252], "expected_number_hours_required_for_repair": [2.021213620963856, 2.132429060006643, 2.0648689320028053, 1.8919271728347526], "number_hours_available_for_repair": [956, 659, 747], "warehouse_capacity_of_facility": [1038, 947, 1004], "cost_of_inspection": [8.35914083019531, 9.813625461251922, 11.659330847506904, 11.538764149535476], "expected_cost_of_repair": [59.621440133526114, 63.03885377761236, 61.130010522013045, 55.092906783376456], "cost_of_transportation": [148, 97], "holding_cost": [2.1205456141848193, 2.1638981376972106, 1.4146721761888283], "rejection_cost": [200.0, 200.0, 200.0, 200.0]}