{"container_types": 4, "number_of_facilities": 2, "container_quality_level": 9, "time_periods": 7, "number_containers_arriving_to_facility_zero": [[291, 261, 235, 212, 185, 292, 178], [260, 102, 192, 287, 232, 170, 252], [241, 239, 254, 163, 183, 187, 231], [106, 161, 204, 120, 126, 185, 218]], "number_unexpected_containers_at_facilities": [[45, 18, 12], [33, 45, 13], [89, 79, 51], [95, 82, 11]], "number_good_quality_containers_at_facilities": [[13, 77, 46], [13, 28, 56], [33, 46, 14], [70, 74, 49]], "containers_demand_for_clients": [[184, 245, 254, 256, 180, 235, 221], [229, 317, 297, 308, 217, 235, 279], [236, 255, 258, 260, 274, 229, 195], [306, 272, 289, 298, 303, 225, 284]], "transportation_capacity": 593, "probability_original_quality_level": [[5.0, 7.0, 4.0, 21.0, 8.0, 9.0, 6.0, 11.0, 7.0, 17.0, 5.0], [9.0, 5.0, 8.0, 13.0, 12.0, 7.0, 11.0, 2.0, 13.0, 19.0, 1.0], [5.0, 21.0, 15.0, 6.0, 4.0, 17.0, 16.0, 2.0, 5.0, 7.0, 2.0], [8.0, 15.0, 6.0, 9.0, 16.0, 10.0, 0.0, 8.0, 9.0, 17.0, 2.0]], "number_hours_required_for_inspection": [0.8246938618262756, 0.9393665210807189, 0.9538761540327758, 0.9104093080426685], "number_hours_available_for_inspection": [366, 393, 423], "expected_number_hours_required_for_repair": [2.090531980082294, 2.0966882372609614, 1.744477179268633, 1.971230959041762], "number_hours_available_for_repair": [702, 682, 757], "warehouse_capacity_of_facility": [992, 904, 1028], "cost_of_inspection": [16.493877236525513, 18.787330421614378, 19.077523080655517, 18.20818616085337], "expected_cost_of_repair": [61.814990185644675, 61.85184458203996, 51.67687487195526, 57.80344499351488], "cost_of_transportation": [80, 123], "holding_cost": [2.699620304713694, 1.6880092906539166, 1.8271603474433187], "rejection_cost": [200.0, 200.0, 200.0, 200.0]}