{"container_types": 4, "number_of_facilities": 2, "container_quality_level": 9, "time_periods": 7, "number_containers_arriving_to_facility_zero": [[239, 198, 182, 114, 258, 161, 217], [152, 206, 102, 116, 128, 274, 167], [181, 251, 253, 231, 246, 259, 154], [181, 213, 259, 196, 186, 240, 190]], "number_unexpected_containers_at_facilities": [[81, 97, 96], [25, 16, 42], [20, 27, 29], [22, 67, 22]], "number_good_quality_containers_at_facilities": [[44, 13, 92], [97, 49, 63], [17, 25, 46], [84, 0, 48]], "containers_demand_for_clients": [[258, 263, 200, 225, 200, 253, 264], [291, 253, 269, 231, 282, 226, 219], [189, 219, 216, 217, 208, 227, 198], [293, 237, 254, 222, 204, 204, 279]], "transportation_capacity": 742, "probability_original_quality_level": [[9.0, 10.0, 3.0, 4.0, 15.0, 5.0, 15.0, 4.0, 17.0, 17.0, 1.0], [6.0, 1.0, 16.0, 16.0, 7.0, 15.0, 14.0, 2.0, 11.0, 8.0, 4.0], [10.0, 19.0, 2.0, 17.0, 7.0, 6.0, 2.0, 15.0, 0.0, 17.0, 5.0], [8.0, 12.0, 17.0, 9.0, 7.0, 15.0, 3.0, 2.0, 11.0, 16.0, 0.0]], "number_hours_required_for_inspection": [0.5363763165692835, 0.8809970753202984, 0.5932119513944453, 0.65545677059516], "number_hours_available_for_inspection": [268, 354, 279], "expected_number_hours_required_for_repair": [2.232827157265486, 1.9881894261231303, 1.7916070509922721, 1.9369342996030838], "number_hours_available_for_repair": [913, 930, 738], "warehouse_capacity_of_facility": [902, 889, 1024], "cost_of_inspection": [10.72752633138567, 17.61994150640597, 11.864239027888905, 13.109135411903202], "expected_cost_of_repair": [65.30777218631161, 58.946213967252135, 52.43470766852972, 57.027354017907285], "cost_of_transportation": [78, 105], "holding_cost": [2.128634194453221, 2.02799993584752, 1.6148469407055772], "rejection_cost": [200.0, 200.0, 200.0, 200.0]}