{"container_types": 4, "number_of_facilities": 2, "container_quality_level": 9, "time_periods": 7, "number_containers_arriving_to_facility_zero": [[150, 214, 294, 144, 112, 210, 179], [239, 213, 187, 297, 245, 162, 221], [188, 244, 281, 103, 156, 297, 228], [232, 245, 299, 141, 106, 158, 183]], "number_unexpected_containers_at_facilities": [[70, 88, 16], [34, 48, 27], [53, 55, 11], [90, 21, 19]], "number_good_quality_containers_at_facilities": [[7, 75, 23], [57, 68, 42], [5, 29, 23], [10, 87, 58]], "containers_demand_for_clients": [[201, 192, 265, 249, 253, 218, 231], [181, 190, 202, 218, 211, 214, 213], [241, 302, 221, 263, 280, 213, 212], [265, 205, 256, 214, 229, 248, 276]], "transportation_capacity": 693, "probability_original_quality_level": [[7.0, 3.0, 0.0, 14.0, 16.0, 18.0, 1.0, 17.0, 14.0, 7.0, 3.0], [6.0, 20.0, 19.0, 3.0, 3.0, 7.0, 6.0, 2.0, 22.0, 7.0, 5.0], [8.0, 3.0, 6.0, 5.0, 7.0, 19.0, 9.0, 2.0, 16.0, 21.0, 4.0], [5.0, 7.0, 2.0, 25.0, 18.0, 7.0, 23.0, 3.0, 1.0, 8.0, 1.0]], "number_hours_required_for_inspection": [0.8324002905541844, 0.6330763773614336, 0.6390345412115669, 0.9769178962224375], "number_hours_available_for_inspection": [389, 353, 313], "expected_number_hours_required_for_repair": [2.1578410185509296, 1.7926536746938402, 2.3058856815756594, 1.960602018362819], "number_hours_available_for_repair": [742, 784, 748], "warehouse_capacity_of_facility": [992, 951, 1026], "cost_of_inspection": [16.64800581108369, 12.661527547228673, 12.780690824231337, 19.53835792444875], "expected_cost_of_repair": [63.964285082255365, 52.89275633019165, 68.27697313167913, 58.27541959804152], "cost_of_transportation": [84, 115], "holding_cost": [2.6222399831194902, 2.3082818241586005, 1.171372955354422], "rejection_cost": [200.0, 200.0, 200.0, 200.0]}