{"container_types": 4, "number_of_facilities": 2, "container_quality_level": 9, "time_periods": 7, "number_containers_arriving_to_facility_zero": [[136, 209, 154, 256, 187, 152, 278], [129, 189, 186, 212, 288, 260, 163], [170, 242, 199, 241, 224, 234, 131], [273, 205, 172, 244, 150, 251, 204]], "number_unexpected_containers_at_facilities": [[71, 1, 86], [94, 5, 60], [83, 98, 58], [23, 82, 69]], "number_good_quality_containers_at_facilities": [[38, 74, 36], [67, 36, 47], [79, 27, 13], [70, 93, 42]], "containers_demand_for_clients": [[246, 303, 225, 274, 267, 226, 289], [216, 227, 266, 215, 274, 231, 207], [282, 239, 243, 201, 206, 228, 233], [231, 283, 295, 247, 234, 274, 217]], "transportation_capacity": 619, "probability_original_quality_level": [[8.0, 13.0, 9.0, 0.0, 6.0, 10.0, 11.0, 26.0, 0.0, 12.0, 5.0], [6.0, 16.0, 8.0, 17.0, 6.0, 2.0, 16.0, 1.0, 1.0, 25.0, 2.0], [6.0, 13.0, 7.0, 22.0, 13.0, 6.0, 10.0, 11.0, 2.0, 10.0, 0.0], [9.0, 13.0, 15.0, 1.0, 4.0, 0.0, 15.0, 9.0, 12.0, 18.0, 4.0]], "number_hours_required_for_inspection": [0.9280850130246117, 0.4331967373690768, 0.6708944222324871, 0.48898070974718866], "number_hours_available_for_inspection": [294, 295, 298], "expected_number_hours_required_for_repair": [2.000742226804477, 2.034874735725036, 1.8409370224277066, 2.036763975770561], "number_hours_available_for_repair": [727, 795, 757], "warehouse_capacity_of_facility": [1064, 1026, 992], "cost_of_inspection": [18.561700260492234, 8.663934747381536, 13.41788844464974, 9.779614194943774], "expected_cost_of_repair": [58.70282192388682, 60.158494951528645, 54.30795598466012, 59.98935102078771], "cost_of_transportation": [78, 156], "holding_cost": [2.2240508631060685, 2.0533681691420975, 1.4441252895051218], "rejection_cost": [200.0, 200.0, 200.0, 200.0]}