{"container_types": 4, "number_of_facilities": 2, "container_quality_level": 9, "time_periods": 7, "number_containers_arriving_to_facility_zero": [[267, 184, 146, 282, 236, 187, 233], [167, 180, 182, 221, 116, 221, 180], [250, 164, 180, 267, 266, 138, 210], [270, 127, 216, 225, 105, 138, 206]], "number_unexpected_containers_at_facilities": [[31, 4, 71], [91, 1, 60], [21, 16, 98], [3, 87, 23]], "number_good_quality_containers_at_facilities": [[56, 73, 96], [53, 25, 74], [87, 54, 63], [8, 54, 93]], "containers_demand_for_clients": [[217, 217, 229, 241, 263, 187, 193], [249, 296, 306, 233, 315, 239, 260], [263, 212, 219, 233, 218, 226, 222], [237, 288, 213, 279, 276, 236, 302]], "transportation_capacity": 731, "probability_original_quality_level": [[5.0, 15.0, 10.0, 2.0, 16.0, 13.0, 1.0, 15.0, 5.0, 13.0, 5.0], [8.0, 10.0, 12.0, 4.0, 9.0, 11.0, 9.0, 9.0, 14.0, 14.0, 0.0], [5.0, 10.0, 6.0, 9.0, 8.0, 7.0, 14.0, 13.0, 16.0, 10.0, 2.0], [9.0, 13.0, 12.0, 9.0, 8.0, 6.0, 12.0, 9.0, 11.0, 9.0, 2.0]], "number_hours_required_for_inspection": [0.6693833219282457, 0.33646405005534563, 0.8408628245639503, 0.5244386420877327], "number_hours_available_for_inspection": [276, 255, 318], "expected_number_hours_required_for_repair": [1.9575710172925467, 2.117944174053315, 2.1425667405553908, 1.938607335620492], "number_hours_available_for_repair": [884, 705, 970], "warehouse_capacity_of_facility": [1039, 977, 995], "cost_of_inspection": [13.387666438564914, 6.729281001106912, 16.817256491279007, 10.488772841754654], "expected_cost_of_repair": [57.94054523083445, 62.6781047833975, 63.666414911546646, 56.64099878792582], "cost_of_transportation": [128, 70], "holding_cost": [2.0574951686377925, 1.5973363632848325, 1.3262010449566486], "rejection_cost": [200.0, 200.0, 200.0, 200.0]}