{"container_types": 4, "number_of_facilities": 2, "container_quality_level": 9, "time_periods": 7, "number_containers_arriving_to_facility_zero": [[299, 284, 251, 269, 176, 119, 285], [211, 160, 115, 150, 132, 233, 136], [249, 125, 226, 170, 289, 169, 281], [219, 233, 151, 107, 193, 204, 165]], "number_unexpected_containers_at_facilities": [[21, 49, 31], [39, 72, 66], [54, 21, 46], [76, 2, 85]], "number_good_quality_containers_at_facilities": [[3, 33, 38], [24, 69, 3], [42, 52, 45], [42, 86, 53]], "containers_demand_for_clients": [[244, 234, 222, 258, 228, 188, 254], [292, 281, 316, 280, 289, 223, 216], [164, 205, 183, 209, 240, 172, 214], [250, 240, 215, 225, 270, 267, 227]], "transportation_capacity": 589, "probability_original_quality_level": [[9.0, 21.0, 9.0, 2.0, 1.0, 17.0, 8.0, 2.0, 16.0, 12.0, 3.0], [9.0, 9.0, 5.0, 6.0, 20.0, 14.0, 4.0, 2.0, 7.0, 20.0, 4.0], [7.0, 1.0, 13.0, 21.0, 6.0, 13.0, 8.0, 23.0, 0.0, 8.0, 0.0], [6.0, 0.0, 16.0, 8.0, 5.0, 4.0, 18.0, 12.0, 8.0, 19.0, 4.0]], "number_hours_required_for_inspection": [0.37138532447013195, 0.4203756469462164, 0.670619665562742, 0.6511118569919963], "number_hours_available_for_inspection": [275, 201, 208], "expected_number_hours_required_for_repair": [1.941202931666328, 1.974915156983066, 2.091629814974245, 2.286725994061165], "number_hours_available_for_repair": [853, 877, 843], "warehouse_capacity_of_facility": [910, 873, 987], "cost_of_inspection": [7.427706489402639, 8.407512938924327, 13.41239331125484, 13.022237139839925], "expected_cost_of_repair": [56.654062663909805, 58.00689492611124, 61.40990210491294, 67.74944157877412], "cost_of_transportation": [92, 111], "holding_cost": [2.730902987186032, 1.7813273023619964, 1.0770307407672433], "rejection_cost": [200.0, 200.0, 200.0, 200.0]}