{"container_types": 4, "number_of_facilities": 2, "container_quality_level": 9, "time_periods": 7, "number_containers_arriving_to_facility_zero": [[172, 178, 165, 184, 137, 183, 153], [269, 225, 178, 233, 188, 299, 110], [199, 233, 239, 197, 222, 199, 131], [266, 198, 224, 224, 133, 149, 256]], "number_unexpected_containers_at_facilities": [[23, 69, 43], [99, 58, 0], [6, 76, 1], [2, 1, 98]], "number_good_quality_containers_at_facilities": [[62, 64, 99], [70, 48, 61], [33, 93, 65], [61, 59, 4]], "containers_demand_for_clients": [[251, 252, 277, 199, 246, 267, 213], [205, 243, 223, 175, 251, 209, 235], [283, 307, 294, 233, 303, 284, 236], [219, 259, 202, 254, 250, 212, 286]], "transportation_capacity": 583, "probability_original_quality_level": [[7.0, 7.0, 14.0, 9.0, 10.0, 7.0, 13.0, 4.0, 10.0, 14.0, 5.0], [10.0, 2.0, 6.0, 11.0, 11.0, 18.0, 6.0, 13.0, 9.0, 9.0, 5.0], [8.0, 0.0, 12.0, 16.0, 17.0, 11.0, 0.0, 11.0, 2.0, 23.0, 0.0], [9.0, 5.0, 13.0, 11.0, 7.0, 3.0, 3.0, 9.0, 24.0, 15.0, 1.0]], "number_hours_required_for_inspection": [0.9210043554511278, 0.5437300975311188, 0.45505922398534177, 0.911728397354696], "number_hours_available_for_inspection": [368, 397, 349], "expected_number_hours_required_for_repair": [1.912185644274939, 2.035119629961343, 2.1552093257169336, 2.223330521507359], "number_hours_available_for_repair": [979, 684, 729], "warehouse_capacity_of_facility": [867, 1026, 1053], "cost_of_inspection": [18.420087109022557, 10.874601950622376, 9.101184479706836, 18.23456794709392], "expected_cost_of_repair": [56.28267696236988, 59.18440031531064, 63.26647579116334, 65.12228499554277], "cost_of_transportation": [131, 163], "holding_cost": [2.369032323498443, 2.3036118881842405, 1.637641514372457], "rejection_cost": [200.0, 200.0, 200.0, 200.0]}