{"container_types": 4, "number_of_facilities": 2, "container_quality_level": 9, "time_periods": 7, "number_containers_arriving_to_facility_zero": [[170, 273, 276, 269, 144, 146, 224], [113, 246, 260, 257, 188, 175, 253], [192, 295, 118, 145, 295, 285, 261], [105, 215, 274, 132, 143, 157, 215]], "number_unexpected_containers_at_facilities": [[58, 59, 38], [22, 77, 36], [59, 29, 81], [62, 19, 32]], "number_good_quality_containers_at_facilities": [[20, 67, 87], [68, 9, 79], [80, 79, 25], [67, 81, 48]], "containers_demand_for_clients": [[263, 192, 258, 179, 244, 188, 264], [217, 265, 297, 222, 264, 215, 256], [239, 287, 233, 224, 207, 272, 206], [310, 327, 273, 319, 271, 326, 260]], "transportation_capacity": 644, "probability_original_quality_level": [[8.0, 16.0, 9.0, 2.0, 1.0, 8.0, 10.0, 13.0, 20.0, 8.0, 5.0], [6.0, 5.0, 23.0, 4.0, 3.0, 7.0, 13.0, 4.0, 23.0, 11.0, 1.0], [6.0, 16.0, 0.0, 16.0, 9.0, 5.0, 18.0, 4.0, 8.0, 15.0, 3.0], [10.0, 14.0, 24.0, 5.0, 12.0, 4.0, 13.0, 3.0, 2.0, 8.0, 5.0]], "number_hours_required_for_inspection": [0.8053460367235705, 0.4856674737835245, 0.8597238260379867, 0.34439421562937694], "number_hours_available_for_inspection": [266, 267, 313], "expected_number_hours_required_for_repair": [2.076564119039484, 2.222334277900622, 2.010991333949863, 1.6320875950985907], "number_hours_available_for_repair": [955, 959, 729], "warehouse_capacity_of_facility": [919, 996, 1010], "cost_of_inspection": [16.10692073447141, 9.71334947567049, 17.194476520759736, 6.887884312587539], "expected_cost_of_repair": [60.7295181774179, 65.65362638996025, 59.46885430176526, 47.52441441498497], "cost_of_transportation": [147, 158], "holding_cost": [2.8897994397718256, 1.5905954468861538, 1.9410663124171328], "rejection_cost": [200.0, 200.0, 200.0, 200.0]}