{"container_types": 4, "number_of_facilities": 2, "container_quality_level": 9, "time_periods": 7, "number_containers_arriving_to_facility_zero": [[291, 250, 122, 251, 264, 147, 202], [133, 271, 257, 276, 167, 276, 232], [230, 171, 188, 147, 247, 219, 176], [237, 211, 218, 169, 295, 216, 196]], "number_unexpected_containers_at_facilities": [[87, 68, 53], [58, 29, 99], [51, 3, 43], [17, 23, 8]], "number_good_quality_containers_at_facilities": [[41, 41, 47], [61, 99, 81], [19, 19, 27], [50, 79, 27]], "containers_demand_for_clients": [[277, 221, 248, 213, 237, 270, 248], [298, 295, 270, 272, 281, 292, 306], [249, 332, 245, 246, 243, 288, 324], [230, 180, 261, 245, 247, 245, 185]], "transportation_capacity": 811, "probability_original_quality_level": [[8.0, 11.0, 11.0, 13.0, 8.0, 4.0, 8.0, 13.0, 3.0, 20.0, 1.0], [9.0, 2.0, 1.0, 16.0, 7.0, 10.0, 14.0, 11.0, 10.0, 20.0, 0.0], [6.0, 1.0, 13.0, 25.0, 12.0, 1.0, 5.0, 20.0, 0.0, 12.0, 5.0], [5.0, 1.0, 14.0, 2.0, 5.0, 16.0, 2.0, 19.0, 9.0, 23.0, 4.0]], "number_hours_required_for_inspection": [0.7779903326908396, 0.7148074855707516, 0.9569153023808692, 0.5771464741585896], "number_hours_available_for_inspection": [331, 375, 379], "expected_number_hours_required_for_repair": [2.0699781410768447, 2.3210742440968053, 1.889134679395613, 2.311774648083232], "number_hours_available_for_repair": [751, 1088, 1084], "warehouse_capacity_of_facility": [1103, 957, 977], "cost_of_inspection": [15.559806653816793, 14.296149711415032, 19.138306047617384, 11.542929483171791], "expected_cost_of_repair": [61.13400526262494, 68.18532914254045, 55.49633794028488, 68.68597932786476], "cost_of_transportation": [67, 103], "holding_cost": [2.4032454713631157, 1.905726475490218, 1.2340054654720438], "rejection_cost": [200.0, 200.0, 200.0, 200.0]}