{"container_types": 4, "number_of_facilities": 2, "container_quality_level": 9, "time_periods": 7, "number_containers_arriving_to_facility_zero": [[151, 257, 263, 192, 190, 214, 216], [166, 199, 209, 207, 195, 169, 275], [125, 199, 247, 278, 294, 158, 175], [174, 131, 294, 124, 253, 142, 226]], "number_unexpected_containers_at_facilities": [[28, 5, 13], [49, 6, 78], [76, 44, 98], [95, 73, 89]], "number_good_quality_containers_at_facilities": [[53, 72, 80], [63, 56, 58], [98, 89, 77], [92, 0, 64]], "containers_demand_for_clients": [[286, 252, 271, 292, 268, 244, 261], [264, 222, 254, 230, 216, 282, 218], [237, 258, 288, 293, 202, 202, 281], [320, 259, 275, 264, 272, 266, 287]], "transportation_capacity": 552, "probability_original_quality_level": [[5.0, 20.0, 9.0, 17.0, 5.0, 8.0, 20.0, 0.0, 4.0, 8.0, 4.0], [10.0, 2.0, 7.0, 8.0, 18.0, 5.0, 10.0, 17.0, 4.0, 17.0, 2.0], [6.0, 11.0, 5.0, 12.0, 19.0, 6.0, 22.0, 4.0, 11.0, 4.0, 0.0], [6.0, 17.0, 0.0, 17.0, 8.0, 10.0, 4.0, 3.0, 13.0, 19.0, 3.0]], "number_hours_required_for_inspection": [0.5564732240724902, 0.8004483961169264, 0.5620200147975324, 0.6222191335098979], "number_hours_available_for_inspection": [357, 324, 369], "expected_number_hours_required_for_repair": [1.7550482852123686, 2.0754070625681917, 1.9840203267552294, 2.0148831400671496], "number_hours_available_for_repair": [818, 907, 833], "warehouse_capacity_of_facility": [1126, 1125, 981], "cost_of_inspection": [11.129464481449805, 16.008967922338528, 11.240400295950648, 12.444382670197957], "expected_cost_of_repair": [51.8054359213435, 60.82223658899761, 58.87775780919574, 59.401221782778684], "cost_of_transportation": [133, 119], "holding_cost": [2.376323744008776, 1.7172114092625412, 1.0087799481605817], "rejection_cost": [200.0, 200.0, 200.0, 200.0]}