{"container_types": 4, "number_of_facilities": 2, "container_quality_level": 9, "time_periods": 7, "number_containers_arriving_to_facility_zero": [[265, 196, 116, 164, 150, 211, 287], [226, 149, 163, 259, 194, 102, 215], [196, 106, 207, 276, 243, 174, 207], [104, 103, 128, 280, 279, 262, 143]], "number_unexpected_containers_at_facilities": [[60, 96, 7], [14, 32, 70], [80, 32, 20], [45, 7, 30]], "number_good_quality_containers_at_facilities": [[24, 73, 30], [61, 91, 25], [63, 65, 23], [66, 93, 64]], "containers_demand_for_clients": [[204, 212, 267, 242, 225, 213, 205], [252, 259, 247, 276, 213, 245, 263], [252, 182, 218, 197, 246, 208, 210], [288, 263, 276, 252, 256, 264, 232]], "transportation_capacity": 669, "probability_original_quality_level": [[7.0, 2.0, 16.0, 16.0, 0.0, 2.0, 15.0, 15.0, 15.0, 11.0, 1.0], [8.0, 10.0, 12.0, 15.0, 9.0, 12.0, 5.0, 6.0, 11.0, 10.0, 2.0], [10.0, 1.0, 11.0, 14.0, 2.0, 12.0, 14.0, 7.0, 13.0, 14.0, 2.0], [5.0, 3.0, 18.0, 12.0, 18.0, 2.0, 7.0, 15.0, 1.0, 15.0, 4.0]], "number_hours_required_for_inspection": [0.9018979308281271, 0.8148889306431125, 0.8822929916842506, 0.542380467377851], "number_hours_available_for_inspection": [342, 364, 390], "expected_number_hours_required_for_repair": [2.2085932143135407, 1.9334447126522105, 2.1393682152098314, 2.0078499369315024], "number_hours_available_for_repair": [813, 675, 957], "warehouse_capacity_of_facility": [1028, 911, 912], "cost_of_inspection": [18.03795861656254, 16.29777861286225, 17.645859833685012, 10.847609347557018], "expected_cost_of_repair": [65.54322118485548, 56.596330362109036, 62.37193084769349, 59.50650269868633], "cost_of_transportation": [132, 161], "holding_cost": [2.7822518693654557, 1.6466232213836665, 1.4821218682395805], "rejection_cost": [200.0, 200.0, 200.0, 200.0]}