{"container_types": 4, "number_of_facilities": 2, "container_quality_level": 9, "time_periods": 7, "number_containers_arriving_to_facility_zero": [[269, 139, 247, 177, 149, 283, 274], [176, 223, 123, 254, 218, 299, 247], [211, 142, 109, 115, 160, 233, 171], [118, 122, 125, 182, 291, 172, 104]], "number_unexpected_containers_at_facilities": [[65, 89, 62], [35, 28, 93], [18, 69, 97], [77, 31, 32]], "number_good_quality_containers_at_facilities": [[46, 29, 41], [83, 19, 98], [95, 15, 3], [43, 22, 36]], "containers_demand_for_clients": [[168, 226, 229, 224, 183, 184, 199], [231, 291, 305, 299, 255, 274, 242], [303, 305, 322, 229, 304, 298, 288], [169, 231, 175, 242, 224, 210, 237]], "transportation_capacity": 617, "probability_original_quality_level": [[10.0, 9.0, 17.0, 5.0, 2.0, 1.0, 8.0, 10.0, 14.0, 19.0, 5.0], [5.0, 8.0, 2.0, 6.0, 18.0, 17.0, 0.0, 19.0, 5.0, 18.0, 2.0], [10.0, 12.0, 5.0, 8.0, 18.0, 6.0, 11.0, 10.0, 7.0, 8.0, 5.0], [7.0, 9.0, 13.0, 5.0, 1.0, 11.0, 13.0, 11.0, 5.0, 22.0, 3.0]], "number_hours_required_for_inspection": [0.630910164411341, 0.572455412315049, 0.822878215392201, 0.38058065273847563], "number_hours_available_for_inspection": [320, 295, 292], "expected_number_hours_required_for_repair": [2.047880563376394, 2.125969977855825, 1.8214445234407333, 2.124128303949509], "number_hours_available_for_repair": [951, 783, 947], "warehouse_capacity_of_facility": [846, 893, 1025], "cost_of_inspection": [12.61820328822682, 11.44910824630098, 16.45756430784402, 7.611613054769513], "expected_cost_of_repair": [59.89838813139299, 63.06732995882317, 53.54439596997483, 62.7681677927843], "cost_of_transportation": [118, 131], "holding_cost": [2.8584042284344005, 2.4683583653435477, 1.408351505606865], "rejection_cost": [200.0, 200.0, 200.0, 200.0]}