{"container_types": 4, "number_of_facilities": 2, "container_quality_level": 9, "time_periods": 7, "number_containers_arriving_to_facility_zero": [[111, 173, 139, 124, 106, 250, 106], [187, 146, 144, 170, 150, 159, 201], [219, 247, 161, 151, 296, 231, 154], [233, 150, 273, 247, 188, 297, 211]], "number_unexpected_containers_at_facilities": [[53, 36, 30], [5, 58, 34], [21, 70, 89], [4, 81, 79]], "number_good_quality_containers_at_facilities": [[91, 19, 16], [7, 27, 4], [25, 78, 95], [94, 79, 49]], "containers_demand_for_clients": [[234, 241, 338, 232, 296, 284, 245], [193, 204, 190, 213, 146, 143, 180], [162, 183, 201, 173, 174, 215, 173], [243, 221, 217, 302, 306, 273, 226]], "transportation_capacity": 681, "probability_original_quality_level": [[9.0, 2.0, 7.0, 11.0, 10.0, 2.0, 21.0, 10.0, 11.0, 16.0, 1.0], [5.0, 4.0, 20.0, 1.0, 2.0, 4.0, 4.0, 24.0, 21.0, 14.0, 1.0], [7.0, 10.0, 9.0, 17.0, 12.0, 0.0, 9.0, 12.0, 14.0, 9.0, 1.0], [6.0, 5.0, 10.0, 11.0, 19.0, 9.0, 5.0, 15.0, 13.0, 5.0, 2.0]], "number_hours_required_for_inspection": [0.9286589675729469, 0.36909711214842617, 0.7658789242211763, 0.5583914020299765], "number_hours_available_for_inspection": [262, 237, 264], "expected_number_hours_required_for_repair": [2.2845956460186563, 2.3411895530921334, 1.997842497191625, 2.004900109370618], "number_hours_available_for_repair": [812, 776, 923], "warehouse_capacity_of_facility": [840, 870, 970], "cost_of_inspection": [18.573179351458936, 7.381942242968523, 15.317578484423526, 11.167828040599531], "expected_cost_of_repair": [67.52484919182318, 69.46150758282188, 59.23038006324281, 59.50542906050276], "cost_of_transportation": [153, 105], "holding_cost": [2.193799538798634, 2.1693216139490508, 1.0438444634439827], "rejection_cost": [200.0, 200.0, 200.0, 200.0]}