{"container_types": 4, "number_of_facilities": 2, "container_quality_level": 9, "time_periods": 7, "number_containers_arriving_to_facility_zero": [[136, 199, 134, 184, 219, 224, 108], [167, 224, 175, 294, 203, 233, 155], [110, 184, 162, 173, 118, 162, 240], [252, 216, 165, 295, 158, 218, 199]], "number_unexpected_containers_at_facilities": [[26, 50, 95], [53, 65, 40], [97, 67, 84], [5, 86, 49]], "number_good_quality_containers_at_facilities": [[39, 55, 92], [58, 0, 88], [68, 13, 95], [18, 23, 36]], "containers_demand_for_clients": [[256, 239, 233, 291, 267, 234, 241], [237, 243, 265, 218, 217, 250, 208], [220, 268, 277, 272, 262, 278, 265], [264, 216, 208, 186, 212, 258, 252]], "transportation_capacity": 731, "probability_original_quality_level": [[8.0, 5.0, 18.0, 1.0, 3.0, 0.0, 16.0, 10.0, 17.0, 18.0, 4.0], [9.0, 0.0, 14.0, 4.0, 14.0, 18.0, 18.0, 3.0, 0.0, 15.0, 5.0], [6.0, 1.0, 18.0, 1.0, 14.0, 9.0, 13.0, 8.0, 16.0, 11.0, 3.0], [7.0, 1.0, 7.0, 12.0, 6.0, 1.0, 17.0, 12.0, 16.0, 18.0, 3.0]], "number_hours_required_for_inspection": [0.9386257707287278, 0.4223971851026343, 0.9782421117211617, 0.49601527579176974], "number_hours_available_for_inspection": [307, 338, 326], "expected_number_hours_required_for_repair": [2.2577541393418055, 1.9807286151187387, 2.2084260479088416, 2.3524319579789386], "number_hours_available_for_repair": [862, 714, 892], "warehouse_capacity_of_facility": [888, 965, 1031], "cost_of_inspection": [18.772515414574556, 8.447943702052687, 19.564842234423235, 9.920305515835395], "expected_cost_of_repair": [66.19912691998107, 57.726016811226266, 65.41868744099203, 69.25014553389485], "cost_of_transportation": [109, 135], "holding_cost": [2.3803575916883606, 2.327980336902466, 1.7202487519481968], "rejection_cost": [200.0, 200.0, 200.0, 200.0]}