{"container_types": 4, "number_of_facilities": 2, "container_quality_level": 9, "time_periods": 7, "number_containers_arriving_to_facility_zero": [[171, 111, 292, 226, 262, 250, 183], [215, 264, 181, 261, 247, 139, 122], [163, 123, 152, 159, 191, 157, 105], [248, 131, 279, 124, 134, 202, 137]], "number_unexpected_containers_at_facilities": [[67, 76, 6], [30, 65, 32], [67, 81, 46], [78, 47, 64]], "number_good_quality_containers_at_facilities": [[53, 86, 73], [23, 3, 35], [31, 22, 75], [16, 77, 20]], "containers_demand_for_clients": [[207, 223, 234, 249, 200, 258, 227], [220, 236, 288, 267, 295, 229, 252], [212, 213, 237, 223, 251, 258, 186], [220, 180, 198, 201, 162, 162, 198]], "transportation_capacity": 715, "probability_original_quality_level": [[8.0, 6.0, 12.0, 13.0, 4.0, 8.0, 13.0, 2.0, 16.0, 15.0, 3.0], [9.0, 5.0, 4.0, 13.0, 13.0, 7.0, 13.0, 3.0, 13.0, 20.0, 0.0], [8.0, 10.0, 15.0, 4.0, 11.0, 13.0, 8.0, 12.0, 6.0, 13.0, 0.0], [7.0, 12.0, 2.0, 13.0, 6.0, 6.0, 8.0, 4.0, 16.0, 21.0, 5.0]], "number_hours_required_for_inspection": [0.4304457777049274, 0.9377490184963316, 0.9520386005826822, 0.855884944303046], "number_hours_available_for_inspection": [289, 340, 376], "expected_number_hours_required_for_repair": [2.0926418691887436, 2.2379770820334857, 2.0277813051604134, 2.1653155326555322], "number_hours_available_for_repair": [796, 861, 800], "warehouse_capacity_of_facility": [996, 866, 967], "cost_of_inspection": [8.608915554098548, 18.75498036992663, 19.040772011653644, 17.117698886060918], "expected_cost_of_repair": [61.3700822341696, 65.92860098557611, 59.27888521635348, 64.0498196460895], "cost_of_transportation": [100, 154], "holding_cost": [2.9673477980681127, 1.65886385711091, 1.5065719139431135], "rejection_cost": [200.0, 200.0, 200.0, 200.0]}