{"container_types": 4, "number_of_facilities": 2, "container_quality_level": 9, "time_periods": 7, "number_containers_arriving_to_facility_zero": [[101, 249, 204, 142, 256, 140, 114], [232, 270, 160, 283, 125, 198, 290], [144, 173, 206, 137, 264, 163, 286], [287, 202, 188, 111, 203, 185, 129]], "number_unexpected_containers_at_facilities": [[3, 94, 38], [45, 92, 87], [78, 2, 73], [49, 17, 90]], "number_good_quality_containers_at_facilities": [[74, 17, 57], [87, 67, 43], [90, 89, 1], [91, 79, 29]], "containers_demand_for_clients": [[217, 256, 240, 202, 189, 206, 251], [205, 218, 242, 250, 191, 234, 214], [282, 318, 321, 251, 320, 305, 302], [220, 268, 252, 202, 211, 279, 281]], "transportation_capacity": 530, "probability_original_quality_level": [[6.0, 13.0, 2.0, 10.0, 4.0, 11.0, 18.0, 6.0, 18.0, 12.0, 0.0], [10.0, 8.0, 8.0, 4.0, 13.0, 14.0, 7.0, 13.0, 15.0, 6.0, 2.0], [9.0, 7.0, 10.0, 13.0, 12.0, 12.0, 6.0, 9.0, 13.0, 6.0, 3.0], [7.0, 8.0, 6.0, 15.0, 8.0, 14.0, 17.0, 10.0, 2.0, 8.0, 5.0]], "number_hours_required_for_inspection": [0.34504794881209, 0.5201881223122551, 0.9699628341196086, 0.7108069687522689], "number_hours_available_for_inspection": [268, 335, 363], "expected_number_hours_required_for_repair": [2.2077314924639158, 2.0026362808627933, 1.872755821748701, 1.864008877556722], "number_hours_available_for_repair": [891, 714, 855], "warehouse_capacity_of_facility": [1045, 1056, 1066], "cost_of_inspection": [6.9009589762417995, 10.403762446245102, 19.39925668239217, 14.216139375045378], "expected_cost_of_repair": [65.39689809564095, 58.417032829479204, 55.258927600705256, 55.12244364394857], "cost_of_transportation": [130, 139], "holding_cost": [2.437305264586075, 2.2089938884513702, 1.433468787052462], "rejection_cost": [200.0, 200.0, 200.0, 200.0]}