{"container_types": 4, "number_of_facilities": 2, "container_quality_level": 5, "time_periods": 7, "number_containers_arriving_to_facility_zero": [[254, 238, 142, 222, 107, 294, 190], [247, 114, 285, 186, 185, 243, 250], [221, 219, 260, 247, 298, 140, 266], [101, 203, 182, 162, 240, 203, 156]], "number_unexpected_containers_at_facilities": [[9, 73, 61], [29, 93, 85], [10, 46, 3], [26, 3, 78]], "number_good_quality_containers_at_facilities": [[6, 92, 10], [89, 24, 87], [76, 78, 1], [93, 39, 9]], "containers_demand_for_clients": [[170, 254, 186, 236, 245, 231, 229], [248, 228, 287, 284, 237, 204, 207], [249, 280, 293, 262, 306, 321, 316], [255, 225, 235, 217, 235, 313, 292]], "transportation_capacity": 709, "probability_original_quality_level": [[9.0, 8.0, 32.0, 18.0, 8.0, 20.0, 5.0], [8.0, 24.0, 16.0, 17.0, 1.0, 30.0, 4.0], [6.0, 20.0, 42.0, 0.0, 25.0, 6.0, 1.0], [10.0, 34.0, 2.0, 25.0, 1.0, 27.0, 1.0]], "number_hours_required_for_inspection": [0.6325242103886694, 0.7403017955225811, 0.8132957103141277, 0.4455909671142806], "number_hours_available_for_inspection": [348, 338, 302], "expected_number_hours_required_for_repair": [1.3544523589388207, 1.3952954858238984, 1.288496770024198, 1.3847071506294981], "number_hours_available_for_repair": [403, 406, 423], "warehouse_capacity_of_facility": [937, 1063, 895], "cost_of_inspection": [12.650484207773387, 14.806035910451623, 16.265914206282556, 8.911819342285611], "expected_cost_of_repair": [39.28718765941066, 40.8529172411244, 37.621358528284944, 39.593047020873485], "cost_of_transportation": [92, 170], "holding_cost": [2.0336828282709374, 1.9145346723699497, 1.6257922571452617], "rejection_cost": [300.0, 300.0, 300.0, 300.0]}