{"container_types": 4, "number_of_facilities": 2, "container_quality_level": 5, "time_periods": 7, "number_containers_arriving_to_facility_zero": [[192, 239, 291, 126, 160, 196, 220], [184, 119, 115, 220, 145, 290, 178], [216, 117, 193, 277, 285, 285, 154], [156, 171, 160, 231, 192, 251, 243]], "number_unexpected_containers_at_facilities": [[26, 8, 64], [0, 8, 38], [65, 1, 21], [27, 17, 48]], "number_good_quality_containers_at_facilities": [[38, 65, 86], [43, 60, 10], [29, 58, 14], [13, 44, 12]], "containers_demand_for_clients": [[212, 265, 250, 224, 203, 259, 255], [247, 206, 290, 267, 237, 219, 278], [190, 163, 210, 163, 223, 204, 192], [274, 263, 211, 235, 200, 290, 248]], "transportation_capacity": 552, "probability_original_quality_level": [[8.0, 25.0, 27.0, 2.0, 9.0, 26.0, 3.0], [8.0, 1.0, 16.0, 24.0, 22.0, 24.0, 5.0], [5.0, 18.0, 18.0, 36.0, 9.0, 13.0, 1.0], [10.0, 28.0, 7.0, 0.0, 24.0, 28.0, 3.0]], "number_hours_required_for_inspection": [0.5347235482325274, 0.740150041076351, 0.9242815782114439, 0.9024111991449586], "number_hours_available_for_inspection": [319, 405, 423], "expected_number_hours_required_for_repair": [1.2704048671047579, 1.4821447727073525, 1.3659804972111544, 1.3903118260783356], "number_hours_available_for_repair": [389, 449, 505], "warehouse_capacity_of_facility": [876, 899, 973], "cost_of_inspection": [10.694470964650549, 14.80300082152702, 18.48563156422888, 18.048223982899174], "expected_cost_of_repair": [36.72393672066818, 42.92565405942894, 40.08321388601603, 40.615171163711004], "cost_of_transportation": [148, 78], "holding_cost": [2.794706894851738, 2.2333126356422186, 1.504165558977613], "rejection_cost": [300.0, 300.0, 300.0, 300.0]}