{"container_types": 4, "number_of_facilities": 2, "container_quality_level": 5, "time_periods": 7, "number_containers_arriving_to_facility_zero": [[107, 228, 222, 188, 145, 207, 114], [181, 107, 146, 237, 266, 266, 166], [170, 164, 286, 176, 105, 228, 235], [297, 115, 125, 150, 218, 247, 230]], "number_unexpected_containers_at_facilities": [[75, 69, 13], [50, 69, 1], [9, 68, 79], [99, 94, 58]], "number_good_quality_containers_at_facilities": [[34, 1, 48], [85, 4, 72], [14, 3, 71], [68, 57, 33]], "containers_demand_for_clients": [[215, 204, 239, 253, 265, 269, 265], [192, 167, 193, 241, 192, 225, 180], [241, 273, 279, 222, 258, 252, 213], [202, 188, 260, 270, 203, 269, 217]], "transportation_capacity": 513, "probability_original_quality_level": [[7.0, 9.0, 20.0, 6.0, 11.0, 45.0, 2.0], [8.0, 17.0, 21.0, 12.0, 19.0, 18.0, 5.0], [9.0, 10.0, 22.0, 21.0, 9.0, 24.0, 5.0], [6.0, 31.0, 5.0, 21.0, 27.0, 6.0, 4.0]], "number_hours_required_for_inspection": [0.3913655600440846, 0.4903914923108574, 0.8935354861807041, 0.3444977106442476], "number_hours_available_for_inspection": [286, 232, 278], "expected_number_hours_required_for_repair": [1.5552303407890877, 1.3076139411391676, 1.3334068477692762, 1.3257587548692231], "number_hours_available_for_repair": [389, 466, 535], "warehouse_capacity_of_facility": [933, 925, 864], "cost_of_inspection": [7.8273112008816925, 9.807829846217148, 17.870709723614084, 6.889954212884952], "expected_cost_of_repair": [45.90667475483765, 38.10309172774568, 38.82159342581768, 38.759715554197975], "cost_of_transportation": [68, 102], "holding_cost": [2.2846663849340714, 2.33885141478229, 1.2877297060387662], "rejection_cost": [300.0, 300.0, 300.0, 300.0]}