{"container_types": 4, "number_of_facilities": 2, "container_quality_level": 5, "time_periods": 7, "number_containers_arriving_to_facility_zero": [[283, 119, 257, 139, 298, 221, 121], [128, 237, 174, 133, 115, 176, 251], [208, 139, 239, 246, 193, 223, 107], [223, 133, 286, 255, 171, 246, 292]], "number_unexpected_containers_at_facilities": [[71, 69, 3], [61, 16, 93], [69, 10, 41], [37, 37, 11]], "number_good_quality_containers_at_facilities": [[48, 39, 53], [77, 40, 95], [2, 21, 15], [63, 91, 80]], "containers_demand_for_clients": [[306, 296, 278, 327, 309, 239, 317], [278, 205, 267, 224, 281, 281, 276], [204, 265, 213, 263, 225, 219, 250], [258, 236, 250, 230, 209, 195, 247]], "transportation_capacity": 719, "probability_original_quality_level": [[5.0, 20.0, 6.0, 0.0, 34.0, 30.0, 5.0], [7.0, 5.0, 35.0, 9.0, 23.0, 21.0, 0.0], [7.0, 5.0, 25.0, 9.0, 19.0, 30.0, 5.0], [8.0, 26.0, 20.0, 12.0, 5.0, 24.0, 5.0]], "number_hours_required_for_inspection": [0.5834569512177765, 0.5476966865849417, 0.5426832050147683, 0.5846521953426335], "number_hours_available_for_inspection": [285, 268, 292], "expected_number_hours_required_for_repair": [1.5609751883760583, 1.401032528474035, 1.5111989523965592, 1.2776465628149305], "number_hours_available_for_repair": [427, 624, 513], "warehouse_capacity_of_facility": [996, 931, 996], "cost_of_inspection": [11.66913902435553, 10.953933731698836, 10.853664100295365, 11.693043906852669], "expected_cost_of_repair": [45.90911156592322, 41.241307416549716, 44.43484928695894, 37.46727510098555], "cost_of_transportation": [126, 81], "holding_cost": [2.9545154884553524, 1.709918232846415, 1.7657057370151792], "rejection_cost": [300.0, 300.0, 300.0, 300.0]}