{"container_types": 4, "number_of_facilities": 2, "container_quality_level": 5, "time_periods": 7, "number_containers_arriving_to_facility_zero": [[107, 218, 126, 115, 157, 236, 241], [230, 178, 266, 210, 285, 127, 177], [261, 107, 176, 228, 157, 294, 240], [186, 192, 179, 113, 214, 250, 272]], "number_unexpected_containers_at_facilities": [[1, 52, 21], [94, 71, 0], [36, 12, 49], [86, 52, 23]], "number_good_quality_containers_at_facilities": [[26, 69, 71], [55, 63, 49], [33, 97, 14], [80, 27, 2]], "containers_demand_for_clients": [[226, 203, 220, 205, 261, 233, 198], [201, 192, 243, 229, 220, 210, 168], [245, 302, 248, 234, 207, 282, 252], [241, 275, 255, 219, 240, 277, 255]], "transportation_capacity": 518, "probability_original_quality_level": [[10.0, 28.0, 4.0, 5.0, 18.0, 31.0, 4.0], [6.0, 2.0, 3.0, 43.0, 35.0, 8.0, 3.0], [10.0, 23.0, 3.0, 15.0, 15.0, 34.0, 0.0], [10.0, 13.0, 9.0, 19.0, 23.0, 25.0, 1.0]], "number_hours_required_for_inspection": [0.682348099849965, 0.5505460485706993, 0.8271852491459507, 0.8196423592950455], "number_hours_available_for_inspection": [333, 369, 274], "expected_number_hours_required_for_repair": [1.412030479531179, 1.5185766886733563, 1.4647185758564805, 1.4810846210891808], "number_hours_available_for_repair": [451, 522, 623], "warehouse_capacity_of_facility": [960, 875, 939], "cost_of_inspection": [13.6469619969993, 11.010920971413986, 16.543704982919014, 16.39284718590091], "expected_cost_of_repair": [40.930314696154234, 44.76904005028131, 42.43715033856998, 43.411817536301484], "cost_of_transportation": [117, 141], "holding_cost": [2.9041681890901514, 1.58354345955532, 1.1069653502518404], "rejection_cost": [300.0, 300.0, 300.0, 300.0]}