{"container_types": 4, "number_of_facilities": 2, "container_quality_level": 5, "time_periods": 7, "number_containers_arriving_to_facility_zero": [[131, 108, 107, 275, 293, 179, 247], [276, 167, 158, 134, 276, 260, 224], [156, 138, 123, 239, 297, 236, 129], [142, 297, 226, 201, 292, 220, 188]], "number_unexpected_containers_at_facilities": [[99, 28, 3], [35, 79, 62], [12, 81, 30], [77, 4, 95]], "number_good_quality_containers_at_facilities": [[36, 25, 97], [65, 54, 85], [63, 76, 31], [6, 19, 16]], "containers_demand_for_clients": [[206, 285, 286, 285, 216, 298, 276], [188, 250, 253, 214, 268, 254, 227], [285, 277, 289, 231, 285, 273, 261], [208, 261, 244, 258, 232, 247, 260]], "transportation_capacity": 614, "probability_original_quality_level": [[7.0, 25.0, 15.0, 5.0, 16.0, 32.0, 0.0], [7.0, 31.0, 16.0, 2.0, 23.0, 16.0, 5.0], [8.0, 7.0, 9.0, 41.0, 0.0, 33.0, 2.0], [7.0, 31.0, 1.0, 20.0, 10.0, 31.0, 0.0]], "number_hours_required_for_inspection": [0.6219607859711015, 0.5158868946233064, 0.9759524290765995, 0.6007996080488022], "number_hours_available_for_inspection": [275, 277, 340], "expected_number_hours_required_for_repair": [1.4855611011777392, 1.158333469208873, 1.605201381223652, 1.5680903896359288], "number_hours_available_for_repair": [534, 555, 572], "warehouse_capacity_of_facility": [941, 933, 925], "cost_of_inspection": [12.43921571942203, 10.317737892466127, 19.51904858153199, 12.015992160976044], "expected_cost_of_repair": [43.70755590384833, 33.84154571362208, 46.777524753033575, 46.17136927099208], "cost_of_transportation": [89, 78], "holding_cost": [2.9522002926649407, 2.18628020452412, 1.298506309454217], "rejection_cost": [300.0, 300.0, 300.0, 300.0]}