{"container_types": 4, "number_of_facilities": 2, "container_quality_level": 5, "time_periods": 7, "number_containers_arriving_to_facility_zero": [[193, 146, 286, 193, 264, 242, 214], [255, 102, 261, 176, 183, 231, 102], [168, 219, 276, 155, 181, 184, 227], [156, 242, 277, 139, 288, 296, 195]], "number_unexpected_containers_at_facilities": [[81, 53, 14], [86, 9, 3], [62, 68, 96], [75, 22, 82]], "number_good_quality_containers_at_facilities": [[27, 10, 70], [25, 98, 49], [8, 24, 9], [34, 87, 74]], "containers_demand_for_clients": [[261, 269, 293, 300, 253, 243, 291], [285, 249, 251, 279, 285, 295, 285], [183, 266, 225, 256, 197, 248, 192], [200, 232, 213, 199, 244, 258, 254]], "transportation_capacity": 700, "probability_original_quality_level": [[6.0, 6.0, 5.0, 41.0, 18.0, 20.0, 4.0], [10.0, 24.0, 19.0, 27.0, 12.0, 8.0, 0.0], [10.0, 6.0, 28.0, 4.0, 36.0, 14.0, 2.0], [5.0, 5.0, 33.0, 12.0, 12.0, 32.0, 1.0]], "number_hours_required_for_inspection": [0.9987360788652071, 0.9140210130740732, 0.457223369110976, 0.7633296724969235], "number_hours_available_for_inspection": [456, 342, 389], "expected_number_hours_required_for_repair": [1.518609608503223, 1.2805388565733995, 1.4411821851524422, 1.5383686364958329], "number_hours_available_for_repair": [603, 489, 661], "warehouse_capacity_of_facility": [1061, 1062, 1091], "cost_of_inspection": [19.97472157730414, 18.280420261481463, 9.14446738221952, 15.26659344993847], "expected_cost_of_repair": [44.57003430459037, 37.33289256265718, 41.56994817281623, 45.610822666900695], "cost_of_transportation": [110, 119], "holding_cost": [2.197172853090692, 2.1556642390445155, 1.7604755921643085], "rejection_cost": [300.0, 300.0, 300.0, 300.0]}