{"container_types": 4, "number_of_facilities": 2, "container_quality_level": 5, "time_periods": 7, "number_containers_arriving_to_facility_zero": [[175, 151, 228, 218, 133, 280, 261], [232, 194, 127, 285, 132, 213, 220], [111, 276, 124, 253, 249, 139, 114], [267, 125, 239, 278, 189, 122, 124]], "number_unexpected_containers_at_facilities": [[21, 27, 88], [54, 53, 29], [35, 35, 46], [99, 16, 39]], "number_good_quality_containers_at_facilities": [[64, 5, 97], [11, 87, 49], [30, 80, 3], [64, 10, 93]], "containers_demand_for_clients": [[251, 232, 271, 256, 257, 279, 279], [248, 246, 219, 259, 275, 213, 238], [198, 284, 280, 245, 195, 285, 221], [253, 208, 186, 172, 246, 188, 183]], "transportation_capacity": 663, "probability_original_quality_level": [[8.0, 25.0, 8.0, 28.0, 23.0, 4.0, 4.0], [5.0, 18.0, 31.0, 6.0, 30.0, 5.0, 5.0], [5.0, 12.0, 4.0, 36.0, 34.0, 4.0, 5.0], [8.0, 22.0, 25.0, 17.0, 2.0, 23.0, 3.0]], "number_hours_required_for_inspection": [0.9556968254367132, 0.7752789486447067, 0.4135002917385897, 0.8501643038460285], "number_hours_available_for_inspection": [315, 355, 348], "expected_number_hours_required_for_repair": [1.312974225958532, 1.2207816204348105, 1.4309639058273098, 1.329713802827101], "number_hours_available_for_repair": [436, 407, 515], "warehouse_capacity_of_facility": [979, 854, 1017], "cost_of_inspection": [19.113936508734263, 15.505578972894135, 8.270005834771794, 17.00328607692057], "expected_cost_of_repair": [38.15880661574182, 35.97007188893717, 42.18944828524418, 38.349807169247065], "cost_of_transportation": [133, 134], "holding_cost": [2.929156293945058, 1.9972187262566492, 1.5948147642697281], "rejection_cost": [300.0, 300.0, 300.0, 300.0]}