{"container_types": 4, "number_of_facilities": 2, "container_quality_level": 5, "time_periods": 7, "number_containers_arriving_to_facility_zero": [[160, 168, 216, 268, 145, 123, 109], [234, 153, 262, 204, 256, 191, 119], [185, 184, 164, 153, 286, 135, 128], [284, 109, 259, 241, 133, 168, 181]], "number_unexpected_containers_at_facilities": [[19, 24, 40], [33, 83, 84], [32, 97, 69], [99, 26, 88]], "number_good_quality_containers_at_facilities": [[20, 59, 30], [54, 90, 3], [44, 87, 3], [36, 86, 41]], "containers_demand_for_clients": [[297, 254, 290, 266, 245, 290, 294], [221, 198, 220, 219, 171, 187, 208], [264, 288, 210, 241, 238, 278, 237], [203, 227, 210, 236, 229, 249, 236]], "transportation_capacity": 698, "probability_original_quality_level": [[5.0, 23.0, 18.0, 10.0, 27.0, 15.0, 2.0], [10.0, 18.0, 20.0, 17.0, 5.0, 27.0, 3.0], [9.0, 22.0, 15.0, 49.0, 0.0, 5.0, 0.0], [10.0, 5.0, 30.0, 14.0, 3.0, 36.0, 2.0]], "number_hours_required_for_inspection": [0.5077139672191973, 0.7096534066232024, 0.6790443107398436, 0.40609887409779394], "number_hours_available_for_inspection": [259, 283, 251], "expected_number_hours_required_for_repair": [1.4300833641000066, 1.3644440585844375, 1.126716169267557, 1.4725590860214148], "number_hours_available_for_repair": [447, 507, 504], "warehouse_capacity_of_facility": [834, 874, 997], "cost_of_inspection": [10.154279344383944, 14.193068132464049, 13.580886214796873, 8.121977481955879], "expected_cost_of_repair": [42.201981599427924, 39.03933043744965, 32.33761352033058, 43.14155392512874], "cost_of_transportation": [66, 124], "holding_cost": [2.926632145930777, 2.4482754240402436, 1.778419236078091], "rejection_cost": [300.0, 300.0, 300.0, 300.0]}