{"container_types": 4, "number_of_facilities": 2, "container_quality_level": 5, "time_periods": 7, "number_containers_arriving_to_facility_zero": [[187, 249, 131, 246, 152, 172, 170], [143, 134, 204, 116, 281, 237, 150], [167, 121, 206, 173, 279, 202, 112], [105, 136, 144, 231, 115, 163, 117]], "number_unexpected_containers_at_facilities": [[99, 31, 84], [46, 81, 3], [68, 42, 38], [30, 48, 59]], "number_good_quality_containers_at_facilities": [[61, 1, 73], [5, 13, 37], [90, 84, 88], [92, 74, 26]], "containers_demand_for_clients": [[226, 215, 183, 178, 212, 192, 198], [190, 241, 213, 282, 235, 208, 243], [176, 244, 183, 173, 213, 189, 214], [244, 194, 254, 230, 217, 219, 208]], "transportation_capacity": 524, "probability_original_quality_level": [[7.0, 39.0, 3.0, 26.0, 10.0, 12.0, 3.0], [5.0, 10.0, 0.0, 26.0, 28.0, 27.0, 4.0], [8.0, 6.0, 20.0, 20.0, 24.0, 20.0, 2.0], [6.0, 21.0, 0.0, 19.0, 25.0, 25.0, 4.0]], "number_hours_required_for_inspection": [0.840324322775363, 0.5537851531178539, 0.8140275871400107, 0.8552572007622083], "number_hours_available_for_inspection": [289, 350, 284], "expected_number_hours_required_for_repair": [1.3255268914653329, 1.5786255948852723, 1.4304731370654256, 1.5311206938148445], "number_hours_available_for_repair": [547, 557, 460], "warehouse_capacity_of_facility": [821, 858, 952], "cost_of_inspection": [16.806486455507258, 11.075703062357078, 16.280551742800213, 17.105144015244168], "expected_cost_of_repair": [38.58395571132497, 46.7240762512684, 41.673873978267785, 45.01739781046681], "cost_of_transportation": [126, 128], "holding_cost": [2.8127008967157123, 2.2948757254524423, 1.306830545369488], "rejection_cost": [300.0, 300.0, 300.0, 300.0]}