{"container_types": 4, "number_of_facilities": 2, "container_quality_level": 5, "time_periods": 7, "number_containers_arriving_to_facility_zero": [[245, 288, 125, 261, 142, 244, 191], [264, 212, 273, 105, 185, 197, 223], [252, 283, 283, 272, 174, 181, 266], [180, 103, 169, 121, 140, 107, 121]], "number_unexpected_containers_at_facilities": [[19, 22, 30], [88, 14, 18], [89, 8, 30], [31, 75, 60]], "number_good_quality_containers_at_facilities": [[72, 74, 21], [69, 91, 39], [25, 82, 56], [26, 82, 67]], "containers_demand_for_clients": [[204, 178, 174, 161, 179, 200, 148], [246, 221, 257, 217, 262, 250, 238], [233, 247, 228, 267, 269, 235, 209], [316, 323, 327, 302, 339, 256, 248]], "transportation_capacity": 703, "probability_original_quality_level": [[5.0, 1.0, 19.0, 16.0, 36.0, 18.0, 5.0], [5.0, 13.0, 3.0, 9.0, 41.0, 25.0, 4.0], [8.0, 24.0, 5.0, 34.0, 6.0, 20.0, 3.0], [10.0, 9.0, 11.0, 27.0, 10.0, 30.0, 3.0]], "number_hours_required_for_inspection": [0.4071932197686061, 0.3548615000086575, 0.7236523206847724, 0.48512541362660233], "number_hours_available_for_inspection": [286, 254, 251], "expected_number_hours_required_for_repair": [1.5759976422863795, 1.6635951657217714, 1.2612603604019277, 1.4978643006603636], "number_hours_available_for_repair": [470, 488, 574], "warehouse_capacity_of_facility": [922, 891, 989], "cost_of_inspection": [8.143864395372123, 7.09723000017315, 14.473046413695448, 9.702508272532047], "expected_cost_of_repair": [46.64829912971606, 49.403818058286326, 36.57194291373252, 43.42226178266403], "cost_of_transportation": [97, 169], "holding_cost": [2.9471462939389736, 1.681867417449213, 1.278260510381393], "rejection_cost": [300.0, 300.0, 300.0, 300.0]}