{"container_types": 4, "number_of_facilities": 2, "container_quality_level": 5, "time_periods": 7, "number_containers_arriving_to_facility_zero": [[141, 233, 240, 203, 264, 111, 197], [201, 254, 186, 182, 211, 142, 171], [228, 204, 134, 218, 146, 161, 214], [243, 268, 216, 108, 226, 256, 281]], "number_unexpected_containers_at_facilities": [[6, 83, 9], [63, 91, 0], [51, 7, 16], [89, 56, 22]], "number_good_quality_containers_at_facilities": [[68, 13, 86], [87, 65, 14], [63, 5, 75], [43, 24, 2]], "containers_demand_for_clients": [[233, 248, 306, 263, 249, 238, 253], [193, 256, 248, 248, 276, 218, 194], [276, 217, 282, 207, 283, 215, 283], [178, 177, 201, 218, 173, 210, 181]], "transportation_capacity": 707, "probability_original_quality_level": [[8.0, 30.0, 19.0, 9.0, 21.0, 9.0, 4.0], [8.0, 30.0, 12.0, 20.0, 3.0, 27.0, 0.0], [7.0, 5.0, 17.0, 20.0, 25.0, 21.0, 5.0], [7.0, 10.0, 2.0, 13.0, 33.0, 35.0, 0.0]], "number_hours_required_for_inspection": [0.801441910828014, 0.8721838722807876, 0.8269598531794834, 0.659425566394803], "number_hours_available_for_inspection": [427, 334, 332], "expected_number_hours_required_for_repair": [1.1879351427044487, 1.3202507599642859, 1.43168560275292, 1.732183746203721], "number_hours_available_for_repair": [577, 496, 505], "warehouse_capacity_of_facility": [1017, 981, 1038], "cost_of_inspection": [16.02883821656028, 17.44367744561575, 16.53919706358967, 13.188511327896059], "expected_cost_of_repair": [34.23542069787734, 38.19944060704723, 41.80812571344516, 51.10534886815547], "cost_of_transportation": [136, 132], "holding_cost": [2.511810676850228, 2.4558258381968945, 1.0656671508868523], "rejection_cost": [300.0, 300.0, 300.0, 300.0]}