{"container_types": 4, "number_of_facilities": 2, "container_quality_level": 5, "time_periods": 7, "number_containers_arriving_to_facility_zero": [[125, 201, 192, 142, 240, 164, 167], [142, 119, 235, 156, 151, 187, 176], [155, 125, 291, 287, 136, 253, 130], [141, 225, 181, 287, 231, 225, 195]], "number_unexpected_containers_at_facilities": [[52, 92, 57], [92, 76, 80], [51, 0, 52], [53, 19, 90]], "number_good_quality_containers_at_facilities": [[72, 67, 0], [54, 11, 44], [7, 86, 47], [67, 25, 56]], "containers_demand_for_clients": [[306, 206, 237, 264, 286, 258, 282], [197, 268, 197, 221, 186, 232, 219], [248, 252, 236, 205, 190, 251, 189], [244, 189, 262, 218, 233, 272, 239]], "transportation_capacity": 607, "probability_original_quality_level": [[8.0, 24.0, 7.0, 27.0, 23.0, 11.0, 0.0], [9.0, 17.0, 8.0, 19.0, 21.0, 21.0, 5.0], [7.0, 19.0, 14.0, 24.0, 12.0, 24.0, 0.0], [8.0, 2.0, 22.0, 33.0, 12.0, 19.0, 4.0]], "number_hours_required_for_inspection": [0.8274173111610238, 0.3498312154165858, 0.9815319206184788, 0.6083335465178218], "number_hours_available_for_inspection": [278, 290, 299], "expected_number_hours_required_for_repair": [1.4676692018243924, 1.3818835422069509, 1.5000541454693734, 1.427090959901392], "number_hours_available_for_repair": [414, 467, 429], "warehouse_capacity_of_facility": [958, 949, 868], "cost_of_inspection": [16.548346223220477, 6.996624308331716, 19.630638412369578, 12.166670930356435], "expected_cost_of_repair": [42.66708393272416, 40.05563956029121, 43.65778792633296, 41.858650144029724], "cost_of_transportation": [78, 97], "holding_cost": [2.801522113040581, 2.1813994271317227, 1.1136881296657584], "rejection_cost": [300.0, 300.0, 300.0, 300.0]}