{"container_types": 4, "number_of_facilities": 2, "container_quality_level": 5, "time_periods": 7, "number_containers_arriving_to_facility_zero": [[142, 134, 123, 214, 281, 116, 121], [159, 175, 210, 145, 236, 157, 118], [157, 241, 231, 192, 170, 192, 102], [137, 269, 147, 125, 268, 224, 223]], "number_unexpected_containers_at_facilities": [[92, 96, 93], [86, 89, 14], [67, 5, 27], [78, 65, 75]], "number_good_quality_containers_at_facilities": [[2, 29, 50], [94, 89, 48], [66, 8, 97], [83, 39, 61]], "containers_demand_for_clients": [[255, 243, 258, 250, 221, 205, 241], [252, 228, 242, 220, 230, 194, 181], [228, 219, 200, 228, 255, 222, 267], [184, 227, 257, 217, 203, 185, 219]], "transportation_capacity": 660, "probability_original_quality_level": [[5.0, 30.0, 6.0, 6.0, 4.0, 45.0, 4.0], [7.0, 28.0, 20.0, 23.0, 2.0, 16.0, 4.0], [9.0, 33.0, 8.0, 5.0, 3.0, 41.0, 1.0], [10.0, 25.0, 0.0, 11.0, 40.0, 11.0, 3.0]], "number_hours_required_for_inspection": [0.5980019957025896, 0.3649150986605669, 0.3421414156311414, 0.8968730945313], "number_hours_available_for_inspection": [278, 242, 305], "expected_number_hours_required_for_repair": [1.4870634536637635, 1.200682253060835, 1.451701314232763, 1.38025682705939], "number_hours_available_for_repair": [573, 579, 434], "warehouse_capacity_of_facility": [866, 837, 947], "cost_of_inspection": [11.960039914051793, 7.298301973211338, 6.842828312622828, 17.937461890626], "expected_cost_of_repair": [43.808789652443956, 34.67174017535347, 42.46831167723155, 40.155422171902835], "cost_of_transportation": [81, 73], "holding_cost": [2.6952219558285244, 2.481140219078254, 1.472757252143186], "rejection_cost": [300.0, 300.0, 300.0, 300.0]}