{"container_types": 4, "number_of_facilities": 2, "container_quality_level": 5, "time_periods": 7, "number_containers_arriving_to_facility_zero": [[258, 250, 242, 161, 257, 175, 277], [280, 277, 273, 254, 232, 127, 264], [201, 228, 127, 118, 291, 285, 238], [169, 216, 204, 257, 135, 227, 117]], "number_unexpected_containers_at_facilities": [[76, 0, 44], [57, 76, 46], [60, 28, 60], [34, 7, 54]], "number_good_quality_containers_at_facilities": [[87, 47, 81], [24, 38, 30], [33, 14, 43], [47, 46, 69]], "containers_demand_for_clients": [[233, 210, 248, 215, 211, 181, 266], [321, 292, 334, 293, 272, 307, 272], [315, 236, 315, 244, 271, 303, 294], [230, 266, 200, 272, 262, 291, 247]], "transportation_capacity": 688, "probability_original_quality_level": [[7.0, 14.0, 30.0, 17.0, 13.0, 18.0, 1.0], [6.0, 23.0, 9.0, 1.0, 26.0, 31.0, 4.0], [7.0, 2.0, 30.0, 31.0, 3.0, 25.0, 2.0], [9.0, 24.0, 29.0, 2.0, 32.0, 4.0, 0.0]], "number_hours_required_for_inspection": [0.8088307851899736, 0.8361309847178308, 0.9559271953050453, 0.4916330710035589], "number_hours_available_for_inspection": [432, 425, 452], "expected_number_hours_required_for_repair": [1.3727609040553042, 1.476137606336257, 1.5353932074195527, 1.2930574211756956], "number_hours_available_for_repair": [567, 530, 627], "warehouse_capacity_of_facility": [977, 1017, 1010], "cost_of_inspection": [16.176615703799474, 16.722619694356617, 19.118543906100907, 9.832661420071178], "expected_cost_of_repair": [39.786485438741195, 43.376213283831454, 44.920980184540184, 37.103551273614514], "cost_of_transportation": [67, 117], "holding_cost": [2.2273399292908644, 1.859825597676458, 1.9091037197054759], "rejection_cost": [300.0, 300.0, 300.0, 300.0]}