{"container_types": 4, "number_of_facilities": 2, "container_quality_level": 5, "time_periods": 7, "number_containers_arriving_to_facility_zero": [[107, 191, 155, 258, 284, 272, 286], [157, 202, 129, 215, 296, 106, 132], [259, 268, 166, 266, 229, 193, 145], [282, 247, 150, 258, 192, 159, 265]], "number_unexpected_containers_at_facilities": [[37, 40, 12], [76, 5, 12], [91, 89, 44], [69, 51, 35]], "number_good_quality_containers_at_facilities": [[50, 55, 54], [92, 97, 37], [24, 29, 19], [89, 77, 80]], "containers_demand_for_clients": [[322, 322, 275, 285, 234, 231, 332], [254, 236, 303, 295, 298, 246, 299], [241, 227, 252, 260, 205, 202, 187], [231, 299, 208, 292, 240, 242, 212]], "transportation_capacity": 565, "probability_original_quality_level": [[8.0, 34.0, 0.0, 1.0, 29.0, 27.0, 1.0], [5.0, 7.0, 22.0, 32.0, 15.0, 16.0, 3.0], [8.0, 13.0, 25.0, 5.0, 11.0, 35.0, 3.0], [8.0, 24.0, 21.0, 17.0, 2.0, 24.0, 4.0]], "number_hours_required_for_inspection": [0.9719571469823065, 0.8488776705898006, 0.8584487110019136, 0.9365094665914386], "number_hours_available_for_inspection": [531, 449, 390], "expected_number_hours_required_for_repair": [1.3732077125947362, 1.4563637762875044, 1.5151455425976843, 1.3131277094082372], "number_hours_available_for_repair": [506, 572, 597], "warehouse_capacity_of_facility": [1036, 959, 944], "cost_of_inspection": [19.439142939646132, 16.977553411796013, 17.168974220038272, 18.73018933182877], "expected_cost_of_repair": [39.79576415373816, 42.93889097819494, 44.367821983669636, 38.05365670064998], "cost_of_transportation": [112, 149], "holding_cost": [2.0042884534449223, 1.886036524510594, 1.0877886001259989], "rejection_cost": [300.0, 300.0, 300.0, 300.0]}