{"container_types": 4, "number_of_facilities": 2, "container_quality_level": 5, "time_periods": 7, "number_containers_arriving_to_facility_zero": [[130, 285, 203, 299, 198, 214, 163], [227, 159, 288, 136, 104, 267, 233], [217, 133, 161, 292, 215, 181, 295], [166, 194, 158, 140, 251, 210, 129]], "number_unexpected_containers_at_facilities": [[27, 33, 35], [18, 18, 85], [31, 80, 47], [84, 33, 76]], "number_good_quality_containers_at_facilities": [[95, 7, 93], [81, 59, 72], [73, 86, 45], [72, 26, 45]], "containers_demand_for_clients": [[238, 181, 256, 225, 231, 212, 249], [212, 215, 274, 219, 272, 226, 213], [239, 296, 270, 287, 272, 297, 297], [295, 281, 310, 290, 226, 257, 270]], "transportation_capacity": 709, "probability_original_quality_level": [[6.0, 21.0, 25.0, 21.0, 19.0, 8.0, 0.0], [7.0, 13.0, 18.0, 10.0, 27.0, 25.0, 0.0], [6.0, 25.0, 9.0, 19.0, 31.0, 10.0, 0.0], [9.0, 11.0, 10.0, 37.0, 29.0, 4.0, 0.0]], "number_hours_required_for_inspection": [0.6423448302385227, 0.7988735277748714, 0.62693802627558, 0.901224847081487], "number_hours_available_for_inspection": [367, 423, 293], "expected_number_hours_required_for_repair": [1.359140575543969, 1.5368167355880014, 1.3643105171102925, 1.4194132313983587], "number_hours_available_for_repair": [611, 598, 614], "warehouse_capacity_of_facility": [910, 915, 954], "cost_of_inspection": [12.846896604770455, 15.977470555497428, 12.5387605255116, 18.02449694162974], "expected_cost_of_repair": [39.926257899125766, 44.786940153436284, 40.134710143058506, 41.47079786375961], "cost_of_transportation": [70, 119], "holding_cost": [2.5760201748194866, 1.6934983772991594, 1.4676381059863028], "rejection_cost": [300.0, 300.0, 300.0, 300.0]}