{"container_types": 4, "number_of_facilities": 2, "container_quality_level": 5, "time_periods": 7, "number_containers_arriving_to_facility_zero": [[135, 256, 158, 238, 151, 275, 231], [220, 132, 236, 163, 194, 222, 292], [201, 201, 192, 194, 208, 205, 137], [298, 273, 254, 208, 258, 202, 297]], "number_unexpected_containers_at_facilities": [[63, 80, 9], [0, 89, 52], [69, 67, 62], [70, 5, 62]], "number_good_quality_containers_at_facilities": [[63, 70, 50], [47, 86, 36], [20, 42, 64], [37, 31, 4]], "containers_demand_for_clients": [[259, 270, 233, 293, 239, 246, 338], [217, 295, 272, 277, 233, 217, 244], [275, 285, 302, 270, 288, 262, 234], [238, 272, 249, 249, 238, 269, 225]], "transportation_capacity": 598, "probability_original_quality_level": [[7.0, 18.0, 10.0, 1.0, 25.0, 35.0, 4.0], [7.0, 12.0, 44.0, 3.0, 3.0, 28.0, 3.0], [8.0, 6.0, 5.0, 19.0, 28.0, 29.0, 5.0], [6.0, 20.0, 30.0, 4.0, 6.0, 31.0, 3.0]], "number_hours_required_for_inspection": [0.8267670666930678, 0.9901368377587355, 0.882747852901744, 0.8065935628151097], "number_hours_available_for_inspection": [373, 438, 447], "expected_number_hours_required_for_repair": [1.503679961498638, 1.282105711218287, 1.5739254456811609, 1.3257655603873835], "number_hours_available_for_repair": [527, 622, 471], "warehouse_capacity_of_facility": [1065, 1100, 946], "cost_of_inspection": [16.535341333861354, 19.80273675517471, 17.654957058034878, 16.131871256302194], "expected_cost_of_repair": [43.8337550819931, 37.362754661893106, 46.20238686599607, 39.047533486642756], "cost_of_transportation": [144, 144], "holding_cost": [2.0046739613166022, 1.9246926065421577, 1.5708158890931898], "rejection_cost": [300.0, 300.0, 300.0, 300.0]}