{"container_types": 4, "number_of_facilities": 2, "container_quality_level": 5, "time_periods": 7, "number_containers_arriving_to_facility_zero": [[181, 297, 292, 156, 202, 100, 252], [282, 282, 251, 145, 108, 153, 166], [157, 225, 235, 263, 144, 174, 136], [247, 102, 252, 148, 241, 275, 274]], "number_unexpected_containers_at_facilities": [[86, 91, 57], [52, 10, 96], [1, 45, 70], [41, 92, 58]], "number_good_quality_containers_at_facilities": [[60, 60, 57], [2, 58, 0], [71, 27, 95], [70, 55, 34]], "containers_demand_for_clients": [[241, 276, 244, 289, 273, 240, 276], [266, 283, 276, 304, 265, 216, 309], [221, 240, 187, 273, 267, 228, 239], [222, 278, 235, 231, 209, 251, 245]], "transportation_capacity": 581, "probability_original_quality_level": [[9.0, 31.0, 14.0, 23.0, 14.0, 5.0, 4.0], [9.0, 22.0, 6.0, 11.0, 22.0, 29.0, 1.0], [10.0, 21.0, 6.0, 27.0, 14.0, 17.0, 5.0], [9.0, 14.0, 10.0, 23.0, 18.0, 24.0, 2.0]], "number_hours_required_for_inspection": [0.9662512929583926, 0.8521241565666064, 0.662241704783592, 0.3517045174229479], "number_hours_available_for_inspection": [320, 370, 398], "expected_number_hours_required_for_repair": [1.2575199765420313, 1.4824754188631022, 1.368589546066883, 1.455921189941406], "number_hours_available_for_repair": [526, 474, 612], "warehouse_capacity_of_facility": [1075, 1031, 945], "cost_of_inspection": [19.32502585916785, 17.04248313133213, 13.244834095671841, 7.034090348458958], "expected_cost_of_repair": [36.0546014088742, 43.20415215995402, 39.409001019704526, 42.71232896730816], "cost_of_transportation": [120, 77], "holding_cost": [2.630932842312701, 1.7397501850265922, 1.9583228963276635], "rejection_cost": [300.0, 300.0, 300.0, 300.0]}