{"container_types": 4, "number_of_facilities": 2, "container_quality_level": 5, "time_periods": 7, "number_containers_arriving_to_facility_zero": [[231, 132, 208, 264, 200, 265, 172], [119, 132, 265, 198, 215, 270, 144], [236, 279, 218, 110, 186, 234, 151], [153, 281, 177, 145, 129, 258, 186]], "number_unexpected_containers_at_facilities": [[64, 83, 95], [2, 51, 60], [47, 30, 63], [97, 34, 89]], "number_good_quality_containers_at_facilities": [[31, 27, 58], [54, 7, 20], [76, 39, 80], [14, 9, 7]], "containers_demand_for_clients": [[224, 258, 205, 237, 236, 180, 212], [273, 283, 268, 272, 255, 236, 226], [247, 182, 240, 191, 234, 234, 234], [223, 220, 289, 205, 209, 234, 208]], "transportation_capacity": 661, "probability_original_quality_level": [[5.0, 22.0, 16.0, 10.0, 15.0, 31.0, 1.0], [5.0, 0.0, 31.0, 33.0, 14.0, 17.0, 0.0], [6.0, 39.0, 25.0, 15.0, 4.0, 10.0, 1.0], [7.0, 28.0, 15.0, 8.0, 18.0, 22.0, 2.0]], "number_hours_required_for_inspection": [0.5509987004712414, 0.35576652637066297, 0.9130000009708964, 0.814586943467166], "number_hours_available_for_inspection": [335, 256, 285], "expected_number_hours_required_for_repair": [1.4947574218461699, 1.4974590496822864, 1.1517954226911928, 1.3448843055401545], "number_hours_available_for_repair": [448, 466, 518], "warehouse_capacity_of_facility": [1003, 902, 998], "cost_of_inspection": [11.019974009424828, 7.11533052741326, 18.260000019417927, 16.29173886934332], "expected_cost_of_repair": [44.23142277174893, 44.382982309354105, 33.945068776134555, 39.550087142635746], "cost_of_transportation": [115, 78], "holding_cost": [2.393397717742133, 1.5532564934035564, 1.9156930593126846], "rejection_cost": [300.0, 300.0, 300.0, 300.0]}