{"container_types": 4, "number_of_facilities": 2, "container_quality_level": 5, "time_periods": 14, "number_containers_arriving_to_facility_zero": [[168, 286, 288, 136, 183, 269, 226, 238, 189, 170, 228, 202, 221, 248], [290, 165, 113, 234, 233, 147, 273, 284, 113, 129, 110, 211, 250, 185], [229, 181, 172, 288, 251, 192, 112, 109, 287, 191, 297, 273, 194, 209], [281, 245, 222, 101, 130, 212, 126, 283, 160, 288, 129, 284, 183, 136]], "number_unexpected_containers_at_facilities": [[76, 85, 6], [76, 67, 90], [82, 44, 31], [92, 28, 21]], "number_good_quality_containers_at_facilities": [[52, 61, 24], [63, 42, 10], [62, 11, 84], [1, 33, 62]], "containers_demand_for_clients": [[255, 255, 205, 247, 236, 201, 223, 251, 187, 222, 254, 208, 252, 233], [278, 245, 271, 272, 225, 209, 282, 196, 213, 211, 199, 203, 234, 192], [176, 244, 217, 201, 262, 207, 203, 189, 255, 215, 230, 232, 195, 223], [276, 268, 274, 189, 262, 243, 199, 225, 212, 203, 274, 251, 229, 190]], "transportation_capacity": 599, "probability_original_quality_level": [[10.0, 24.0, 2.0, 21.0, 11.0, 30.0, 2.0], [9.0, 38.0, 0.0, 47.0, 3.0, 3.0, 0.0], [9.0, 21.0, 19.0, 33.0, 12.0, 5.0, 1.0], [7.0, 29.0, 1.0, 27.0, 30.0, 5.0, 1.0]], "number_hours_required_for_inspection": [0.6227659196649942, 0.370616546159608, 0.5244725911579006, 0.7023798305690699], "number_hours_available_for_inspection": [248, 295, 223], "expected_number_hours_required_for_repair": [1.3569867485849416, 1.0816279414937418, 1.3432499461201501, 1.338896939278192], "number_hours_available_for_repair": [354, 367, 365], "warehouse_capacity_of_facility": [867, 927, 890], "cost_of_inspection": [12.455318393299883, 7.41233092319216, 10.489451823158012, 14.0475966113814], "expected_cost_of_repair": [39.560731900217846, 31.38511439106402, 38.59714269807702, 38.80167026495143], "cost_of_transportation": [72, 109], "holding_cost": [2.0327566057683675, 2.4950751780975136, 1.4407558635625852], "rejection_cost": [300.0, 300.0, 300.0, 300.0]}