{"container_types": 4, "number_of_facilities": 2, "container_quality_level": 5, "time_periods": 14, "number_containers_arriving_to_facility_zero": [[255, 131, 212, 221, 205, 279, 294, 103, 249, 116, 290, 245, 221, 124], [125, 219, 118, 250, 267, 187, 208, 255, 118, 110, 286, 181, 297, 275], [200, 109, 213, 286, 218, 152, 258, 267, 208, 128, 236, 159, 293, 292], [103, 129, 146, 116, 150, 299, 151, 293, 294, 187, 206, 223, 271, 218]], "number_unexpected_containers_at_facilities": [[67, 15, 86], [82, 80, 99], [58, 3, 47], [21, 34, 83]], "number_good_quality_containers_at_facilities": [[71, 17, 73], [56, 39, 36], [66, 20, 74], [79, 99, 46]], "containers_demand_for_clients": [[202, 252, 233, 230, 184, 254, 246, 222, 237, 224, 228, 235, 263, 226], [253, 197, 230, 217, 238, 246, 239, 258, 206, 210, 186, 195, 231, 257], [218, 279, 220, 253, 251, 187, 267, 231, 198, 227, 214, 194, 242, 195], [234, 214, 242, 212, 201, 215, 225, 222, 249, 220, 207, 215, 261, 214]], "transportation_capacity": 585, "probability_original_quality_level": [[10.0, 31.0, 7.0, 14.0, 31.0, 3.0, 4.0], [10.0, 17.0, 22.0, 21.0, 6.0, 21.0, 3.0], [5.0, 32.0, 29.0, 8.0, 15.0, 11.0, 0.0], [6.0, 10.0, 12.0, 28.0, 27.0, 15.0, 2.0]], "number_hours_required_for_inspection": [0.804366137693885, 0.44533104056065975, 0.6165694874839206, 0.7718615428108833], "number_hours_available_for_inspection": [243, 258, 311], "expected_number_hours_required_for_repair": [1.2009267441022518, 1.3358640590759905, 1.2415812785059013, 1.4933640030763669], "number_hours_available_for_repair": [549, 461, 418], "warehouse_capacity_of_facility": [842, 848, 1011], "cost_of_inspection": [16.0873227538777, 8.906620811213195, 12.331389749678412, 15.437230856217665], "expected_cost_of_repair": [34.86447799101097, 38.70423652983826, 36.36970714891438, 44.00107675080524], "cost_of_transportation": [133, 73], "holding_cost": [2.171281298059531, 1.6606281311153053, 1.3648223906879067], "rejection_cost": [300.0, 300.0, 300.0, 300.0]}