{"container_types": 4, "number_of_facilities": 2, "container_quality_level": 5, "time_periods": 14, "number_containers_arriving_to_facility_zero": [[252, 295, 250, 133, 220, 175, 137, 278, 160, 187, 124, 268, 247, 269], [208, 280, 214, 169, 285, 128, 279, 156, 160, 212, 213, 215, 293, 131], [240, 276, 238, 268, 152, 169, 105, 288, 273, 151, 274, 169, 247, 101], [269, 146, 219, 102, 229, 105, 160, 284, 215, 214, 208, 210, 250, 216]], "number_unexpected_containers_at_facilities": [[36, 39, 33], [35, 3, 74], [59, 75, 99], [22, 23, 85]], "number_good_quality_containers_at_facilities": [[40, 82, 44], [34, 12, 18], [14, 9, 80], [82, 4, 16]], "containers_demand_for_clients": [[208, 255, 255, 224, 185, 189, 183, 225, 242, 251, 227, 223, 253, 244], [199, 269, 272, 237, 263, 251, 241, 231, 207, 188, 248, 202, 190, 251], [201, 228, 188, 251, 252, 211, 261, 261, 232, 203, 196, 190, 230, 203], [237, 253, 229, 210, 257, 198, 249, 218, 260, 270, 262, 217, 272, 200]], "transportation_capacity": 592, "probability_original_quality_level": [[5.0, 17.0, 22.0, 16.0, 2.0, 37.0, 1.0], [6.0, 9.0, 15.0, 33.0, 15.0, 22.0, 0.0], [8.0, 8.0, 8.0, 33.0, 5.0, 35.0, 3.0], [6.0, 7.0, 4.0, 25.0, 16.0, 38.0, 4.0]], "number_hours_required_for_inspection": [0.750418128832425, 0.7386509762230641, 0.7414756387209588, 0.7648389029075393], "number_hours_available_for_inspection": [398, 350, 348], "expected_number_hours_required_for_repair": [1.4654140688964605, 1.5060844151500117, 1.5278658537537764, 1.560874610708865], "number_hours_available_for_repair": [604, 634, 500], "warehouse_capacity_of_facility": [885, 883, 953], "cost_of_inspection": [15.0083625766485, 14.773019524461281, 14.829512774419175, 15.296778058150785], "expected_cost_of_repair": [43.145320851962595, 44.38105269153726, 44.87205026952095, 45.819736159344195], "cost_of_transportation": [71, 126], "holding_cost": [2.424041473416027, 1.8927668440801138, 1.2354023576493494], "rejection_cost": [300.0, 300.0, 300.0, 300.0]}