{"container_types": 4, "number_of_facilities": 2, "container_quality_level": 5, "time_periods": 14, "number_containers_arriving_to_facility_zero": [[206, 100, 129, 164, 260, 237, 143, 235, 221, 249, 148, 240, 143, 101], [252, 207, 213, 160, 206, 239, 177, 255, 183, 243, 108, 222, 141, 165], [130, 234, 273, 221, 172, 236, 262, 273, 195, 245, 183, 259, 188, 246], [299, 216, 253, 233, 133, 299, 226, 280, 143, 126, 237, 198, 162, 122]], "number_unexpected_containers_at_facilities": [[98, 54, 93], [76, 55, 63], [8, 81, 21], [10, 64, 18]], "number_good_quality_containers_at_facilities": [[0, 62, 78], [32, 7, 36], [28, 62, 55], [34, 86, 36]], "containers_demand_for_clients": [[199, 257, 250, 213, 248, 221, 193, 242, 205, 214, 210, 258, 186, 193], [253, 220, 238, 181, 226, 175, 231, 181, 190, 247, 189, 252, 185, 236], [250, 250, 179, 214, 195, 176, 219, 188, 174, 239, 254, 224, 187, 196], [240, 240, 270, 211, 241, 244, 222, 203, 245, 225, 203, 250, 236, 242]], "transportation_capacity": 607, "probability_original_quality_level": [[9.0, 19.0, 18.0, 16.0, 22.0, 14.0, 2.0], [9.0, 27.0, 2.0, 25.0, 9.0, 25.0, 3.0], [10.0, 31.0, 7.0, 2.0, 7.0, 39.0, 4.0], [7.0, 14.0, 22.0, 13.0, 16.0, 27.0, 1.0]], "number_hours_required_for_inspection": [0.9312089177473768, 0.7230973741572212, 0.9458446700635856, 0.9011737120093364], "number_hours_available_for_inspection": [367, 380, 364], "expected_number_hours_required_for_repair": [1.3703019114555195, 1.3854653444285732, 1.5043797318722418, 1.477728944268702], "number_hours_available_for_repair": [470, 407, 493], "warehouse_capacity_of_facility": [978, 805, 882], "cost_of_inspection": [18.624178354947535, 14.461947483144424, 18.916893401271714, 18.02347424018673], "expected_cost_of_repair": [40.07188704444988, 40.55123012190982, 43.17070205442496, 43.13048825178927], "cost_of_transportation": [154, 128], "holding_cost": [2.924739218153497, 2.1031742713678696, 1.9724772583083316], "rejection_cost": [300.0, 300.0, 300.0, 300.0]}