{"container_types": 4, "number_of_facilities": 2, "container_quality_level": 5, "time_periods": 14, "number_containers_arriving_to_facility_zero": [[184, 245, 127, 297, 174, 130, 105, 194, 213, 137, 154, 267, 111, 145], [146, 162, 269, 273, 278, 123, 116, 282, 147, 204, 208, 251, 243, 164], [179, 158, 295, 104, 100, 125, 269, 232, 165, 298, 187, 146, 109, 267], [296, 272, 138, 180, 188, 254, 118, 209, 138, 285, 105, 138, 116, 276]], "number_unexpected_containers_at_facilities": [[94, 42, 17], [93, 72, 5], [43, 51, 65], [89, 39, 92]], "number_good_quality_containers_at_facilities": [[77, 95, 9], [76, 58, 12], [82, 7, 59], [86, 63, 59]], "containers_demand_for_clients": [[221, 205, 259, 193, 230, 183, 241, 266, 185, 216, 191, 263, 187, 252], [189, 207, 220, 178, 222, 187, 183, 166, 192, 195, 228, 199, 196, 166], [219, 233, 223, 250, 250, 232, 190, 266, 233, 208, 219, 262, 246, 251], [196, 194, 238, 196, 189, 197, 170, 229, 178, 238, 223, 177, 198, 247]], "transportation_capacity": 598, "probability_original_quality_level": [[8.0, 14.0, 2.0, 38.0, 15.0, 20.0, 3.0], [6.0, 23.0, 23.0, 11.0, 18.0, 16.0, 3.0], [9.0, 9.0, 36.0, 8.0, 32.0, 5.0, 1.0], [9.0, 6.0, 33.0, 2.0, 39.0, 6.0, 5.0]], "number_hours_required_for_inspection": [0.4373663191976105, 0.5519649962859766, 0.4605611275941186, 0.8389791404490078], "number_hours_available_for_inspection": [211, 293, 226], "expected_number_hours_required_for_repair": [1.4351621462614894, 1.3296168608250423, 1.3779684918819992, 1.4112527296939386], "number_hours_available_for_repair": [480, 496, 451], "warehouse_capacity_of_facility": [781, 908, 817], "cost_of_inspection": [8.74732638395221, 11.039299925719533, 9.211222551882372, 16.779582808980155], "expected_cost_of_repair": [41.60514511719091, 38.96567794027105, 40.430156186081575, 40.63055860208202], "cost_of_transportation": [72, 111], "holding_cost": [2.599320711375418, 2.492226605414389, 1.7998863203871682], "rejection_cost": [300.0, 300.0, 300.0, 300.0]}