{"container_types": 4, "number_of_facilities": 2, "container_quality_level": 5, "time_periods": 14, "number_containers_arriving_to_facility_zero": [[144, 161, 270, 100, 192, 175, 298, 224, 299, 237, 160, 120, 106, 259], [185, 171, 155, 285, 117, 210, 173, 287, 180, 287, 246, 199, 137, 124], [272, 148, 220, 235, 188, 176, 137, 296, 190, 118, 255, 225, 270, 219], [215, 291, 275, 282, 292, 149, 155, 188, 240, 270, 246, 232, 262, 183]], "number_unexpected_containers_at_facilities": [[58, 45, 41], [89, 81, 33], [2, 79, 43], [35, 58, 68]], "number_good_quality_containers_at_facilities": [[67, 6, 15], [99, 50, 96], [86, 1, 49], [16, 35, 80]], "containers_demand_for_clients": [[218, 298, 253, 280, 213, 287, 273, 223, 249, 282, 204, 298, 206, 274], [210, 187, 198, 220, 244, 206, 193, 251, 222, 222, 183, 252, 251, 196], [191, 241, 200, 221, 266, 234, 194, 220, 217, 221, 223, 242, 250, 237], [202, 266, 221, 267, 185, 212, 206, 238, 199, 236, 214, 259, 248, 217]], "transportation_capacity": 528, "probability_original_quality_level": [[10.0, 21.0, 15.0, 16.0, 21.0, 13.0, 4.0], [6.0, 24.0, 24.0, 11.0, 3.0, 27.0, 5.0], [10.0, 5.0, 33.0, 1.0, 21.0, 26.0, 4.0], [7.0, 17.0, 17.0, 22.0, 6.0, 26.0, 5.0]], "number_hours_required_for_inspection": [0.7518379699489757, 0.38945446489542324, 0.9414613389253907, 0.3822125674165612], "number_hours_available_for_inspection": [313, 324, 297], "expected_number_hours_required_for_repair": [1.2794577959660116, 1.2447367677789123, 1.364595837032005, 1.354975590501368], "number_hours_available_for_repair": [431, 446, 564], "warehouse_capacity_of_facility": [968, 847, 1003], "cost_of_inspection": [15.036759398979513, 7.789089297908465, 18.829226778507817, 7.644251348331224], "expected_cost_of_repair": [37.08143587956439, 36.480082757531456, 39.901081087010624, 39.87859616886834], "cost_of_transportation": [124, 81], "holding_cost": [2.039233092247038, 1.929799415876789, 1.9248475950867903], "rejection_cost": [300.0, 300.0, 300.0, 300.0]}