{"container_types": 4, "number_of_facilities": 2, "container_quality_level": 5, "time_periods": 14, "number_containers_arriving_to_facility_zero": [[202, 199, 176, 168, 235, 153, 289, 291, 281, 160, 248, 182, 257, 128], [169, 282, 105, 190, 258, 156, 248, 244, 238, 140, 270, 214, 158, 279], [257, 173, 145, 220, 229, 167, 211, 287, 238, 247, 190, 131, 177, 273], [228, 236, 154, 203, 121, 228, 215, 253, 200, 213, 251, 102, 128, 268]], "number_unexpected_containers_at_facilities": [[99, 21, 93], [12, 88, 41], [4, 66, 8], [53, 80, 30]], "number_good_quality_containers_at_facilities": [[67, 16, 36], [65, 90, 99], [20, 50, 62], [34, 95, 57]], "containers_demand_for_clients": [[215, 256, 185, 240, 242, 255, 235, 239, 237, 235, 267, 229, 211, 252], [223, 213, 279, 191, 210, 225, 205, 211, 280, 234, 254, 233, 234, 238], [276, 219, 281, 235, 275, 243, 204, 228, 199, 248, 275, 211, 206, 263], [194, 227, 250, 219, 204, 240, 232, 252, 216, 251, 203, 218, 196, 226]], "transportation_capacity": 570, "probability_original_quality_level": [[7.0, 7.0, 19.0, 22.0, 20.0, 22.0, 3.0], [6.0, 32.0, 9.0, 9.0, 21.0, 21.0, 2.0], [10.0, 13.0, 26.0, 6.0, 24.0, 18.0, 3.0], [8.0, 18.0, 20.0, 4.0, 23.0, 22.0, 5.0]], "number_hours_required_for_inspection": [0.35529397082691916, 0.8257740292157584, 0.4431053410217215, 0.8711779819456943], "number_hours_available_for_inspection": [282, 315, 295], "expected_number_hours_required_for_repair": [1.4302892566444279, 1.4181527632184991, 1.3661903745422486, 1.3596341016471596], "number_hours_available_for_repair": [570, 433, 466], "warehouse_capacity_of_facility": [965, 919, 877], "cost_of_inspection": [7.105879416538383, 16.515480584315167, 8.86210682043443, 17.423559638913886], "expected_cost_of_repair": [41.783511694455456, 41.37326064469997, 39.91630113274623, 39.64050496237622], "cost_of_transportation": [135, 160], "holding_cost": [2.0983234598850258, 2.1436777824080613, 1.3083221402366587], "rejection_cost": [300.0, 300.0, 300.0, 300.0]}