{"container_types": 4, "number_of_facilities": 2, "container_quality_level": 5, "time_periods": 14, "number_containers_arriving_to_facility_zero": [[128, 139, 166, 264, 134, 135, 114, 134, 178, 173, 189, 272, 142, 191], [216, 197, 108, 291, 131, 245, 219, 158, 218, 186, 272, 215, 240, 221], [207, 162, 229, 212, 195, 104, 218, 218, 244, 115, 200, 172, 219, 101], [263, 276, 186, 206, 275, 141, 271, 178, 103, 245, 270, 253, 201, 211]], "number_unexpected_containers_at_facilities": [[62, 18, 1], [93, 26, 32], [5, 12, 53], [61, 37, 25]], "number_good_quality_containers_at_facilities": [[9, 56, 97], [47, 31, 6], [32, 22, 78], [10, 89, 26]], "containers_demand_for_clients": [[221, 238, 256, 269, 283, 213, 256, 272, 237, 200, 191, 218, 222, 268], [161, 211, 174, 186, 221, 152, 209, 217, 149, 217, 199, 151, 151, 166], [259, 207, 216, 193, 237, 191, 258, 260, 188, 214, 265, 230, 265, 248], [173, 206, 162, 192, 159, 238, 159, 236, 238, 217, 189, 191, 169, 214]], "transportation_capacity": 557, "probability_original_quality_level": [[10.0, 38.0, 5.0, 6.0, 4.0, 35.0, 2.0], [8.0, 18.0, 34.0, 24.0, 4.0, 8.0, 4.0], [10.0, 18.0, 29.0, 17.0, 13.0, 13.0, 0.0], [9.0, 29.0, 4.0, 0.0, 34.0, 20.0, 4.0]], "number_hours_required_for_inspection": [0.435038804520379, 0.8693512568023816, 0.8630315684232522, 0.6805258861790318], "number_hours_available_for_inspection": [275, 273, 313], "expected_number_hours_required_for_repair": [1.2996173498169776, 1.2835157627644518, 1.3768644866188646, 1.3867260428119033], "number_hours_available_for_repair": [428, 370, 440], "warehouse_capacity_of_facility": [894, 806, 858], "cost_of_inspection": [8.70077609040758, 17.387025136047633, 17.260631368465045, 13.610517723580635], "expected_cost_of_repair": [37.00685783297454, 36.92839432535324, 40.23169398855816, 40.64540449713975], "cost_of_transportation": [87, 140], "holding_cost": [2.2904846825752143, 1.966641088491689, 1.243534599425189], "rejection_cost": [300.0, 300.0, 300.0, 300.0]}