{"container_types": 4, "number_of_facilities": 2, "container_quality_level": 5, "time_periods": 14, "number_containers_arriving_to_facility_zero": [[138, 174, 280, 143, 229, 259, 271, 121, 146, 261, 262, 226, 277, 294], [161, 289, 271, 194, 290, 148, 129, 165, 134, 266, 260, 159, 264, 114], [235, 150, 113, 250, 237, 268, 170, 191, 128, 203, 245, 190, 202, 140], [123, 187, 162, 276, 114, 175, 102, 202, 298, 182, 189, 227, 146, 141]], "number_unexpected_containers_at_facilities": [[0, 60, 35], [5, 45, 87], [67, 36, 36], [27, 42, 13]], "number_good_quality_containers_at_facilities": [[60, 91, 23], [33, 36, 52], [42, 79, 43], [82, 42, 4]], "containers_demand_for_clients": [[229, 192, 165, 157, 156, 210, 187, 204, 228, 215, 228, 203, 171, 231], [226, 257, 215, 257, 213, 237, 202, 250, 195, 213, 248, 215, 237, 272], [210, 216, 179, 215, 253, 187, 233, 248, 235, 245, 211, 240, 218, 263], [211, 209, 256, 194, 175, 240, 205, 180, 253, 192, 207, 177, 257, 183]], "transportation_capacity": 656, "probability_original_quality_level": [[7.0, 6.0, 34.0, 35.0, 3.0, 15.0, 0.0], [5.0, 26.0, 23.0, 9.0, 13.0, 24.0, 0.0], [5.0, 22.0, 22.0, 28.0, 10.0, 13.0, 0.0], [6.0, 18.0, 32.0, 7.0, 27.0, 10.0, 0.0]], "number_hours_required_for_inspection": [0.9817617916491114, 0.8226838500953928, 0.41546605401485975, 0.6383078108270586], "number_hours_available_for_inspection": [364, 338, 291], "expected_number_hours_required_for_repair": [1.3263214090395707, 1.3963902199114266, 1.3591762983888847, 1.370792130168126], "number_hours_available_for_repair": [416, 504, 448], "warehouse_capacity_of_facility": [903, 844, 862], "cost_of_inspection": [19.63523583298223, 16.453677001907856, 8.309321080297195, 12.766156216541171], "expected_cost_of_repair": [38.71387241077725, 41.01141529255753, 40.05114905649565, 40.0256643190264], "cost_of_transportation": [113, 114], "holding_cost": [2.18920427617242, 1.6414470219450523, 1.0474582539568824], "rejection_cost": [300.0, 300.0, 300.0, 300.0]}