{"container_types": 4, "number_of_facilities": 2, "container_quality_level": 5, "time_periods": 14, "number_containers_arriving_to_facility_zero": [[119, 266, 248, 195, 260, 256, 186, 244, 242, 153, 229, 282, 207, 269], [120, 283, 225, 292, 199, 238, 160, 196, 164, 184, 129, 162, 223, 293], [137, 277, 239, 106, 167, 146, 190, 258, 131, 183, 102, 178, 246, 222], [271, 241, 106, 190, 123, 253, 137, 289, 201, 145, 208, 158, 184, 266]], "number_unexpected_containers_at_facilities": [[99, 89, 65], [46, 34, 96], [47, 98, 36], [10, 79, 11]], "number_good_quality_containers_at_facilities": [[30, 89, 15], [26, 8, 46], [37, 56, 32], [22, 35, 29]], "containers_demand_for_clients": [[224, 220, 246, 197, 173, 190, 226, 185, 194, 216, 182, 194, 196, 229], [230, 281, 221, 250, 268, 248, 233, 225, 238, 283, 300, 209, 259, 214], [183, 179, 259, 219, 185, 244, 233, 181, 219, 204, 188, 202, 260, 233], [236, 199, 233, 241, 227, 210, 230, 198, 201, 213, 168, 183, 200, 186]], "transportation_capacity": 476, "probability_original_quality_level": [[7.0, 11.0, 17.0, 16.0, 13.0, 36.0, 0.0], [6.0, 16.0, 0.0, 20.0, 29.0, 24.0, 5.0], [10.0, 39.0, 27.0, 7.0, 6.0, 7.0, 4.0], [6.0, 35.0, 2.0, 14.0, 27.0, 15.0, 1.0]], "number_hours_required_for_inspection": [0.6125569377952205, 0.7803840573366191, 0.528627671726452, 0.48232885667898073], "number_hours_available_for_inspection": [273, 310, 315], "expected_number_hours_required_for_repair": [1.4719470234339702, 1.4582769154008302, 1.115025206978939, 1.3866684840458163], "number_hours_available_for_repair": [440, 379, 434], "warehouse_capacity_of_facility": [972, 804, 934], "cost_of_inspection": [12.25113875590441, 15.607681146732382, 10.57255343452904, 9.646577133579616], "expected_cost_of_repair": [42.809032170402226, 42.90508869593247, 32.17014940646677, 40.846306307063685], "cost_of_transportation": [148, 138], "holding_cost": [2.1618756953845146, 1.8668608706736198, 1.8107033245251665], "rejection_cost": [300.0, 300.0, 300.0, 300.0]}