{"container_types": 4, "number_of_facilities": 2, "container_quality_level": 5, "time_periods": 14, "number_containers_arriving_to_facility_zero": [[122, 276, 164, 178, 103, 296, 186, 220, 114, 165, 257, 292, 213, 241], [152, 259, 129, 172, 293, 152, 286, 288, 216, 263, 254, 260, 164, 167], [215, 107, 157, 127, 268, 282, 108, 267, 281, 239, 296, 285, 194, 208], [150, 169, 109, 234, 234, 197, 119, 256, 229, 100, 159, 289, 160, 121]], "number_unexpected_containers_at_facilities": [[19, 94, 99], [82, 15, 84], [91, 78, 39], [58, 17, 86]], "number_good_quality_containers_at_facilities": [[60, 42, 75], [87, 72, 68], [2, 50, 99], [47, 46, 2]], "containers_demand_for_clients": [[171, 208, 163, 160, 178, 162, 230, 180, 223, 219, 234, 169, 168, 187], [266, 187, 247, 227, 262, 223, 200, 183, 266, 272, 206, 271, 193, 233], [228, 226, 218, 229, 211, 295, 239, 280, 287, 290, 202, 208, 206, 231], [241, 224, 219, 236, 278, 243, 220, 205, 259, 278, 238, 234, 196, 225]], "transportation_capacity": 592, "probability_original_quality_level": [[10.0, 25.0, 17.0, 11.0, 11.0, 23.0, 3.0], [6.0, 7.0, 13.0, 20.0, 26.0, 24.0, 4.0], [10.0, 1.0, 14.0, 41.0, 25.0, 8.0, 1.0], [7.0, 22.0, 16.0, 13.0, 21.0, 20.0, 1.0]], "number_hours_required_for_inspection": [0.42022069639506326, 0.9047025215989565, 0.7740362537884712, 0.34418634991495634], "number_hours_available_for_inspection": [321, 335, 257], "expected_number_hours_required_for_repair": [1.2956339549271203, 1.5359960356925466, 1.4032426438460186, 1.3813113181665142], "number_hours_available_for_repair": [531, 509, 496], "warehouse_capacity_of_facility": [910, 856, 928], "cost_of_inspection": [8.404413927901265, 18.09405043197913, 15.480725075769424, 6.883726998299126], "expected_cost_of_repair": [37.22353005119513, 45.34692376024126, 40.77890507032384, 40.317404038213766], "cost_of_transportation": [136, 166], "holding_cost": [2.9207956295663697, 1.5455511142852572, 1.5117734662613347], "rejection_cost": [300.0, 300.0, 300.0, 300.0]}