{"container_types": 4, "number_of_facilities": 2, "container_quality_level": 5, "time_periods": 14, "number_containers_arriving_to_facility_zero": [[192, 246, 272, 279, 167, 284, 121, 272, 232, 265, 293, 251, 234, 293], [195, 164, 238, 136, 211, 155, 231, 262, 163, 101, 289, 143, 104, 252], [183, 292, 103, 134, 232, 113, 287, 220, 120, 175, 258, 182, 199, 186], [205, 131, 188, 102, 258, 279, 184, 295, 283, 257, 171, 218, 189, 120]], "number_unexpected_containers_at_facilities": [[85, 34, 99], [19, 82, 97], [99, 17, 50], [30, 82, 94]], "number_good_quality_containers_at_facilities": [[89, 3, 40], [46, 31, 90], [48, 97, 68], [37, 57, 10]], "containers_demand_for_clients": [[264, 262, 249, 222, 265, 268, 258, 211, 241, 266, 218, 200, 247, 191], [238, 308, 221, 219, 236, 215, 237, 228, 283, 232, 279, 305, 233, 221], [248, 229, 247, 230, 216, 247, 209, 243, 223, 178, 177, 184, 199, 234], [256, 177, 209, 187, 226, 259, 215, 207, 231, 191, 201, 175, 252, 258]], "transportation_capacity": 547, "probability_original_quality_level": [[10.0, 22.0, 20.0, 5.0, 17.0, 25.0, 1.0], [5.0, 0.0, 30.0, 17.0, 20.0, 27.0, 1.0], [10.0, 23.0, 25.0, 0.0, 22.0, 18.0, 2.0], [6.0, 9.0, 22.0, 18.0, 14.0, 28.0, 3.0]], "number_hours_required_for_inspection": [0.44195054301623343, 0.9106054739261954, 0.4285285915476258, 0.3669540446032478], "number_hours_available_for_inspection": [226, 283, 251], "expected_number_hours_required_for_repair": [1.3473610126254951, 1.5901856800268626, 1.2315140778891793, 1.5352990077193724], "number_hours_available_for_repair": [434, 599, 425], "warehouse_capacity_of_facility": [1012, 985, 894], "cost_of_inspection": [8.839010860324668, 18.212109478523907, 8.570571830952517, 7.339080892064956], "expected_cost_of_repair": [38.7574772526353, 46.81580702751931, 35.62678172657061, 45.25859655456702], "cost_of_transportation": [90, 103], "holding_cost": [2.498097948884066, 1.976662257768463, 1.0360659968006525], "rejection_cost": [300.0, 300.0, 300.0, 300.0]}