{"container_types": 4, "number_of_facilities": 2, "container_quality_level": 5, "time_periods": 14, "number_containers_arriving_to_facility_zero": [[101, 263, 173, 219, 208, 173, 137, 145, 259, 197, 119, 112, 256, 146], [198, 124, 291, 215, 157, 236, 192, 204, 131, 296, 182, 138, 166, 210], [148, 105, 177, 244, 246, 123, 207, 254, 111, 234, 173, 153, 204, 125], [286, 297, 293, 134, 260, 153, 178, 193, 153, 121, 197, 220, 118, 168]], "number_unexpected_containers_at_facilities": [[71, 43, 4], [18, 39, 66], [68, 83, 50], [67, 21, 14]], "number_good_quality_containers_at_facilities": [[77, 80, 50], [32, 51, 54], [98, 58, 60], [87, 17, 39]], "containers_demand_for_clients": [[234, 177, 237, 244, 236, 195, 178, 227, 232, 227, 230, 237, 223, 239], [189, 177, 177, 184, 234, 172, 209, 226, 216, 220, 199, 189, 238, 162], [203, 179, 251, 244, 186, 246, 245, 215, 186, 177, 174, 202, 216, 238], [168, 170, 204, 198, 173, 220, 167, 177, 246, 216, 200, 191, 246, 192]], "transportation_capacity": 566, "probability_original_quality_level": [[9.0, 22.0, 28.0, 21.0, 8.0, 8.0, 4.0], [8.0, 19.0, 21.0, 16.0, 19.0, 12.0, 5.0], [7.0, 20.0, 16.0, 26.0, 17.0, 13.0, 1.0], [10.0, 29.0, 2.0, 25.0, 5.0, 25.0, 4.0]], "number_hours_required_for_inspection": [0.35871614013069764, 0.6685744880424548, 0.9082452814746935, 0.9849083384510323], "number_hours_available_for_inspection": [289, 251, 339], "expected_number_hours_required_for_repair": [1.1380039027600772, 1.2427695713949944, 1.3322770296909567, 1.3753083103623198], "number_hours_available_for_repair": [444, 354, 442], "warehouse_capacity_of_facility": [779, 759, 757], "cost_of_inspection": [7.174322802613952, 13.371489760849096, 18.16490562949387, 19.698166769020645], "expected_cost_of_repair": [32.55125676327506, 36.40545573491311, 39.143902148510584, 40.08913229478468], "cost_of_transportation": [121, 100], "holding_cost": [2.383670047575646, 2.1902543456040937, 1.1095005569463718], "rejection_cost": [300.0, 300.0, 300.0, 300.0]}