{"container_types": 4, "number_of_facilities": 2, "container_quality_level": 5, "time_periods": 14, "number_containers_arriving_to_facility_zero": [[191, 273, 175, 263, 157, 289, 146, 105, 261, 131, 259, 260, 280, 239], [212, 287, 157, 148, 221, 285, 273, 269, 225, 111, 200, 236, 115, 238], [211, 179, 299, 222, 163, 288, 292, 231, 280, 109, 171, 235, 240, 198], [240, 163, 281, 299, 294, 261, 236, 272, 172, 259, 204, 220, 114, 109]], "number_unexpected_containers_at_facilities": [[48, 12, 40], [75, 57, 74], [16, 60, 58], [43, 38, 30]], "number_good_quality_containers_at_facilities": [[98, 58, 97], [45, 10, 83], [7, 75, 45], [17, 37, 72]], "containers_demand_for_clients": [[262, 269, 225, 279, 219, 275, 208, 201, 207, 275, 233, 278, 259, 282], [216, 245, 255, 242, 240, 200, 234, 211, 208, 214, 216, 196, 275, 224], [208, 272, 234, 233, 274, 216, 235, 277, 195, 262, 206, 242, 227, 280], [265, 284, 282, 196, 256, 246, 203, 203, 254, 214, 232, 204, 280, 240]], "transportation_capacity": 623, "probability_original_quality_level": [[5.0, 29.0, 0.0, 6.0, 42.0, 17.0, 1.0], [6.0, 22.0, 18.0, 17.0, 13.0, 22.0, 2.0], [7.0, 10.0, 19.0, 23.0, 3.0, 35.0, 3.0], [6.0, 2.0, 28.0, 4.0, 19.0, 38.0, 3.0]], "number_hours_required_for_inspection": [0.7253561226129339, 0.43208890385613674, 0.8466953920002069, 0.699821109547617], "number_hours_available_for_inspection": [354, 283, 335], "expected_number_hours_required_for_repair": [1.4986048298507726, 1.4182070724985214, 1.4690364657581534, 1.6279814022004726], "number_hours_available_for_repair": [650, 586, 526], "warehouse_capacity_of_facility": [875, 917, 955], "cost_of_inspection": [14.507122452258677, 8.641778077122735, 16.93390784000414, 13.996422190952341], "expected_cost_of_repair": [43.987411789247645, 41.861983086762436, 43.097137254497284, 48.10879617672488], "cost_of_transportation": [73, 127], "holding_cost": [2.0229270877752548, 2.03434452272925, 1.3600103176593419], "rejection_cost": [300.0, 300.0, 300.0, 300.0]}