{"container_types": 4, "number_of_facilities": 2, "container_quality_level": 5, "time_periods": 14, "number_containers_arriving_to_facility_zero": [[132, 198, 250, 175, 175, 127, 203, 293, 126, 106, 137, 203, 100, 260], [123, 103, 109, 281, 246, 184, 104, 200, 189, 167, 151, 224, 168, 261], [198, 282, 196, 205, 183, 253, 171, 263, 171, 135, 182, 215, 235, 290], [126, 150, 241, 134, 278, 237, 224, 132, 259, 276, 196, 177, 138, 201]], "number_unexpected_containers_at_facilities": [[18, 49, 17], [72, 30, 34], [37, 70, 0], [58, 92, 57]], "number_good_quality_containers_at_facilities": [[82, 99, 45], [23, 67, 5], [45, 55, 94], [90, 77, 75]], "containers_demand_for_clients": [[260, 184, 191, 249, 243, 207, 257, 256, 218, 246, 247, 262, 225, 252], [217, 227, 216, 168, 227, 200, 193, 187, 204, 216, 197, 215, 184, 214], [185, 225, 166, 193, 194, 223, 233, 209, 188, 226, 229, 176, 220, 190], [208, 203, 199, 236, 228, 268, 271, 256, 201, 249, 249, 216, 208, 191]], "transportation_capacity": 473, "probability_original_quality_level": [[5.0, 3.0, 28.0, 11.0, 21.0, 27.0, 5.0], [5.0, 19.0, 4.0, 13.0, 19.0, 35.0, 5.0], [6.0, 9.0, 7.0, 39.0, 6.0, 30.0, 3.0], [10.0, 26.0, 29.0, 15.0, 4.0, 14.0, 2.0]], "number_hours_required_for_inspection": [0.49986081642835767, 0.7962683261554369, 0.9020114759166178, 0.9483888027615647], "number_hours_available_for_inspection": [341, 377, 363], "expected_number_hours_required_for_repair": [1.47132872212921, 1.5706833759253547, 1.447575698448044, 1.2484501623662878], "number_hours_available_for_repair": [532, 510, 423], "warehouse_capacity_of_facility": [870, 799, 807], "cost_of_inspection": [9.997216328567154, 15.925366523108737, 18.040229518332357, 18.967776055231294], "expected_cost_of_repair": [43.61663539804024, 46.388734066743616, 42.6206275064645, 35.48231076574269], "cost_of_transportation": [121, 73], "holding_cost": [2.242824785420396, 1.692943185294348, 1.4061654515255397], "rejection_cost": [300.0, 300.0, 300.0, 300.0]}