{"container_types": 4, "number_of_facilities": 2, "container_quality_level": 5, "time_periods": 14, "number_containers_arriving_to_facility_zero": [[298, 251, 245, 146, 245, 202, 253, 170, 161, 163, 225, 163, 194, 125], [130, 250, 187, 278, 101, 218, 241, 153, 114, 299, 278, 129, 177, 174], [169, 278, 155, 247, 295, 181, 221, 290, 116, 123, 186, 255, 206, 248], [101, 242, 114, 267, 129, 288, 203, 170, 114, 112, 216, 295, 168, 147]], "number_unexpected_containers_at_facilities": [[62, 4, 48], [15, 30, 45], [8, 0, 54], [1, 8, 56]], "number_good_quality_containers_at_facilities": [[56, 66, 22], [98, 67, 48], [69, 89, 62], [17, 43, 50]], "containers_demand_for_clients": [[221, 208, 168, 206, 171, 163, 188, 157, 176, 187, 208, 185, 233, 211], [231, 208, 209, 191, 249, 205, 226, 231, 235, 238, 181, 231, 263, 228], [239, 197, 232, 216, 258, 185, 215, 251, 246, 220, 226, 194, 191, 218], [218, 249, 259, 225, 233, 194, 252, 251, 277, 262, 207, 222, 187, 194]], "transportation_capacity": 498, "probability_original_quality_level": [[8.0, 29.0, 1.0, 24.0, 23.0, 13.0, 2.0], [9.0, 13.0, 32.0, 5.0, 34.0, 5.0, 2.0], [10.0, 20.0, 15.0, 22.0, 14.0, 19.0, 0.0], [8.0, 15.0, 17.0, 19.0, 31.0, 7.0, 3.0]], "number_hours_required_for_inspection": [0.7495318592695569, 0.9342000364927405, 0.6327782099164, 0.481652324395394], "number_hours_available_for_inspection": [258, 354, 327], "expected_number_hours_required_for_repair": [1.396499772782286, 1.402378797489436, 1.3605913110819798, 1.36328207465651], "number_hours_available_for_repair": [373, 378, 469], "warehouse_capacity_of_facility": [903, 864, 778], "cost_of_inspection": [14.990637185391138, 18.68400072985481, 12.655564198328, 9.63304648790788], "expected_cost_of_repair": [40.66700041639426, 40.51186106603243, 39.54655868581569, 39.609023593300684], "cost_of_transportation": [109, 125], "holding_cost": [2.1976710836823847, 1.8708468939721277, 1.4881216474289833], "rejection_cost": [300.0, 300.0, 300.0, 300.0]}