{"container_types": 4, "number_of_facilities": 2, "container_quality_level": 5, "time_periods": 14, "number_containers_arriving_to_facility_zero": [[125, 253, 128, 108, 277, 148, 242, 288, 166, 141, 131, 262, 185, 257], [145, 106, 228, 195, 192, 266, 153, 183, 173, 143, 262, 290, 267, 114], [222, 216, 202, 106, 214, 239, 230, 173, 228, 248, 255, 282, 299, 209], [291, 228, 211, 259, 271, 163, 226, 167, 294, 140, 265, 147, 232, 296]], "number_unexpected_containers_at_facilities": [[32, 31, 1], [79, 26, 15], [51, 93, 10], [87, 8, 81]], "number_good_quality_containers_at_facilities": [[78, 45, 26], [35, 35, 55], [89, 25, 14], [31, 81, 25]], "containers_demand_for_clients": [[240, 237, 210, 206, 287, 261, 225, 259, 272, 269, 292, 213, 286, 226], [234, 244, 207, 213, 172, 181, 198, 242, 173, 232, 244, 205, 170, 211], [241, 226, 206, 242, 169, 240, 193, 216, 221, 177, 205, 230, 229, 203], [246, 259, 256, 216, 212, 204, 262, 198, 269, 197, 219, 256, 253, 258]], "transportation_capacity": 674, "probability_original_quality_level": [[6.0, 31.0, 4.0, 1.0, 6.0, 48.0, 4.0], [7.0, 13.0, 26.0, 25.0, 5.0, 24.0, 0.0], [6.0, 1.0, 25.0, 40.0, 18.0, 8.0, 2.0], [8.0, 24.0, 21.0, 5.0, 27.0, 15.0, 0.0]], "number_hours_required_for_inspection": [0.48177624486561743, 0.3356460406952286, 0.4040566687788202, 0.8048179107387871], "number_hours_available_for_inspection": [200, 252, 214], "expected_number_hours_required_for_repair": [1.4665233272286988, 1.4392491618978809, 1.425079253199053, 1.3287846420936453], "number_hours_available_for_repair": [409, 479, 524], "warehouse_capacity_of_facility": [905, 827, 828], "cost_of_inspection": [9.635524897312349, 6.712920813904572, 8.081133375576403, 16.09635821477574], "expected_cost_of_repair": [42.87490817988616, 41.97083956164446, 41.89242737375273, 38.40441775470157], "cost_of_transportation": [110, 163], "holding_cost": [2.9132354056098007, 1.6229052425223531, 1.4883669904189754], "rejection_cost": [300.0, 300.0, 300.0, 300.0]}