{"container_types": 4, "number_of_facilities": 2, "container_quality_level": 5, "time_periods": 14, "number_containers_arriving_to_facility_zero": [[177, 266, 200, 178, 271, 238, 168, 231, 194, 143, 139, 135, 265, 148], [131, 239, 125, 158, 249, 155, 115, 253, 277, 164, 185, 143, 117, 253], [239, 250, 112, 193, 269, 230, 111, 111, 283, 233, 213, 140, 135, 198], [297, 119, 105, 158, 272, 172, 237, 208, 119, 266, 206, 115, 105, 133]], "number_unexpected_containers_at_facilities": [[22, 78, 41], [15, 91, 89], [24, 29, 11], [49, 77, 76]], "number_good_quality_containers_at_facilities": [[47, 4, 85], [38, 0, 69], [62, 79, 50], [4, 31, 25]], "containers_demand_for_clients": [[232, 165, 208, 159, 205, 180, 214, 192, 228, 208, 198, 166, 180, 219], [193, 178, 242, 189, 176, 253, 206, 238, 201, 200, 189, 191, 213, 173], [168, 182, 174, 186, 215, 168, 197, 225, 180, 180, 231, 170, 196, 213], [195, 182, 174, 185, 213, 203, 201, 237, 192, 245, 176, 213, 172, 227]], "transportation_capacity": 625, "probability_original_quality_level": [[5.0, 9.0, 0.0, 29.0, 23.0, 30.0, 4.0], [9.0, 0.0, 15.0, 7.0, 18.0, 46.0, 5.0], [9.0, 17.0, 28.0, 2.0, 40.0, 2.0, 2.0], [10.0, 20.0, 10.0, 26.0, 14.0, 18.0, 2.0]], "number_hours_required_for_inspection": [0.9851386348972954, 0.5195572034111464, 0.49498455356069343, 0.9308223593649646], "number_hours_available_for_inspection": [298, 269, 309], "expected_number_hours_required_for_repair": [1.6847437117670758, 1.570012914471976, 1.391989083062525, 1.386709504577407], "number_hours_available_for_repair": [564, 556, 495], "warehouse_capacity_of_facility": [850, 858, 828], "cost_of_inspection": [19.702772697945907, 10.391144068222928, 9.89969107121387, 18.616447187299293], "expected_cost_of_repair": [49.9270212885067, 46.075269635214724, 40.78631510899589, 39.87033809392406], "cost_of_transportation": [104, 73], "holding_cost": [2.1865074506288646, 1.5424104608296303, 1.053292823715469], "rejection_cost": [300.0, 300.0, 300.0, 300.0]}