{"container_types": 4, "number_of_facilities": 2, "container_quality_level": 5, "time_periods": 14, "number_containers_arriving_to_facility_zero": [[125, 215, 291, 164, 276, 235, 211, 124, 284, 254, 182, 112, 121, 279], [195, 153, 193, 256, 143, 225, 158, 205, 254, 283, 243, 134, 288, 249], [154, 132, 281, 253, 120, 158, 101, 188, 267, 200, 237, 158, 266, 208], [178, 234, 107, 251, 201, 102, 162, 224, 156, 143, 297, 244, 288, 231]], "number_unexpected_containers_at_facilities": [[69, 19, 70], [57, 19, 0], [4, 91, 51], [67, 30, 99]], "number_good_quality_containers_at_facilities": [[58, 43, 62], [77, 13, 70], [63, 67, 23], [22, 12, 40]], "containers_demand_for_clients": [[209, 182, 232, 204, 254, 199, 232, 238, 260, 242, 201, 184, 216, 253], [240, 249, 221, 230, 243, 203, 200, 184, 252, 247, 233, 250, 255, 205], [240, 228, 214, 257, 207, 274, 210, 234, 205, 249, 187, 247, 227, 263], [179, 205, 176, 213, 249, 226, 206, 221, 214, 176, 244, 233, 241, 213]], "transportation_capacity": 636, "probability_original_quality_level": [[8.0, 19.0, 8.0, 26.0, 22.0, 17.0, 0.0], [9.0, 33.0, 24.0, 12.0, 7.0, 14.0, 1.0], [10.0, 34.0, 0.0, 1.0, 27.0, 24.0, 4.0], [9.0, 11.0, 20.0, 11.0, 25.0, 19.0, 5.0]], "number_hours_required_for_inspection": [0.4877823101272343, 0.5493201599809693, 0.666820279882067, 0.8059966734619997], "number_hours_available_for_inspection": [225, 264, 317], "expected_number_hours_required_for_repair": [1.4108262827679119, 1.1880021494033517, 1.2734775221337307, 1.4208501913801574], "number_hours_available_for_repair": [532, 537, 419], "warehouse_capacity_of_facility": [844, 861, 903], "cost_of_inspection": [9.755646202544686, 10.986403199619385, 13.336405597641342, 16.119933469239992], "expected_cost_of_repair": [40.75435915067691, 34.01931597133751, 36.9129519048929, 40.955007794501206], "cost_of_transportation": [109, 82], "holding_cost": [2.8195010462727126, 2.4444866362474755, 1.912737681964566], "rejection_cost": [300.0, 300.0, 300.0, 300.0]}