{"container_types": 4, "number_of_facilities": 2, "container_quality_level": 5, "time_periods": 14, "number_containers_arriving_to_facility_zero": [[135, 198, 271, 283, 212, 284, 149, 211, 259, 281, 114, 220, 238, 150], [201, 167, 275, 138, 292, 265, 295, 239, 172, 211, 277, 132, 238, 263], [237, 249, 199, 295, 182, 296, 159, 245, 107, 105, 229, 135, 254, 107], [158, 244, 201, 220, 168, 200, 134, 168, 286, 198, 226, 217, 224, 225]], "number_unexpected_containers_at_facilities": [[52, 22, 53], [64, 67, 97], [27, 32, 45], [75, 24, 1]], "number_good_quality_containers_at_facilities": [[21, 43, 50], [71, 62, 13], [60, 16, 69], [35, 60, 38]], "containers_demand_for_clients": [[247, 240, 215, 241, 192, 177, 185, 196, 199, 247, 241, 256, 249, 265], [201, 235, 223, 275, 260, 199, 199, 204, 231, 220, 272, 269, 200, 192], [241, 263, 284, 256, 250, 202, 216, 284, 221, 238, 272, 212, 245, 234], [197, 226, 218, 197, 189, 240, 218, 179, 175, 183, 193, 245, 191, 240]], "transportation_capacity": 551, "probability_original_quality_level": [[9.0, 11.0, 14.0, 17.0, 28.0, 19.0, 2.0], [9.0, 19.0, 6.0, 23.0, 7.0, 36.0, 0.0], [7.0, 27.0, 28.0, 17.0, 10.0, 9.0, 2.0], [7.0, 2.0, 18.0, 37.0, 9.0, 22.0, 5.0]], "number_hours_required_for_inspection": [0.5200345674114837, 0.3953326565666101, 0.9977593841874935, 0.8064672813089876], "number_hours_available_for_inspection": [367, 310, 285], "expected_number_hours_required_for_repair": [1.5095417896136456, 1.4916394450949388, 1.242139961284748, 1.452470473401552], "number_hours_available_for_repair": [455, 489, 499], "warehouse_capacity_of_facility": [889, 957, 879], "cost_of_inspection": [10.400691348229675, 7.906653131332202, 19.95518768374987, 16.129345626179752], "expected_cost_of_repair": [43.80517203998461, 43.79905045803193, 36.53416316725082, 42.46615682515173], "cost_of_transportation": [135, 73], "holding_cost": [2.1858188107087453, 2.1715707514296945, 1.9931762634703118], "rejection_cost": [300.0, 300.0, 300.0, 300.0]}