{"container_types": 4, "number_of_facilities": 2, "container_quality_level": 5, "time_periods": 30, "number_containers_arriving_to_facility_zero": [[149, 247, 214, 202, 118, 289, 275, 286, 111, 278, 231, 191, 297, 192, 254, 116, 280, 291, 251, 161, 239, 170, 133, 136, 280, 290, 120, 237, 135, 295], [249, 220, 276, 138, 156, 226, 101, 118, 134, 119, 114, 192, 163, 290, 234, 224, 258, 213, 169, 198, 170, 170, 272, 182, 255, 182, 206, 134, 271, 267], [172, 274, 149, 228, 109, 139, 226, 200, 299, 106, 103, 113, 169, 131, 246, 238, 224, 192, 170, 239, 193, 159, 128, 238, 292, 291, 147, 202, 255, 216], [299, 178, 106, 262, 247, 108, 193, 176, 251, 264, 235, 285, 230, 226, 258, 231, 122, 286, 177, 163, 132, 195, 104, 198, 260, 155, 100, 272, 127, 255]], "number_unexpected_containers_at_facilities": [[43, 18, 58], [64, 65, 7], [73, 6, 38], [35, 23, 26]], "number_good_quality_containers_at_facilities": [[51, 25, 58], [74, 32, 62], [59, 91, 67], [66, 45, 77]], "containers_demand_for_clients": [[193, 217, 253, 242, 170, 229, 181, 223, 234, 197, 186, 226, 227, 206, 239, 175, 204, 183, 186, 202, 209, 198, 169, 251, 247, 181, 211, 189, 226, 208], [235, 190, 199, 217, 266, 232, 252, 222, 248, 194, 242, 215, 242, 210, 202, 222, 261, 212, 224, 188, 242, 199, 263, 200, 225, 228, 241, 204, 216, 180], [223, 235, 203, 204, 241, 209, 230, 166, 216, 191, 211, 209, 194, 238, 205, 231, 172, 182, 218, 186, 209, 242, 179, 221, 166, 220, 197, 168, 209, 239], [179, 240, 226, 170, 199, 198, 222, 207, 232, 236, 181, 193, 191, 244, 168, 236, 207, 244, 242, 228, 214, 240, 226, 181, 234, 191, 221, 213, 183, 202]], "transportation_capacity": 668, "probability_original_quality_level": [[9.0, 11.0, 30.0, 37.0, 6.0, 5.0, 2.0], [5.0, 19.0, 22.0, 18.0, 7.0, 29.0, 0.0], [5.0, 17.0, 21.0, 9.0, 27.0, 17.0, 4.0], [9.0, 29.0, 16.0, 19.0, 17.0, 9.0, 1.0]], "number_hours_required_for_inspection": [0.5734741601525246, 0.565598675474677, 0.3772032003615211, 0.7017520602770789], "number_hours_available_for_inspection": [262, 211, 208], "expected_number_hours_required_for_repair": [1.3061833930829894, 1.464326822121649, 1.399869360482933, 1.2428429477054521], "number_hours_available_for_repair": [492, 447, 502], "warehouse_capacity_of_facility": [878, 841, 899], "cost_of_inspection": [11.469483203050492, 11.31197350949354, 7.544064007230422, 14.035041205541578], "expected_cost_of_repair": [38.09489802315451, 43.23136503099201, 41.11199057783817, 35.68171133755949], "cost_of_transportation": [148, 125], "holding_cost": [2.8809579381612265, 2.47003940852141, 1.3970540959807587], "rejection_cost": [200.0, 200.0, 200.0, 200.0]}