{"container_types": 4, "number_of_facilities": 2, "container_quality_level": 5, "time_periods": 30, "number_containers_arriving_to_facility_zero": [[217, 206, 113, 148, 225, 120, 209, 193, 134, 147, 222, 143, 233, 163, 112, 131, 274, 245, 288, 201, 195, 167, 171, 199, 225, 141, 209, 127, 116, 120], [285, 115, 131, 263, 263, 145, 238, 233, 196, 186, 251, 184, 217, 276, 242, 189, 274, 165, 158, 156, 115, 189, 260, 111, 102, 228, 195, 153, 230, 250], [134, 271, 265, 112, 286, 124, 283, 241, 183, 122, 281, 205, 106, 105, 264, 267, 213, 176, 168, 131, 102, 233, 250, 100, 223, 138, 124, 194, 222, 135], [293, 125, 129, 241, 219, 268, 115, 186, 212, 233, 155, 164, 223, 291, 136, 166, 152, 234, 269, 261, 273, 218, 128, 218, 197, 260, 294, 264, 260, 132]], "number_unexpected_containers_at_facilities": [[13, 85, 1], [11, 20, 56], [23, 39, 78], [60, 48, 40]], "number_good_quality_containers_at_facilities": [[62, 86, 39], [76, 1, 53], [26, 0, 82], [25, 83, 42]], "containers_demand_for_clients": [[231, 209, 197, 244, 199, 210, 197, 207, 188, 179, 214, 182, 201, 201, 250, 214, 181, 211, 219, 257, 182, 217, 242, 263, 223, 192, 240, 252, 180, 228], [167, 204, 182, 190, 184, 154, 190, 170, 212, 202, 200, 214, 164, 201, 225, 174, 191, 181, 151, 204, 159, 223, 168, 191, 193, 216, 171, 166, 197, 196], [189, 191, 224, 247, 206, 243, 167, 218, 179, 190, 174, 188, 185, 234, 182, 193, 245, 168, 199, 242, 237, 174, 199, 238, 229, 237, 206, 202, 199, 217], [228, 224, 161, 190, 159, 223, 180, 211, 181, 206, 201, 201, 196, 160, 214, 218, 223, 200, 196, 207, 181, 231, 196, 197, 175, 227, 195, 230, 169, 176]], "transportation_capacity": 539, "probability_original_quality_level": [[9.0, 21.0, 18.0, 5.0, 24.0, 23.0, 0.0], [9.0, 12.0, 11.0, 15.0, 19.0, 30.0, 4.0], [8.0, 11.0, 24.0, 6.0, 25.0, 26.0, 0.0], [6.0, 23.0, 29.0, 25.0, 0.0, 12.0, 5.0]], "number_hours_required_for_inspection": [0.8091774562288824, 0.36291655905276704, 0.7722509818902201, 0.8111126952097673], "number_hours_available_for_inspection": [258, 239, 224], "expected_number_hours_required_for_repair": [1.4710701579994128, 1.4828233905511388, 1.581129111230919, 1.1967977626938553], "number_hours_available_for_repair": [451, 488, 406], "warehouse_capacity_of_facility": [875, 829, 753], "cost_of_inspection": [16.18354912457765, 7.258331181055341, 15.445019637804403, 16.222253904195345], "expected_cost_of_repair": [43.229993672117345, 43.37052722059687, 46.24348376696151, 35.008851438890005], "cost_of_transportation": [99, 169], "holding_cost": [2.6196172507763724, 2.494027310815711, 1.9607712601401057], "rejection_cost": [200.0, 200.0, 200.0, 200.0]}