{"container_types": 4, "number_of_facilities": 2, "container_quality_level": 5, "time_periods": 30, "number_containers_arriving_to_facility_zero": [[293, 281, 203, 187, 111, 272, 201, 255, 161, 103, 181, 169, 119, 200, 294, 201, 147, 103, 113, 192, 242, 168, 294, 198, 133, 145, 109, 282, 169, 127], [186, 144, 261, 237, 183, 290, 258, 276, 153, 171, 297, 150, 192, 108, 179, 193, 213, 248, 224, 162, 183, 175, 205, 273, 240, 226, 102, 239, 239, 296], [276, 223, 110, 271, 263, 222, 104, 178, 261, 282, 178, 116, 222, 130, 194, 249, 178, 150, 165, 268, 144, 145, 239, 170, 144, 258, 237, 252, 160, 122], [206, 264, 228, 229, 215, 125, 170, 288, 146, 190, 179, 170, 231, 190, 109, 184, 132, 165, 105, 271, 136, 157, 151, 127, 132, 197, 183, 145, 220, 255]], "number_unexpected_containers_at_facilities": [[13, 61, 21], [19, 16, 38], [26, 25, 92], [85, 17, 72]], "number_good_quality_containers_at_facilities": [[57, 83, 41], [82, 41, 27], [43, 42, 18], [99, 8, 86]], "containers_demand_for_clients": [[162, 218, 206, 171, 161, 198, 214, 207, 157, 200, 220, 227, 206, 215, 156, 175, 207, 172, 187, 179, 156, 169, 174, 197, 212, 212, 227, 187, 178, 214], [203, 184, 186, 194, 171, 209, 216, 234, 217, 225, 221, 219, 233, 191, 178, 217, 197, 231, 196, 171, 182, 228, 187, 179, 173, 222, 173, 186, 213, 212], [181, 207, 192, 205, 181, 178, 227, 215, 194, 232, 200, 226, 243, 259, 174, 175, 248, 198, 204, 250, 244, 222, 217, 207, 207, 256, 256, 212, 226, 203], [186, 218, 235, 199, 222, 204, 210, 177, 187, 184, 171, 230, 240, 173, 165, 183, 236, 174, 204, 188, 218, 209, 189, 194, 203, 206, 194, 217, 234, 185]], "transportation_capacity": 540, "probability_original_quality_level": [[7.0, 12.0, 24.0, 19.0, 20.0, 15.0, 3.0], [8.0, 25.0, 3.0, 9.0, 10.0, 42.0, 3.0], [6.0, 15.0, 7.0, 25.0, 12.0, 30.0, 5.0], [9.0, 23.0, 21.0, 1.0, 22.0, 19.0, 5.0]], "number_hours_required_for_inspection": [0.6873222488510412, 0.41587608454309477, 0.7192420671587701, 0.9159972917078949], "number_hours_available_for_inspection": [246, 318, 261], "expected_number_hours_required_for_repair": [1.3772771094174903, 1.537080619415638, 1.5714314938984557, 1.3242407822946272], "number_hours_available_for_repair": [424, 403, 359], "warehouse_capacity_of_facility": [778, 771, 792], "cost_of_inspection": [13.746444977020824, 8.317521690861895, 14.384841343175403, 18.3199458341579], "expected_cost_of_repair": [39.943395425111156, 45.03215750198196, 46.07926835167213, 38.78391418578852], "cost_of_transportation": [138, 131], "holding_cost": [2.3142161358025413, 1.8273279561917533, 1.2992030075218626], "rejection_cost": [200.0, 200.0, 200.0, 200.0]}