{"container_types": 4, "number_of_facilities": 2, "container_quality_level": 5, "time_periods": 30, "number_containers_arriving_to_facility_zero": [[180, 120, 128, 119, 246, 204, 210, 106, 192, 282, 265, 255, 278, 106, 230, 269, 153, 284, 210, 234, 234, 226, 247, 204, 229, 158, 152, 153, 200, 270], [247, 223, 144, 282, 148, 168, 192, 164, 157, 274, 175, 158, 160, 191, 202, 157, 138, 182, 258, 159, 235, 281, 146, 247, 272, 111, 277, 124, 130, 190], [229, 235, 216, 227, 288, 253, 108, 147, 254, 231, 199, 217, 101, 138, 219, 145, 184, 132, 204, 102, 261, 207, 109, 234, 132, 269, 206, 246, 101, 213], [250, 193, 246, 200, 274, 110, 246, 202, 197, 245, 114, 219, 239, 137, 223, 252, 198, 105, 160, 231, 222, 261, 231, 284, 180, 107, 244, 207, 250, 230]], "number_unexpected_containers_at_facilities": [[3, 23, 14], [97, 96, 60], [85, 10, 30], [14, 79, 98]], "number_good_quality_containers_at_facilities": [[6, 20, 18], [31, 83, 19], [16, 19, 33], [0, 71, 74]], "containers_demand_for_clients": [[237, 245, 225, 244, 204, 191, 209, 214, 222, 222, 217, 238, 201, 196, 260, 178, 219, 187, 261, 190, 233, 201, 222, 199, 181, 222, 192, 208, 200, 183], [209, 176, 247, 203, 184, 202, 203, 206, 188, 188, 212, 223, 187, 223, 174, 174, 228, 207, 189, 226, 188, 202, 197, 187, 182, 172, 228, 165, 212, 230], [171, 187, 221, 224, 245, 171, 172, 202, 178, 194, 202, 210, 209, 179, 190, 220, 167, 196, 197, 204, 189, 187, 220, 230, 230, 241, 195, 213, 174, 222], [234, 235, 232, 165, 171, 229, 210, 221, 160, 213, 218, 220, 192, 198, 179, 174, 184, 168, 228, 205, 170, 209, 184, 196, 234, 229, 182, 173, 239, 195]], "transportation_capacity": 553, "probability_original_quality_level": [[6.0, 19.0, 18.0, 18.0, 18.0, 16.0, 5.0], [10.0, 21.0, 18.0, 7.0, 17.0, 22.0, 5.0], [8.0, 12.0, 24.0, 11.0, 16.0, 24.0, 5.0], [8.0, 17.0, 26.0, 26.0, 13.0, 6.0, 4.0]], "number_hours_required_for_inspection": [0.7036131339980246, 0.7246082075322632, 0.8821857467979982, 0.8869329795880104], "number_hours_available_for_inspection": [311, 345, 269], "expected_number_hours_required_for_repair": [1.3521077125219276, 1.3350484183146827, 1.3784093638160193, 1.2467777595871423], "number_hours_available_for_repair": [347, 428, 427], "warehouse_capacity_of_facility": [784, 884, 750], "cost_of_inspection": [14.072262679960492, 14.492164150645264, 17.643714935959963, 17.738659591760207], "expected_cost_of_repair": [39.56832229941091, 38.46079089107794, 40.37587057878852, 36.030176412998145], "cost_of_transportation": [107, 109], "holding_cost": [2.0442618574799702, 2.29986437812685, 1.3774416312364826], "rejection_cost": [200.0, 200.0, 200.0, 200.0]}