{"container_types": 4, "number_of_facilities": 2, "container_quality_level": 5, "time_periods": 30, "number_containers_arriving_to_facility_zero": [[295, 121, 283, 240, 126, 205, 234, 186, 191, 221, 238, 207, 176, 142, 148, 198, 109, 110, 277, 128, 121, 101, 166, 231, 176, 157, 299, 125, 236, 265], [197, 274, 231, 285, 100, 253, 244, 218, 287, 241, 132, 147, 262, 127, 147, 237, 250, 193, 168, 173, 265, 100, 170, 135, 161, 288, 149, 172, 156, 292], [291, 145, 246, 170, 196, 206, 126, 129, 190, 292, 125, 180, 135, 269, 249, 283, 149, 163, 265, 163, 282, 260, 175, 250, 204, 259, 266, 227, 202, 145], [283, 218, 178, 170, 236, 134, 147, 179, 243, 271, 160, 173, 287, 157, 185, 270, 269, 153, 186, 145, 197, 256, 196, 278, 192, 288, 286, 214, 227, 116]], "number_unexpected_containers_at_facilities": [[23, 27, 39], [86, 91, 84], [98, 67, 81], [98, 44, 95]], "number_good_quality_containers_at_facilities": [[82, 96, 51], [46, 21, 95], [3, 64, 4], [30, 83, 81]], "containers_demand_for_clients": [[236, 197, 226, 260, 218, 226, 219, 218, 245, 266, 201, 179, 264, 254, 242, 198, 260, 252, 249, 240, 224, 215, 260, 185, 243, 237, 189, 222, 206, 254], [209, 234, 198, 236, 233, 202, 185, 214, 203, 206, 161, 201, 211, 189, 172, 189, 196, 179, 201, 170, 165, 169, 215, 226, 221, 192, 218, 198, 161, 198], [201, 209, 191, 257, 227, 255, 208, 187, 246, 222, 254, 247, 233, 238, 229, 222, 188, 232, 245, 181, 222, 183, 183, 253, 243, 245, 239, 193, 241, 257], [215, 258, 256, 188, 200, 196, 193, 207, 206, 205, 230, 214, 232, 180, 195, 186, 254, 198, 217, 193, 193, 256, 177, 259, 208, 244, 197, 209, 259, 197]], "transportation_capacity": 686, "probability_original_quality_level": [[7.0, 14.0, 8.0, 17.0, 26.0, 24.0, 4.0], [8.0, 19.0, 16.0, 28.0, 22.0, 7.0, 0.0], [7.0, 21.0, 17.0, 15.0, 18.0, 21.0, 1.0], [10.0, 12.0, 20.0, 31.0, 1.0, 25.0, 1.0]], "number_hours_required_for_inspection": [0.4145934504132562, 0.5146035230076788, 0.9641865200389201, 0.7579470559763472], "number_hours_available_for_inspection": [300, 266, 275], "expected_number_hours_required_for_repair": [1.5165466517341404, 1.3738741746042504, 1.4562270990980892, 1.4602171150539283], "number_hours_available_for_repair": [379, 497, 467], "warehouse_capacity_of_facility": [817, 878, 887], "cost_of_inspection": [8.291869008265124, 10.292070460153575, 19.283730400778403, 15.158941119526943], "expected_cost_of_repair": [44.243516096279166, 40.148949038080744, 42.62426657643153, 42.1999093539638], "cost_of_transportation": [77, 106], "holding_cost": [2.510500083257391, 1.5767863163963014, 1.4426791373678436], "rejection_cost": [200.0, 200.0, 200.0, 200.0]}