{"container_types": 4, "number_of_facilities": 2, "container_quality_level": 5, "time_periods": 30, "number_containers_arriving_to_facility_zero": [[255, 180, 141, 118, 119, 116, 299, 269, 272, 125, 158, 191, 153, 204, 130, 158, 215, 161, 116, 190, 283, 293, 190, 139, 119, 252, 163, 227, 132, 214], [233, 254, 193, 105, 221, 181, 101, 169, 139, 193, 187, 239, 183, 135, 283, 104, 211, 287, 101, 261, 168, 101, 164, 178, 106, 153, 144, 295, 147, 195], [228, 223, 209, 260, 230, 129, 273, 123, 188, 123, 269, 205, 293, 278, 120, 186, 101, 269, 220, 160, 228, 209, 212, 252, 159, 199, 180, 185, 256, 186], [219, 236, 258, 271, 105, 151, 252, 260, 251, 256, 208, 146, 199, 172, 282, 255, 198, 136, 111, 138, 234, 269, 240, 237, 209, 249, 298, 267, 138, 190]], "number_unexpected_containers_at_facilities": [[39, 80, 7], [88, 64, 61], [62, 39, 12], [50, 45, 85]], "number_good_quality_containers_at_facilities": [[99, 24, 94], [83, 5, 69], [88, 95, 5], [41, 50, 27]], "containers_demand_for_clients": [[218, 253, 237, 219, 249, 189, 222, 214, 193, 207, 261, 200, 192, 243, 231, 196, 202, 188, 251, 220, 184, 261, 213, 185, 183, 268, 216, 186, 214, 182], [195, 200, 227, 213, 160, 207, 231, 221, 160, 214, 161, 197, 161, 187, 183, 162, 228, 180, 173, 203, 172, 180, 159, 176, 174, 217, 236, 198, 234, 235], [164, 189, 154, 196, 156, 180, 223, 161, 209, 192, 175, 211, 207, 185, 187, 219, 177, 168, 184, 210, 202, 201, 164, 216, 208, 164, 167, 199, 220, 181], [184, 185, 211, 186, 221, 202, 226, 201, 237, 184, 217, 193, 246, 254, 227, 257, 247, 202, 176, 234, 188, 235, 256, 213, 191, 227, 208, 245, 235, 225]], "transportation_capacity": 472, "probability_original_quality_level": [[6.0, 11.0, 16.0, 30.0, 4.0, 33.0, 0.0], [10.0, 7.0, 20.0, 21.0, 22.0, 20.0, 0.0], [10.0, 26.0, 21.0, 5.0, 21.0, 15.0, 2.0], [7.0, 36.0, 15.0, 13.0, 3.0, 23.0, 3.0]], "number_hours_required_for_inspection": [0.5545707719394073, 0.5940094985380336, 0.6611935251256981, 0.7902373763978564], "number_hours_available_for_inspection": [281, 257, 253], "expected_number_hours_required_for_repair": [1.590634292477564, 1.5450748358998434, 1.295192175169535, 1.310065703443964], "number_hours_available_for_repair": [377, 399, 406], "warehouse_capacity_of_facility": [879, 778, 826], "cost_of_inspection": [11.091415438788147, 11.880189970760673, 13.223870502513961, 15.804747527957128], "expected_cost_of_repair": [46.807376980044594, 44.42721010208015, 37.799892531961625, 38.45027481620787], "cost_of_transportation": [105, 155], "holding_cost": [2.213308409549391, 1.9177455616901602, 1.9610573721138849], "rejection_cost": [200.0, 200.0, 200.0, 200.0]}