{"container_types": 4, "number_of_facilities": 2, "container_quality_level": 5, "time_periods": 30, "number_containers_arriving_to_facility_zero": [[289, 243, 147, 162, 265, 129, 220, 166, 297, 140, 266, 236, 227, 299, 189, 171, 235, 170, 264, 296, 106, 240, 285, 274, 127, 117, 205, 296, 169, 251], [122, 233, 165, 266, 189, 213, 179, 177, 209, 204, 164, 257, 240, 107, 132, 207, 151, 125, 297, 117, 256, 138, 296, 125, 208, 264, 244, 113, 294, 164], [197, 291, 195, 167, 280, 258, 103, 102, 279, 292, 219, 127, 275, 131, 223, 160, 251, 199, 118, 113, 213, 145, 202, 291, 197, 223, 193, 123, 250, 170], [200, 220, 140, 135, 244, 240, 130, 218, 152, 165, 287, 102, 153, 260, 112, 274, 132, 266, 149, 277, 235, 292, 140, 225, 182, 139, 274, 215, 181, 127]], "number_unexpected_containers_at_facilities": [[90, 63, 22], [5, 10, 44], [68, 23, 2], [72, 46, 3]], "number_good_quality_containers_at_facilities": [[19, 72, 28], [60, 8, 10], [31, 48, 49], [42, 56, 63]], "containers_demand_for_clients": [[214, 164, 213, 209, 184, 213, 181, 234, 204, 235, 202, 228, 221, 174, 231, 191, 233, 179, 226, 223, 206, 188, 189, 195, 238, 169, 207, 173, 179, 202], [247, 191, 194, 240, 200, 199, 227, 205, 255, 222, 207, 184, 194, 200, 263, 257, 219, 243, 206, 225, 252, 185, 187, 246, 228, 214, 207, 229, 213, 220], [212, 227, 201, 162, 190, 187, 192, 208, 236, 165, 221, 191, 222, 172, 181, 197, 196, 199, 169, 208, 161, 233, 207, 204, 192, 161, 229, 174, 232, 184], [208, 166, 177, 206, 205, 218, 212, 175, 245, 246, 231, 228, 188, 243, 221, 177, 183, 233, 187, 173, 165, 233, 168, 215, 178, 198, 192, 245, 205, 191]], "transportation_capacity": 598, "probability_original_quality_level": [[10.0, 31.0, 3.0, 14.0, 29.0, 11.0, 2.0], [6.0, 27.0, 22.0, 4.0, 24.0, 14.0, 3.0], [10.0, 6.0, 30.0, 29.0, 8.0, 15.0, 2.0], [10.0, 33.0, 30.0, 11.0, 4.0, 8.0, 4.0]], "number_hours_required_for_inspection": [0.6632351107025223, 0.8909002781371123, 0.4950774387481379, 0.7044779184251534], "number_hours_available_for_inspection": [311, 330, 298], "expected_number_hours_required_for_repair": [1.33339535504939, 1.2698549320353891, 1.4037850257702678, 1.0724965439560754], "number_hours_available_for_repair": [315, 389, 358], "warehouse_capacity_of_facility": [767, 814, 803], "cost_of_inspection": [13.264702214050445, 17.818005562742243, 9.901548774962759, 14.089558368503068], "expected_cost_of_repair": [38.39256588239607, 37.44587590417606, 41.022517177356455, 30.891927866316138], "cost_of_transportation": [62, 108], "holding_cost": [2.0586988557647383, 2.153488051238231, 1.3143860300624604], "rejection_cost": [200.0, 200.0, 200.0, 200.0]}