{"container_types": 4, "number_of_facilities": 2, "container_quality_level": 5, "time_periods": 30, "number_containers_arriving_to_facility_zero": [[243, 199, 298, 286, 107, 245, 274, 262, 297, 171, 196, 253, 263, 210, 195, 283, 293, 232, 270, 230, 151, 291, 128, 264, 292, 227, 173, 182, 298, 219], [213, 255, 200, 133, 239, 283, 117, 239, 285, 278, 197, 146, 204, 248, 298, 111, 108, 258, 117, 283, 222, 137, 296, 236, 272, 134, 177, 201, 159, 260], [248, 295, 106, 251, 113, 145, 273, 285, 255, 111, 283, 138, 284, 132, 164, 227, 164, 203, 238, 190, 262, 169, 141, 103, 242, 298, 259, 123, 178, 295], [147, 230, 255, 206, 253, 223, 121, 155, 178, 148, 298, 231, 112, 144, 116, 143, 194, 213, 153, 196, 240, 211, 177, 248, 171, 177, 206, 227, 253, 195]], "number_unexpected_containers_at_facilities": [[21, 9, 5], [61, 28, 40], [21, 74, 64], [98, 17, 73]], "number_good_quality_containers_at_facilities": [[56, 51, 78], [19, 49, 82], [11, 22, 2], [26, 14, 75]], "containers_demand_for_clients": [[203, 192, 230, 178, 171, 163, 192, 221, 218, 215, 242, 213, 194, 207, 244, 201, 179, 202, 201, 170, 223, 214, 223, 226, 168, 204, 189, 187, 163, 218], [272, 209, 201, 255, 234, 236, 236, 236, 208, 218, 200, 203, 268, 251, 287, 230, 247, 233, 239, 286, 212, 259, 251, 243, 278, 200, 244, 215, 216, 244], [243, 178, 226, 193, 221, 225, 242, 204, 222, 257, 248, 243, 186, 206, 201, 247, 226, 248, 206, 245, 251, 205, 235, 227, 216, 249, 262, 248, 219, 193], [231, 213, 205, 241, 228, 254, 208, 174, 176, 173, 218, 228, 199, 181, 226, 170, 189, 232, 221, 225, 219, 237, 252, 194, 244, 187, 238, 179, 186, 220]], "transportation_capacity": 652, "probability_original_quality_level": [[5.0, 11.0, 11.0, 9.0, 49.0, 13.0, 2.0], [5.0, 20.0, 21.0, 14.0, 14.0, 22.0, 4.0], [7.0, 17.0, 25.0, 8.0, 0.0, 41.0, 2.0], [7.0, 34.0, 24.0, 12.0, 16.0, 6.0, 1.0]], "number_hours_required_for_inspection": [0.429006488049008, 0.45675258891893594, 0.9574810372430418, 0.9293083437965404], "number_hours_available_for_inspection": [327, 273, 271], "expected_number_hours_required_for_repair": [1.5824301008624753, 1.3934098789559544, 1.4831063983715211, 1.2751348476383868], "number_hours_available_for_repair": [459, 517, 526], "warehouse_capacity_of_facility": [869, 872, 884], "cost_of_inspection": [8.58012976098016, 9.135051778378719, 19.149620744860837, 18.586166875930807], "expected_cost_of_repair": [46.89173044990949, 40.95867227855287, 43.496582546966714, 37.486951498102506], "cost_of_transportation": [64, 132], "holding_cost": [2.9425620513301585, 2.1668919789746672, 1.054453953697441], "rejection_cost": [200.0, 200.0, 200.0, 200.0]}