{"container_types": 4, "number_of_facilities": 2, "container_quality_level": 5, "time_periods": 30, "number_containers_arriving_to_facility_zero": [[216, 273, 139, 123, 230, 128, 192, 236, 113, 156, 271, 284, 116, 211, 241, 232, 245, 275, 147, 251, 242, 176, 189, 152, 136, 151, 131, 259, 154, 253], [235, 193, 135, 223, 289, 246, 245, 213, 110, 131, 130, 212, 184, 138, 274, 174, 152, 193, 280, 217, 182, 204, 145, 119, 115, 163, 277, 226, 240, 210], [282, 155, 242, 266, 169, 205, 231, 194, 186, 115, 167, 135, 174, 185, 281, 222, 264, 161, 148, 176, 275, 143, 148, 163, 209, 115, 107, 267, 181, 156], [171, 213, 118, 249, 274, 138, 157, 263, 112, 204, 187, 237, 294, 148, 288, 236, 164, 241, 284, 216, 196, 262, 165, 169, 202, 166, 217, 230, 211, 220]], "number_unexpected_containers_at_facilities": [[46, 14, 0], [13, 91, 45], [88, 78, 82], [41, 1, 17]], "number_good_quality_containers_at_facilities": [[17, 17, 63], [35, 72, 19], [21, 29, 69], [89, 51, 45]], "containers_demand_for_clients": [[181, 232, 206, 257, 226, 193, 257, 189, 203, 253, 252, 175, 232, 177, 231, 235, 236, 235, 219, 229, 174, 204, 240, 206, 187, 245, 221, 200, 237, 256], [206, 209, 227, 163, 236, 224, 220, 216, 180, 223, 213, 231, 163, 205, 207, 230, 196, 205, 229, 165, 179, 201, 211, 221, 227, 212, 184, 173, 240, 161], [191, 205, 243, 219, 223, 197, 243, 238, 214, 173, 210, 209, 232, 227, 207, 232, 216, 218, 178, 208, 232, 226, 240, 198, 228, 229, 188, 187, 218, 193], [199, 227, 236, 197, 173, 241, 186, 210, 177, 171, 191, 215, 182, 177, 237, 201, 165, 207, 181, 163, 168, 238, 198, 212, 198, 226, 166, 195, 213, 198]], "transportation_capacity": 612, "probability_original_quality_level": [[7.0, 25.0, 28.0, 11.0, 9.0, 17.0, 3.0], [10.0, 16.0, 4.0, 23.0, 26.0, 19.0, 2.0], [7.0, 11.0, 14.0, 26.0, 35.0, 6.0, 1.0], [8.0, 20.0, 5.0, 12.0, 20.0, 33.0, 2.0]], "number_hours_required_for_inspection": [0.6094673066865295, 0.6794797853535816, 0.6772476883820188, 0.8801074194165994], "number_hours_available_for_inspection": [245, 336, 340], "expected_number_hours_required_for_repair": [1.2186080842587168, 1.420810232352202, 1.513232289529537, 1.425949669411672], "number_hours_available_for_repair": [471, 478, 503], "warehouse_capacity_of_facility": [824, 805, 750], "cost_of_inspection": [12.18934613373059, 13.58959570707163, 13.544953767640376, 17.60214838833199], "expected_cost_of_repair": [35.71790564583881, 40.68240315680304, 44.55096271614829, 41.807611049512595], "cost_of_transportation": [112, 126], "holding_cost": [2.4700097113400883, 1.5284654810392877, 1.361179954344598], "rejection_cost": [200.0, 200.0, 200.0, 200.0]}