{"container_types": 4, "number_of_facilities": 2, "container_quality_level": 5, "time_periods": 30, "number_containers_arriving_to_facility_zero": [[276, 231, 283, 194, 130, 277, 191, 240, 233, 273, 276, 203, 236, 212, 280, 254, 126, 156, 134, 201, 259, 132, 256, 184, 152, 176, 184, 173, 108, 277], [195, 212, 251, 278, 102, 256, 214, 205, 292, 268, 180, 298, 253, 128, 291, 162, 170, 104, 127, 294, 185, 254, 145, 284, 216, 219, 234, 211, 172, 231], [198, 133, 255, 224, 208, 139, 219, 236, 208, 119, 204, 118, 203, 126, 203, 112, 231, 158, 185, 224, 202, 180, 215, 172, 100, 174, 184, 120, 140, 159], [189, 175, 295, 145, 284, 130, 131, 103, 138, 193, 118, 100, 239, 249, 112, 106, 194, 204, 257, 211, 142, 188, 262, 166, 253, 182, 216, 266, 163, 229]], "number_unexpected_containers_at_facilities": [[44, 4, 30], [92, 18, 55], [13, 68, 60], [69, 7, 48]], "number_good_quality_containers_at_facilities": [[98, 73, 44], [38, 73, 94], [55, 54, 74], [8, 76, 12]], "containers_demand_for_clients": [[215, 232, 182, 169, 217, 202, 197, 207, 166, 193, 225, 187, 229, 224, 228, 233, 215, 217, 173, 225, 201, 199, 161, 184, 198, 194, 164, 229, 186, 198], [255, 210, 233, 188, 252, 221, 238, 212, 232, 259, 186, 202, 230, 187, 197, 256, 208, 210, 261, 220, 239, 231, 191, 186, 227, 208, 238, 229, 236, 189], [193, 248, 243, 248, 181, 248, 190, 180, 244, 227, 191, 181, 197, 257, 235, 237, 214, 251, 242, 260, 201, 195, 210, 236, 243, 205, 259, 263, 187, 194], [170, 168, 219, 168, 158, 199, 179, 170, 151, 165, 168, 164, 165, 159, 187, 221, 181, 223, 191, 164, 154, 209, 170, 177, 218, 165, 214, 188, 202, 151]], "transportation_capacity": 524, "probability_original_quality_level": [[7.0, 17.0, 2.0, 22.0, 21.0, 30.0, 1.0], [8.0, 18.0, 6.0, 27.0, 24.0, 13.0, 4.0], [8.0, 7.0, 28.0, 16.0, 23.0, 18.0, 0.0], [10.0, 17.0, 9.0, 37.0, 15.0, 9.0, 3.0]], "number_hours_required_for_inspection": [0.8115513055656091, 0.5635210208671466, 0.38565999334682444, 0.857120327719701], "number_hours_available_for_inspection": [254, 316, 225], "expected_number_hours_required_for_repair": [1.5687941604046172, 1.4288644220709146, 1.484627294807352, 1.3284473241210923], "number_hours_available_for_repair": [441, 515, 470], "warehouse_capacity_of_facility": [814, 789, 872], "cost_of_inspection": [16.231026111312183, 11.270420417342933, 7.713199866936488, 17.14240655439402], "expected_cost_of_repair": [45.95638997529024, 41.30045334305532, 43.13411272842074, 38.40498922451606], "cost_of_transportation": [104, 78], "holding_cost": [2.328117193059623, 2.4227767231553843, 1.2069016651086193], "rejection_cost": [200.0, 200.0, 200.0, 200.0]}