{"container_types": 4, "number_of_facilities": 2, "container_quality_level": 5, "time_periods": 30, "number_containers_arriving_to_facility_zero": [[125, 220, 280, 226, 282, 138, 120, 293, 129, 223, 289, 250, 207, 210, 203, 174, 159, 170, 116, 154, 201, 293, 112, 297, 149, 141, 289, 115, 205, 248], [262, 169, 113, 250, 204, 146, 291, 266, 282, 286, 161, 253, 271, 115, 239, 197, 165, 170, 224, 272, 278, 252, 208, 153, 226, 238, 290, 205, 217, 267], [192, 202, 176, 143, 293, 125, 165, 219, 282, 186, 274, 184, 286, 274, 254, 229, 266, 210, 159, 133, 188, 198, 209, 289, 230, 254, 205, 173, 256, 278], [191, 121, 244, 216, 200, 245, 251, 261, 234, 254, 271, 168, 237, 242, 256, 262, 160, 152, 176, 119, 132, 115, 107, 169, 114, 141, 115, 100, 167, 134]], "number_unexpected_containers_at_facilities": [[33, 84, 58], [10, 52, 72], [36, 77, 80], [29, 81, 31]], "number_good_quality_containers_at_facilities": [[1, 47, 11], [62, 42, 84], [32, 99, 36], [16, 80, 63]], "containers_demand_for_clients": [[157, 224, 185, 232, 218, 217, 215, 169, 205, 230, 205, 172, 222, 205, 158, 180, 177, 156, 176, 200, 228, 200, 217, 170, 161, 159, 197, 188, 223, 215], [189, 193, 249, 177, 199, 240, 219, 207, 185, 192, 234, 168, 215, 212, 218, 206, 230, 225, 204, 204, 232, 175, 177, 225, 228, 203, 219, 224, 186, 244], [274, 223, 235, 203, 244, 259, 194, 236, 269, 209, 269, 236, 252, 270, 204, 228, 254, 189, 247, 228, 225, 192, 264, 249, 275, 203, 275, 220, 274, 188], [192, 201, 273, 210, 237, 234, 201, 224, 225, 219, 197, 273, 259, 242, 202, 222, 199, 211, 274, 241, 233, 260, 228, 200, 211, 216, 217, 192, 258, 229]], "transportation_capacity": 680, "probability_original_quality_level": [[9.0, 0.0, 11.0, 23.0, 31.0, 26.0, 0.0], [9.0, 14.0, 31.0, 9.0, 18.0, 14.0, 5.0], [6.0, 11.0, 35.0, 28.0, 15.0, 4.0, 1.0], [7.0, 35.0, 19.0, 8.0, 19.0, 12.0, 0.0]], "number_hours_required_for_inspection": [0.5491148861347358, 0.45213144069909456, 0.8896398584465343, 0.9146063983703955], "number_hours_available_for_inspection": [323, 260, 342], "expected_number_hours_required_for_repair": [1.6277635399277677, 1.3109287830904197, 1.3526772049576934, 1.3258793760540266], "number_hours_available_for_repair": [361, 517, 513], "warehouse_capacity_of_facility": [858, 868, 897], "cost_of_inspection": [10.982297722694716, 9.04262881398189, 17.792797168930687, 18.29212796740791], "expected_cost_of_repair": [47.487388039095656, 38.26913507915298, 39.44684084617885, 38.88850573839608], "cost_of_transportation": [134, 102], "holding_cost": [2.254912906298288, 1.7757721467536836, 1.601015638745471], "rejection_cost": [200.0, 200.0, 200.0, 200.0]}