{"container_types": 4, "number_of_facilities": 2, "container_quality_level": 5, "time_periods": 30, "number_containers_arriving_to_facility_zero": [[249, 140, 128, 129, 257, 299, 174, 179, 294, 143, 190, 260, 134, 267, 107, 203, 215, 143, 170, 161, 146, 285, 168, 188, 200, 251, 258, 163, 271, 155], [180, 170, 210, 230, 201, 122, 208, 256, 279, 277, 294, 215, 123, 297, 149, 231, 242, 104, 182, 111, 141, 129, 101, 152, 162, 163, 147, 190, 105, 210], [151, 254, 136, 126, 269, 195, 284, 100, 209, 179, 136, 121, 182, 243, 251, 134, 164, 274, 191, 210, 140, 194, 273, 211, 174, 133, 250, 257, 266, 157], [259, 175, 268, 111, 159, 244, 175, 279, 140, 274, 211, 157, 240, 216, 149, 272, 279, 127, 209, 153, 168, 106, 193, 271, 140, 206, 217, 114, 191, 224]], "number_unexpected_containers_at_facilities": [[28, 2, 59], [45, 78, 21], [47, 55, 34], [33, 32, 86]], "number_good_quality_containers_at_facilities": [[88, 36, 70], [8, 19, 37], [5, 81, 27], [21, 78, 83]], "containers_demand_for_clients": [[226, 175, 182, 198, 210, 185, 230, 170, 200, 189, 196, 230, 226, 239, 242, 168, 200, 196, 203, 239, 230, 228, 237, 236, 218, 240, 169, 167, 168, 231], [181, 237, 240, 235, 243, 241, 220, 178, 226, 227, 210, 172, 227, 178, 235, 242, 209, 226, 209, 175, 212, 211, 220, 199, 243, 182, 193, 190, 177, 228], [217, 185, 204, 217, 214, 181, 161, 193, 211, 162, 155, 191, 169, 195, 198, 193, 175, 198, 216, 187, 165, 191, 206, 204, 191, 164, 182, 179, 210, 214], [167, 189, 242, 184, 214, 207, 177, 212, 231, 202, 181, 228, 171, 228, 220, 190, 163, 195, 181, 196, 196, 205, 170, 169, 232, 168, 172, 210, 184, 224]], "transportation_capacity": 550, "probability_original_quality_level": [[10.0, 30.0, 14.0, 39.0, 3.0, 4.0, 0.0], [6.0, 30.0, 25.0, 20.0, 12.0, 7.0, 0.0], [10.0, 21.0, 25.0, 18.0, 6.0, 17.0, 3.0], [5.0, 9.0, 13.0, 2.0, 39.0, 32.0, 0.0]], "number_hours_required_for_inspection": [0.784719201004129, 0.677303801758196, 0.3516969199906955, 0.7855657759063331], "number_hours_available_for_inspection": [246, 230, 233], "expected_number_hours_required_for_repair": [1.1827150822820074, 1.3359249137137652, 1.3273252925357744, 1.7347002218330698], "number_hours_available_for_repair": [477, 420, 424], "warehouse_capacity_of_facility": [850, 862, 732], "cost_of_inspection": [15.694384020082579, 13.546076035163921, 7.033938399813911, 15.711315518126662], "expected_cost_of_repair": [33.96724845604771, 39.270324694025724, 38.45052325888598, 51.22203768349576], "cost_of_transportation": [84, 164], "holding_cost": [2.125068255200322, 2.0408241707913155, 1.038419174674584], "rejection_cost": [200.0, 200.0, 200.0, 200.0]}