{"container_types": 4, "number_of_facilities": 2, "container_quality_level": 5, "time_periods": 30, "number_containers_arriving_to_facility_zero": [[111, 263, 296, 295, 295, 211, 252, 194, 230, 271, 225, 278, 214, 165, 287, 205, 103, 226, 121, 243, 185, 109, 174, 249, 170, 251, 220, 210, 206, 242], [142, 119, 289, 178, 219, 161, 180, 196, 215, 198, 209, 278, 219, 195, 201, 176, 233, 243, 107, 191, 240, 203, 101, 259, 229, 271, 183, 234, 172, 216], [245, 236, 238, 255, 151, 213, 133, 113, 249, 135, 228, 228, 106, 261, 116, 132, 205, 212, 266, 123, 142, 250, 186, 147, 113, 262, 177, 270, 257, 145], [236, 189, 269, 270, 196, 152, 205, 142, 241, 153, 190, 178, 243, 265, 174, 131, 196, 182, 192, 138, 146, 154, 260, 200, 295, 274, 230, 168, 117, 172]], "number_unexpected_containers_at_facilities": [[67, 83, 54], [55, 87, 67], [99, 41, 25], [11, 1, 17]], "number_good_quality_containers_at_facilities": [[11, 15, 20], [79, 21, 31], [82, 82, 26], [90, 92, 1]], "containers_demand_for_clients": [[223, 227, 221, 172, 198, 188, 232, 172, 185, 180, 166, 196, 228, 189, 199, 182, 243, 242, 234, 228, 201, 218, 229, 225, 199, 217, 214, 168, 218, 216], [228, 234, 236, 248, 204, 253, 240, 256, 217, 264, 236, 235, 265, 189, 266, 263, 212, 256, 232, 222, 263, 249, 182, 228, 221, 259, 194, 183, 258, 228], [246, 215, 244, 184, 189, 183, 223, 254, 187, 172, 231, 171, 213, 178, 245, 224, 213, 179, 244, 181, 208, 170, 185, 222, 191, 207, 248, 196, 206, 196], [217, 233, 212, 219, 195, 240, 209, 165, 226, 212, 234, 194, 229, 164, 181, 188, 200, 213, 175, 175, 182, 226, 178, 163, 202, 178, 231, 220, 198, 207]], "transportation_capacity": 537, "probability_original_quality_level": [[8.0, 0.0, 31.0, 29.0, 1.0, 28.0, 3.0], [5.0, 9.0, 40.0, 9.0, 17.0, 18.0, 2.0], [10.0, 15.0, 36.0, 11.0, 6.0, 19.0, 3.0], [8.0, 15.0, 18.0, 19.0, 24.0, 11.0, 5.0]], "number_hours_required_for_inspection": [0.6597645792423007, 0.6296367291411527, 0.6545998533962131, 0.7337698396635661], "number_hours_available_for_inspection": [251, 297, 242], "expected_number_hours_required_for_repair": [1.4121082413354629, 1.3668317781922683, 1.3632674339485504, 1.3629959571465968], "number_hours_available_for_repair": [500, 398, 447], "warehouse_capacity_of_facility": [828, 795, 768], "cost_of_inspection": [13.195291584846014, 12.592734582823052, 13.091997067924261, 14.675396793271322], "expected_cost_of_repair": [41.17592480282517, 40.4714829920189, 38.99594509661393, 39.323069543666676], "cost_of_transportation": [70, 106], "holding_cost": [2.7906775845752403, 1.6645883997459912, 1.4144552834515371], "rejection_cost": [200.0, 200.0, 200.0, 200.0]}