{"container_types": 4, "number_of_facilities": 2, "container_quality_level": 5, "time_periods": 30, "number_containers_arriving_to_facility_zero": [[251, 115, 128, 213, 234, 291, 243, 154, 164, 206, 237, 195, 257, 116, 189, 115, 220, 194, 273, 155, 282, 125, 116, 240, 146, 275, 280, 100, 125, 162], [242, 131, 220, 273, 129, 190, 231, 243, 144, 214, 106, 131, 274, 161, 285, 271, 266, 211, 206, 233, 259, 122, 116, 240, 124, 220, 249, 131, 195, 248], [243, 162, 223, 110, 140, 272, 296, 242, 167, 136, 153, 243, 187, 139, 107, 260, 167, 159, 160, 271, 252, 171, 131, 259, 285, 292, 103, 194, 238, 181], [273, 239, 124, 265, 299, 288, 173, 125, 267, 200, 118, 168, 224, 121, 252, 176, 150, 117, 226, 172, 192, 183, 179, 290, 210, 140, 207, 196, 272, 169]], "number_unexpected_containers_at_facilities": [[32, 19, 78], [2, 91, 98], [10, 40, 60], [21, 71, 82]], "number_good_quality_containers_at_facilities": [[97, 49, 50], [44, 95, 74], [55, 35, 94], [78, 81, 18]], "containers_demand_for_clients": [[222, 252, 226, 244, 231, 220, 230, 201, 176, 189, 248, 172, 199, 186, 197, 194, 207, 217, 251, 212, 200, 202, 231, 195, 211, 179, 226, 221, 200, 223], [197, 182, 172, 197, 177, 174, 185, 164, 216, 214, 209, 220, 185, 172, 220, 201, 242, 231, 188, 233, 208, 224, 237, 241, 235, 231, 171, 205, 239, 238], [237, 239, 186, 227, 244, 233, 221, 199, 205, 246, 255, 221, 188, 213, 201, 208, 203, 241, 252, 216, 225, 217, 207, 236, 205, 187, 232, 218, 228, 214], [171, 181, 219, 170, 184, 185, 225, 238, 195, 218, 187, 244, 208, 238, 194, 247, 182, 185, 180, 216, 188, 225, 209, 183, 207, 229, 176, 180, 248, 238]], "transportation_capacity": 545, "probability_original_quality_level": [[5.0, 28.0, 1.0, 8.0, 16.0, 39.0, 3.0], [7.0, 8.0, 18.0, 22.0, 10.0, 30.0, 5.0], [9.0, 29.0, 9.0, 26.0, 8.0, 16.0, 3.0], [7.0, 3.0, 39.0, 11.0, 23.0, 15.0, 2.0]], "number_hours_required_for_inspection": [0.8237975831133925, 0.8120412484627147, 0.39253442515541415, 0.5879748526911441], "number_hours_available_for_inspection": [321, 322, 271], "expected_number_hours_required_for_repair": [1.5823822120786863, 1.4509500546131315, 1.2499816579358891, 1.4403105478488625], "number_hours_available_for_repair": [386, 518, 523], "warehouse_capacity_of_facility": [772, 839, 879], "cost_of_inspection": [16.47595166226785, 16.240824969254295, 7.850688503108283, 11.759497053822884], "expected_cost_of_repair": [46.709903455820225, 42.811241342995544, 36.416031929434155, 41.9536596108698], "cost_of_transportation": [107, 168], "holding_cost": [2.550991552465957, 2.383674441657632, 1.0393811573846792], "rejection_cost": [200.0, 200.0, 200.0, 200.0]}