{"container_types": 4, "number_of_facilities": 2, "container_quality_level": 5, "time_periods": 30, "number_containers_arriving_to_facility_zero": [[213, 127, 141, 152, 194, 283, 195, 289, 167, 250, 227, 152, 299, 248, 115, 240, 263, 263, 227, 210, 209, 158, 272, 177, 174, 142, 192, 288, 168, 153], [168, 133, 284, 217, 107, 189, 170, 290, 265, 267, 139, 253, 193, 237, 186, 125, 185, 129, 152, 246, 278, 152, 271, 196, 106, 118, 124, 176, 121, 126], [242, 247, 118, 167, 199, 256, 190, 215, 152, 138, 103, 157, 230, 253, 191, 214, 222, 190, 151, 102, 231, 202, 162, 136, 222, 284, 244, 247, 220, 202], [188, 247, 261, 218, 165, 116, 199, 169, 298, 296, 277, 231, 247, 155, 167, 153, 127, 251, 192, 299, 134, 148, 150, 195, 189, 151, 120, 164, 163, 166]], "number_unexpected_containers_at_facilities": [[39, 80, 54], [5, 25, 20], [72, 0, 18], [81, 32, 39]], "number_good_quality_containers_at_facilities": [[32, 95, 10], [63, 22, 36], [76, 87, 26], [43, 65, 10]], "containers_demand_for_clients": [[208, 183, 183, 165, 191, 219, 163, 206, 229, 184, 230, 167, 180, 213, 219, 168, 204, 237, 175, 220, 169, 166, 175, 178, 224, 208, 232, 201, 210, 198], [179, 225, 185, 225, 223, 239, 225, 175, 195, 217, 223, 244, 249, 253, 199, 246, 223, 182, 181, 232, 247, 206, 258, 215, 222, 257, 185, 251, 208, 228], [217, 209, 192, 215, 178, 216, 172, 177, 207, 174, 160, 174, 157, 224, 189, 170, 203, 196, 196, 185, 220, 188, 170, 154, 178, 192, 182, 217, 218, 161], [227, 200, 199, 219, 216, 223, 223, 185, 227, 197, 172, 172, 186, 194, 206, 223, 213, 226, 192, 221, 194, 167, 184, 210, 216, 222, 194, 244, 194, 177]], "transportation_capacity": 560, "probability_original_quality_level": [[8.0, 24.0, 20.0, 5.0, 28.0, 13.0, 2.0], [10.0, 25.0, 21.0, 12.0, 16.0, 14.0, 2.0], [6.0, 23.0, 41.0, 18.0, 5.0, 7.0, 0.0], [9.0, 16.0, 29.0, 1.0, 3.0, 40.0, 2.0]], "number_hours_required_for_inspection": [0.9319661075823776, 0.5237808192563104, 0.3351128562992098, 0.9434831646462155], "number_hours_available_for_inspection": [262, 311, 282], "expected_number_hours_required_for_repair": [1.4114562390148182, 1.3000577304934462, 1.3073302853285793, 1.534142802646433], "number_hours_available_for_repair": [468, 425, 488], "warehouse_capacity_of_facility": [797, 863, 830], "cost_of_inspection": [18.63932215164755, 10.475616385126207, 6.702257125984196, 18.86966329292431], "expected_cost_of_repair": [41.09878942832747, 37.8203869846548, 38.033172053934344, 44.43719732552377], "cost_of_transportation": [126, 94], "holding_cost": [2.1398951150917824, 2.077537689789632, 1.6967030980487379], "rejection_cost": [200.0, 200.0, 200.0, 200.0]}