{"container_types": 4, "number_of_facilities": 2, "container_quality_level": 5, "time_periods": 30, "number_containers_arriving_to_facility_zero": [[164, 125, 290, 260, 144, 216, 153, 248, 114, 196, 255, 151, 130, 172, 259, 165, 171, 146, 113, 142, 291, 101, 268, 128, 254, 196, 123, 183, 252, 258], [256, 264, 242, 130, 293, 129, 255, 225, 173, 283, 269, 143, 151, 100, 202, 164, 191, 284, 158, 278, 269, 271, 296, 242, 263, 253, 213, 178, 119, 205], [200, 107, 113, 246, 205, 282, 188, 167, 205, 103, 222, 109, 121, 186, 137, 173, 119, 188, 102, 103, 236, 277, 122, 221, 214, 148, 120, 282, 284, 215], [209, 228, 156, 223, 232, 155, 285, 165, 244, 286, 273, 251, 216, 252, 205, 181, 243, 106, 295, 115, 207, 227, 128, 292, 200, 262, 111, 208, 155, 248]], "number_unexpected_containers_at_facilities": [[83, 46, 60], [85, 0, 28], [22, 27, 76], [37, 23, 37]], "number_good_quality_containers_at_facilities": [[88, 43, 48], [45, 89, 78], [24, 57, 90], [52, 8, 6]], "containers_demand_for_clients": [[220, 186, 221, 187, 210, 199, 180, 240, 179, 190, 206, 183, 252, 227, 214, 234, 213, 232, 188, 239, 229, 194, 241, 246, 224, 257, 215, 183, 196, 182], [195, 179, 179, 175, 230, 205, 213, 201, 220, 224, 203, 211, 215, 216, 161, 238, 180, 224, 168, 197, 170, 233, 233, 199, 215, 207, 231, 161, 231, 206], [225, 196, 229, 251, 219, 249, 228, 244, 236, 202, 246, 186, 216, 225, 216, 255, 206, 221, 266, 272, 224, 184, 219, 219, 211, 251, 247, 245, 241, 223], [201, 181, 167, 204, 173, 223, 202, 199, 184, 160, 158, 153, 219, 212, 214, 160, 204, 179, 164, 158, 171, 182, 208, 222, 192, 164, 160, 167, 224, 166]], "transportation_capacity": 495, "probability_original_quality_level": [[8.0, 16.0, 29.0, 11.0, 13.0, 22.0, 1.0], [8.0, 30.0, 37.0, 6.0, 6.0, 10.0, 3.0], [9.0, 2.0, 8.0, 23.0, 32.0, 24.0, 2.0], [10.0, 34.0, 26.0, 9.0, 15.0, 3.0, 3.0]], "number_hours_required_for_inspection": [0.502520988050036, 0.9077169290749876, 0.43396244695809094, 0.36559762491563724], "number_hours_available_for_inspection": [237, 239, 237], "expected_number_hours_required_for_repair": [1.332477245472944, 1.165568233085196, 1.5398714847179584, 1.0451896106454035], "number_hours_available_for_repair": [427, 356, 345], "warehouse_capacity_of_facility": [779, 813, 874], "cost_of_inspection": [10.05041976100072, 18.15433858149975, 8.67924893916182, 7.311952498312745], "expected_cost_of_repair": [38.99521940006637, 33.8213351006841, 44.996801628340656, 30.22666234633917], "cost_of_transportation": [128, 161], "holding_cost": [2.6621290063095175, 1.7990351800788407, 1.2143563976933769], "rejection_cost": [200.0, 200.0, 200.0, 200.0]}