{"container_types": 4, "number_of_facilities": 2, "container_quality_level": 5, "time_periods": 30, "number_containers_arriving_to_facility_zero": [[202, 284, 110, 287, 292, 152, 281, 194, 250, 254, 162, 245, 120, 175, 257, 285, 250, 132, 100, 294, 154, 192, 113, 299, 141, 102, 205, 106, 204, 163], [264, 197, 128, 170, 114, 248, 239, 102, 211, 205, 192, 234, 103, 229, 211, 109, 294, 271, 161, 158, 267, 185, 256, 171, 226, 110, 210, 115, 191, 268], [240, 120, 164, 215, 126, 150, 159, 141, 170, 119, 100, 242, 185, 162, 168, 111, 144, 195, 131, 204, 262, 240, 202, 163, 163, 151, 108, 289, 135, 203], [247, 123, 183, 133, 242, 189, 222, 195, 283, 221, 172, 242, 178, 154, 118, 244, 167, 272, 248, 145, 236, 287, 285, 121, 211, 201, 116, 123, 151, 255]], "number_unexpected_containers_at_facilities": [[57, 33, 1], [83, 20, 57], [34, 71, 81], [35, 8, 95]], "number_good_quality_containers_at_facilities": [[28, 56, 16], [5, 70, 91], [79, 31, 65], [74, 81, 2]], "containers_demand_for_clients": [[186, 215, 189, 182, 214, 227, 180, 245, 209, 177, 209, 205, 191, 199, 200, 217, 201, 218, 201, 229, 245, 180, 173, 237, 175, 195, 205, 223, 175, 211], [182, 228, 209, 206, 231, 201, 202, 239, 230, 202, 202, 173, 232, 240, 222, 178, 199, 214, 244, 166, 225, 185, 231, 183, 186, 183, 202, 177, 208, 235], [244, 194, 229, 180, 166, 230, 178, 241, 203, 230, 171, 199, 185, 242, 193, 234, 210, 186, 231, 185, 191, 206, 185, 217, 170, 196, 235, 219, 242, 192], [165, 205, 182, 162, 201, 151, 162, 200, 180, 147, 212, 173, 189, 185, 182, 190, 208, 176, 210, 184, 153, 216, 167, 218, 185, 220, 175, 148, 164, 213]], "transportation_capacity": 549, "probability_original_quality_level": [[7.0, 34.0, 9.0, 31.0, 13.0, 2.0, 4.0], [10.0, 9.0, 34.0, 27.0, 10.0, 7.0, 3.0], [9.0, 30.0, 6.0, 6.0, 26.0, 19.0, 4.0], [5.0, 33.0, 25.0, 0.0, 34.0, 3.0, 0.0]], "number_hours_required_for_inspection": [0.8663998937899418, 0.5371171639276819, 0.9892820585679478, 0.7114670856003401], "number_hours_available_for_inspection": [329, 351, 253], "expected_number_hours_required_for_repair": [1.0743797420766605, 1.2518170748698079, 1.3709452105553823, 1.2588659676110097], "number_hours_available_for_repair": [366, 336, 415], "warehouse_capacity_of_facility": [743, 729, 787], "cost_of_inspection": [17.327997875798836, 10.742343278553639, 19.785641171358957, 14.229341712006802], "expected_cost_of_repair": [30.93646740868451, 36.364579728356105, 40.17218744309569, 37.13035432825868], "cost_of_transportation": [68, 107], "holding_cost": [2.87073126454979, 2.4732072758502013, 1.5383908891489553], "rejection_cost": [200.0, 200.0, 200.0, 200.0]}