{"container_types": 4, "number_of_facilities": 2, "container_quality_level": 5, "time_periods": 30, "number_containers_arriving_to_facility_zero": [[147, 187, 174, 182, 275, 120, 259, 108, 252, 140, 104, 212, 293, 249, 291, 131, 141, 112, 207, 209, 239, 278, 242, 124, 201, 131, 279, 167, 142, 236], [189, 103, 134, 189, 251, 141, 269, 221, 209, 284, 262, 271, 234, 239, 273, 116, 285, 135, 205, 141, 187, 154, 194, 283, 150, 286, 260, 161, 164, 154], [133, 287, 174, 282, 216, 130, 223, 214, 274, 189, 124, 222, 211, 134, 198, 238, 285, 147, 293, 214, 208, 239, 171, 220, 116, 150, 105, 129, 161, 219], [171, 278, 121, 169, 103, 294, 236, 184, 183, 278, 196, 111, 221, 191, 218, 260, 254, 174, 100, 281, 285, 237, 263, 115, 111, 200, 191, 103, 115, 240]], "number_unexpected_containers_at_facilities": [[91, 3, 22], [4, 63, 57], [85, 1, 6], [13, 23, 39]], "number_good_quality_containers_at_facilities": [[5, 25, 11], [79, 1, 29], [31, 44, 37], [15, 8, 31]], "containers_demand_for_clients": [[189, 213, 176, 183, 178, 201, 214, 187, 236, 230, 194, 218, 192, 218, 232, 194, 179, 220, 200, 201, 190, 221, 213, 219, 193, 161, 230, 184, 227, 172], [203, 199, 215, 206, 233, 176, 211, 168, 174, 233, 190, 169, 217, 227, 179, 238, 192, 190, 188, 166, 173, 215, 223, 230, 192, 224, 194, 236, 201, 160], [249, 245, 226, 195, 220, 172, 217, 251, 193, 242, 213, 246, 183, 249, 228, 217, 231, 223, 205, 241, 217, 235, 178, 228, 218, 195, 216, 231, 171, 195], [162, 197, 168, 241, 234, 184, 217, 190, 219, 198, 176, 188, 229, 166, 224, 226, 220, 226, 210, 168, 225, 169, 166, 217, 205, 201, 210, 238, 184, 236]], "transportation_capacity": 596, "probability_original_quality_level": [[9.0, 22.0, 25.0, 3.0, 7.0, 29.0, 5.0], [10.0, 10.0, 21.0, 19.0, 5.0, 32.0, 3.0], [6.0, 29.0, 6.0, 14.0, 10.0, 35.0, 0.0], [9.0, 15.0, 29.0, 12.0, 25.0, 6.0, 4.0]], "number_hours_required_for_inspection": [0.8190651126290133, 0.8104025127315694, 0.5975756997762801, 0.4795407898558164], "number_hours_available_for_inspection": [230, 309, 292], "expected_number_hours_required_for_repair": [1.3469198217512288, 1.4379627707782232, 1.4447393085664846, 1.2777703838575984], "number_hours_available_for_repair": [480, 400, 509], "warehouse_capacity_of_facility": [803, 855, 895], "cost_of_inspection": [16.381302252580266, 16.208050254631388, 11.951513995525602, 9.590815797116328], "expected_cost_of_repair": [38.854953205576024, 41.46381772254138, 42.303797528752746, 37.399535819847934], "cost_of_transportation": [79, 82], "holding_cost": [2.1213485055817127, 1.509620037238942, 1.1458455481774608], "rejection_cost": [200.0, 200.0, 200.0, 200.0]}