{"container_types": 4, "number_of_facilities": 2, "container_quality_level": 5, "time_periods": 30, "number_containers_arriving_to_facility_zero": [[212, 157, 136, 261, 211, 298, 250, 184, 219, 140, 158, 207, 126, 246, 213, 120, 208, 143, 277, 254, 141, 236, 154, 270, 149, 187, 183, 258, 209, 254], [188, 157, 110, 245, 200, 283, 293, 278, 264, 165, 194, 206, 178, 254, 265, 229, 112, 290, 134, 227, 186, 145, 248, 179, 166, 250, 256, 257, 235, 274], [144, 202, 144, 218, 128, 249, 180, 179, 207, 129, 258, 277, 157, 217, 283, 240, 240, 205, 138, 232, 105, 271, 176, 160, 167, 113, 115, 103, 243, 145], [185, 279, 153, 207, 297, 229, 197, 231, 182, 226, 232, 212, 151, 172, 192, 186, 239, 105, 233, 161, 199, 250, 104, 283, 250, 239, 125, 215, 202, 238]], "number_unexpected_containers_at_facilities": [[85, 2, 68], [52, 36, 73], [26, 70, 11], [49, 47, 56]], "number_good_quality_containers_at_facilities": [[5, 99, 10], [27, 80, 6], [94, 18, 75], [85, 81, 9]], "containers_demand_for_clients": [[224, 196, 176, 248, 207, 254, 240, 203, 190, 210, 239, 222, 185, 255, 186, 244, 201, 188, 255, 236, 258, 246, 175, 254, 198, 219, 245, 193, 219, 246], [230, 173, 231, 238, 173, 206, 240, 223, 171, 182, 228, 211, 181, 248, 238, 189, 196, 251, 212, 205, 229, 179, 233, 221, 199, 202, 249, 179, 180, 250], [259, 244, 267, 218, 190, 182, 228, 261, 256, 239, 228, 234, 203, 221, 238, 207, 212, 266, 261, 238, 193, 182, 261, 191, 240, 233, 186, 199, 220, 216], [197, 163, 226, 167, 223, 217, 183, 205, 213, 167, 190, 169, 173, 178, 176, 177, 223, 183, 197, 181, 212, 184, 162, 196, 212, 164, 178, 180, 223, 173]], "transportation_capacity": 653, "probability_original_quality_level": [[10.0, 20.0, 0.0, 21.0, 24.0, 20.0, 5.0], [6.0, 30.0, 4.0, 16.0, 6.0, 37.0, 1.0], [9.0, 3.0, 0.0, 9.0, 41.0, 33.0, 5.0], [9.0, 4.0, 28.0, 22.0, 29.0, 5.0, 3.0]], "number_hours_required_for_inspection": [0.8423080177554827, 0.39813595026059007, 0.938153778919438, 0.6146898151342914], "number_hours_available_for_inspection": [241, 244, 252], "expected_number_hours_required_for_repair": [1.478813011374083, 1.4360126546598204, 1.6688478477058788, 1.303829670504339], "number_hours_available_for_repair": [532, 534, 556], "warehouse_capacity_of_facility": [888, 880, 830], "cost_of_inspection": [16.846160355109653, 7.9627190052118015, 18.763075578388758, 12.293796302685829], "expected_cost_of_repair": [42.68443224572427, 42.405653297325095, 48.83975107885181, 38.21131789327893], "cost_of_transportation": [96, 105], "holding_cost": [2.5349909462714955, 2.279582667378309, 1.078811439956524], "rejection_cost": [200.0, 200.0, 200.0, 200.0]}