{"container_types": 4, "number_of_facilities": 2, "container_quality_level": 5, "time_periods": 30, "number_containers_arriving_to_facility_zero": [[111, 241, 109, 225, 168, 101, 265, 224, 135, 113, 250, 246, 100, 224, 297, 170, 268, 160, 242, 181, 133, 288, 158, 184, 215, 276, 123, 101, 151, 124], [105, 282, 276, 123, 187, 204, 149, 213, 222, 128, 118, 259, 172, 120, 195, 169, 211, 165, 271, 127, 274, 142, 120, 173, 106, 256, 246, 157, 215, 161], [235, 279, 129, 285, 270, 243, 262, 119, 126, 183, 191, 108, 214, 154, 241, 145, 222, 113, 213, 253, 125, 195, 227, 139, 136, 252, 173, 137, 283, 105], [163, 140, 160, 248, 148, 108, 296, 261, 168, 194, 297, 252, 256, 164, 109, 143, 293, 183, 258, 197, 160, 258, 170, 299, 122, 273, 256, 275, 224, 220]], "number_unexpected_containers_at_facilities": [[41, 28, 46], [18, 47, 67], [58, 71, 92], [39, 38, 13]], "number_good_quality_containers_at_facilities": [[18, 19, 43], [80, 35, 36], [46, 47, 90], [49, 2, 86]], "containers_demand_for_clients": [[210, 242, 244, 241, 198, 254, 259, 258, 239, 260, 207, 209, 181, 183, 258, 249, 184, 214, 202, 227, 237, 233, 226, 182, 236, 178, 211, 210, 185, 220], [160, 216, 192, 167, 197, 226, 216, 183, 179, 199, 181, 153, 175, 203, 208, 192, 217, 164, 198, 215, 192, 202, 169, 179, 160, 212, 158, 199, 192, 159], [208, 179, 210, 161, 184, 198, 200, 155, 193, 219, 177, 176, 203, 231, 167, 185, 165, 227, 196, 225, 216, 185, 168, 216, 156, 162, 225, 226, 195, 230], [185, 179, 183, 182, 189, 204, 169, 195, 207, 219, 190, 245, 232, 241, 230, 201, 210, 195, 184, 174, 213, 233, 181, 184, 238, 176, 231, 243, 198, 231]], "transportation_capacity": 473, "probability_original_quality_level": [[8.0, 13.0, 19.0, 20.0, 29.0, 9.0, 2.0], [8.0, 12.0, 25.0, 31.0, 8.0, 14.0, 2.0], [8.0, 11.0, 2.0, 40.0, 7.0, 29.0, 3.0], [8.0, 15.0, 3.0, 33.0, 11.0, 28.0, 2.0]], "number_hours_required_for_inspection": [0.7136282153099762, 0.751281612333946, 0.34382702950465854, 0.42175153805299], "number_hours_available_for_inspection": [198, 204, 235], "expected_number_hours_required_for_repair": [1.3900021025670168, 1.3104249927344107, 1.5442616674871812, 1.4365263700739872], "number_hours_available_for_repair": [454, 430, 487], "warehouse_capacity_of_facility": [868, 882, 861], "cost_of_inspection": [14.272564306199524, 15.025632246678919, 6.876540590093171, 8.4350307610598], "expected_cost_of_repair": [40.516355766097846, 38.18039061062721, 45.039379196971765, 41.64042103702438], "cost_of_transportation": [84, 155], "holding_cost": [2.582575183452431, 1.674893526882272, 1.9960901740876804], "rejection_cost": [200.0, 200.0, 200.0, 200.0]}