{"container_types": 4, "number_of_facilities": 2, "container_quality_level": 5, "time_periods": 30, "number_containers_arriving_to_facility_zero": [[186, 119, 106, 210, 137, 286, 189, 133, 241, 171, 180, 251, 201, 173, 286, 192, 128, 180, 285, 223, 115, 111, 197, 272, 268, 166, 147, 131, 270, 217], [216, 104, 234, 208, 293, 203, 151, 274, 168, 223, 223, 296, 242, 144, 150, 241, 188, 249, 235, 112, 105, 267, 269, 146, 291, 123, 280, 191, 299, 111], [220, 257, 288, 288, 283, 272, 137, 240, 135, 229, 140, 222, 156, 188, 205, 272, 131, 110, 296, 143, 290, 139, 166, 178, 161, 102, 187, 180, 117, 286], [132, 158, 203, 141, 213, 104, 275, 233, 260, 237, 198, 234, 171, 207, 189, 236, 157, 291, 153, 133, 297, 206, 175, 174, 294, 196, 273, 127, 219, 174]], "number_unexpected_containers_at_facilities": [[37, 8, 23], [53, 30, 13], [81, 20, 21], [93, 49, 34]], "number_good_quality_containers_at_facilities": [[38, 49, 8], [18, 40, 32], [82, 63, 70], [75, 46, 34]], "containers_demand_for_clients": [[233, 187, 201, 193, 235, 175, 222, 180, 233, 254, 229, 190, 218, 235, 213, 233, 211, 171, 208, 229, 247, 209, 218, 181, 201, 221, 222, 252, 238, 229], [196, 161, 179, 163, 235, 212, 202, 158, 211, 157, 224, 161, 230, 161, 208, 208, 204, 233, 163, 229, 179, 230, 157, 193, 203, 160, 197, 159, 226, 209], [227, 233, 212, 243, 193, 238, 183, 215, 222, 223, 243, 255, 226, 213, 237, 216, 255, 195, 248, 219, 176, 200, 183, 256, 171, 205, 189, 188, 243, 201], [176, 178, 212, 229, 207, 238, 230, 173, 205, 239, 204, 197, 234, 203, 225, 232, 211, 193, 252, 184, 245, 228, 244, 224, 241, 176, 188, 214, 169, 235]], "transportation_capacity": 517, "probability_original_quality_level": [[7.0, 26.0, 15.0, 17.0, 16.0, 17.0, 2.0], [7.0, 22.0, 10.0, 25.0, 21.0, 15.0, 0.0], [6.0, 15.0, 10.0, 27.0, 25.0, 15.0, 2.0], [6.0, 5.0, 29.0, 28.0, 7.0, 20.0, 5.0]], "number_hours_required_for_inspection": [0.8832902550612138, 0.5653651940105267, 0.36232148129216163, 0.6048895268057473], "number_hours_available_for_inspection": [257, 286, 214], "expected_number_hours_required_for_repair": [1.343522403708932, 1.4250549366152185, 1.4685669668921253, 1.418752342686949], "number_hours_available_for_repair": [530, 441, 395], "warehouse_capacity_of_facility": [876, 809, 829], "cost_of_inspection": [17.665805101224276, 11.307303880210533, 7.246429625843232, 12.097790536114946], "expected_cost_of_repair": [38.97318554480448, 41.39867404636564, 43.06028491353169, 41.8512429925647], "cost_of_transportation": [70, 105], "holding_cost": [2.458311417839327, 2.3045858214121555, 1.7075429867786223], "rejection_cost": [300.0, 300.0, 300.0, 300.0]}