{"container_types": 4, "number_of_facilities": 2, "container_quality_level": 5, "time_periods": 30, "number_containers_arriving_to_facility_zero": [[114, 214, 137, 246, 173, 265, 285, 240, 239, 285, 119, 156, 194, 156, 298, 247, 159, 229, 232, 165, 146, 253, 262, 178, 120, 101, 162, 246, 291, 180], [126, 202, 144, 200, 292, 133, 280, 131, 189, 261, 206, 209, 107, 129, 260, 200, 247, 139, 293, 102, 234, 229, 125, 182, 236, 132, 213, 227, 201, 271], [129, 102, 298, 124, 215, 224, 169, 273, 270, 265, 164, 143, 184, 134, 288, 232, 296, 173, 244, 240, 190, 185, 228, 292, 142, 207, 156, 101, 260, 236], [176, 220, 106, 295, 164, 101, 141, 277, 218, 185, 117, 243, 122, 126, 222, 141, 152, 223, 187, 215, 223, 263, 156, 246, 181, 207, 118, 128, 237, 126]], "number_unexpected_containers_at_facilities": [[24, 49, 95], [74, 93, 29], [90, 78, 26], [71, 54, 20]], "number_good_quality_containers_at_facilities": [[90, 69, 60], [1, 35, 19], [9, 65, 4], [92, 57, 83]], "containers_demand_for_clients": [[162, 195, 227, 206, 218, 225, 200, 221, 193, 175, 183, 194, 185, 224, 160, 165, 223, 223, 162, 173, 219, 232, 232, 213, 194, 165, 206, 215, 165, 225], [204, 255, 181, 190, 195, 237, 220, 257, 228, 241, 204, 242, 205, 234, 190, 177, 226, 249, 238, 200, 255, 176, 236, 189, 219, 236, 251, 202, 230, 230], [235, 218, 229, 220, 213, 226, 207, 208, 184, 236, 211, 215, 245, 221, 165, 205, 176, 210, 208, 234, 168, 233, 171, 209, 169, 181, 195, 234, 224, 227], [187, 223, 215, 223, 187, 174, 251, 190, 197, 238, 249, 253, 242, 230, 219, 229, 205, 226, 237, 234, 240, 198, 192, 214, 218, 202, 183, 182, 237, 189]], "transportation_capacity": 469, "probability_original_quality_level": [[6.0, 39.0, 6.0, 5.0, 23.0, 16.0, 5.0], [9.0, 21.0, 34.0, 7.0, 8.0, 16.0, 5.0], [5.0, 28.0, 18.0, 10.0, 24.0, 13.0, 2.0], [5.0, 30.0, 11.0, 15.0, 5.0, 29.0, 5.0]], "number_hours_required_for_inspection": [0.7735130763708173, 0.9309563306397096, 0.9652786483123168, 0.9087175855465255], "number_hours_available_for_inspection": [311, 431, 355], "expected_number_hours_required_for_repair": [1.282706335708834, 1.2624052363786586, 1.301610310453247, 1.3735467767898988], "number_hours_available_for_repair": [334, 368, 379], "warehouse_capacity_of_facility": [891, 876, 828], "cost_of_inspection": [15.470261527416348, 18.619126612794194, 19.305572966246338, 18.17435171093051], "expected_cost_of_repair": [37.403242661208964, 36.71552238491157, 38.32212525972286, 40.22356879703639], "cost_of_transportation": [120, 168], "holding_cost": [2.616946360012581, 1.7920261308446044, 1.5002053356675038], "rejection_cost": [300.0, 300.0, 300.0, 300.0]}