{"container_types": 4, "number_of_facilities": 2, "container_quality_level": 5, "time_periods": 30, "number_containers_arriving_to_facility_zero": [[100, 164, 197, 136, 200, 143, 197, 135, 198, 217, 100, 226, 157, 178, 267, 175, 297, 137, 136, 260, 279, 166, 206, 270, 154, 200, 165, 208, 167, 256], [147, 159, 146, 113, 199, 166, 293, 173, 161, 296, 293, 213, 292, 185, 155, 180, 282, 139, 187, 107, 259, 252, 201, 179, 297, 231, 228, 230, 227, 274], [152, 240, 246, 292, 203, 252, 242, 156, 130, 258, 128, 121, 126, 220, 225, 104, 168, 186, 198, 134, 290, 109, 136, 208, 282, 215, 178, 171, 218, 216], [274, 251, 177, 171, 201, 235, 280, 127, 167, 254, 209, 117, 171, 218, 241, 197, 114, 209, 222, 299, 162, 155, 274, 240, 113, 209, 129, 253, 265, 270]], "number_unexpected_containers_at_facilities": [[89, 46, 4], [80, 91, 73], [83, 75, 98], [14, 94, 87]], "number_good_quality_containers_at_facilities": [[68, 99, 61], [33, 21, 15], [25, 49, 3], [76, 10, 5]], "containers_demand_for_clients": [[187, 219, 213, 217, 244, 184, 216, 178, 196, 237, 177, 242, 247, 197, 217, 201, 174, 209, 258, 224, 196, 202, 184, 202, 178, 255, 213, 193, 250, 257], [187, 228, 236, 171, 202, 193, 214, 239, 227, 231, 171, 181, 232, 190, 236, 193, 179, 222, 214, 229, 187, 234, 192, 167, 199, 219, 223, 193, 222, 213], [235, 249, 187, 244, 241, 192, 257, 200, 240, 261, 205, 202, 237, 223, 217, 179, 236, 188, 212, 261, 179, 257, 235, 209, 223, 213, 204, 176, 200, 176], [191, 166, 195, 181, 165, 183, 231, 226, 212, 166, 244, 171, 176, 226, 190, 213, 177, 177, 167, 217, 198, 185, 194, 214, 217, 190, 172, 212, 216, 172]], "transportation_capacity": 532, "probability_original_quality_level": [[7.0, 18.0, 20.0, 10.0, 22.0, 18.0, 5.0], [5.0, 7.0, 21.0, 14.0, 24.0, 28.0, 1.0], [9.0, 40.0, 12.0, 0.0, 2.0, 36.0, 1.0], [8.0, 26.0, 25.0, 6.0, 26.0, 7.0, 2.0]], "number_hours_required_for_inspection": [0.9127682332261939, 0.7735306598016898, 0.8556686838687303, 0.40385371185902685], "number_hours_available_for_inspection": [353, 283, 365], "expected_number_hours_required_for_repair": [1.4140305828487174, 1.6211071676770832, 1.2955499620192092, 1.2045422938361972], "number_hours_available_for_repair": [516, 493, 363], "warehouse_capacity_of_facility": [879, 816, 883], "cost_of_inspection": [18.255364664523878, 15.470613196033796, 17.113373677374607, 8.077074237180536], "expected_cost_of_repair": [41.05059733905429, 47.66872461861225, 37.31858433067573, 35.23881475918558], "cost_of_transportation": [79, 117], "holding_cost": [2.6911873197910823, 1.5596581091115, 1.5845570825200785], "rejection_cost": [300.0, 300.0, 300.0, 300.0]}