{"container_types": 4, "number_of_facilities": 2, "container_quality_level": 5, "time_periods": 30, "number_containers_arriving_to_facility_zero": [[242, 151, 248, 241, 214, 243, 147, 119, 272, 133, 201, 286, 205, 291, 155, 138, 240, 132, 106, 103, 173, 262, 131, 250, 294, 285, 120, 250, 241, 206], [178, 222, 205, 208, 272, 229, 287, 241, 164, 271, 154, 104, 281, 213, 102, 253, 118, 263, 175, 158, 183, 248, 149, 201, 168, 172, 218, 206, 108, 111], [283, 270, 156, 275, 244, 190, 199, 140, 276, 124, 162, 246, 143, 111, 254, 172, 274, 199, 173, 131, 196, 288, 163, 103, 273, 109, 177, 252, 154, 162], [139, 134, 222, 161, 194, 224, 188, 238, 294, 121, 265, 127, 257, 258, 149, 186, 134, 239, 172, 231, 120, 156, 209, 192, 280, 180, 126, 191, 175, 138]], "number_unexpected_containers_at_facilities": [[83, 42, 21], [2, 18, 97], [85, 71, 93], [12, 62, 62]], "number_good_quality_containers_at_facilities": [[86, 93, 50], [45, 90, 55], [33, 19, 15], [21, 82, 79]], "containers_demand_for_clients": [[198, 234, 191, 223, 184, 206, 194, 234, 211, 225, 205, 220, 198, 191, 171, 185, 174, 236, 235, 215, 189, 228, 171, 219, 239, 190, 231, 220, 216, 231], [181, 178, 184, 202, 221, 184, 188, 211, 246, 190, 194, 178, 230, 218, 207, 214, 234, 195, 248, 179, 229, 190, 222, 244, 191, 202, 200, 210, 254, 203], [167, 165, 173, 237, 216, 198, 240, 243, 210, 226, 170, 227, 185, 220, 210, 221, 183, 171, 196, 228, 200, 204, 195, 199, 205, 214, 175, 182, 221, 224], [243, 194, 212, 204, 236, 173, 234, 205, 248, 222, 222, 196, 247, 172, 208, 201, 203, 174, 210, 234, 246, 193, 179, 197, 219, 247, 239, 174, 226, 238]], "transportation_capacity": 642, "probability_original_quality_level": [[7.0, 1.0, 1.0, 39.0, 22.0, 25.0, 5.0], [7.0, 25.0, 6.0, 2.0, 29.0, 26.0, 5.0], [9.0, 18.0, 1.0, 30.0, 29.0, 13.0, 0.0], [7.0, 7.0, 10.0, 53.0, 20.0, 1.0, 2.0]], "number_hours_required_for_inspection": [0.8924928795265737, 0.47857187524000067, 0.49833025240430384, 0.8059366833583326], "number_hours_available_for_inspection": [329, 242, 324], "expected_number_hours_required_for_repair": [1.6471881383205635, 1.3723823300411309, 1.494129153828025, 1.4046332252225793], "number_hours_available_for_repair": [394, 546, 530], "warehouse_capacity_of_facility": [839, 754, 748], "cost_of_inspection": [17.849857590531474, 9.571437504800013, 9.966605048086077, 16.11873366716665], "expected_cost_of_repair": [48.38178871226269, 40.261160184775484, 43.03715510049489, 40.759657397642975], "cost_of_transportation": [89, 75], "holding_cost": [2.8753409144260225, 2.4286448782675976, 1.1477739340543696], "rejection_cost": [300.0, 300.0, 300.0, 300.0]}