{"container_types": 4, "number_of_facilities": 2, "container_quality_level": 5, "time_periods": 30, "number_containers_arriving_to_facility_zero": [[272, 234, 146, 160, 278, 231, 203, 116, 191, 102, 109, 285, 204, 153, 197, 142, 230, 231, 232, 178, 277, 183, 171, 148, 133, 146, 174, 238, 209, 192], [240, 121, 269, 191, 147, 129, 292, 122, 161, 245, 244, 121, 167, 161, 279, 219, 154, 246, 152, 124, 216, 185, 238, 164, 242, 221, 297, 158, 169, 211], [216, 245, 148, 240, 223, 274, 227, 287, 228, 288, 215, 299, 183, 158, 204, 242, 115, 146, 116, 193, 235, 214, 186, 165, 193, 221, 208, 191, 279, 194], [103, 271, 130, 207, 164, 278, 282, 207, 186, 143, 227, 271, 150, 231, 198, 221, 248, 109, 116, 255, 212, 291, 200, 174, 241, 140, 269, 173, 154, 123]], "number_unexpected_containers_at_facilities": [[67, 64, 61], [18, 64, 41], [18, 7, 22], [23, 77, 96]], "number_good_quality_containers_at_facilities": [[79, 76, 69], [77, 40, 32], [16, 51, 18], [98, 78, 10]], "containers_demand_for_clients": [[239, 212, 230, 176, 220, 211, 171, 201, 232, 231, 250, 175, 246, 215, 222, 247, 206, 237, 205, 174, 237, 201, 203, 198, 228, 208, 248, 187, 200, 216], [206, 165, 205, 246, 200, 237, 189, 226, 204, 242, 184, 225, 230, 224, 208, 194, 230, 213, 226, 220, 223, 207, 216, 181, 207, 219, 246, 236, 186, 245], [194, 165, 203, 232, 217, 213, 172, 221, 227, 226, 175, 239, 227, 211, 209, 178, 168, 173, 167, 222, 215, 171, 169, 222, 197, 242, 222, 173, 191, 179], [216, 199, 251, 228, 200, 239, 221, 256, 203, 239, 233, 194, 192, 250, 241, 246, 224, 240, 226, 255, 176, 220, 229, 180, 241, 182, 243, 235, 227, 214]], "transportation_capacity": 623, "probability_original_quality_level": [[5.0, 9.0, 28.0, 7.0, 28.0, 22.0, 1.0], [6.0, 2.0, 33.0, 32.0, 12.0, 11.0, 4.0], [9.0, 8.0, 5.0, 29.0, 38.0, 9.0, 2.0], [8.0, 24.0, 13.0, 22.0, 17.0, 14.0, 2.0]], "number_hours_required_for_inspection": [0.3447634812304651, 0.9283370286560971, 0.43556057942100074, 0.808362956880508], "number_hours_available_for_inspection": [220, 299, 270], "expected_number_hours_required_for_repair": [1.5890600415376916, 1.353384628770584, 1.4839714948566987, 1.3803303036762429], "number_hours_available_for_repair": [516, 381, 557], "warehouse_capacity_of_facility": [791, 911, 877], "cost_of_inspection": [6.895269624609302, 18.566740573121944, 8.711211588420015, 16.16725913761016], "expected_cost_of_repair": [47.159052891582576, 39.874649441703255, 43.22847820488241, 40.28766182212201], "cost_of_transportation": [77, 166], "holding_cost": [2.1451675706519913, 1.6367431161029828, 1.0640505792055346], "rejection_cost": [300.0, 300.0, 300.0, 300.0]}