{"container_types": 4, "number_of_facilities": 2, "container_quality_level": 5, "time_periods": 30, "number_containers_arriving_to_facility_zero": [[200, 293, 268, 104, 196, 264, 291, 272, 279, 273, 136, 125, 120, 231, 153, 240, 179, 181, 295, 114, 276, 128, 195, 175, 173, 218, 281, 200, 116, 168], [267, 195, 256, 127, 222, 182, 234, 102, 167, 285, 254, 130, 242, 166, 137, 133, 298, 130, 166, 274, 250, 148, 131, 175, 287, 184, 170, 263, 149, 231], [291, 232, 162, 186, 252, 241, 208, 271, 248, 179, 158, 260, 160, 257, 178, 175, 217, 272, 265, 172, 166, 254, 137, 215, 203, 150, 221, 235, 265, 169], [288, 122, 157, 198, 225, 156, 250, 184, 115, 278, 114, 287, 133, 206, 287, 127, 109, 208, 157, 220, 279, 155, 264, 211, 100, 205, 138, 227, 274, 153]], "number_unexpected_containers_at_facilities": [[30, 13, 32], [24, 7, 67], [56, 69, 57], [12, 2, 49]], "number_good_quality_containers_at_facilities": [[87, 72, 61], [69, 61, 81], [81, 70, 47], [12, 11, 46]], "containers_demand_for_clients": [[161, 194, 176, 232, 182, 199, 214, 159, 228, 195, 169, 185, 217, 173, 169, 198, 179, 184, 231, 211, 197, 214, 230, 193, 197, 196, 159, 221, 173, 212], [208, 255, 174, 224, 181, 197, 254, 225, 171, 241, 204, 251, 228, 240, 204, 188, 175, 187, 213, 251, 185, 200, 195, 241, 184, 174, 195, 183, 178, 233], [236, 203, 186, 234, 224, 248, 197, 170, 237, 205, 186, 183, 204, 179, 172, 229, 223, 231, 241, 220, 227, 202, 208, 178, 236, 179, 202, 232, 205, 208], [181, 260, 230, 197, 252, 236, 188, 261, 212, 231, 188, 195, 231, 207, 241, 219, 220, 182, 237, 242, 241, 268, 196, 269, 262, 229, 208, 225, 188, 260]], "transportation_capacity": 588, "probability_original_quality_level": [[7.0, 24.0, 4.0, 22.0, 25.0, 15.0, 3.0], [10.0, 0.0, 21.0, 23.0, 10.0, 31.0, 5.0], [10.0, 11.0, 2.0, 8.0, 38.0, 27.0, 4.0], [8.0, 28.0, 13.0, 7.0, 24.0, 15.0, 5.0]], "number_hours_required_for_inspection": [0.4129386044518621, 0.36774740099751274, 0.5133233703289235, 0.6282655451445727], "number_hours_available_for_inspection": [226, 229, 200], "expected_number_hours_required_for_repair": [1.4107904083907274, 1.5188787552308485, 1.4906190909094326, 1.2525530706533536], "number_hours_available_for_repair": [493, 518, 457], "warehouse_capacity_of_facility": [782, 845, 778], "cost_of_inspection": [8.258772089037242, 7.354948019950255, 10.266467406578471, 12.565310902891454], "expected_cost_of_repair": [41.490989551876716, 44.47891395697039, 43.29215473633216, 36.45033484141299], "cost_of_transportation": [116, 77], "holding_cost": [2.003603000285566, 1.809670482861387, 1.7834850632591577], "rejection_cost": [300.0, 300.0, 300.0, 300.0]}