{"container_types": 4, "number_of_facilities": 2, "container_quality_level": 5, "time_periods": 30, "number_containers_arriving_to_facility_zero": [[182, 158, 154, 149, 134, 188, 137, 273, 283, 295, 277, 197, 276, 142, 223, 227, 167, 275, 292, 198, 279, 236, 270, 264, 173, 279, 179, 112, 226, 131], [119, 275, 258, 137, 172, 191, 164, 288, 244, 211, 175, 182, 211, 236, 181, 163, 284, 271, 152, 274, 136, 127, 113, 289, 255, 150, 180, 163, 183, 262], [253, 252, 279, 264, 139, 278, 216, 116, 284, 102, 205, 163, 169, 114, 208, 209, 159, 299, 289, 281, 195, 258, 133, 132, 170, 212, 103, 127, 154, 188], [117, 229, 208, 222, 233, 144, 193, 185, 140, 259, 180, 160, 251, 140, 184, 101, 128, 222, 110, 236, 126, 167, 218, 153, 101, 284, 258, 114, 182, 275]], "number_unexpected_containers_at_facilities": [[66, 30, 56], [23, 92, 45], [11, 79, 50], [44, 25, 80]], "number_good_quality_containers_at_facilities": [[53, 71, 60], [56, 53, 0], [18, 96, 0], [93, 90, 58]], "containers_demand_for_clients": [[172, 171, 190, 235, 232, 205, 177, 176, 159, 211, 236, 179, 209, 199, 233, 162, 169, 161, 213, 195, 223, 166, 165, 180, 200, 196, 200, 189, 204, 214], [179, 234, 213, 198, 238, 219, 240, 183, 243, 197, 185, 187, 223, 195, 237, 201, 193, 215, 223, 248, 202, 263, 229, 235, 199, 193, 188, 198, 202, 229], [173, 191, 183, 213, 251, 210, 194, 182, 207, 184, 232, 204, 213, 236, 187, 175, 198, 227, 204, 209, 225, 196, 198, 212, 238, 202, 192, 210, 176, 219], [208, 173, 196, 175, 228, 232, 236, 191, 215, 182, 191, 227, 234, 191, 172, 174, 174, 194, 209, 215, 243, 180, 242, 180, 201, 168, 175, 182, 213, 210]], "transportation_capacity": 461, "probability_original_quality_level": [[10.0, 11.0, 2.0, 29.0, 21.0, 27.0, 0.0], [10.0, 2.0, 35.0, 37.0, 8.0, 4.0, 4.0], [10.0, 14.0, 13.0, 22.0, 14.0, 22.0, 5.0], [10.0, 2.0, 11.0, 30.0, 22.0, 22.0, 3.0]], "number_hours_required_for_inspection": [0.8376671553057455, 0.6098050543943945, 0.5242592824336857, 0.723670999765967], "number_hours_available_for_inspection": [276, 290, 250], "expected_number_hours_required_for_repair": [1.6210307526006416, 1.2761333967769346, 1.3863383560331157, 1.4986635902511458], "number_hours_available_for_repair": [493, 385, 463], "warehouse_capacity_of_facility": [826, 825, 915], "cost_of_inspection": [16.75334310611491, 12.19610108788789, 10.485185648673713, 14.473419995319341], "expected_cost_of_repair": [47.02529035019525, 37.06902379295974, 40.42445688128616, 42.96354913385828], "cost_of_transportation": [87, 147], "holding_cost": [2.288330857097558, 1.9356490720291557, 1.8044960114810138], "rejection_cost": [300.0, 300.0, 300.0, 300.0]}