{"container_types": 4, "number_of_facilities": 2, "container_quality_level": 5, "time_periods": 30, "number_containers_arriving_to_facility_zero": [[105, 276, 203, 296, 208, 251, 156, 272, 295, 119, 261, 238, 235, 221, 104, 272, 225, 105, 264, 254, 174, 206, 267, 268, 219, 256, 154, 135, 144, 269], [265, 227, 267, 184, 152, 100, 227, 231, 174, 116, 279, 252, 141, 145, 112, 266, 236, 104, 163, 282, 130, 224, 265, 177, 142, 205, 192, 296, 229, 174], [106, 189, 294, 252, 286, 185, 270, 224, 191, 210, 212, 124, 147, 267, 235, 174, 171, 268, 109, 240, 100, 201, 235, 244, 230, 171, 128, 195, 209, 205], [195, 230, 207, 281, 175, 282, 165, 213, 194, 179, 152, 265, 245, 127, 179, 173, 178, 273, 289, 225, 102, 164, 130, 149, 274, 232, 230, 220, 159, 137]], "number_unexpected_containers_at_facilities": [[95, 26, 32], [26, 51, 80], [57, 62, 10], [75, 88, 91]], "number_good_quality_containers_at_facilities": [[46, 54, 61], [1, 73, 47], [77, 87, 7], [48, 37, 72]], "containers_demand_for_clients": [[222, 255, 202, 237, 202, 217, 223, 246, 198, 236, 221, 182, 232, 241, 217, 226, 231, 236, 183, 249, 197, 188, 197, 243, 211, 198, 185, 245, 227, 181], [186, 201, 190, 201, 210, 199, 184, 195, 232, 225, 268, 220, 227, 269, 212, 193, 223, 215, 221, 264, 211, 258, 257, 241, 221, 232, 224, 239, 208, 203], [240, 172, 235, 181, 219, 169, 190, 219, 216, 225, 213, 181, 226, 230, 231, 192, 188, 212, 181, 165, 232, 242, 216, 246, 223, 198, 220, 216, 206, 227], [177, 204, 232, 215, 212, 217, 241, 192, 182, 206, 238, 238, 233, 179, 184, 234, 177, 204, 211, 190, 236, 248, 235, 218, 219, 221, 205, 195, 210, 220]], "transportation_capacity": 590, "probability_original_quality_level": [[7.0, 43.0, 7.0, 18.0, 8.0, 12.0, 5.0], [10.0, 12.0, 13.0, 25.0, 23.0, 17.0, 0.0], [8.0, 11.0, 16.0, 19.0, 14.0, 31.0, 1.0], [10.0, 13.0, 20.0, 27.0, 25.0, 5.0, 0.0]], "number_hours_required_for_inspection": [0.5636811125036719, 0.3392420470055465, 0.7925234594236554, 0.7468118014137183], "number_hours_available_for_inspection": [270, 254, 217], "expected_number_hours_required_for_repair": [1.1801500690700728, 1.5257482988144353, 1.505011981815171, 1.3669737142366398], "number_hours_available_for_repair": [425, 447, 454], "warehouse_capacity_of_facility": [896, 818, 869], "cost_of_inspection": [11.273622250073439, 6.78484094011093, 15.85046918847311, 14.936236028274365], "expected_cost_of_repair": [34.602930262500216, 43.9068309177086, 43.677561538664904, 39.473475940646196], "cost_of_transportation": [76, 111], "holding_cost": [2.139005783049349, 1.7272655834777002, 1.622238298892942], "rejection_cost": [300.0, 300.0, 300.0, 300.0]}