{"container_types": 4, "number_of_facilities": 2, "container_quality_level": 5, "time_periods": 30, "number_containers_arriving_to_facility_zero": [[167, 177, 246, 226, 145, 283, 239, 124, 286, 174, 288, 155, 107, 125, 287, 131, 291, 105, 168, 204, 111, 136, 138, 131, 170, 296, 103, 181, 228, 242], [167, 288, 227, 275, 166, 236, 166, 110, 269, 263, 257, 173, 278, 228, 133, 198, 112, 150, 145, 290, 283, 245, 170, 222, 129, 206, 149, 269, 108, 157], [126, 185, 242, 144, 169, 102, 279, 246, 289, 156, 269, 288, 257, 230, 253, 241, 227, 121, 261, 262, 144, 152, 162, 274, 118, 229, 225, 292, 215, 197], [129, 274, 101, 216, 195, 284, 157, 282, 111, 188, 243, 266, 130, 297, 202, 131, 133, 269, 137, 274, 166, 239, 296, 148, 174, 112, 259, 192, 269, 296]], "number_unexpected_containers_at_facilities": [[15, 38, 97], [20, 72, 60], [36, 35, 3], [68, 45, 38]], "number_good_quality_containers_at_facilities": [[52, 36, 96], [11, 44, 75], [66, 22, 20], [54, 1, 15]], "containers_demand_for_clients": [[240, 242, 227, 224, 241, 206, 250, 242, 195, 255, 204, 244, 194, 236, 203, 184, 212, 205, 231, 206, 200, 223, 227, 253, 183, 223, 204, 184, 213, 222], [194, 231, 167, 223, 190, 227, 236, 210, 189, 183, 199, 234, 234, 220, 214, 221, 167, 212, 211, 237, 212, 216, 170, 194, 219, 224, 202, 212, 204, 181], [246, 196, 216, 174, 199, 182, 236, 241, 175, 225, 232, 187, 182, 169, 206, 208, 181, 190, 176, 170, 189, 239, 214, 173, 196, 237, 231, 221, 199, 223], [229, 211, 205, 256, 186, 200, 229, 251, 192, 197, 214, 227, 255, 229, 186, 249, 256, 194, 237, 221, 218, 191, 213, 255, 244, 209, 195, 225, 203, 203]], "transportation_capacity": 540, "probability_original_quality_level": [[8.0, 19.0, 8.0, 14.0, 37.0, 10.0, 4.0], [9.0, 24.0, 28.0, 5.0, 20.0, 9.0, 5.0], [9.0, 5.0, 26.0, 21.0, 19.0, 18.0, 2.0], [8.0, 25.0, 7.0, 29.0, 3.0, 25.0, 3.0]], "number_hours_required_for_inspection": [0.560370159131422, 0.7993493133601629, 0.8905074681590283, 0.7911903458664817], "number_hours_available_for_inspection": [325, 373, 305], "expected_number_hours_required_for_repair": [1.3686648437338933, 1.2121418291359265, 1.4374313603641147, 1.357752082766254], "number_hours_available_for_repair": [376, 475, 386], "warehouse_capacity_of_facility": [815, 762, 788], "cost_of_inspection": [11.20740318262844, 15.986986267203259, 17.810149363180564, 15.823806917329634], "expected_cost_of_repair": [39.74877439562926, 34.8916524579941, 41.45613044553702, 39.7924311496623], "cost_of_transportation": [87, 109], "holding_cost": [2.0986700118874926, 1.7045611965093972, 1.1025459381355818], "rejection_cost": [300.0, 300.0, 300.0, 300.0]}