{"container_types": 4, "number_of_facilities": 2, "container_quality_level": 5, "time_periods": 30, "number_containers_arriving_to_facility_zero": [[110, 181, 214, 122, 185, 150, 295, 287, 236, 114, 143, 261, 102, 176, 243, 119, 285, 163, 282, 201, 161, 214, 101, 112, 102, 210, 298, 179, 129, 192], [269, 137, 205, 257, 101, 227, 197, 268, 299, 163, 287, 280, 163, 110, 291, 251, 255, 118, 198, 134, 249, 197, 264, 275, 203, 197, 241, 219, 290, 230], [104, 251, 241, 172, 154, 271, 139, 144, 219, 289, 270, 156, 135, 118, 247, 128, 107, 180, 230, 183, 243, 121, 115, 135, 228, 181, 115, 216, 287, 102], [139, 279, 194, 264, 232, 276, 188, 109, 184, 250, 248, 121, 241, 243, 251, 121, 189, 259, 128, 177, 172, 281, 149, 109, 279, 148, 188, 169, 171, 273]], "number_unexpected_containers_at_facilities": [[0, 13, 45], [34, 76, 55], [77, 82, 43], [23, 12, 94]], "number_good_quality_containers_at_facilities": [[17, 9, 79], [72, 74, 52], [17, 6, 3], [39, 1, 18]], "containers_demand_for_clients": [[244, 226, 178, 184, 173, 167, 209, 241, 187, 167, 186, 174, 235, 176, 204, 196, 225, 173, 207, 194, 242, 227, 181, 212, 229, 179, 187, 217, 169, 188], [218, 161, 182, 186, 209, 193, 187, 215, 188, 225, 153, 213, 171, 206, 167, 194, 216, 186, 179, 208, 204, 159, 172, 174, 181, 184, 201, 208, 204, 204], [199, 241, 212, 186, 265, 202, 195, 236, 228, 210, 265, 268, 205, 199, 276, 254, 242, 256, 246, 243, 221, 223, 194, 254, 206, 249, 207, 221, 193, 253], [191, 204, 163, 220, 160, 192, 158, 156, 221, 203, 161, 195, 190, 179, 206, 205, 212, 204, 181, 213, 179, 176, 194, 206, 202, 177, 198, 223, 218, 161]], "transportation_capacity": 571, "probability_original_quality_level": [[9.0, 10.0, 21.0, 19.0, 19.0, 20.0, 2.0], [8.0, 8.0, 21.0, 24.0, 16.0, 21.0, 2.0], [8.0, 13.0, 10.0, 15.0, 4.0, 45.0, 5.0], [7.0, 22.0, 20.0, 16.0, 27.0, 3.0, 5.0]], "number_hours_required_for_inspection": [0.3570280637213456, 0.7081951460060494, 0.3759345565896798, 0.8584827318331034], "number_hours_available_for_inspection": [203, 220, 257], "expected_number_hours_required_for_repair": [1.3894012742630957, 1.418055702201459, 1.5411787889549244, 1.2750928707841098], "number_hours_available_for_repair": [504, 459, 522], "warehouse_capacity_of_facility": [789, 898, 803], "cost_of_inspection": [7.140561274426912, 14.163902920120988, 7.518691131793595, 17.169654636662067], "expected_cost_of_repair": [40.75995003650069, 41.29193014442279, 44.75799771043708, 37.481426502156644], "cost_of_transportation": [72, 165], "holding_cost": [2.809725165221837, 2.1609495555343945, 1.6206588691807209], "rejection_cost": [300.0, 300.0, 300.0, 300.0]}