{"container_types": 4, "number_of_facilities": 2, "container_quality_level": 5, "time_periods": 30, "number_containers_arriving_to_facility_zero": [[274, 219, 282, 174, 139, 205, 183, 254, 133, 181, 291, 132, 258, 174, 272, 149, 270, 114, 275, 172, 169, 269, 139, 231, 193, 118, 249, 227, 252, 202], [264, 284, 194, 134, 107, 105, 195, 162, 156, 131, 217, 186, 122, 134, 176, 192, 291, 285, 156, 237, 125, 157, 265, 248, 104, 234, 101, 282, 270, 284], [229, 163, 255, 138, 149, 101, 247, 172, 153, 126, 181, 207, 118, 160, 218, 231, 152, 198, 167, 268, 298, 284, 156, 269, 220, 218, 175, 107, 270, 152], [101, 184, 284, 188, 212, 296, 262, 281, 205, 103, 237, 298, 127, 189, 118, 236, 159, 258, 152, 127, 246, 234, 132, 282, 158, 252, 248, 179, 281, 152]], "number_unexpected_containers_at_facilities": [[64, 81, 47], [21, 55, 2], [13, 72, 13], [14, 84, 24]], "number_good_quality_containers_at_facilities": [[78, 34, 60], [74, 25, 53], [91, 20, 53], [61, 96, 99]], "containers_demand_for_clients": [[257, 178, 245, 175, 235, 249, 245, 220, 186, 212, 195, 211, 251, 175, 201, 233, 178, 198, 258, 199, 179, 205, 250, 203, 206, 229, 194, 238, 183, 212], [213, 236, 180, 206, 206, 236, 239, 222, 236, 227, 212, 251, 228, 203, 224, 176, 224, 174, 247, 259, 201, 188, 197, 261, 258, 229, 251, 250, 211, 212], [214, 233, 178, 182, 174, 196, 166, 221, 234, 171, 191, 162, 178, 211, 178, 205, 208, 226, 223, 223, 214, 206, 163, 190, 185, 204, 180, 202, 200, 224], [191, 207, 188, 208, 172, 232, 178, 214, 185, 177, 210, 211, 198, 203, 227, 207, 189, 212, 228, 163, 172, 203, 209, 170, 166, 177, 240, 184, 186, 178]], "transportation_capacity": 500, "probability_original_quality_level": [[6.0, 24.0, 16.0, 1.0, 30.0, 21.0, 2.0], [7.0, 26.0, 11.0, 14.0, 22.0, 15.0, 5.0], [8.0, 4.0, 20.0, 14.0, 28.0, 23.0, 3.0], [7.0, 4.0, 0.0, 15.0, 47.0, 23.0, 4.0]], "number_hours_required_for_inspection": [0.922618609241772, 0.6724579691054748, 0.8318482521302999, 0.9358562116168371], "number_hours_available_for_inspection": [284, 301, 298], "expected_number_hours_required_for_repair": [1.347909595353417, 1.3172802793593672, 1.5224415583781195, 1.7230364844284245], "number_hours_available_for_repair": [577, 487, 414], "warehouse_capacity_of_facility": [763, 782, 780], "cost_of_inspection": [18.45237218483544, 13.449159382109496, 16.636965042605997, 18.71712423233674], "expected_cost_of_repair": [39.79382907265513, 38.23135335024628, 44.16819273810513, 50.90431278279457], "cost_of_transportation": [122, 167], "holding_cost": [2.6691778020666277, 2.4040620402621, 1.218122653195579], "rejection_cost": [300.0, 300.0, 300.0, 300.0]}