{"container_types": 4, "number_of_facilities": 2, "container_quality_level": 5, "time_periods": 30, "number_containers_arriving_to_facility_zero": [[243, 174, 288, 123, 241, 271, 155, 170, 187, 256, 187, 193, 206, 171, 271, 185, 201, 101, 191, 188, 220, 265, 158, 132, 154, 216, 160, 234, 248, 260], [258, 112, 213, 134, 152, 203, 241, 181, 169, 187, 238, 180, 181, 219, 261, 115, 116, 153, 155, 160, 147, 242, 245, 206, 207, 292, 156, 289, 140, 187], [164, 258, 265, 209, 233, 127, 222, 141, 139, 299, 224, 190, 224, 279, 267, 195, 121, 198, 202, 155, 224, 221, 110, 111, 262, 294, 151, 164, 202, 259], [263, 101, 270, 104, 250, 206, 251, 114, 260, 291, 220, 245, 236, 268, 298, 252, 259, 140, 206, 145, 285, 226, 197, 219, 102, 199, 116, 178, 263, 244]], "number_unexpected_containers_at_facilities": [[98, 19, 0], [79, 34, 69], [22, 40, 95], [15, 73, 44]], "number_good_quality_containers_at_facilities": [[93, 35, 86], [22, 25, 21], [20, 65, 95], [77, 5, 76]], "containers_demand_for_clients": [[240, 228, 203, 208, 235, 204, 222, 203, 242, 242, 230, 221, 223, 240, 252, 183, 229, 202, 251, 258, 196, 187, 218, 195, 216, 244, 217, 222, 242, 253], [192, 233, 213, 209, 183, 196, 234, 223, 230, 172, 215, 185, 241, 218, 197, 198, 172, 197, 201, 195, 200, 198, 199, 220, 173, 230, 182, 183, 244, 191], [167, 215, 234, 191, 226, 216, 184, 202, 163, 171, 177, 194, 175, 184, 233, 212, 231, 203, 227, 172, 195, 176, 214, 193, 208, 202, 186, 180, 238, 218], [186, 242, 184, 230, 197, 186, 179, 204, 205, 229, 205, 237, 193, 235, 231, 233, 247, 199, 208, 232, 209, 206, 237, 238, 174, 253, 219, 183, 195, 238]], "transportation_capacity": 670, "probability_original_quality_level": [[5.0, 23.0, 1.0, 23.0, 24.0, 21.0, 3.0], [8.0, 4.0, 17.0, 26.0, 10.0, 33.0, 2.0], [5.0, 16.0, 28.0, 7.0, 18.0, 23.0, 3.0], [8.0, 26.0, 18.0, 14.0, 16.0, 16.0, 2.0]], "number_hours_required_for_inspection": [0.3732244643515035, 0.8620532527708762, 0.9425695834027915, 0.9448902903554927], "number_hours_available_for_inspection": [373, 395, 301], "expected_number_hours_required_for_repair": [1.4599860165920455, 1.5928217859127474, 1.423869192855579, 1.3368912575894731], "number_hours_available_for_repair": [427, 430, 414], "warehouse_capacity_of_facility": [849, 802, 851], "cost_of_inspection": [7.46448928703007, 17.241065055417522, 18.85139166805583, 18.897805807109854], "expected_cost_of_repair": [43.2228547816102, 46.31292764441404, 41.92982855912059, 38.85920751857372], "cost_of_transportation": [155, 85], "holding_cost": [2.39678514769583, 2.4207147919417347, 1.3914843948183155], "rejection_cost": [300.0, 300.0, 300.0, 300.0]}