{"container_types": 4, "number_of_facilities": 2, "container_quality_level": 5, "time_periods": 30, "number_containers_arriving_to_facility_zero": [[288, 171, 140, 276, 263, 126, 263, 139, 201, 181, 277, 170, 200, 271, 124, 189, 105, 104, 289, 114, 170, 259, 147, 199, 138, 156, 161, 233, 234, 112], [273, 265, 201, 244, 284, 119, 153, 299, 226, 188, 211, 132, 178, 276, 191, 266, 137, 268, 152, 273, 100, 120, 102, 157, 186, 131, 186, 220, 156, 105], [202, 199, 239, 182, 248, 266, 216, 281, 223, 103, 218, 259, 111, 297, 212, 271, 222, 123, 272, 213, 295, 174, 169, 207, 298, 286, 284, 100, 242, 109], [137, 239, 193, 245, 116, 237, 130, 133, 123, 165, 253, 272, 299, 190, 100, 286, 101, 291, 194, 136, 156, 200, 133, 164, 247, 106, 179, 295, 157, 230]], "number_unexpected_containers_at_facilities": [[92, 89, 40], [69, 2, 86], [93, 38, 30], [46, 94, 70]], "number_good_quality_containers_at_facilities": [[40, 87, 51], [77, 77, 34], [28, 92, 59], [26, 55, 37]], "containers_demand_for_clients": [[196, 193, 189, 225, 226, 233, 239, 233, 220, 228, 235, 189, 197, 222, 208, 202, 237, 211, 195, 214, 192, 193, 178, 233, 198, 204, 231, 207, 233, 167], [167, 166, 197, 231, 182, 175, 205, 230, 218, 190, 212, 211, 170, 194, 166, 192, 183, 209, 232, 234, 212, 182, 216, 239, 199, 232, 163, 235, 212, 178], [230, 166, 226, 219, 170, 223, 226, 168, 191, 189, 190, 205, 203, 234, 241, 163, 222, 212, 227, 193, 190, 191, 210, 225, 165, 208, 183, 190, 212, 194], [239, 215, 209, 225, 263, 201, 262, 241, 244, 208, 258, 218, 194, 270, 215, 252, 216, 273, 241, 271, 182, 271, 242, 246, 253, 265, 226, 222, 212, 190]], "transportation_capacity": 544, "probability_original_quality_level": [[5.0, 5.0, 16.0, 30.0, 23.0, 19.0, 2.0], [9.0, 35.0, 3.0, 24.0, 8.0, 20.0, 1.0], [5.0, 11.0, 25.0, 31.0, 23.0, 2.0, 3.0], [5.0, 35.0, 21.0, 30.0, 4.0, 2.0, 3.0]], "number_hours_required_for_inspection": [0.5986953257107999, 0.9873526636521581, 0.3772685055764408, 0.4471681527358515], "number_hours_available_for_inspection": [247, 232, 227], "expected_number_hours_required_for_repair": [1.5357359512083746, 1.3131693849264416, 1.3846391146091415, 1.1746309506175339], "number_hours_available_for_repair": [451, 363, 458], "warehouse_capacity_of_facility": [874, 780, 900], "cost_of_inspection": [11.973906514215997, 19.747053273043164, 7.5453701115288165, 8.943363054717029], "expected_cost_of_repair": [45.46697771870715, 38.46891649037254, 40.66314227263332, 34.32022494176815], "cost_of_transportation": [76, 101], "holding_cost": [2.992653178090258, 1.8756010050317675, 1.9520587531568991], "rejection_cost": [300.0, 300.0, 300.0, 300.0]}