{"container_types": 4, "number_of_facilities": 2, "container_quality_level": 5, "time_periods": 30, "number_containers_arriving_to_facility_zero": [[238, 223, 256, 284, 130, 237, 247, 299, 241, 200, 124, 230, 228, 280, 104, 143, 234, 223, 257, 116, 165, 260, 268, 288, 204, 126, 123, 180, 190, 101], [149, 118, 268, 259, 177, 226, 248, 256, 105, 264, 285, 255, 253, 126, 256, 108, 113, 278, 115, 158, 264, 253, 285, 221, 206, 271, 139, 115, 124, 200], [142, 232, 207, 122, 169, 232, 237, 270, 171, 170, 139, 177, 163, 213, 253, 157, 116, 108, 115, 201, 288, 126, 218, 124, 207, 246, 238, 152, 109, 120], [293, 170, 103, 109, 211, 247, 138, 107, 149, 296, 273, 105, 231, 197, 261, 288, 211, 134, 178, 102, 294, 185, 236, 105, 162, 270, 251, 137, 159, 215]], "number_unexpected_containers_at_facilities": [[60, 3, 59], [15, 45, 44], [43, 83, 89], [97, 42, 89]], "number_good_quality_containers_at_facilities": [[85, 2, 14], [33, 11, 46], [90, 34, 91], [37, 28, 71]], "containers_demand_for_clients": [[200, 192, 228, 202, 215, 242, 228, 220, 166, 167, 217, 203, 174, 236, 221, 235, 171, 220, 182, 192, 197, 223, 239, 180, 236, 245, 232, 227, 207, 194], [228, 241, 247, 196, 209, 241, 174, 253, 225, 241, 228, 225, 215, 254, 218, 252, 207, 181, 215, 247, 187, 230, 203, 231, 240, 180, 237, 172, 220, 245], [242, 228, 217, 196, 185, 224, 226, 170, 199, 175, 197, 238, 183, 209, 250, 179, 178, 221, 179, 175, 172, 213, 197, 249, 221, 218, 241, 181, 176, 213], [173, 223, 211, 202, 185, 218, 215, 198, 170, 168, 202, 213, 214, 188, 194, 227, 213, 204, 227, 187, 161, 227, 217, 177, 187, 173, 229, 201, 160, 208]], "transportation_capacity": 564, "probability_original_quality_level": [[7.0, 25.0, 20.0, 21.0, 4.0, 18.0, 5.0], [7.0, 0.0, 45.0, 34.0, 4.0, 5.0, 5.0], [6.0, 19.0, 27.0, 6.0, 24.0, 16.0, 2.0], [6.0, 33.0, 20.0, 30.0, 3.0, 5.0, 3.0]], "number_hours_required_for_inspection": [0.4355907892531201, 0.7884511009533615, 0.37655767345620816, 0.7671725673755126], "number_hours_available_for_inspection": [208, 230, 277], "expected_number_hours_required_for_repair": [1.241324649704322, 1.1703938739981092, 1.3447393809002068, 1.164100502527364], "number_hours_available_for_repair": [348, 395, 426], "warehouse_capacity_of_facility": [771, 747, 748], "cost_of_inspection": [8.711815785062402, 15.76902201906723, 7.531153469124163, 15.343451347510253], "expected_cost_of_repair": [35.85630891031671, 34.33591729189363, 39.20411422495306, 34.091910614363684], "cost_of_transportation": [143, 78], "holding_cost": [2.0092254877340054, 1.7946697099880997, 1.609970290583787], "rejection_cost": [300.0, 300.0, 300.0, 300.0]}