{"container_types": 4, "number_of_facilities": 2, "container_quality_level": 5, "time_periods": 30, "number_containers_arriving_to_facility_zero": [[229, 148, 204, 114, 187, 132, 237, 263, 151, 106, 246, 207, 243, 137, 108, 217, 262, 180, 212, 243, 281, 259, 172, 170, 291, 211, 113, 119, 220, 255], [226, 155, 227, 206, 127, 126, 231, 250, 141, 185, 213, 193, 149, 205, 111, 249, 266, 234, 112, 241, 284, 148, 151, 220, 160, 260, 185, 159, 134, 251], [180, 148, 287, 157, 181, 250, 129, 234, 240, 248, 191, 261, 273, 122, 194, 155, 165, 291, 168, 114, 169, 263, 186, 236, 297, 220, 168, 143, 252, 218], [213, 268, 216, 258, 264, 115, 242, 126, 158, 171, 130, 108, 136, 269, 134, 219, 247, 183, 276, 124, 275, 216, 240, 287, 201, 160, 251, 193, 186, 116]], "number_unexpected_containers_at_facilities": [[87, 90, 85], [84, 53, 5], [98, 93, 32], [78, 29, 1]], "number_good_quality_containers_at_facilities": [[85, 46, 78], [79, 43, 66], [76, 93, 69], [85, 45, 74]], "containers_demand_for_clients": [[207, 187, 212, 207, 175, 195, 168, 194, 173, 235, 191, 227, 173, 174, 223, 203, 229, 197, 224, 233, 220, 243, 185, 171, 240, 240, 229, 214, 233, 209], [201, 194, 203, 198, 217, 244, 220, 211, 189, 235, 190, 248, 234, 211, 242, 241, 219, 199, 190, 209, 233, 253, 181, 229, 187, 216, 182, 188, 230, 253], [169, 230, 208, 223, 165, 241, 207, 174, 225, 188, 197, 230, 218, 219, 231, 239, 203, 221, 178, 198, 188, 186, 167, 182, 181, 165, 175, 165, 228, 171], [207, 251, 177, 252, 220, 187, 196, 180, 226, 226, 207, 243, 190, 186, 179, 191, 212, 201, 212, 209, 254, 207, 219, 263, 245, 205, 227, 222, 253, 247]], "transportation_capacity": 622, "probability_original_quality_level": [[9.0, 32.0, 25.0, 9.0, 22.0, 2.0, 1.0], [9.0, 44.0, 1.0, 11.0, 30.0, 4.0, 1.0], [10.0, 13.0, 19.0, 0.0, 17.0, 36.0, 5.0], [9.0, 32.0, 5.0, 3.0, 24.0, 26.0, 1.0]], "number_hours_required_for_inspection": [0.6013300646146581, 0.9831367768868152, 0.5785011462527457, 0.5394951356331413], "number_hours_available_for_inspection": [253, 276, 235], "expected_number_hours_required_for_repair": [1.1796028452880774, 1.1912879196547008, 1.4761379134783637, 1.3519260991543256], "number_hours_available_for_repair": [340, 461, 395], "warehouse_capacity_of_facility": [925, 808, 913], "cost_of_inspection": [12.026601292293162, 19.662735537736303, 11.570022925054914, 10.789902712662826], "expected_cost_of_repair": [33.88090227760479, 34.539595230161495, 42.84301721427079, 38.967067299949505], "cost_of_transportation": [126, 130], "holding_cost": [2.388505822988373, 2.166159047044675, 1.7359869746762944], "rejection_cost": [300.0, 300.0, 300.0, 300.0]}