{"container_types": 4, "number_of_facilities": 2, "container_quality_level": 5, "time_periods": 30, "number_containers_arriving_to_facility_zero": [[233, 202, 245, 289, 178, 235, 189, 102, 296, 216, 104, 265, 195, 237, 280, 160, 276, 291, 220, 147, 152, 219, 258, 117, 278, 118, 290, 207, 127, 241], [282, 255, 225, 269, 103, 154, 164, 159, 130, 235, 147, 186, 155, 291, 174, 153, 100, 238, 248, 230, 151, 284, 276, 235, 248, 120, 111, 255, 140, 293], [158, 280, 224, 234, 201, 203, 193, 264, 201, 147, 151, 212, 129, 265, 242, 165, 235, 295, 132, 167, 182, 248, 290, 169, 273, 107, 295, 201, 109, 145], [232, 155, 273, 291, 222, 263, 288, 103, 125, 132, 208, 216, 254, 121, 172, 278, 146, 197, 106, 133, 121, 151, 294, 113, 190, 239, 105, 269, 293, 209]], "number_unexpected_containers_at_facilities": [[13, 94, 3], [2, 41, 9], [0, 2, 10], [2, 42, 85]], "number_good_quality_containers_at_facilities": [[77, 26, 74], [37, 32, 13], [40, 1, 4], [31, 8, 76]], "containers_demand_for_clients": [[224, 226, 177, 170, 183, 176, 209, 231, 225, 191, 217, 229, 198, 220, 242, 217, 193, 174, 229, 197, 239, 182, 212, 164, 221, 225, 185, 200, 182, 190], [204, 207, 261, 241, 192, 246, 224, 238, 245, 243, 259, 259, 219, 239, 223, 210, 260, 222, 242, 179, 259, 259, 237, 227, 209, 249, 217, 190, 236, 195], [166, 178, 165, 179, 229, 203, 204, 220, 235, 244, 215, 242, 185, 186, 200, 224, 223, 222, 182, 243, 205, 179, 220, 208, 177, 188, 178, 224, 219, 208], [219, 204, 196, 186, 209, 242, 188, 205, 194, 168, 203, 243, 239, 166, 190, 175, 217, 225, 237, 229, 169, 214, 183, 213, 184, 213, 241, 244, 228, 211]], "transportation_capacity": 576, "probability_original_quality_level": [[7.0, 12.0, 14.0, 29.0, 26.0, 9.0, 3.0], [9.0, 19.0, 15.0, 13.0, 30.0, 9.0, 5.0], [6.0, 19.0, 12.0, 21.0, 10.0, 31.0, 1.0], [6.0, 23.0, 15.0, 12.0, 13.0, 26.0, 5.0]], "number_hours_required_for_inspection": [0.4011550822722794, 0.9329118929193025, 0.9958853092816843, 0.37415829518364063], "number_hours_available_for_inspection": [300, 298, 328], "expected_number_hours_required_for_repair": [1.4734402537306812, 1.276556204072369, 1.478049009860972, 1.3459283942798288], "number_hours_available_for_repair": [400, 356, 461], "warehouse_capacity_of_facility": [863, 754, 793], "cost_of_inspection": [8.023101645445589, 18.65823785838605, 19.917706185633687, 7.483165903672813], "expected_cost_of_repair": [42.82108768923496, 37.097588650752535, 43.727714438284835, 39.74905618968358], "cost_of_transportation": [155, 123], "holding_cost": [2.339470753361379, 1.5511511202663197, 1.3881865826411193], "rejection_cost": [300.0, 300.0, 300.0, 300.0]}