{"container_types": 4, "number_of_facilities": 2, "container_quality_level": 5, "time_periods": 30, "number_containers_arriving_to_facility_zero": [[276, 243, 139, 167, 287, 183, 139, 287, 235, 282, 211, 264, 139, 280, 134, 137, 191, 193, 289, 197, 293, 136, 154, 223, 159, 153, 215, 193, 297, 195], [277, 259, 250, 247, 226, 286, 159, 259, 244, 264, 184, 219, 267, 114, 216, 257, 102, 149, 245, 181, 200, 178, 244, 225, 245, 104, 129, 261, 286, 247], [285, 254, 124, 133, 192, 134, 188, 198, 199, 143, 233, 112, 129, 150, 130, 245, 173, 185, 210, 230, 139, 138, 134, 130, 223, 236, 253, 294, 219, 286], [242, 255, 219, 214, 126, 153, 139, 224, 271, 237, 194, 213, 126, 103, 108, 106, 220, 276, 185, 250, 211, 210, 278, 193, 179, 162, 175, 155, 259, 149]], "number_unexpected_containers_at_facilities": [[16, 27, 89], [97, 94, 36], [4, 42, 68], [77, 67, 53]], "number_good_quality_containers_at_facilities": [[72, 74, 71], [76, 79, 37], [46, 66, 89], [58, 64, 50]], "containers_demand_for_clients": [[186, 204, 246, 226, 245, 213, 241, 219, 239, 198, 208, 225, 207, 219, 186, 215, 215, 212, 204, 213, 185, 177, 224, 194, 170, 245, 172, 215, 194, 174], [243, 210, 196, 233, 194, 246, 201, 251, 247, 185, 258, 261, 184, 257, 178, 257, 242, 262, 177, 189, 195, 263, 195, 232, 180, 250, 222, 223, 252, 206], [217, 204, 222, 217, 211, 242, 238, 186, 232, 191, 226, 237, 204, 249, 190, 256, 226, 198, 256, 190, 272, 266, 270, 202, 263, 271, 243, 219, 252, 258], [209, 210, 171, 207, 204, 221, 197, 233, 207, 197, 198, 236, 205, 191, 230, 236, 170, 228, 178, 178, 227, 193, 191, 175, 218, 196, 163, 167, 234, 180]], "transportation_capacity": 531, "probability_original_quality_level": [[8.0, 0.0, 38.0, 0.0, 28.0, 23.0, 3.0], [7.0, 39.0, 16.0, 9.0, 15.0, 14.0, 0.0], [8.0, 12.0, 10.0, 11.0, 34.0, 23.0, 2.0], [6.0, 30.0, 13.0, 22.0, 10.0, 14.0, 5.0]], "number_hours_required_for_inspection": [0.3763121502577718, 0.9097964136592988, 0.8397303150796189, 0.5973989055640045], "number_hours_available_for_inspection": [340, 337, 242], "expected_number_hours_required_for_repair": [1.5173941028976807, 1.172393693942526, 1.5228694789501287, 1.2214293989002478], "number_hours_available_for_repair": [369, 483, 353], "warehouse_capacity_of_facility": [793, 774, 896], "cost_of_inspection": [7.526243005155436, 18.195928273185974, 16.794606301592378, 11.94797811128009], "expected_cost_of_repair": [44.456230187307085, 34.39047418353348, 44.462917223302696, 35.92484674078221], "cost_of_transportation": [160, 106], "holding_cost": [2.0427270610421164, 2.123970682079826, 1.4708142199761882], "rejection_cost": [300.0, 300.0, 300.0, 300.0]}