{"container_types": 4, "number_of_facilities": 2, "container_quality_level": 5, "time_periods": 30, "number_containers_arriving_to_facility_zero": [[206, 135, 190, 224, 100, 144, 166, 219, 150, 146, 104, 155, 158, 265, 118, 251, 192, 108, 254, 217, 255, 185, 260, 246, 254, 298, 236, 255, 153, 154], [257, 192, 189, 220, 282, 194, 216, 226, 219, 131, 215, 285, 224, 118, 195, 100, 135, 267, 258, 192, 243, 241, 255, 123, 178, 264, 116, 227, 168, 290], [198, 124, 107, 152, 102, 230, 169, 210, 126, 133, 231, 266, 223, 121, 162, 283, 114, 191, 168, 242, 256, 284, 127, 213, 132, 296, 138, 258, 242, 279], [253, 103, 118, 239, 171, 133, 221, 122, 164, 205, 104, 201, 120, 153, 235, 217, 199, 261, 216, 150, 167, 198, 234, 246, 266, 197, 113, 262, 256, 255]], "number_unexpected_containers_at_facilities": [[37, 74, 65], [14, 53, 93], [58, 12, 0], [82, 47, 48]], "number_good_quality_containers_at_facilities": [[59, 36, 49], [43, 64, 47], [60, 91, 27], [46, 37, 64]], "containers_demand_for_clients": [[212, 195, 216, 235, 208, 201, 231, 200, 239, 170, 200, 208, 206, 243, 173, 182, 199, 207, 226, 218, 186, 203, 191, 237, 179, 166, 184, 183, 216, 176], [186, 194, 169, 203, 242, 209, 239, 194, 210, 227, 197, 202, 203, 184, 175, 222, 187, 174, 172, 219, 181, 162, 223, 198, 237, 212, 177, 218, 216, 176], [191, 206, 213, 199, 174, 244, 212, 256, 210, 174, 196, 177, 232, 224, 234, 228, 233, 197, 189, 260, 174, 192, 178, 230, 173, 203, 240, 195, 245, 178], [210, 174, 165, 234, 196, 202, 194, 226, 196, 174, 215, 224, 181, 165, 213, 238, 179, 234, 160, 191, 185, 187, 225, 216, 213, 195, 163, 218, 212, 202]], "transportation_capacity": 479, "probability_original_quality_level": [[6.0, 5.0, 17.0, 27.0, 19.0, 26.0, 0.0], [5.0, 27.0, 18.0, 16.0, 15.0, 15.0, 4.0], [6.0, 16.0, 14.0, 28.0, 2.0, 30.0, 4.0], [5.0, 13.0, 23.0, 22.0, 25.0, 10.0, 2.0]], "number_hours_required_for_inspection": [0.9316902462546955, 0.8218085900515746, 0.47345054791934005, 0.9446839362687091], "number_hours_available_for_inspection": [383, 274, 293], "expected_number_hours_required_for_repair": [1.6012133427429724, 1.3019927009389736, 1.341014586935181, 1.3813800063943678], "number_hours_available_for_repair": [486, 443, 532], "warehouse_capacity_of_facility": [765, 809, 879], "cost_of_inspection": [18.633804925093912, 16.43617180103149, 9.4690109583868, 18.89367872537418], "expected_cost_of_repair": [47.42909150867962, 38.3287844849679, 39.50793800384016, 40.55736841669475], "cost_of_transportation": [121, 91], "holding_cost": [2.827924771389999, 1.7932389786461433, 1.8299287833304763], "rejection_cost": [300.0, 300.0, 300.0, 300.0]}