{"container_types": 4, "number_of_facilities": 2, "container_quality_level": 5, "time_periods": 30, "number_containers_arriving_to_facility_zero": [[277, 128, 104, 170, 283, 282, 204, 103, 251, 188, 113, 279, 191, 257, 154, 172, 258, 192, 214, 220, 158, 275, 265, 107, 137, 150, 269, 139, 183, 120], [202, 155, 134, 284, 172, 286, 251, 167, 294, 265, 218, 202, 204, 226, 288, 196, 275, 200, 146, 148, 123, 231, 187, 255, 149, 187, 299, 141, 261, 258], [189, 281, 271, 143, 227, 177, 102, 148, 188, 270, 275, 207, 159, 258, 205, 233, 215, 124, 263, 144, 120, 163, 225, 169, 296, 104, 105, 121, 284, 200], [245, 220, 236, 239, 237, 119, 211, 188, 223, 194, 162, 251, 274, 216, 218, 230, 298, 122, 153, 254, 264, 166, 234, 290, 254, 195, 171, 274, 160, 220]], "number_unexpected_containers_at_facilities": [[78, 37, 49], [51, 1, 45], [18, 61, 31], [11, 62, 22]], "number_good_quality_containers_at_facilities": [[93, 40, 94], [46, 62, 87], [56, 90, 11], [64, 39, 59]], "containers_demand_for_clients": [[236, 221, 189, 215, 227, 210, 242, 249, 257, 260, 204, 225, 261, 190, 264, 249, 259, 183, 202, 186, 191, 255, 220, 180, 184, 185, 254, 226, 200, 198], [229, 168, 185, 177, 229, 214, 215, 245, 199, 229, 189, 233, 213, 241, 211, 241, 183, 207, 228, 206, 182, 225, 168, 204, 246, 234, 233, 199, 233, 211], [243, 186, 192, 221, 232, 196, 261, 201, 215, 242, 222, 251, 241, 213, 192, 207, 218, 183, 222, 212, 184, 236, 246, 190, 221, 193, 249, 229, 178, 206], [220, 240, 214, 236, 232, 217, 213, 207, 208, 238, 188, 211, 175, 228, 231, 173, 228, 197, 203, 189, 229, 218, 189, 209, 185, 187, 175, 231, 184, 232]], "transportation_capacity": 606, "probability_original_quality_level": [[6.0, 3.0, 21.0, 19.0, 22.0, 25.0, 4.0], [7.0, 10.0, 26.0, 1.0, 33.0, 19.0, 4.0], [6.0, 35.0, 5.0, 4.0, 26.0, 21.0, 3.0], [7.0, 34.0, 18.0, 18.0, 0.0, 21.0, 2.0]], "number_hours_required_for_inspection": [0.8843827126843917, 0.6046990738133601, 0.38994646764554436, 0.5229410638303237], "number_hours_available_for_inspection": [244, 249, 303], "expected_number_hours_required_for_repair": [1.5817896310378705, 1.4652551804742666, 1.3178622196322434, 1.30838685266918], "number_hours_available_for_repair": [480, 396, 395], "warehouse_capacity_of_facility": [901, 800, 855], "cost_of_inspection": [17.687654253687835, 12.093981476267201, 7.798929352910887, 10.458821276606473], "expected_cost_of_repair": [46.51753656712016, 43.09278386141452, 38.6070630166102, 38.028631201461764], "cost_of_transportation": [62, 154], "holding_cost": [2.2012146208784342, 1.585726220620251, 1.112378372692619], "rejection_cost": [300.0, 300.0, 300.0, 300.0]}