{"container_types": 4, "number_of_facilities": 2, "container_quality_level": 5, "time_periods": 30, "number_containers_arriving_to_facility_zero": [[287, 206, 187, 220, 260, 227, 213, 170, 270, 134, 214, 297, 219, 279, 237, 114, 106, 111, 209, 162, 264, 263, 203, 136, 120, 137, 213, 229, 136, 261], [195, 153, 213, 139, 223, 216, 236, 219, 108, 153, 135, 141, 178, 198, 282, 145, 197, 138, 174, 110, 100, 205, 289, 179, 190, 266, 138, 132, 206, 243], [186, 297, 176, 130, 155, 199, 107, 133, 189, 139, 209, 201, 200, 244, 215, 187, 130, 102, 279, 117, 113, 252, 102, 267, 138, 202, 195, 283, 245, 293], [107, 120, 219, 201, 144, 124, 280, 229, 239, 136, 216, 293, 272, 223, 213, 186, 216, 274, 279, 179, 259, 114, 256, 139, 175, 250, 200, 106, 221, 234]], "number_unexpected_containers_at_facilities": [[15, 45, 53], [91, 3, 89], [48, 82, 22], [60, 12, 7]], "number_good_quality_containers_at_facilities": [[96, 56, 89], [0, 11, 81], [68, 93, 53], [89, 88, 35]], "containers_demand_for_clients": [[198, 187, 178, 171, 188, 180, 236, 186, 191, 237, 185, 187, 185, 217, 205, 238, 253, 242, 200, 199, 185, 236, 177, 241, 247, 249, 217, 181, 242, 191], [225, 189, 192, 227, 201, 211, 177, 245, 241, 220, 216, 239, 244, 178, 190, 246, 210, 208, 253, 221, 186, 203, 254, 194, 189, 201, 207, 221, 222, 235], [227, 191, 208, 200, 154, 221, 207, 183, 176, 169, 171, 194, 217, 154, 225, 191, 222, 202, 184, 220, 158, 159, 169, 187, 179, 186, 228, 157, 170, 210], [189, 191, 205, 192, 206, 225, 190, 193, 216, 161, 196, 195, 182, 230, 208, 168, 186, 193, 186, 200, 197, 201, 178, 191, 209, 165, 195, 225, 163, 214]], "transportation_capacity": 452, "probability_original_quality_level": [[6.0, 18.0, 20.0, 23.0, 16.0, 14.0, 3.0], [10.0, 19.0, 5.0, 23.0, 13.0, 25.0, 5.0], [10.0, 26.0, 5.0, 22.0, 8.0, 28.0, 1.0], [6.0, 17.0, 26.0, 1.0, 16.0, 31.0, 3.0]], "number_hours_required_for_inspection": [0.9990557378571805, 0.6245895462898474, 0.7282151698864563, 0.6961956958768644], "number_hours_available_for_inspection": [328, 262, 261], "expected_number_hours_required_for_repair": [1.3197212821182374, 1.4283265981015916, 1.4193100305581783, 1.4420515385293107], "number_hours_available_for_repair": [511, 501, 370], "warehouse_capacity_of_facility": [890, 900, 762], "cost_of_inspection": [19.981114757143608, 12.491790925796948, 14.564303397729127, 13.923913917537288], "expected_cost_of_repair": [38.58915333044923, 41.58744405274556, 41.38230746496084, 42.603601682708465], "cost_of_transportation": [126, 76], "holding_cost": [2.0357499307091578, 2.231540847661913, 1.786872668236036], "rejection_cost": [300.0, 300.0, 300.0, 300.0]}