{"container_types": 4, "number_of_facilities": 2, "container_quality_level": 5, "time_periods": 7, "number_containers_arriving_to_facility_zero": [[235, 280, 206, 144, 208, 106, 204], [293, 175, 113, 131, 278, 220, 294], [266, 299, 253, 195, 295, 168, 280], [116, 126, 241, 247, 142, 182, 120]], "number_unexpected_containers_at_facilities": [[87, 8, 77], [82, 15, 53], [40, 86, 34], [33, 8, 92]], "number_good_quality_containers_at_facilities": [[30, 76, 25], [66, 35, 67], [51, 43, 31], [63, 48, 3]], "containers_demand_for_clients": [[190, 186, 211, 171, 200, 232, 185], [220, 195, 257, 273, 252, 193, 265], [208, 235, 257, 233, 288, 283, 220], [334, 271, 341, 275, 319, 276, 322]], "transportation_capacity": 775, "probability_original_quality_level": [[10.0, 12.0, 17.0, 10.0, 18.0, 31.0, 2.0], [8.0, 10.0, 7.0, 10.0, 26.0, 39.0, 0.0], [9.0, 22.0, 16.0, 19.0, 21.0, 11.0, 2.0], [9.0, 30.0, 21.0, 3.0, 17.0, 15.0, 5.0]], "number_hours_required_for_inspection": [0.8841101980916762, 0.8424420092913454, 0.9004303590735641, 0.8952372314880779], "number_hours_available_for_inspection": [454, 449, 356], "expected_number_hours_required_for_repair": [1.5000707095679793, 1.688764889759598, 1.3270831352023817, 1.2078106323622848], "number_hours_available_for_repair": [514, 553, 503], "warehouse_capacity_of_facility": [1077, 997, 970], "cost_of_inspection": [17.682203961833526, 16.84884018582691, 18.00860718147128, 17.90474462976156], "expected_cost_of_repair": [43.043182124214674, 49.521564954428506, 38.369205413967805, 34.92000256262672], "cost_of_transportation": [104, 111], "holding_cost": [2.1549226095735925, 1.693749323936927, 1.0452467936886216], "rejection_cost": [200.0, 200.0, 200.0, 200.0]}