{"container_types": 4, "number_of_facilities": 2, "container_quality_level": 5, "time_periods": 7, "number_containers_arriving_to_facility_zero": [[177, 269, 101, 164, 201, 128, 293], [257, 238, 172, 114, 285, 265, 189], [229, 118, 194, 187, 258, 114, 115], [219, 261, 283, 136, 116, 263, 139]], "number_unexpected_containers_at_facilities": [[6, 51, 70], [22, 72, 59], [24, 82, 34], [82, 61, 67]], "number_good_quality_containers_at_facilities": [[22, 30, 40], [82, 95, 55], [16, 39, 89], [34, 98, 60]], "containers_demand_for_clients": [[207, 221, 237, 292, 229, 252, 269], [201, 230, 216, 232, 220, 221, 232], [288, 258, 320, 315, 264, 245, 283], [199, 254, 240, 238, 196, 219, 222]], "transportation_capacity": 578, "probability_original_quality_level": [[8.0, 25.0, 23.0, 11.0, 15.0, 16.0, 2.0], [5.0, 14.0, 17.0, 9.0, 16.0, 37.0, 2.0], [5.0, 5.0, 9.0, 32.0, 14.0, 31.0, 4.0], [10.0, 4.0, 35.0, 4.0, 14.0, 32.0, 1.0]], "number_hours_required_for_inspection": [0.9336248222118477, 0.8667489769339458, 0.8511444063660439, 0.9892181558108997], "number_hours_available_for_inspection": [398, 383, 496], "expected_number_hours_required_for_repair": [1.269854368574447, 1.635635160289025, 1.598022802763151, 1.5526158626736648], "number_hours_available_for_repair": [521, 454, 461], "warehouse_capacity_of_facility": [1055, 1034, 987], "cost_of_inspection": [18.672496444236955, 17.334979538678915, 17.02288812732088, 19.784363116217992], "expected_cost_of_repair": [36.80703319096509, 48.3606941762313, 47.077157077063, 44.64498895666021], "cost_of_transportation": [109, 169], "holding_cost": [2.3093666707876688, 1.7501289990620856, 1.3462065639436664], "rejection_cost": [200.0, 200.0, 200.0, 200.0]}