{"container_types": 4, "number_of_facilities": 2, "container_quality_level": 5, "time_periods": 7, "number_containers_arriving_to_facility_zero": [[158, 133, 296, 239, 107, 191, 267], [189, 220, 246, 147, 296, 126, 244], [286, 266, 270, 130, 162, 294, 281], [287, 295, 221, 229, 197, 178, 111]], "number_unexpected_containers_at_facilities": [[28, 61, 24], [7, 70, 64], [9, 82, 26], [17, 24, 78]], "number_good_quality_containers_at_facilities": [[93, 96, 48], [92, 20, 35], [24, 46, 43], [36, 89, 96]], "containers_demand_for_clients": [[236, 307, 278, 247, 277, 242, 300], [284, 231, 239, 234, 234, 289, 199], [267, 252, 236, 241, 285, 298, 248], [222, 282, 264, 253, 234, 238, 246]], "transportation_capacity": 575, "probability_original_quality_level": [[10.0, 23.0, 16.0, 9.0, 14.0, 28.0, 0.0], [6.0, 40.0, 7.0, 14.0, 24.0, 4.0, 5.0], [5.0, 34.0, 2.0, 32.0, 10.0, 13.0, 4.0], [9.0, 10.0, 25.0, 12.0, 16.0, 24.0, 4.0]], "number_hours_required_for_inspection": [0.8046664901361706, 0.5690097182847692, 0.8030251078213643, 0.8327442781958173], "number_hours_available_for_inspection": [367, 412, 321], "expected_number_hours_required_for_repair": [1.4051683442469716, 1.19833921913939, 1.2560123256304958, 1.3895077496611117], "number_hours_available_for_repair": [510, 539, 569], "warehouse_capacity_of_facility": [1069, 1016, 1068], "cost_of_inspection": [16.093329802723414, 11.380194365695385, 16.060502156427287, 16.654885563916345], "expected_cost_of_repair": [40.268894721307014, 35.22901695729997, 36.999092481545965, 40.42025736538629], "cost_of_transportation": [134, 162], "holding_cost": [2.0726974559477536, 1.7676689748638026, 1.7413957292673012], "rejection_cost": [200.0, 200.0, 200.0, 200.0]}