{"container_types": 4, "number_of_facilities": 2, "container_quality_level": 5, "time_periods": 7, "number_containers_arriving_to_facility_zero": [[130, 299, 142, 115, 190, 209, 152], [116, 239, 200, 221, 248, 179, 156], [213, 241, 172, 103, 262, 152, 191], [115, 133, 158, 277, 160, 233, 176]], "number_unexpected_containers_at_facilities": [[74, 96, 37], [22, 67, 41], [37, 23, 36], [14, 39, 54]], "number_good_quality_containers_at_facilities": [[69, 5, 98], [89, 45, 64], [81, 25, 65], [24, 93, 74]], "containers_demand_for_clients": [[180, 221, 246, 201, 185, 251, 198], [257, 222, 219, 257, 184, 213, 252], [220, 201, 262, 249, 193, 241, 241], [253, 202, 207, 209, 257, 184, 244]], "transportation_capacity": 605, "probability_original_quality_level": [[5.0, 9.0, 15.0, 15.0, 29.0, 25.0, 2.0], [10.0, 43.0, 3.0, 0.0, 10.0, 33.0, 1.0], [7.0, 22.0, 40.0, 14.0, 4.0, 10.0, 3.0], [9.0, 27.0, 11.0, 23.0, 14.0, 11.0, 5.0]], "number_hours_required_for_inspection": [0.6523891479465073, 0.7931994236693797, 0.45760789328803964, 0.6498614730054785], "number_hours_available_for_inspection": [327, 312, 299], "expected_number_hours_required_for_repair": [1.6125554547992784, 1.3813097814400799, 1.1861725899441469, 1.268147903233796], "number_hours_available_for_repair": [514, 399, 486], "warehouse_capacity_of_facility": [859, 913, 925], "cost_of_inspection": [13.047782958930146, 15.863988473387593, 9.152157865760792, 12.997229460109569], "expected_cost_of_repair": [47.76275042382431, 39.52981747511686, 34.4695434031272, 36.688952930755576], "cost_of_transportation": [89, 150], "holding_cost": [2.3898964567619947, 1.8551204222790219, 1.1748209949512547], "rejection_cost": [200.0, 200.0, 200.0, 200.0]}