{"container_types": 4, "number_of_facilities": 2, "container_quality_level": 5, "time_periods": 7, "number_containers_arriving_to_facility_zero": [[233, 226, 159, 185, 247, 252, 232], [104, 119, 188, 264, 161, 280, 263], [130, 104, 272, 143, 126, 162, 157], [291, 284, 121, 266, 214, 292, 159]], "number_unexpected_containers_at_facilities": [[96, 4, 85], [6, 73, 55], [29, 96, 99], [25, 57, 46]], "number_good_quality_containers_at_facilities": [[36, 96, 34], [21, 37, 17], [95, 73, 80], [57, 11, 25]], "containers_demand_for_clients": [[287, 285, 272, 296, 224, 239, 258], [223, 223, 221, 221, 291, 291, 316], [254, 192, 242, 224, 206, 207, 216], [231, 212, 198, 195, 219, 194, 246]], "transportation_capacity": 770, "probability_original_quality_level": [[5.0, 27.0, 15.0, 20.0, 5.0, 27.0, 1.0], [7.0, 16.0, 26.0, 28.0, 12.0, 9.0, 2.0], [9.0, 7.0, 25.0, 39.0, 12.0, 7.0, 1.0], [9.0, 21.0, 18.0, 13.0, 16.0, 22.0, 1.0]], "number_hours_required_for_inspection": [0.37431678896137976, 0.8748382023434242, 0.5035792550402912, 0.9327590628769191], "number_hours_available_for_inspection": [348, 296, 287], "expected_number_hours_required_for_repair": [1.33137604694896, 1.2897406193420542, 1.386380469345856, 1.3662197342279425], "number_hours_available_for_repair": [499, 505, 549], "warehouse_capacity_of_facility": [959, 1072, 896], "cost_of_inspection": [7.486335779227595, 17.496764046868485, 10.071585100805825, 18.65518125753838], "expected_cost_of_repair": [39.42831145524093, 37.78848345314625, 40.00277716034129, 39.43858079641566], "cost_of_transportation": [106, 146], "holding_cost": [2.7310546685074564, 2.303276409501394, 1.2269504296152032], "rejection_cost": [200.0, 200.0, 200.0, 200.0]}