{"container_types": 4, "number_of_facilities": 2, "container_quality_level": 5, "time_periods": 7, "number_containers_arriving_to_facility_zero": [[240, 285, 235, 218, 233, 179, 121], [284, 197, 106, 271, 261, 174, 250], [275, 271, 243, 288, 184, 164, 262], [218, 284, 223, 289, 189, 173, 243]], "number_unexpected_containers_at_facilities": [[15, 90, 49], [30, 63, 52], [94, 29, 40], [2, 68, 80]], "number_good_quality_containers_at_facilities": [[72, 66, 21], [77, 16, 88], [40, 50, 36], [33, 11, 24]], "containers_demand_for_clients": [[211, 215, 273, 293, 210, 270, 249], [209, 252, 304, 299, 212, 304, 211], [301, 232, 303, 225, 312, 282, 302], [228, 294, 226, 253, 259, 336, 253]], "transportation_capacity": 765, "probability_original_quality_level": [[5.0, 35.0, 16.0, 18.0, 16.0, 7.0, 3.0], [10.0, 0.0, 19.0, 19.0, 23.0, 26.0, 3.0], [10.0, 10.0, 23.0, 26.0, 19.0, 7.0, 5.0], [10.0, 7.0, 23.0, 26.0, 27.0, 5.0, 2.0]], "number_hours_required_for_inspection": [0.982701526810393, 0.7243072565084586, 0.978973041013259, 0.7610795919204836], "number_hours_available_for_inspection": [387, 510, 446], "expected_number_hours_required_for_repair": [1.2552275028931918, 1.498642696414538, 1.2527404741077641, 1.365363173482078], "number_hours_available_for_repair": [465, 606, 516], "warehouse_capacity_of_facility": [1102, 1055, 1051], "cost_of_inspection": [19.65403053620786, 14.486145130169172, 19.57946082026518, 15.221591838409672], "expected_cost_of_repair": [36.809901947994504, 43.22377986656804, 35.6063447310908, 39.06894549777128], "cost_of_transportation": [93, 117], "holding_cost": [2.022508773589043, 2.1145953297675706, 1.817728244153976], "rejection_cost": [200.0, 200.0, 200.0, 200.0]}