{"container_types": 4, "number_of_facilities": 2, "container_quality_level": 5, "time_periods": 7, "number_containers_arriving_to_facility_zero": [[186, 120, 111, 187, 239, 151, 288], [215, 145, 180, 257, 188, 145, 238], [222, 218, 233, 101, 278, 132, 135], [185, 117, 253, 273, 212, 127, 190]], "number_unexpected_containers_at_facilities": [[87, 2, 57], [0, 79, 86], [76, 37, 88], [28, 31, 38]], "number_good_quality_containers_at_facilities": [[54, 2, 35], [21, 81, 39], [56, 16, 1], [51, 74, 20]], "containers_demand_for_clients": [[268, 192, 249, 262, 207, 271, 239], [219, 211, 223, 204, 230, 253, 178], [244, 249, 213, 232, 257, 213, 231], [185, 240, 194, 211, 201, 215, 264]], "transportation_capacity": 708, "probability_original_quality_level": [[8.0, 16.0, 26.0, 17.0, 16.0, 12.0, 5.0], [6.0, 19.0, 44.0, 1.0, 18.0, 10.0, 2.0], [9.0, 13.0, 27.0, 23.0, 13.0, 13.0, 2.0], [7.0, 34.0, 1.0, 29.0, 2.0, 22.0, 5.0]], "number_hours_required_for_inspection": [0.6677757245940285, 0.8299623118547312, 0.9408045985189208, 0.8203134906015966], "number_hours_available_for_inspection": [323, 439, 392], "expected_number_hours_required_for_repair": [1.2979763119016388, 1.221423243482791, 1.3072716034705711, 1.3486446061328354], "number_hours_available_for_repair": [481, 516, 382], "warehouse_capacity_of_facility": [941, 991, 931], "cost_of_inspection": [13.35551449188057, 16.599246237094626, 18.816091970378416, 16.406269812031933], "expected_cost_of_repair": [37.977347951059244, 35.492074036148196, 37.97436561725368, 39.144257259607265], "cost_of_transportation": [81, 104], "holding_cost": [2.758025030045003, 1.5873349730265143, 1.2189367095212227], "rejection_cost": [200.0, 200.0, 200.0, 200.0]}