{"container_types": 4, "number_of_facilities": 2, "container_quality_level": 5, "time_periods": 7, "number_containers_arriving_to_facility_zero": [[286, 222, 104, 244, 259, 154, 216], [194, 188, 272, 175, 233, 215, 168], [175, 131, 260, 276, 209, 206, 271], [162, 212, 263, 246, 281, 247, 103]], "number_unexpected_containers_at_facilities": [[52, 61, 94], [25, 53, 18], [21, 55, 98], [68, 3, 17]], "number_good_quality_containers_at_facilities": [[90, 95, 68], [5, 87, 35], [28, 51, 12], [40, 65, 11]], "containers_demand_for_clients": [[238, 234, 226, 197, 212, 274, 258], [226, 283, 303, 311, 331, 319, 315], [209, 284, 266, 254, 231, 236, 206], [298, 302, 244, 263, 256, 304, 245]], "transportation_capacity": 669, "probability_original_quality_level": [[10.0, 39.0, 34.0, 9.0, 0.0, 7.0, 1.0], [10.0, 24.0, 8.0, 9.0, 26.0, 18.0, 5.0], [5.0, 22.0, 23.0, 1.0, 11.0, 34.0, 4.0], [9.0, 17.0, 15.0, 25.0, 20.0, 10.0, 4.0]], "number_hours_required_for_inspection": [0.6225321609092337, 0.8595192192072444, 0.5739378117050359, 0.5417362543975751], "number_hours_available_for_inspection": [306, 369, 343], "expected_number_hours_required_for_repair": [1.0304598467283446, 1.3125700790181025, 1.4261708238512207, 1.3376515798666475], "number_hours_available_for_repair": [537, 548, 501], "warehouse_capacity_of_facility": [998, 1090, 984], "cost_of_inspection": [12.450643218184673, 17.19038438414489, 11.478756234100718, 10.834725087951503], "expected_cost_of_repair": [29.273303564613038, 38.1960595777403, 41.905150580362694, 39.02739278946423], "cost_of_transportation": [135, 144], "holding_cost": [2.9165622761632193, 1.6537515641798488, 1.6690570350717087], "rejection_cost": [200.0, 200.0, 200.0, 200.0]}