{"container_types": 4, "number_of_facilities": 2, "container_quality_level": 5, "time_periods": 7, "number_containers_arriving_to_facility_zero": [[289, 242, 236, 158, 154, 251, 166], [277, 220, 228, 196, 228, 248, 284], [269, 171, 197, 220, 204, 173, 254], [280, 106, 190, 259, 167, 172, 254]], "number_unexpected_containers_at_facilities": [[20, 74, 22], [81, 52, 11], [80, 11, 91], [94, 81, 55]], "number_good_quality_containers_at_facilities": [[23, 73, 14], [26, 55, 74], [41, 34, 71], [63, 15, 20]], "containers_demand_for_clients": [[287, 223, 269, 275, 213, 255, 297], [237, 290, 254, 270, 201, 243, 221], [236, 328, 305, 275, 252, 233, 302], [234, 227, 294, 284, 258, 259, 296]], "transportation_capacity": 637, "probability_original_quality_level": [[7.0, 15.0, 7.0, 37.0, 21.0, 11.0, 2.0], [9.0, 24.0, 15.0, 17.0, 11.0, 23.0, 1.0], [6.0, 16.0, 24.0, 28.0, 0.0, 24.0, 2.0], [5.0, 24.0, 16.0, 17.0, 26.0, 8.0, 4.0]], "number_hours_required_for_inspection": [0.5954400227779487, 0.7979380250709095, 0.3354520918721917, 0.6858514764390552], "number_hours_available_for_inspection": [297, 317, 314], "expected_number_hours_required_for_repair": [1.4502951710209067, 1.369741468530512, 1.4440942695015913, 1.3723587462274154], "number_hours_available_for_repair": [517, 492, 602], "warehouse_capacity_of_facility": [1095, 1083, 1018], "cost_of_inspection": [11.908800455558975, 15.95876050141819, 6.709041837443834, 13.717029528781104], "expected_cost_of_repair": [42.71404587918557, 39.63809862462448, 42.471842515958244, 40.22984343331756], "cost_of_transportation": [82, 103], "holding_cost": [2.1355146360407162, 2.38738685166158, 1.7775835643260296], "rejection_cost": [200.0, 200.0, 200.0, 200.0]}