{"container_types": 4, "number_of_facilities": 2, "container_quality_level": 5, "time_periods": 7, "number_containers_arriving_to_facility_zero": [[258, 187, 124, 287, 245, 253, 268], [232, 189, 108, 113, 258, 213, 231], [257, 159, 109, 285, 214, 217, 165], [245, 287, 176, 166, 292, 262, 194]], "number_unexpected_containers_at_facilities": [[12, 46, 62], [16, 75, 4], [73, 48, 27], [9, 26, 18]], "number_good_quality_containers_at_facilities": [[85, 95, 66], [95, 94, 25], [36, 19, 58], [63, 84, 11]], "containers_demand_for_clients": [[209, 232, 284, 265, 215, 213, 229], [323, 299, 339, 289, 330, 313, 315], [212, 191, 260, 263, 244, 193, 239], [228, 202, 194, 257, 201, 245, 213]], "transportation_capacity": 610, "probability_original_quality_level": [[9.0, 11.0, 22.0, 24.0, 10.0, 23.0, 1.0], [7.0, 2.0, 25.0, 18.0, 30.0, 17.0, 1.0], [7.0, 23.0, 11.0, 23.0, 26.0, 5.0, 5.0], [6.0, 24.0, 0.0, 36.0, 2.0, 32.0, 0.0]], "number_hours_required_for_inspection": [0.3991820280606756, 0.4528822309433067, 0.46961637936011386, 0.4332874009255753], "number_hours_available_for_inspection": [228, 188, 187], "expected_number_hours_required_for_repair": [1.470688564042144, 1.4641225331148018, 1.2661584918769853, 1.4693659231915257], "number_hours_available_for_repair": [510, 475, 565], "warehouse_capacity_of_facility": [1090, 1079, 1013], "cost_of_inspection": [7.983640561213512, 9.057644618866135, 9.392327587202278, 8.665748018511506], "expected_cost_of_repair": [42.356258417280394, 43.11043831340201, 37.25176279148756, 43.12377449349025], "cost_of_transportation": [125, 120], "holding_cost": [2.986465372689476, 1.5941534490976426, 1.576269301201032], "rejection_cost": [200.0, 200.0, 200.0, 200.0]}