{"container_types": 4, "number_of_facilities": 2, "container_quality_level": 5, "time_periods": 7, "number_containers_arriving_to_facility_zero": [[173, 211, 153, 131, 125, 239, 151], [281, 249, 232, 206, 211, 105, 134], [289, 199, 253, 136, 192, 204, 166], [224, 232, 228, 228, 171, 173, 241]], "number_unexpected_containers_at_facilities": [[89, 95, 17], [80, 42, 91], [39, 90, 57], [31, 39, 91]], "number_good_quality_containers_at_facilities": [[71, 65, 31], [5, 98, 2], [36, 45, 15], [48, 47, 65]], "containers_demand_for_clients": [[258, 269, 259, 309, 223, 254, 306], [256, 193, 193, 262, 227, 264, 224], [286, 262, 260, 293, 256, 282, 296], [238, 200, 252, 286, 245, 281, 263]], "transportation_capacity": 607, "probability_original_quality_level": [[10.0, 9.0, 8.0, 23.0, 27.0, 18.0, 5.0], [9.0, 28.0, 15.0, 17.0, 22.0, 6.0, 3.0], [8.0, 6.0, 16.0, 22.0, 22.0, 22.0, 4.0], [6.0, 26.0, 19.0, 14.0, 15.0, 20.0, 0.0]], "number_hours_required_for_inspection": [0.5015037857121163, 0.7656119873614363, 0.7274353432268581, 0.9681267186168276], "number_hours_available_for_inspection": [435, 346, 323], "expected_number_hours_required_for_repair": [1.478518359721958, 1.1953755260520895, 1.5650825885490298, 1.3264100513797006], "number_hours_available_for_repair": [528, 478, 561], "warehouse_capacity_of_facility": [998, 953, 998], "cost_of_inspection": [10.030075714242326, 15.312239747228727, 14.548706864537163, 19.362534372336555], "expected_cost_of_repair": [42.92069854001182, 34.66930605907175, 45.649287648435795, 39.14717975777317], "cost_of_transportation": [134, 169], "holding_cost": [2.5970702777652903, 2.1535459817814897, 1.9776918791477196], "rejection_cost": [200.0, 200.0, 200.0, 200.0]}