{"container_types": 4, "number_of_facilities": 2, "container_quality_level": 5, "time_periods": 7, "number_containers_arriving_to_facility_zero": [[204, 104, 215, 248, 150, 232, 291], [142, 263, 215, 191, 238, 260, 189], [109, 190, 258, 157, 195, 283, 251], [188, 129, 190, 196, 195, 188, 159]], "number_unexpected_containers_at_facilities": [[87, 64, 36], [67, 22, 91], [8, 48, 41], [22, 44, 12]], "number_good_quality_containers_at_facilities": [[80, 42, 82], [94, 13, 32], [98, 58, 52], [71, 63, 26]], "containers_demand_for_clients": [[171, 194, 240, 244, 182, 171, 218], [232, 265, 217, 224, 247, 311, 211], [227, 248, 304, 288, 282, 224, 233], [263, 214, 280, 258, 205, 216, 276]], "transportation_capacity": 690, "probability_original_quality_level": [[10.0, 10.0, 20.0, 25.0, 22.0, 9.0, 4.0], [6.0, 34.0, 12.0, 33.0, 3.0, 11.0, 1.0], [10.0, 0.0, 25.0, 19.0, 27.0, 19.0, 0.0], [10.0, 21.0, 21.0, 0.0, 32.0, 11.0, 5.0]], "number_hours_required_for_inspection": [0.8243791799773565, 0.9136033636858673, 0.7937657589587647, 0.6757777973792068], "number_hours_available_for_inspection": [437, 341, 446], "expected_number_hours_required_for_repair": [1.3158081671713615, 1.2011030194975196, 1.608558371412365, 1.3136510270809871], "number_hours_available_for_repair": [442, 404, 438], "warehouse_capacity_of_facility": [925, 931, 963], "cost_of_inspection": [16.48758359954713, 18.272067273717344, 15.875315179175294, 13.515555947584136], "expected_cost_of_repair": [37.938205296448274, 35.22312708928514, 46.34845075042577, 38.37067461228682], "cost_of_transportation": [115, 126], "holding_cost": [2.763416342181725, 2.4250699738996384, 1.232517554609167], "rejection_cost": [200.0, 200.0, 200.0, 200.0]}