{"container_types": 4, "number_of_facilities": 2, "container_quality_level": 5, "time_periods": 7, "number_containers_arriving_to_facility_zero": [[192, 154, 164, 234, 176, 138, 270], [234, 260, 236, 172, 202, 142, 286], [195, 265, 284, 196, 292, 204, 112], [235, 252, 170, 212, 121, 223, 197]], "number_unexpected_containers_at_facilities": [[82, 61, 47], [75, 7, 19], [43, 89, 40], [89, 34, 40]], "number_good_quality_containers_at_facilities": [[36, 82, 94], [53, 45, 96], [47, 54, 75], [87, 71, 32]], "containers_demand_for_clients": [[273, 228, 255, 207, 266, 218, 241], [265, 209, 235, 234, 283, 213, 212], [299, 261, 286, 251, 218, 265, 293], [243, 226, 220, 236, 282, 231, 315]], "transportation_capacity": 639, "probability_original_quality_level": [[5.0, 32.0, 23.0, 30.0, 1.0, 9.0, 0.0], [8.0, 20.0, 24.0, 22.0, 2.0, 23.0, 1.0], [10.0, 27.0, 19.0, 17.0, 4.0, 22.0, 1.0], [9.0, 19.0, 1.0, 34.0, 16.0, 20.0, 1.0]], "number_hours_required_for_inspection": [0.8422563921471571, 0.690262723942751, 0.9097995574461212, 0.4847151718923696], "number_hours_available_for_inspection": [420, 324, 362], "expected_number_hours_required_for_repair": [1.2631325218190255, 1.3666343944487602, 1.377024079020312, 1.3412634649127007], "number_hours_available_for_repair": [604, 558, 563], "warehouse_capacity_of_facility": [1123, 1018, 1098], "cost_of_inspection": [16.845127842943143, 13.80525447885502, 18.195991148922424, 9.694303437847392], "expected_cost_of_repair": [37.007931235918676, 39.546890947706984, 39.58199540803571, 38.50160808801937], "cost_of_transportation": [147, 90], "holding_cost": [2.8310312719001014, 2.41990841718222, 1.7057826880445952], "rejection_cost": [200.0, 200.0, 200.0, 200.0]}