{"container_types": 4, "number_of_facilities": 2, "container_quality_level": 5, "time_periods": 7, "number_containers_arriving_to_facility_zero": [[242, 115, 256, 204, 124, 195, 214], [130, 236, 297, 205, 262, 197, 116], [249, 267, 251, 176, 129, 144, 241], [207, 196, 141, 249, 199, 200, 124]], "number_unexpected_containers_at_facilities": [[61, 77, 78], [52, 52, 62], [27, 68, 69], [99, 77, 70]], "number_good_quality_containers_at_facilities": [[84, 93, 6], [93, 10, 77], [55, 98, 13], [54, 90, 57]], "containers_demand_for_clients": [[230, 270, 232, 206, 262, 235, 279], [233, 254, 234, 211, 293, 251, 274], [283, 274, 217, 280, 209, 284, 207], [290, 218, 259, 245, 257, 284, 275]], "transportation_capacity": 710, "probability_original_quality_level": [[9.0, 26.0, 14.0, 28.0, 9.0, 13.0, 1.0], [7.0, 40.0, 23.0, 3.0, 4.0, 23.0, 0.0], [8.0, 17.0, 15.0, 4.0, 21.0, 31.0, 4.0], [8.0, 24.0, 17.0, 6.0, 22.0, 22.0, 1.0]], "number_hours_required_for_inspection": [0.4552563290950081, 0.5355078355861416, 0.8167655438130973, 0.6356425847936981], "number_hours_available_for_inspection": [347, 324, 264], "expected_number_hours_required_for_repair": [1.212797403778539, 1.2739764062040697, 1.4624818568127476, 1.3524695706079732], "number_hours_available_for_repair": [425, 586, 502], "warehouse_capacity_of_facility": [1011, 980, 948], "cost_of_inspection": [9.105126581900162, 10.710156711722831, 16.335310876261946, 12.712851695873962], "expected_cost_of_repair": [35.345303506583136, 37.26452022322742, 42.4716032727172, 39.30107650490372], "cost_of_transportation": [121, 162], "holding_cost": [2.222898774458515, 1.6069077950975545, 1.098103615472278], "rejection_cost": [200.0, 200.0, 200.0, 200.0]}