{"container_types": 4, "number_of_facilities": 2, "container_quality_level": 5, "time_periods": 7, "number_containers_arriving_to_facility_zero": [[113, 262, 275, 257, 199, 101, 295], [246, 213, 108, 241, 143, 170, 115], [155, 133, 286, 101, 231, 220, 228], [239, 159, 268, 115, 153, 136, 154]], "number_unexpected_containers_at_facilities": [[79, 61, 82], [78, 38, 59], [68, 89, 20], [34, 76, 44]], "number_good_quality_containers_at_facilities": [[31, 61, 46], [90, 83, 52], [52, 97, 6], [34, 99, 90]], "containers_demand_for_clients": [[222, 213, 191, 223, 216, 197, 229], [311, 313, 310, 228, 281, 286, 277], [211, 259, 210, 209, 204, 209, 205], [284, 235, 283, 244, 260, 238, 235]], "transportation_capacity": 721, "probability_original_quality_level": [[8.0, 22.0, 6.0, 18.0, 24.0, 20.0, 2.0], [6.0, 7.0, 18.0, 7.0, 29.0, 29.0, 4.0], [9.0, 19.0, 7.0, 13.0, 21.0, 30.0, 1.0], [10.0, 27.0, 30.0, 9.0, 13.0, 11.0, 0.0]], "number_hours_required_for_inspection": [0.49786338077992837, 0.9539656617056596, 0.7285888323132591, 0.7164332883573815], "number_hours_available_for_inspection": [338, 299, 321], "expected_number_hours_required_for_repair": [1.4165713008776337, 1.576716306838453, 1.5228871314615946, 1.2180641833601014], "number_hours_available_for_repair": [640, 462, 628], "warehouse_capacity_of_facility": [896, 933, 1027], "cost_of_inspection": [9.957267615598568, 19.07931323411319, 14.571776646265182, 14.32866576714763], "expected_cost_of_repair": [41.562667740285285, 46.11994930913639, 44.591589338914645, 35.22933632137883], "cost_of_transportation": [119, 86], "holding_cost": [2.1867314427271376, 2.2558134589339094, 1.2969191094817392], "rejection_cost": [200.0, 200.0, 200.0, 200.0]}