{"container_types": 4, "number_of_facilities": 2, "container_quality_level": 5, "time_periods": 7, "number_containers_arriving_to_facility_zero": [[125, 114, 165, 138, 152, 133, 117], [208, 164, 150, 147, 290, 278, 281], [121, 256, 109, 106, 281, 271, 119], [165, 218, 246, 118, 241, 249, 235]], "number_unexpected_containers_at_facilities": [[86, 3, 47], [66, 26, 89], [45, 13, 26], [30, 18, 43]], "number_good_quality_containers_at_facilities": [[42, 21, 42], [20, 26, 45], [87, 7, 6], [93, 67, 61]], "containers_demand_for_clients": [[268, 235, 210, 244, 241, 276, 263], [193, 169, 190, 164, 163, 170, 139], [290, 219, 303, 204, 236, 257, 231], [171, 180, 196, 236, 209, 171, 245]], "transportation_capacity": 606, "probability_original_quality_level": [[8.0, 27.0, 15.0, 18.0, 22.0, 10.0, 0.0], [6.0, 23.0, 6.0, 8.0, 33.0, 19.0, 5.0], [8.0, 23.0, 25.0, 3.0, 24.0, 16.0, 1.0], [6.0, 48.0, 10.0, 2.0, 24.0, 7.0, 3.0]], "number_hours_required_for_inspection": [0.7960140139035521, 0.3838742102647855, 0.9415241122164683, 0.4504563316143583], "number_hours_available_for_inspection": [251, 283, 315], "expected_number_hours_required_for_repair": [1.2823064312004682, 1.4912774660231107, 1.3204636796601323, 1.1054131860944612], "number_hours_available_for_repair": [491, 345, 337], "warehouse_capacity_of_facility": [912, 814, 927], "cost_of_inspection": [15.920280278071042, 7.677484205295711, 18.830482244329364, 9.009126632287165], "expected_cost_of_repair": [37.600721598308006, 43.898277718830215, 38.5161183601019, 32.54680082475223], "cost_of_transportation": [86, 111], "holding_cost": [2.479702560197195, 1.832442873480639, 1.842081231928021], "rejection_cost": [200.0, 200.0, 200.0, 200.0]}