{"container_types": 4, "number_of_facilities": 2, "container_quality_level": 5, "time_periods": 7, "number_containers_arriving_to_facility_zero": [[176, 247, 142, 294, 126, 246, 138], [279, 281, 287, 288, 146, 135, 248], [118, 101, 203, 288, 227, 202, 187], [130, 205, 287, 255, 128, 249, 227]], "number_unexpected_containers_at_facilities": [[59, 9, 40], [88, 82, 22], [3, 92, 63], [75, 59, 9]], "number_good_quality_containers_at_facilities": [[30, 3, 15], [74, 94, 9], [46, 60, 7], [0, 39, 64]], "containers_demand_for_clients": [[221, 228, 219, 235, 221, 233, 287], [203, 215, 197, 183, 218, 187, 214], [273, 287, 300, 234, 299, 241, 302], [199, 269, 223, 217, 235, 203, 251]], "transportation_capacity": 544, "probability_original_quality_level": [[9.0, 2.0, 28.0, 17.0, 24.0, 19.0, 1.0], [8.0, 2.0, 23.0, 14.0, 31.0, 18.0, 4.0], [10.0, 8.0, 27.0, 8.0, 18.0, 26.0, 3.0], [6.0, 18.0, 5.0, 16.0, 0.0, 50.0, 5.0]], "number_hours_required_for_inspection": [0.872294670137041, 0.565535717274088, 0.8492405271602609, 0.9915457435227328], "number_hours_available_for_inspection": [367, 334, 375], "expected_number_hours_required_for_repair": [1.4431384795034976, 1.4918224530694777, 1.3951995716682364, 1.519570954257514], "number_hours_available_for_repair": [645, 520, 576], "warehouse_capacity_of_facility": [1043, 1070, 1077], "cost_of_inspection": [17.44589340274082, 11.31071434548176, 16.984810543205217, 19.830914870454656], "expected_cost_of_repair": [42.29094576968844, 43.252450092465, 40.390585311502825, 44.77689725539558], "cost_of_transportation": [70, 168], "holding_cost": [2.2108175851643006, 2.3385963015862297, 1.5129547257188105], "rejection_cost": [200.0, 200.0, 200.0, 200.0]}