{"container_types": 4, "number_of_facilities": 2, "container_quality_level": 5, "time_periods": 7, "number_containers_arriving_to_facility_zero": [[258, 247, 118, 169, 143, 116, 193], [204, 107, 234, 284, 128, 251, 237], [254, 297, 206, 186, 227, 144, 145], [119, 293, 246, 129, 280, 143, 163]], "number_unexpected_containers_at_facilities": [[95, 36, 71], [80, 95, 91], [87, 43, 88], [78, 39, 28]], "number_good_quality_containers_at_facilities": [[7, 12, 93], [7, 14, 48], [30, 57, 68], [61, 39, 87]], "containers_demand_for_clients": [[248, 288, 269, 216, 251, 208, 227], [207, 231, 186, 186, 217, 202, 248], [263, 218, 238, 264, 251, 236, 281], [219, 263, 250, 311, 253, 241, 296]], "transportation_capacity": 538, "probability_original_quality_level": [[9.0, 2.0, 35.0, 23.0, 19.0, 8.0, 4.0], [6.0, 26.0, 25.0, 4.0, 1.0, 34.0, 4.0], [6.0, 17.0, 23.0, 18.0, 13.0, 19.0, 4.0], [7.0, 14.0, 7.0, 24.0, 24.0, 20.0, 4.0]], "number_hours_required_for_inspection": [0.4421145417444238, 0.785787769824271, 0.489880036083291, 0.6744198060196678], "number_hours_available_for_inspection": [316, 341, 237], "expected_number_hours_required_for_repair": [1.289733347473402, 1.307390370199858, 1.3861514750871173, 1.4288038350189078], "number_hours_available_for_repair": [472, 453, 562], "warehouse_capacity_of_facility": [883, 1063, 991], "cost_of_inspection": [8.842290834888475, 15.71575539648542, 9.79760072166582, 13.488396120393356], "expected_cost_of_repair": [37.50640615505239, 38.13804859246552, 40.56268727350361, 41.94387235582729], "cost_of_transportation": [112, 129], "holding_cost": [2.3466553240893804, 2.4156370565944827, 1.3203743695453092], "rejection_cost": [200.0, 200.0, 200.0, 200.0]}