{"container_types": 4, "number_of_facilities": 2, "container_quality_level": 5, "time_periods": 7, "number_containers_arriving_to_facility_zero": [[241, 273, 285, 200, 153, 238, 136], [232, 238, 271, 295, 239, 296, 214], [292, 135, 246, 286, 272, 102, 220], [110, 288, 197, 266, 245, 201, 235]], "number_unexpected_containers_at_facilities": [[90, 77, 92], [94, 44, 95], [31, 9, 19], [8, 8, 15]], "number_good_quality_containers_at_facilities": [[61, 97, 53], [6, 79, 82], [16, 72, 48], [9, 23, 79]], "containers_demand_for_clients": [[241, 211, 254, 227, 281, 192, 197], [236, 318, 284, 300, 301, 252, 265], [254, 374, 282, 335, 293, 278, 281], [219, 276, 208, 242, 231, 216, 280]], "transportation_capacity": 827, "probability_original_quality_level": [[5.0, 20.0, 16.0, 11.0, 16.0, 32.0, 0.0], [6.0, 26.0, 32.0, 6.0, 9.0, 16.0, 5.0], [9.0, 16.0, 21.0, 29.0, 11.0, 13.0, 1.0], [6.0, 28.0, 6.0, 30.0, 9.0, 18.0, 3.0]], "number_hours_required_for_inspection": [0.8548454012061387, 0.4342127634230141, 0.49683167160553576, 0.9528327264571015], "number_hours_available_for_inspection": [309, 424, 304], "expected_number_hours_required_for_repair": [1.5875295250722388, 1.3070188073590772, 1.4094818613401114, 1.3859661788534732], "number_hours_available_for_repair": [631, 513, 613], "warehouse_capacity_of_facility": [1160, 1150, 1033], "cost_of_inspection": [17.096908024122776, 8.684255268460282, 9.936633432110716, 19.05665452914203], "expected_cost_of_repair": [46.99091577218427, 38.54638780759798, 40.538559822613976, 40.65527427076758], "cost_of_transportation": [74, 104], "holding_cost": [2.261004887748209, 2.4565058470911287, 1.433905843211483], "rejection_cost": [200.0, 200.0, 200.0, 200.0]}