{"container_types": 4, "number_of_facilities": 2, "container_quality_level": 5, "time_periods": 7, "number_containers_arriving_to_facility_zero": [[270, 258, 269, 185, 138, 266, 224], [252, 106, 242, 146, 197, 192, 200], [216, 296, 275, 251, 254, 175, 286], [110, 121, 197, 292, 229, 117, 175]], "number_unexpected_containers_at_facilities": [[76, 74, 93], [92, 3, 28], [95, 86, 50], [8, 63, 90]], "number_good_quality_containers_at_facilities": [[86, 33, 98], [40, 80, 70], [87, 48, 59], [88, 16, 74]], "containers_demand_for_clients": [[248, 210, 267, 256, 236, 243, 235], [287, 268, 248, 350, 344, 256, 244], [238, 226, 238, 191, 236, 211, 189], [283, 321, 251, 358, 289, 299, 286]], "transportation_capacity": 804, "probability_original_quality_level": [[5.0, 41.0, 20.0, 14.0, 10.0, 9.0, 1.0], [10.0, 23.0, 27.0, 11.0, 7.0, 20.0, 2.0], [6.0, 17.0, 5.0, 34.0, 29.0, 9.0, 0.0], [8.0, 42.0, 2.0, 0.0, 46.0, 2.0, 0.0]], "number_hours_required_for_inspection": [0.9458597852608684, 0.5717312380155513, 0.9757999421775276, 0.808001297060896], "number_hours_available_for_inspection": [366, 490, 381], "expected_number_hours_required_for_repair": [1.2610413729503522, 1.3495504547725148, 1.4654948361570934, 1.299714578990286], "number_hours_available_for_repair": [535, 473, 447], "warehouse_capacity_of_facility": [981, 1106, 1019], "cost_of_inspection": [18.91719570521737, 11.434624760311024, 19.515998843550552, 16.16002594121792], "expected_cost_of_repair": [37.13040778098484, 38.55117925488377, 42.79764502859907, 37.54571648442571], "cost_of_transportation": [98, 105], "holding_cost": [2.235168231442037, 2.4532949057227884, 1.7576205012927841], "rejection_cost": [200.0, 200.0, 200.0, 200.0]}