{"container_types": 4, "number_of_facilities": 2, "container_quality_level": 9, "time_periods": 7, "number_containers_arriving_to_facility_zero": [[106, 292, 258, 111, 255, 267, 123], [155, 239, 181, 142, 114, 182, 109], [166, 248, 121, 197, 276, 164, 179], [197, 216, 253, 257, 135, 189, 213]], "number_unexpected_containers_at_facilities": [[98, 96, 55], [10, 18, 32], [49, 90, 97], [5, 96, 14]], "number_good_quality_containers_at_facilities": [[83, 23, 31], [29, 34, 8], [18, 26, 39], [62, 35, 75]], "containers_demand_for_clients": [[209, 264, 281, 287, 250, 200, 231], [266, 289, 232, 247, 238, 295, 236], [152, 166, 170, 170, 152, 164, 168], [277, 210, 271, 282, 195, 235, 277]], "transportation_capacity": 674, "probability_original_quality_level": [[8.0, 15.0, 1.0, 3.0, 11.0, 6.0, 11.0, 12.0, 11.0, 17.0, 5.0], [6.0, 18.0, 2.0, 1.0, 17.0, 10.0, 5.0, 27.0, 4.0, 9.0, 1.0], [10.0, 12.0, 6.0, 4.0, 1.0, 12.0, 17.0, 13.0, 12.0, 10.0, 3.0], [7.0, 11.0, 16.0, 13.0, 15.0, 11.0, 3.0, 0.0, 16.0, 8.0, 0.0]], "number_hours_required_for_inspection": [0.5764459958048533, 0.8350816692866873, 0.4082176778321317, 0.4329834262745434], "number_hours_available_for_inspection": [298, 262, 287], "expected_number_hours_required_for_repair": [2.098058443477966, 2.116379934364203, 2.0864352829501787, 1.8701609741370526], "number_hours_available_for_repair": [702, 648, 682], "warehouse_capacity_of_facility": [989, 894, 836], "cost_of_inspection": [11.528919916097067, 16.701633385733746, 8.164353556642634, 8.659668525490869], "expected_cost_of_repair": [61.66722853331576, 62.40316300675064, 60.647986436688264, 54.73302343070272], "cost_of_transportation": [102, 151], "holding_cost": [2.659134284214744, 1.7119897651875673, 1.3636593005228401], "rejection_cost": [100.0, 100.0, 100.0, 100.0]}