{"container_types": 4, "number_of_facilities": 2, "container_quality_level": 9, "time_periods": 7, "number_containers_arriving_to_facility_zero": [[123, 135, 253, 247, 197, 121, 186], [195, 181, 156, 163, 293, 245, 257], [298, 205, 278, 111, 249, 214, 294], [127, 239, 134, 239, 268, 102, 201]], "number_unexpected_containers_at_facilities": [[96, 89, 17], [5, 83, 21], [91, 65, 49], [58, 46, 20]], "number_good_quality_containers_at_facilities": [[79, 36, 75], [58, 65, 92], [29, 1, 65], [56, 2, 43]], "containers_demand_for_clients": [[221, 186, 206, 192, 241, 206, 246], [212, 229, 200, 247, 257, 264, 275], [267, 232, 255, 234, 300, 242, 270], [256, 299, 265, 258, 317, 295, 281]], "transportation_capacity": 654, "probability_original_quality_level": [[6.0, 3.0, 14.0, 8.0, 17.0, 12.0, 2.0, 18.0, 0.0, 16.0, 4.0], [10.0, 8.0, 4.0, 11.0, 5.0, 2.0, 13.0, 21.0, 22.0, 4.0, 0.0], [5.0, 15.0, 20.0, 9.0, 2.0, 1.0, 1.0, 21.0, 10.0, 12.0, 4.0], [10.0, 5.0, 4.0, 1.0, 14.0, 10.0, 14.0, 12.0, 12.0, 17.0, 1.0]], "number_hours_required_for_inspection": [0.8149767646023217, 0.9344303269550307, 0.6978457143231335, 0.3474442912149122], "number_hours_available_for_inspection": [368, 329, 336], "expected_number_hours_required_for_repair": [2.0070848924080162, 2.2561438061120467, 1.8870653629556353, 2.2786648827591853], "number_hours_available_for_repair": [697, 1004, 873], "warehouse_capacity_of_facility": [902, 1005, 1074], "cost_of_inspection": [16.299535292046436, 18.688606539100615, 13.95691428646267, 6.9488858242982445], "expected_cost_of_repair": [59.514391006168665, 66.0620519961167, 56.07753226558479, 66.68906083480599], "cost_of_transportation": [90, 162], "holding_cost": [2.0525617727404057, 1.5571480742688277, 1.496489296189837], "rejection_cost": [100.0, 100.0, 100.0, 100.0]}