{"container_types": 4, "number_of_facilities": 2, "container_quality_level": 9, "time_periods": 7, "number_containers_arriving_to_facility_zero": [[195, 199, 150, 175, 251, 100, 218], [242, 239, 156, 221, 108, 205, 154], [156, 163, 130, 219, 113, 206, 183], [288, 106, 113, 135, 213, 249, 198]], "number_unexpected_containers_at_facilities": [[71, 34, 7], [19, 39, 38], [81, 77, 58], [6, 80, 98]], "number_good_quality_containers_at_facilities": [[7, 72, 40], [17, 28, 97], [7, 38, 86], [68, 26, 90]], "containers_demand_for_clients": [[243, 271, 243, 193, 220, 242, 246], [252, 189, 227, 178, 260, 218, 188], [187, 231, 188, 216, 236, 243, 210], [189, 180, 256, 193, 180, 207, 173]], "transportation_capacity": 531, "probability_original_quality_level": [[8.0, 12.0, 3.0, 12.0, 15.0, 9.0, 6.0, 4.0, 12.0, 17.0, 2.0], [8.0, 5.0, 14.0, 2.0, 19.0, 11.0, 3.0, 14.0, 14.0, 6.0, 4.0], [7.0, 5.0, 0.0, 10.0, 5.0, 5.0, 14.0, 15.0, 13.0, 23.0, 3.0], [8.0, 10.0, 10.0, 10.0, 12.0, 2.0, 16.0, 14.0, 8.0, 10.0, 0.0]], "number_hours_required_for_inspection": [0.6350414436931356, 0.40843736081159326, 0.5412373627117005, 0.9992641668592424], "number_hours_available_for_inspection": [305, 257, 333], "expected_number_hours_required_for_repair": [2.0764674345109277, 1.9336075200792493, 2.421931719070615, 2.0516632728135766], "number_hours_available_for_repair": [774, 710, 890], "warehouse_capacity_of_facility": [825, 953, 876], "cost_of_inspection": [12.700828873862713, 8.168747216231866, 10.82474725423401, 19.985283337184846], "expected_cost_of_repair": [61.34926063662716, 56.60799967164708, 71.33008023903699, 60.6015523980411], "cost_of_transportation": [115, 143], "holding_cost": [2.798199486754468, 1.8139837300833364, 1.5929180483280008], "rejection_cost": [100.0, 100.0, 100.0, 100.0]}