{"container_types": 4, "number_of_facilities": 2, "container_quality_level": 9, "time_periods": 7, "number_containers_arriving_to_facility_zero": [[277, 195, 280, 145, 168, 154, 279], [298, 150, 279, 159, 180, 236, 168], [162, 212, 102, 219, 155, 123, 162], [128, 282, 242, 281, 296, 152, 245]], "number_unexpected_containers_at_facilities": [[57, 39, 56], [79, 61, 35], [75, 25, 67], [68, 32, 17]], "number_good_quality_containers_at_facilities": [[76, 78, 16], [32, 19, 73], [92, 80, 73], [7, 40, 37]], "containers_demand_for_clients": [[303, 285, 254, 223, 295, 256, 231], [270, 242, 230, 211, 302, 294, 233], [213, 236, 288, 252, 279, 260, 294], [183, 209, 186, 240, 238, 234, 233]], "transportation_capacity": 641, "probability_original_quality_level": [[9.0, 11.0, 14.0, 2.0, 12.0, 13.0, 15.0, 0.0, 17.0, 4.0, 3.0], [7.0, 15.0, 0.0, 19.0, 10.0, 16.0, 11.0, 14.0, 3.0, 5.0, 0.0], [5.0, 19.0, 15.0, 1.0, 3.0, 0.0, 16.0, 17.0, 4.0, 18.0, 2.0], [6.0, 15.0, 7.0, 11.0, 14.0, 8.0, 1.0, 5.0, 16.0, 13.0, 4.0]], "number_hours_required_for_inspection": [0.658835563846949, 0.5965578786079091, 0.9995298375485802, 0.5048707803885063], "number_hours_available_for_inspection": [306, 297, 377], "expected_number_hours_required_for_repair": [1.8733443796474438, 1.8927511778125603, 2.0700009443354253, 1.988447126256153], "number_hours_available_for_repair": [938, 693, 722], "warehouse_capacity_of_facility": [912, 992, 1036], "cost_of_inspection": [13.17671127693898, 11.931157572158181, 19.990596750971605, 10.097415607770126], "expected_cost_of_repair": [55.18681332082708, 55.64917710737407, 61.58908717057908, 58.55256286841914], "cost_of_transportation": [136, 123], "holding_cost": [2.0821415489258817, 2.4211375046043195, 1.2232415959121254], "rejection_cost": [100.0, 100.0, 100.0, 100.0]}