{"container_types": 4, "number_of_facilities": 2, "container_quality_level": 9, "time_periods": 7, "number_containers_arriving_to_facility_zero": [[218, 122, 295, 109, 187, 141, 120], [177, 137, 135, 178, 227, 268, 167], [228, 196, 198, 196, 195, 195, 147], [267, 182, 219, 282, 226, 275, 156]], "number_unexpected_containers_at_facilities": [[73, 33, 93], [12, 53, 81], [29, 26, 59], [64, 36, 38]], "number_good_quality_containers_at_facilities": [[84, 26, 52], [47, 14, 64], [44, 8, 78], [43, 88, 0]], "containers_demand_for_clients": [[288, 273, 287, 282, 220, 275, 320], [244, 232, 205, 206, 234, 197, 195], [259, 184, 197, 186, 206, 225, 179], [187, 201, 264, 232, 256, 208, 206]], "transportation_capacity": 605, "probability_original_quality_level": [[9.0, 8.0, 12.0, 15.0, 9.0, 14.0, 8.0, 3.0, 8.0, 14.0, 0.0], [8.0, 17.0, 14.0, 9.0, 1.0, 7.0, 11.0, 16.0, 2.0, 10.0, 5.0], [10.0, 15.0, 13.0, 8.0, 11.0, 12.0, 0.0, 20.0, 1.0, 5.0, 5.0], [6.0, 1.0, 28.0, 3.0, 22.0, 0.0, 4.0, 5.0, 22.0, 8.0, 1.0]], "number_hours_required_for_inspection": [0.6993071948731558, 0.7443132352124735, 0.8350705251667324, 0.9134244656206669], "number_hours_available_for_inspection": [389, 355, 415], "expected_number_hours_required_for_repair": [1.9475041909825546, 1.8020225695579564, 1.6705756727441843, 1.9831832079365916], "number_hours_available_for_repair": [629, 867, 688], "warehouse_capacity_of_facility": [973, 941, 1005], "cost_of_inspection": [13.986143897463117, 14.88626470424947, 16.70141050333465, 18.268489312413337], "expected_cost_of_repair": [56.715169808741265, 52.461918273089516, 48.911026225922434, 58.812589584022405], "cost_of_transportation": [104, 123], "holding_cost": [2.955606665529298, 1.8465108128101089, 1.0713756985910003], "rejection_cost": [100.0, 100.0, 100.0, 100.0]}