{"container_types": 4, "number_of_facilities": 2, "container_quality_level": 9, "time_periods": 7, "number_containers_arriving_to_facility_zero": [[235, 274, 205, 231, 291, 121, 214], [220, 146, 109, 161, 208, 254, 112], [130, 256, 172, 250, 103, 260, 135], [232, 274, 219, 279, 135, 210, 206]], "number_unexpected_containers_at_facilities": [[45, 9, 22], [5, 3, 51], [71, 14, 6], [20, 88, 54]], "number_good_quality_containers_at_facilities": [[56, 87, 95], [83, 1, 53], [56, 37, 68], [7, 90, 21]], "containers_demand_for_clients": [[291, 292, 268, 228, 225, 301, 310], [318, 305, 287, 289, 313, 234, 294], [199, 217, 169, 200, 239, 191, 219], [184, 261, 187, 258, 230, 247, 210]], "transportation_capacity": 586, "probability_original_quality_level": [[9.0, 12.0, 8.0, 15.0, 16.0, 6.0, 9.0, 0.0, 8.0, 14.0, 3.0], [10.0, 8.0, 18.0, 14.0, 5.0, 14.0, 10.0, 3.0, 2.0, 13.0, 3.0], [9.0, 12.0, 5.0, 20.0, 5.0, 2.0, 14.0, 16.0, 5.0, 8.0, 4.0], [6.0, 0.0, 18.0, 2.0, 10.0, 12.0, 6.0, 13.0, 12.0, 16.0, 5.0]], "number_hours_required_for_inspection": [0.6682721545165361, 0.4239387249167761, 0.8229072690660665, 0.4334944678117697], "number_hours_available_for_inspection": [315, 320, 286], "expected_number_hours_required_for_repair": [1.8433414099382468, 1.7781878020721988, 1.8304666655580852, 2.1710878200174584], "number_hours_available_for_repair": [659, 911, 632], "warehouse_capacity_of_facility": [992, 930, 985], "cost_of_inspection": [13.365443090330722, 8.478774498335522, 16.45814538132133, 8.669889356235394], "expected_cost_of_repair": [53.8332632087946, 52.19601236874071, 53.61384615228031, 64.08636519125321], "cost_of_transportation": [156, 128], "holding_cost": [2.7969203338243496, 2.2398743092459834, 1.5799427095695435], "rejection_cost": [100.0, 100.0, 100.0, 100.0]}