{"container_types": 4, "number_of_facilities": 2, "container_quality_level": 9, "time_periods": 7, "number_containers_arriving_to_facility_zero": [[101, 159, 261, 188, 212, 158, 296], [146, 235, 288, 146, 200, 246, 289], [217, 167, 143, 101, 237, 178, 153], [186, 209, 231, 167, 180, 155, 191]], "number_unexpected_containers_at_facilities": [[34, 36, 18], [41, 36, 24], [2, 60, 66], [87, 80, 45]], "number_good_quality_containers_at_facilities": [[57, 86, 84], [23, 52, 33], [81, 35, 20], [69, 84, 84]], "containers_demand_for_clients": [[261, 284, 240, 247, 249, 254, 261], [244, 225, 241, 225, 253, 195, 194], [298, 267, 294, 242, 211, 298, 213], [203, 188, 230, 185, 225, 233, 170]], "transportation_capacity": 715, "probability_original_quality_level": [[9.0, 9.0, 10.0, 17.0, 3.0, 8.0, 18.0, 16.0, 2.0, 6.0, 2.0], [10.0, 0.0, 9.0, 16.0, 7.0, 4.0, 2.0, 18.0, 14.0, 19.0, 1.0], [8.0, 6.0, 6.0, 6.0, 7.0, 0.0, 11.0, 18.0, 21.0, 13.0, 4.0], [10.0, 13.0, 17.0, 7.0, 13.0, 2.0, 17.0, 10.0, 4.0, 7.0, 0.0]], "number_hours_required_for_inspection": [0.5685204060546487, 0.4708252494103702, 0.7697333716869267, 0.46783255053001765], "number_hours_available_for_inspection": [273, 234, 280], "expected_number_hours_required_for_repair": [1.8296074418969597, 2.2947690849401217, 2.2862661717915707, 1.7483764130476243], "number_hours_available_for_repair": [942, 841, 857], "warehouse_capacity_of_facility": [1042, 880, 874], "cost_of_inspection": [11.370408121092975, 9.416504988207404, 15.394667433738533, 9.356651010600354], "expected_cost_of_repair": [53.19753006806449, 66.84475115913068, 67.50316503490163, 51.180095326048416], "cost_of_transportation": [151, 164], "holding_cost": [2.3102676380882197, 2.1728268351227835, 1.1464612375493117], "rejection_cost": [100.0, 100.0, 100.0, 100.0]}