{"container_types": 4, "number_of_facilities": 2, "container_quality_level": 9, "time_periods": 7, "number_containers_arriving_to_facility_zero": [[135, 223, 182, 114, 115, 102, 248], [288, 201, 120, 220, 114, 162, 284], [184, 179, 144, 244, 259, 182, 176], [289, 190, 184, 152, 244, 105, 204]], "number_unexpected_containers_at_facilities": [[28, 45, 87], [79, 37, 20], [83, 8, 52], [47, 19, 63]], "number_good_quality_containers_at_facilities": [[85, 18, 46], [15, 42, 61], [26, 97, 44], [9, 5, 51]], "containers_demand_for_clients": [[202, 259, 211, 196, 196, 223, 220], [184, 193, 205, 220, 227, 220, 199], [246, 280, 269, 235, 276, 218, 276], [254, 198, 237, 221, 212, 258, 216]], "transportation_capacity": 645, "probability_original_quality_level": [[8.0, 2.0, 3.0, 11.0, 17.0, 11.0, 6.0, 14.0, 4.0, 19.0, 5.0], [8.0, 6.0, 15.0, 2.0, 13.0, 9.0, 12.0, 14.0, 12.0, 5.0, 4.0], [9.0, 4.0, 0.0, 11.0, 13.0, 12.0, 14.0, 17.0, 7.0, 12.0, 1.0], [7.0, 10.0, 3.0, 9.0, 8.0, 5.0, 17.0, 15.0, 18.0, 7.0, 1.0]], "number_hours_required_for_inspection": [0.5607383200299014, 0.9284691861159207, 0.7636085142777056, 0.6228619841880977], "number_hours_available_for_inspection": [280, 327, 290], "expected_number_hours_required_for_repair": [2.1166612499353783, 1.9457133510799511, 2.275804141008544, 2.1585165803343203], "number_hours_available_for_repair": [927, 797, 926], "warehouse_capacity_of_facility": [986, 915, 842], "cost_of_inspection": [11.214766400598029, 18.569383722318413, 15.272170285554111, 12.457239683761953], "expected_cost_of_repair": [62.35650670442477, 57.2181984169201, 67.19543079602947, 63.892701064872846], "cost_of_transportation": [106, 148], "holding_cost": [2.626956490480996, 1.8955195142647154, 1.547995198054529], "rejection_cost": [100.0, 100.0, 100.0, 100.0]}