{"container_types": 4, "number_of_facilities": 2, "container_quality_level": 9, "time_periods": 7, "number_containers_arriving_to_facility_zero": [[203, 130, 189, 199, 236, 244, 198], [279, 224, 196, 271, 200, 114, 149], [290, 286, 106, 150, 259, 216, 232], [286, 287, 208, 168, 196, 296, 126]], "number_unexpected_containers_at_facilities": [[60, 7, 32], [7, 34, 96], [91, 59, 65], [69, 12, 76]], "number_good_quality_containers_at_facilities": [[40, 35, 62], [68, 43, 61], [10, 85, 28], [82, 98, 4]], "containers_demand_for_clients": [[288, 266, 220, 253, 281, 288, 276], [276, 255, 272, 266, 277, 227, 253], [209, 235, 232, 277, 221, 233, 208], [259, 265, 224, 233, 318, 222, 310]], "transportation_capacity": 598, "probability_original_quality_level": [[8.0, 0.0, 15.0, 12.0, 13.0, 6.0, 8.0, 15.0, 3.0, 17.0, 3.0], [9.0, 3.0, 11.0, 10.0, 17.0, 6.0, 13.0, 13.0, 10.0, 6.0, 2.0], [9.0, 8.0, 7.0, 13.0, 11.0, 7.0, 9.0, 10.0, 12.0, 9.0, 5.0], [9.0, 11.0, 13.0, 11.0, 3.0, 9.0, 9.0, 14.0, 3.0, 14.0, 4.0]], "number_hours_required_for_inspection": [0.9871138712088622, 0.42561400908703195, 0.9281057728788725, 0.7886558034332399], "number_hours_available_for_inspection": [475, 428, 361], "expected_number_hours_required_for_repair": [2.07970280675014, 2.0067759589359073, 1.918753378475898, 1.9193519305203646], "number_hours_available_for_repair": [704, 824, 834], "warehouse_capacity_of_facility": [949, 1038, 1111], "cost_of_inspection": [19.742277424177242, 8.512280181740639, 18.562115457577452, 15.773116068664798], "expected_cost_of_repair": [61.52465998027898, 58.92688147771605, 56.02902633224248, 56.5929607449972], "cost_of_transportation": [96, 169], "holding_cost": [2.310142763680716, 2.405306784211412, 1.5023697666978575], "rejection_cost": [100.0, 100.0, 100.0, 100.0]}