{"container_types": 4, "number_of_facilities": 2, "container_quality_level": 9, "time_periods": 7, "number_containers_arriving_to_facility_zero": [[120, 215, 228, 203, 205, 120, 225], [197, 199, 190, 128, 251, 191, 233], [298, 281, 180, 287, 273, 170, 222], [224, 164, 247, 233, 270, 115, 116]], "number_unexpected_containers_at_facilities": [[98, 45, 3], [28, 17, 60], [22, 2, 87], [62, 42, 51]], "number_good_quality_containers_at_facilities": [[8, 92, 66], [24, 40, 76], [10, 68, 70], [63, 83, 59]], "containers_demand_for_clients": [[222, 281, 269, 249, 249, 252, 226], [252, 218, 214, 244, 258, 199, 227], [225, 233, 261, 277, 203, 195, 221], [225, 313, 288, 269, 239, 232, 293]], "transportation_capacity": 555, "probability_original_quality_level": [[10.0, 5.0, 8.0, 17.0, 4.0, 16.0, 10.0, 7.0, 2.0, 19.0, 2.0], [7.0, 7.0, 15.0, 13.0, 16.0, 0.0, 12.0, 5.0, 12.0, 10.0, 3.0], [10.0, 1.0, 8.0, 16.0, 10.0, 14.0, 10.0, 4.0, 12.0, 12.0, 3.0], [5.0, 6.0, 14.0, 15.0, 11.0, 10.0, 15.0, 2.0, 4.0, 17.0, 1.0]], "number_hours_required_for_inspection": [0.9537504828271532, 0.34180394888966315, 0.4762197079160962, 0.8592660218515612], "number_hours_available_for_inspection": [379, 361, 305], "expected_number_hours_required_for_repair": [1.9961771488602624, 1.9538246584686874, 2.045476778830684, 2.0575671861217835], "number_hours_available_for_repair": [965, 679, 679], "warehouse_capacity_of_facility": [939, 1053, 949], "cost_of_inspection": [19.075009656543067, 6.836078977793263, 9.524394158321924, 17.185320437031223], "expected_cost_of_repair": [58.80931821918828, 57.58807208515391, 60.3462065011716, 61.119797642946175], "cost_of_transportation": [140, 79], "holding_cost": [2.849821782061135, 1.6398429173576874, 1.3611968073835876], "rejection_cost": [100.0, 100.0, 100.0, 100.0]}