{"container_types": 4, "number_of_facilities": 2, "container_quality_level": 9, "time_periods": 7, "number_containers_arriving_to_facility_zero": [[263, 207, 276, 137, 134, 226, 220], [101, 140, 281, 237, 132, 137, 248], [234, 162, 215, 215, 254, 249, 211], [191, 286, 147, 112, 125, 297, 273]], "number_unexpected_containers_at_facilities": [[36, 68, 58], [11, 90, 33], [16, 15, 49], [58, 69, 42]], "number_good_quality_containers_at_facilities": [[56, 89, 44], [19, 50, 14], [52, 45, 43], [15, 14, 3]], "containers_demand_for_clients": [[257, 245, 220, 252, 265, 224, 260], [228, 250, 265, 254, 304, 285, 288], [248, 242, 238, 182, 183, 180, 251], [248, 234, 210, 237, 229, 256, 250]], "transportation_capacity": 588, "probability_original_quality_level": [[7.0, 13.0, 12.0, 2.0, 3.0, 15.0, 11.0, 7.0, 16.0, 9.0, 5.0], [8.0, 2.0, 13.0, 13.0, 5.0, 4.0, 10.0, 12.0, 15.0, 17.0, 1.0], [7.0, 2.0, 15.0, 7.0, 5.0, 17.0, 13.0, 9.0, 11.0, 9.0, 5.0], [5.0, 6.0, 12.0, 13.0, 9.0, 9.0, 15.0, 11.0, 12.0, 6.0, 2.0]], "number_hours_required_for_inspection": [0.9968955386575392, 0.4992869603275712, 0.6362104034546014, 0.34339408905949254], "number_hours_available_for_inspection": [258, 277, 343], "expected_number_hours_required_for_repair": [1.9761885421007377, 2.2141718560079466, 1.983643404936069, 2.06571229064464], "number_hours_available_for_repair": [675, 961, 737], "warehouse_capacity_of_facility": [1036, 964, 990], "cost_of_inspection": [19.937910773150783, 9.985739206551424, 12.724208069092029, 6.867881781189851], "expected_cost_of_repair": [58.37466290943916, 65.20742665146878, 58.56752659039971, 61.29324610457645], "cost_of_transportation": [80, 81], "holding_cost": [2.4283910455659, 1.6284209894570674, 1.7366883019502501], "rejection_cost": [100.0, 100.0, 100.0, 100.0]}