{"container_types": 4, "number_of_facilities": 2, "container_quality_level": 9, "time_periods": 7, "number_containers_arriving_to_facility_zero": [[250, 128, 151, 258, 255, 122, 287], [166, 141, 124, 174, 278, 121, 238], [132, 148, 128, 258, 261, 102, 104], [233, 145, 124, 241, 108, 230, 264]], "number_unexpected_containers_at_facilities": [[98, 18, 96], [36, 41, 91], [47, 36, 67], [29, 0, 31]], "number_good_quality_containers_at_facilities": [[98, 61, 8], [6, 30, 73], [27, 67, 94], [6, 72, 75]], "containers_demand_for_clients": [[252, 255, 232, 190, 181, 228, 177], [219, 284, 259, 264, 248, 229, 304], [237, 197, 187, 246, 238, 194, 177], [219, 239, 212, 230, 224, 212, 173]], "transportation_capacity": 526, "probability_original_quality_level": [[5.0, 1.0, 18.0, 15.0, 14.0, 8.0, 1.0, 12.0, 1.0, 21.0, 4.0], [9.0, 9.0, 2.0, 10.0, 12.0, 8.0, 8.0, 11.0, 9.0, 17.0, 5.0], [6.0, 11.0, 5.0, 1.0, 1.0, 3.0, 25.0, 20.0, 5.0, 22.0, 1.0], [10.0, 8.0, 10.0, 11.0, 9.0, 9.0, 15.0, 12.0, 5.0, 11.0, 0.0]], "number_hours_required_for_inspection": [0.48649427062851275, 0.5691472158115656, 0.4002728529583019, 0.6069729009587884], "number_hours_available_for_inspection": [189, 190, 197], "expected_number_hours_required_for_repair": [2.071273796707156, 2.0567471796481516, 2.444669517367067, 2.059308471414755], "number_hours_available_for_repair": [764, 693, 878], "warehouse_capacity_of_facility": [861, 906, 937], "cost_of_inspection": [9.729885412570255, 11.382944316231312, 8.005457059166037, 12.139458019175768], "expected_cost_of_repair": [61.18223385396329, 60.74589647400162, 72.14115053087235, 59.9911917688284], "cost_of_transportation": [92, 131], "holding_cost": [2.4766025822004174, 1.9958176896814666, 1.9809437875561486], "rejection_cost": [100.0, 100.0, 100.0, 100.0]}