{"container_types": 4, "number_of_facilities": 2, "container_quality_level": 9, "time_periods": 7, "number_containers_arriving_to_facility_zero": [[277, 182, 179, 140, 222, 169, 127], [234, 188, 139, 142, 113, 279, 109], [114, 133, 254, 284, 125, 273, 140], [216, 289, 205, 261, 176, 121, 161]], "number_unexpected_containers_at_facilities": [[59, 47, 51], [84, 79, 86], [88, 95, 85], [95, 22, 68]], "number_good_quality_containers_at_facilities": [[42, 22, 31], [82, 67, 4], [63, 44, 61], [72, 92, 93]], "containers_demand_for_clients": [[233, 260, 252, 214, 301, 260, 253], [258, 204, 213, 220, 253, 256, 208], [236, 205, 271, 202, 188, 209, 232], [265, 205, 297, 261, 280, 210, 231]], "transportation_capacity": 729, "probability_original_quality_level": [[5.0, 13.0, 14.0, 0.0, 14.0, 10.0, 2.0, 15.0, 7.0, 16.0, 4.0], [5.0, 19.0, 5.0, 13.0, 10.0, 1.0, 11.0, 21.0, 5.0, 10.0, 0.0], [10.0, 17.0, 2.0, 5.0, 6.0, 10.0, 3.0, 10.0, 16.0, 20.0, 1.0], [8.0, 2.0, 9.0, 15.0, 9.0, 6.0, 17.0, 16.0, 9.0, 9.0, 0.0]], "number_hours_required_for_inspection": [0.5454751931203127, 0.43695179413425567, 0.4675627410687723, 0.5080016634050749], "number_hours_available_for_inspection": [257, 251, 272], "expected_number_hours_required_for_repair": [2.0162308663010964, 2.088013845778736, 2.21062050396729, 2.16396659189695], "number_hours_available_for_repair": [956, 854, 858], "warehouse_capacity_of_facility": [1060, 888, 961], "cost_of_inspection": [10.909503862406254, 8.739035882685114, 9.351254821375447, 10.160033268101499], "expected_cost_of_repair": [59.79552731288164, 61.9001289936545, 64.8972304544029, 63.32681226094897], "cost_of_transportation": [123, 79], "holding_cost": [2.171755512754361, 1.8484179750426382, 1.3742093763196028], "rejection_cost": [100.0, 100.0, 100.0, 100.0]}