{"container_types": 4, "number_of_facilities": 2, "container_quality_level": 9, "time_periods": 7, "number_containers_arriving_to_facility_zero": [[201, 125, 104, 201, 154, 294, 277], [153, 162, 173, 158, 181, 121, 102], [289, 294, 283, 260, 278, 298, 181], [286, 249, 136, 125, 141, 118, 241]], "number_unexpected_containers_at_facilities": [[74, 80, 98], [8, 44, 39], [30, 91, 28], [25, 54, 59]], "number_good_quality_containers_at_facilities": [[97, 42, 85], [92, 24, 79], [43, 2, 64], [55, 40, 68]], "containers_demand_for_clients": [[227, 255, 268, 202, 208, 260, 246], [242, 287, 292, 300, 234, 273, 238], [152, 190, 189, 223, 174, 170, 178], [344, 259, 259, 258, 320, 319, 346]], "transportation_capacity": 612, "probability_original_quality_level": [[9.0, 12.0, 5.0, 4.0, 8.0, 9.0, 11.0, 10.0, 17.0, 14.0, 1.0], [6.0, 1.0, 15.0, 14.0, 0.0, 13.0, 3.0, 15.0, 18.0, 12.0, 3.0], [8.0, 20.0, 7.0, 5.0, 21.0, 3.0, 2.0, 24.0, 1.0, 8.0, 1.0], [9.0, 15.0, 19.0, 1.0, 4.0, 18.0, 10.0, 11.0, 6.0, 5.0, 2.0]], "number_hours_required_for_inspection": [0.5247627383951504, 0.6363587809453144, 0.3801731040624207, 0.8374868575510724], "number_hours_available_for_inspection": [264, 290, 269], "expected_number_hours_required_for_repair": [2.214290598627739, 2.1780876371232636, 1.8278254198665067, 1.8792220008333413], "number_hours_available_for_repair": [960, 810, 762], "warehouse_capacity_of_facility": [1065, 1053, 1044], "cost_of_inspection": [10.495254767903008, 12.727175618906287, 7.603462081248415, 16.74973715102145], "expected_cost_of_repair": [65.52575022985417, 64.28277005982046, 53.42939858058449, 55.04884871331504], "cost_of_transportation": [76, 91], "holding_cost": [2.7933960031269884, 2.4881185621335433, 1.8382434149227307], "rejection_cost": [100.0, 100.0, 100.0, 100.0]}