{"container_types": 4, "number_of_facilities": 2, "container_quality_level": 9, "time_periods": 7, "number_containers_arriving_to_facility_zero": [[139, 269, 183, 209, 272, 123, 184], [297, 239, 106, 202, 260, 208, 119], [111, 120, 299, 273, 126, 113, 239], [235, 218, 223, 204, 153, 213, 188]], "number_unexpected_containers_at_facilities": [[6, 39, 66], [5, 76, 98], [47, 22, 82], [58, 2, 15]], "number_good_quality_containers_at_facilities": [[98, 93, 57], [33, 23, 87], [1, 61, 57], [24, 36, 79]], "containers_demand_for_clients": [[194, 215, 253, 231, 202, 189, 259], [246, 206, 252, 288, 258, 297, 211], [269, 231, 250, 262, 216, 266, 267], [206, 205, 229, 239, 221, 227, 252]], "transportation_capacity": 520, "probability_original_quality_level": [[7.0, 21.0, 13.0, 0.0, 5.0, 13.0, 20.0, 2.0, 4.0, 13.0, 2.0], [8.0, 15.0, 9.0, 4.0, 11.0, 16.0, 11.0, 11.0, 9.0, 6.0, 0.0], [7.0, 0.0, 10.0, 12.0, 19.0, 15.0, 8.0, 2.0, 14.0, 11.0, 2.0], [7.0, 4.0, 13.0, 14.0, 15.0, 12.0, 6.0, 1.0, 8.0, 17.0, 3.0]], "number_hours_required_for_inspection": [0.587911517504935, 0.9945592325248226, 0.5129374005451256, 0.9023533255338724], "number_hours_available_for_inspection": [303, 314, 339], "expected_number_hours_required_for_repair": [1.908667114068366, 2.0064954667827526, 2.075751083953332, 2.0110841354926183], "number_hours_available_for_repair": [937, 805, 896], "warehouse_capacity_of_facility": [908, 865, 951], "cost_of_inspection": [11.7582303500987, 19.891184650496452, 10.258748010902512, 18.047066510677446], "expected_cost_of_repair": [56.48553770853675, 59.18416786863118, 61.18791780564822, 59.38507310822023], "cost_of_transportation": [104, 125], "holding_cost": [2.979559534740387, 1.6414426145984398, 1.8986479427276741], "rejection_cost": [100.0, 100.0, 100.0, 100.0]}