{"container_types": 4, "number_of_facilities": 2, "container_quality_level": 9, "time_periods": 7, "number_containers_arriving_to_facility_zero": [[279, 280, 278, 227, 235, 221, 200], [177, 260, 123, 211, 160, 172, 156], [198, 257, 201, 118, 190, 219, 206], [128, 156, 283, 299, 260, 116, 159]], "number_unexpected_containers_at_facilities": [[74, 10, 93], [3, 3, 24], [18, 74, 63], [44, 45, 74]], "number_good_quality_containers_at_facilities": [[31, 6, 98], [22, 28, 56], [68, 92, 97], [55, 45, 35]], "containers_demand_for_clients": [[216, 199, 266, 271, 204, 254, 263], [333, 305, 267, 268, 282, 330, 334], [185, 237, 162, 193, 176, 189, 209], [220, 236, 277, 223, 265, 217, 226]], "transportation_capacity": 527, "probability_original_quality_level": [[10.0, 15.0, 9.0, 10.0, 10.0, 6.0, 1.0, 2.0, 14.0, 19.0, 4.0], [6.0, 17.0, 6.0, 8.0, 7.0, 11.0, 21.0, 0.0, 4.0, 20.0, 0.0], [10.0, 6.0, 15.0, 0.0, 20.0, 6.0, 10.0, 7.0, 10.0, 16.0, 0.0], [5.0, 14.0, 5.0, 11.0, 13.0, 12.0, 12.0, 9.0, 4.0, 15.0, 0.0]], "number_hours_required_for_inspection": [0.5686053700041604, 0.6034632530665809, 0.6813054947390983, 0.4685465569435967], "number_hours_available_for_inspection": [250, 242, 249], "expected_number_hours_required_for_repair": [1.9360762997547392, 2.099341979358438, 2.0846610917440245, 2.110173311896854], "number_hours_available_for_repair": [852, 814, 976], "warehouse_capacity_of_facility": [972, 984, 1051], "cost_of_inspection": [11.372107400083209, 12.069265061331617, 13.626109894781965, 9.370931138871935], "expected_cost_of_repair": [56.41971213501245, 62.12159619780379, 61.056635021993685, 62.44946539108859], "cost_of_transportation": [158, 161], "holding_cost": [2.167959494510904, 2.009923313221774, 1.4829978774663561], "rejection_cost": [100.0, 100.0, 100.0, 100.0]}