{"container_types": 4, "number_of_facilities": 2, "container_quality_level": 9, "time_periods": 7, "number_containers_arriving_to_facility_zero": [[123, 218, 181, 159, 222, 199, 223], [171, 137, 227, 162, 178, 185, 141], [274, 276, 153, 251, 290, 259, 117], [101, 170, 211, 123, 188, 249, 119]], "number_unexpected_containers_at_facilities": [[23, 67, 65], [15, 24, 16], [18, 47, 15], [95, 61, 65]], "number_good_quality_containers_at_facilities": [[1, 25, 80], [1, 30, 70], [31, 2, 88], [62, 67, 85]], "containers_demand_for_clients": [[206, 213, 183, 212, 261, 215, 238], [242, 211, 186, 205, 271, 269, 240], [200, 193, 215, 183, 190, 156, 217], [264, 302, 288, 266, 248, 295, 237]], "transportation_capacity": 666, "probability_original_quality_level": [[10.0, 4.0, 12.0, 21.0, 5.0, 18.0, 10.0, 11.0, 0.0, 8.0, 1.0], [8.0, 3.0, 7.0, 3.0, 17.0, 13.0, 12.0, 11.0, 5.0, 16.0, 5.0], [10.0, 8.0, 15.0, 18.0, 2.0, 8.0, 2.0, 7.0, 15.0, 14.0, 1.0], [7.0, 21.0, 11.0, 5.0, 6.0, 13.0, 11.0, 11.0, 4.0, 8.0, 3.0]], "number_hours_required_for_inspection": [0.7144287036644219, 0.9710412795019487, 0.8797215417859372, 0.5428656780041301], "number_hours_available_for_inspection": [298, 381, 313], "expected_number_hours_required_for_repair": [1.9367776794757448, 2.1185929890828965, 2.0056608367023254, 1.767602147188711], "number_hours_available_for_repair": [618, 832, 864], "warehouse_capacity_of_facility": [940, 937, 860], "cost_of_inspection": [14.288574073288437, 19.420825590038973, 17.594430835718743, 10.857313560082602], "expected_cost_of_repair": [56.74399508259584, 62.65428960160194, 58.375530808222926, 52.21938162189995], "cost_of_transportation": [120, 158], "holding_cost": [2.005696170319096, 1.713566866983366, 1.1756015059077027], "rejection_cost": [100.0, 100.0, 100.0, 100.0]}