{"container_types": 4, "number_of_facilities": 2, "container_quality_level": 9, "time_periods": 7, "number_containers_arriving_to_facility_zero": [[179, 202, 143, 173, 269, 111, 292], [259, 186, 245, 213, 198, 152, 101], [145, 122, 170, 273, 144, 110, 129], [282, 241, 235, 251, 157, 256, 265]], "number_unexpected_containers_at_facilities": [[23, 18, 29], [0, 82, 1], [71, 67, 62], [6, 94, 91]], "number_good_quality_containers_at_facilities": [[10, 70, 97], [67, 80, 3], [6, 55, 84], [77, 63, 37]], "containers_demand_for_clients": [[288, 336, 250, 273, 338, 315, 276], [233, 256, 214, 246, 228, 253, 249], [259, 243, 268, 230, 237, 235, 236], [165, 166, 237, 199, 245, 201, 196]], "transportation_capacity": 533, "probability_original_quality_level": [[7.0, 4.0, 18.0, 21.0, 16.0, 1.0, 7.0, 20.0, 1.0, 4.0, 1.0], [10.0, 14.0, 12.0, 4.0, 7.0, 9.0, 12.0, 14.0, 8.0, 5.0, 5.0], [9.0, 8.0, 14.0, 11.0, 13.0, 2.0, 4.0, 15.0, 8.0, 12.0, 4.0], [9.0, 8.0, 5.0, 7.0, 13.0, 16.0, 5.0, 13.0, 10.0, 13.0, 1.0]], "number_hours_required_for_inspection": [0.6165788247768024, 0.6209457056034615, 0.7814256001139338, 0.657405417986615], "number_hours_available_for_inspection": [312, 339, 294], "expected_number_hours_required_for_repair": [1.8381476921855842, 1.8229568174127637, 1.9340521244675992, 2.112585064772176], "number_hours_available_for_repair": [916, 643, 861], "warehouse_capacity_of_facility": [876, 884, 1040], "cost_of_inspection": [12.331576495536048, 12.418914112069231, 15.628512002278676, 13.1481083597323], "expected_cost_of_repair": [53.80470197461891, 52.992269000327376, 56.36481858208768, 62.303328417950276], "cost_of_transportation": [158, 119], "holding_cost": [2.8806810839377603, 2.380976248666236, 1.335619909157395], "rejection_cost": [100.0, 100.0, 100.0, 100.0]}