{"container_types": 4, "number_of_facilities": 2, "container_quality_level": 9, "time_periods": 7, "number_containers_arriving_to_facility_zero": [[258, 210, 231, 268, 267, 209, 275], [173, 270, 209, 102, 220, 152, 272], [279, 118, 164, 127, 185, 199, 135], [260, 140, 165, 133, 268, 215, 186]], "number_unexpected_containers_at_facilities": [[51, 83, 58], [95, 91, 65], [0, 80, 72], [59, 80, 70]], "number_good_quality_containers_at_facilities": [[93, 23, 65], [5, 4, 48], [56, 98, 11], [37, 6, 63]], "containers_demand_for_clients": [[283, 286, 223, 287, 201, 202, 272], [349, 244, 289, 297, 282, 317, 275], [290, 243, 267, 221, 235, 253, 249], [251, 212, 202, 257, 209, 253, 178]], "transportation_capacity": 576, "probability_original_quality_level": [[5.0, 15.0, 13.0, 2.0, 8.0, 12.0, 17.0, 11.0, 0.0, 16.0, 1.0], [8.0, 2.0, 12.0, 4.0, 13.0, 3.0, 15.0, 16.0, 7.0, 20.0, 0.0], [9.0, 22.0, 10.0, 0.0, 16.0, 0.0, 4.0, 12.0, 1.0, 24.0, 2.0], [8.0, 3.0, 12.0, 5.0, 17.0, 19.0, 2.0, 6.0, 18.0, 7.0, 3.0]], "number_hours_required_for_inspection": [0.6094928980142321, 0.554283984197772, 0.9921629961196762, 0.901184864106229], "number_hours_available_for_inspection": [399, 333, 407], "expected_number_hours_required_for_repair": [2.040600316990092, 2.285311313274507, 1.9268367557742778, 1.9741733678292213], "number_hours_available_for_repair": [1042, 906, 895], "warehouse_capacity_of_facility": [947, 1093, 1054], "cost_of_inspection": [12.189857960284643, 11.08567968395544, 19.843259922393525, 18.02369728212458], "expected_cost_of_repair": [60.23843105907963, 67.03708654322466, 56.19839838220472, 57.91939368252226], "cost_of_transportation": [129, 94], "holding_cost": [2.748695976954478, 1.9206949780868088, 1.0358771689232171], "rejection_cost": [100.0, 100.0, 100.0, 100.0]}