{"container_types": 4, "number_of_facilities": 2, "container_quality_level": 9, "time_periods": 7, "number_containers_arriving_to_facility_zero": [[295, 124, 127, 263, 171, 145, 185], [273, 298, 112, 273, 122, 130, 141], [192, 166, 197, 263, 274, 212, 136], [165, 195, 262, 125, 109, 243, 135]], "number_unexpected_containers_at_facilities": [[52, 68, 72], [84, 65, 27], [14, 34, 21], [12, 58, 87]], "number_good_quality_containers_at_facilities": [[33, 14, 71], [86, 55, 18], [13, 25, 47], [0, 15, 46]], "containers_demand_for_clients": [[210, 237, 222, 209, 218, 247, 247], [199, 234, 255, 216, 252, 226, 207], [211, 265, 220, 280, 228, 192, 199], [243, 241, 196, 214, 245, 266, 265]], "transportation_capacity": 583, "probability_original_quality_level": [[9.0, 10.0, 15.0, 15.0, 6.0, 1.0, 9.0, 0.0, 13.0, 19.0, 3.0], [9.0, 6.0, 4.0, 16.0, 0.0, 13.0, 12.0, 16.0, 13.0, 8.0, 3.0], [6.0, 18.0, 13.0, 17.0, 0.0, 6.0, 13.0, 17.0, 0.0, 10.0, 0.0], [10.0, 18.0, 3.0, 17.0, 1.0, 0.0, 5.0, 1.0, 18.0, 26.0, 1.0]], "number_hours_required_for_inspection": [0.988985129001385, 0.9667320924717859, 0.8321894372862091, 0.3721691838051244], "number_hours_available_for_inspection": [431, 325, 308], "expected_number_hours_required_for_repair": [1.952753439763952, 2.1353509804880373, 1.8791033978560738, 2.1525205198856097], "number_hours_available_for_repair": [678, 690, 624], "warehouse_capacity_of_facility": [977, 992, 845], "cost_of_inspection": [19.7797025800277, 19.33464184943572, 16.64378874572418, 7.4433836761024885], "expected_cost_of_repair": [56.78272322852371, 62.42744055345443, 55.17452607801155, 62.57827936295173], "cost_of_transportation": [76, 71], "holding_cost": [2.6155778062735453, 1.7900896088941547, 1.8119035504748986], "rejection_cost": [100.0, 100.0, 100.0, 100.0]}