{"container_types": 4, "number_of_facilities": 2, "container_quality_level": 5, "time_periods": 14, "number_containers_arriving_to_facility_zero": [[241, 149, 155, 295, 199, 241, 123, 154, 169, 110, 250, 289, 161, 261], [236, 188, 243, 174, 235, 212, 274, 219, 270, 201, 281, 107, 254, 164], [181, 208, 189, 284, 255, 204, 227, 207, 234, 120, 296, 278, 170, 258], [225, 110, 270, 212, 155, 262, 276, 136, 167, 273, 227, 297, 292, 298]], "number_unexpected_containers_at_facilities": [[87, 24, 32], [26, 8, 95], [22, 60, 73], [15, 5, 70]], "number_good_quality_containers_at_facilities": [[58, 62, 0], [13, 94, 8], [74, 5, 16], [74, 90, 61]], "containers_demand_for_clients": [[267, 265, 265, 281, 206, 241, 206, 250, 251, 287, 294, 207, 217, 297], [209, 238, 210, 176, 238, 191, 181, 225, 196, 243, 222, 254, 243, 245], [197, 279, 191, 214, 276, 196, 220, 253, 229, 190, 268, 212, 237, 207], [211, 243, 205, 205, 240, 219, 232, 226, 227, 244, 195, 208, 212, 287]], "transportation_capacity": 654, "probability_original_quality_level": [[5.0, 27.0, 26.0, 0.0, 26.0, 13.0, 3.0], [7.0, 4.0, 4.0, 10.0, 39.0, 33.0, 3.0], [9.0, 19.0, 29.0, 0.0, 12.0, 28.0, 3.0], [10.0, 13.0, 12.0, 28.0, 21.0, 13.0, 3.0]], "number_hours_required_for_inspection": [0.5411561538930916, 0.3421154243760596, 0.4081058382267306, 0.8635821982948357], "number_hours_available_for_inspection": [258, 277, 303], "expected_number_hours_required_for_repair": [1.3357158136467628, 1.7149720487151274, 1.346458475858667, 1.4196455459847896], "number_hours_available_for_repair": [484, 439, 509], "warehouse_capacity_of_facility": [915, 964, 1037], "cost_of_inspection": [10.823123077861831, 6.8423084875211915, 8.16211676453461, 17.271643965896715], "expected_cost_of_repair": [39.28315096263675, 50.59315713036836, 39.17944745304243, 40.64730126752838], "cost_of_transportation": [88, 117], "holding_cost": [2.1151880862865706, 1.6777893452305959, 1.8088759551355857], "rejection_cost": [500.0, 500.0, 500.0, 500.0]}