{"container_types": 4, "number_of_facilities": 2, "container_quality_level": 5, "time_periods": 14, "number_containers_arriving_to_facility_zero": [[142, 121, 144, 269, 295, 125, 266, 212, 161, 225, 167, 232, 120, 129], [137, 211, 123, 222, 270, 195, 120, 191, 238, 255, 145, 112, 220, 245], [255, 217, 205, 212, 159, 239, 245, 234, 209, 182, 275, 201, 262, 252], [181, 166, 250, 137, 223, 147, 169, 230, 180, 235, 153, 242, 103, 283]], "number_unexpected_containers_at_facilities": [[32, 63, 49], [41, 36, 87], [63, 58, 89], [78, 73, 61]], "number_good_quality_containers_at_facilities": [[93, 7, 30], [93, 30, 28], [0, 25, 63], [16, 76, 80]], "containers_demand_for_clients": [[261, 241, 213, 191, 186, 206, 227, 188, 218, 207, 235, 191, 204, 181], [233, 169, 211, 207, 219, 207, 216, 214, 199, 165, 165, 223, 211, 216], [194, 196, 180, 254, 198, 236, 201, 177, 191, 216, 256, 228, 205, 240], [294, 255, 277, 229, 214, 273, 217, 292, 267, 225, 293, 233, 199, 275]], "transportation_capacity": 558, "probability_original_quality_level": [[5.0, 38.0, 10.0, 0.0, 6.0, 40.0, 1.0], [9.0, 27.0, 26.0, 6.0, 18.0, 11.0, 3.0], [9.0, 31.0, 1.0, 13.0, 0.0, 44.0, 2.0], [9.0, 20.0, 24.0, 23.0, 16.0, 5.0, 3.0]], "number_hours_required_for_inspection": [0.9476449315772252, 0.48950823111427627, 0.4213024086345571, 0.4504434888108403], "number_hours_available_for_inspection": [234, 264, 256], "expected_number_hours_required_for_repair": [1.3952293308403036, 1.204359350288356, 1.4629900138212009, 1.159079757363416], "number_hours_available_for_repair": [429, 484, 512], "warehouse_capacity_of_facility": [856, 944, 873], "cost_of_inspection": [18.952898631544503, 9.790164622285525, 8.426048172691141, 9.008869776216805], "expected_cost_of_repair": [40.918952544363236, 34.68408016469271, 42.887658414381406, 33.03896021582686], "cost_of_transportation": [130, 142], "holding_cost": [2.8302307835586054, 1.6836661782205118, 1.4145677575896682], "rejection_cost": [500.0, 500.0, 500.0, 500.0]}