{"container_types": 4, "number_of_facilities": 2, "container_quality_level": 5, "time_periods": 14, "number_containers_arriving_to_facility_zero": [[245, 129, 162, 213, 157, 255, 271, 105, 276, 287, 247, 180, 182, 280], [168, 118, 202, 183, 283, 121, 113, 189, 190, 180, 204, 156, 124, 110], [150, 161, 234, 122, 241, 240, 226, 227, 184, 210, 267, 121, 229, 283], [221, 176, 109, 122, 279, 294, 299, 157, 277, 189, 223, 230, 218, 227]], "number_unexpected_containers_at_facilities": [[82, 38, 15], [39, 69, 96], [65, 6, 13], [65, 41, 49]], "number_good_quality_containers_at_facilities": [[7, 4, 33], [66, 8, 28], [33, 75, 67], [52, 78, 1]], "containers_demand_for_clients": [[231, 229, 217, 239, 220, 261, 258, 213, 250, 213, 277, 274, 283, 217], [240, 186, 230, 270, 211, 261, 254, 259, 233, 266, 238, 185, 269, 240], [181, 191, 212, 207, 179, 213, 220, 189, 217, 193, 204, 186, 213, 178], [192, 256, 238, 212, 234, 182, 191, 200, 253, 187, 254, 191, 198, 233]], "transportation_capacity": 512, "probability_original_quality_level": [[8.0, 32.0, 6.0, 14.0, 11.0, 27.0, 2.0], [6.0, 13.0, 20.0, 21.0, 26.0, 12.0, 2.0], [6.0, 34.0, 13.0, 10.0, 26.0, 9.0, 2.0], [7.0, 16.0, 16.0, 14.0, 27.0, 17.0, 3.0]], "number_hours_required_for_inspection": [0.8872871858667944, 0.747099160215853, 0.9608596808336574, 0.594796768061397], "number_hours_available_for_inspection": [349, 313, 353], "expected_number_hours_required_for_repair": [1.3646681581811964, 1.4025557773412678, 1.3303018376980569, 1.4134014827170358], "number_hours_available_for_repair": [502, 533, 435], "warehouse_capacity_of_facility": [920, 950, 924], "cost_of_inspection": [17.745743717335888, 14.94198320431706, 19.217193616673146, 11.895935361227941], "expected_cost_of_repair": [39.59845252826137, 41.441763906490166, 38.84951397921543, 41.1380674973836], "cost_of_transportation": [97, 142], "holding_cost": [2.982581744471973, 2.4661621505431346, 1.5201716813346606], "rejection_cost": [500.0, 500.0, 500.0, 500.0]}