{"container_types": 4, "number_of_facilities": 2, "container_quality_level": 5, "time_periods": 14, "number_containers_arriving_to_facility_zero": [[213, 233, 262, 120, 202, 208, 282, 157, 274, 106, 215, 185, 124, 241], [160, 197, 130, 117, 222, 177, 109, 158, 146, 190, 158, 236, 168, 255], [191, 257, 170, 173, 152, 283, 251, 239, 205, 275, 230, 260, 250, 167], [104, 290, 288, 106, 231, 208, 107, 153, 182, 178, 271, 155, 192, 159]], "number_unexpected_containers_at_facilities": [[25, 46, 30], [77, 12, 3], [63, 21, 2], [84, 49, 99]], "number_good_quality_containers_at_facilities": [[16, 45, 87], [41, 82, 7], [31, 23, 54], [34, 52, 7]], "containers_demand_for_clients": [[179, 218, 202, 212, 224, 210, 232, 175, 239, 209, 196, 194, 239, 236], [241, 196, 189, 243, 261, 222, 253, 239, 216, 235, 186, 205, 244, 224], [200, 168, 214, 198, 189, 159, 154, 209, 194, 162, 200, 158, 192, 201], [217, 201, 220, 200, 195, 224, 268, 222, 241, 252, 259, 263, 240, 210]], "transportation_capacity": 642, "probability_original_quality_level": [[5.0, 25.0, 40.0, 11.0, 3.0, 15.0, 1.0], [10.0, 22.0, 2.0, 8.0, 30.0, 25.0, 3.0], [10.0, 19.0, 24.0, 12.0, 6.0, 25.0, 4.0], [5.0, 3.0, 6.0, 20.0, 29.0, 34.0, 3.0]], "number_hours_required_for_inspection": [0.8998782663429732, 0.3777366248057031, 0.6127168724778329, 0.802027711298871], "number_hours_available_for_inspection": [285, 296, 284], "expected_number_hours_required_for_repair": [1.2335516633387984, 1.502422252079509, 1.2621690857092844, 1.6522851021614275], "number_hours_available_for_repair": [380, 471, 460], "warehouse_capacity_of_facility": [893, 861, 876], "cost_of_inspection": [17.997565326859466, 7.554732496114061, 12.254337449556658, 16.04055422597742], "expected_cost_of_repair": [36.037803980124586, 44.06414004537144, 36.71214716222808, 48.72324656376308], "cost_of_transportation": [128, 131], "holding_cost": [2.490978506955498, 2.3026214608761655, 1.3714336608937754], "rejection_cost": [500.0, 500.0, 500.0, 500.0]}