{"container_types": 4, "number_of_facilities": 2, "container_quality_level": 5, "time_periods": 14, "number_containers_arriving_to_facility_zero": [[124, 261, 137, 121, 237, 178, 201, 157, 125, 110, 158, 286, 297, 194], [108, 287, 158, 238, 267, 154, 137, 289, 219, 224, 136, 155, 247, 206], [177, 269, 281, 272, 130, 179, 246, 136, 130, 286, 221, 113, 248, 192], [258, 220, 127, 137, 260, 217, 189, 139, 143, 202, 105, 137, 111, 180]], "number_unexpected_containers_at_facilities": [[88, 72, 56], [64, 21, 32], [14, 19, 77], [64, 81, 78]], "number_good_quality_containers_at_facilities": [[92, 20, 86], [26, 63, 94], [49, 2, 60], [52, 72, 52]], "containers_demand_for_clients": [[181, 224, 234, 233, 193, 180, 191, 207, 218, 217, 204, 191, 209, 231], [244, 247, 202, 230, 209, 227, 205, 200, 203, 210, 202, 174, 226, 246], [192, 218, 252, 205, 187, 220, 198, 267, 229, 246, 207, 183, 188, 180], [208, 230, 179, 262, 189, 194, 262, 254, 252, 242, 216, 224, 181, 188]], "transportation_capacity": 581, "probability_original_quality_level": [[6.0, 30.0, 4.0, 16.0, 9.0, 35.0, 0.0], [9.0, 38.0, 3.0, 18.0, 5.0, 24.0, 3.0], [9.0, 10.0, 14.0, 0.0, 34.0, 33.0, 0.0], [10.0, 30.0, 20.0, 7.0, 6.0, 26.0, 1.0]], "number_hours_required_for_inspection": [0.5295527521785888, 0.6810027703383362, 0.5185108824621129, 0.43155872845349275], "number_hours_available_for_inspection": [206, 251, 277], "expected_number_hours_required_for_repair": [1.5545954856489408, 1.246464883397033, 1.6077744740327335, 1.2696878257868889], "number_hours_available_for_repair": [492, 509, 420], "warehouse_capacity_of_facility": [869, 874, 793], "cost_of_inspection": [10.591055043571775, 13.620055406766724, 10.370217649242257, 8.631174569069856], "expected_cost_of_repair": [45.85448895735079, 35.984571150123145, 47.18493021162724, 37.07799375545816], "cost_of_transportation": [135, 96], "holding_cost": [2.2290417686636474, 2.360276122792302, 1.2276303416540784], "rejection_cost": [500.0, 500.0, 500.0, 500.0]}