{"container_types": 4, "number_of_facilities": 2, "container_quality_level": 5, "time_periods": 14, "number_containers_arriving_to_facility_zero": [[142, 244, 225, 267, 100, 266, 160, 234, 167, 282, 199, 291, 294, 128], [197, 277, 260, 189, 174, 145, 102, 160, 174, 147, 165, 299, 117, 270], [166, 247, 108, 262, 274, 137, 265, 249, 160, 156, 141, 102, 217, 122], [214, 119, 155, 216, 145, 227, 206, 223, 210, 128, 135, 258, 240, 154]], "number_unexpected_containers_at_facilities": [[87, 52, 85], [85, 85, 54], [86, 62, 54], [99, 6, 80]], "number_good_quality_containers_at_facilities": [[72, 26, 78], [53, 80, 9], [56, 35, 9], [66, 34, 39]], "containers_demand_for_clients": [[176, 176, 236, 245, 177, 201, 240, 235, 171, 174, 232, 181, 246, 206], [273, 244, 197, 278, 263, 239, 249, 205, 238, 224, 287, 273, 221, 206], [254, 257, 246, 195, 210, 210, 247, 206, 193, 197, 227, 227, 215, 216], [192, 232, 184, 225, 223, 169, 206, 228, 175, 203, 241, 178, 237, 179]], "transportation_capacity": 616, "probability_original_quality_level": [[10.0, 2.0, 31.0, 34.0, 10.0, 12.0, 1.0], [8.0, 23.0, 15.0, 26.0, 9.0, 14.0, 5.0], [8.0, 2.0, 33.0, 29.0, 5.0, 18.0, 5.0], [7.0, 0.0, 25.0, 24.0, 39.0, 4.0, 1.0]], "number_hours_required_for_inspection": [0.7482677399117399, 0.6036682951223774, 0.7276092383310477, 0.8936609469072876], "number_hours_available_for_inspection": [367, 282, 363], "expected_number_hours_required_for_repair": [1.3842993548562028, 1.3010131212788079, 1.3742526116386697, 1.4746886204400003], "number_hours_available_for_repair": [432, 405, 456], "warehouse_capacity_of_facility": [948, 789, 849], "cost_of_inspection": [14.965354798234799, 12.073365902447549, 14.552184766620954, 17.87321893814575], "expected_cost_of_repair": [39.75199025402988, 38.213108080661605, 40.097096668788275, 43.35050670987072], "cost_of_transportation": [104, 161], "holding_cost": [2.3650038713282786, 1.7670689448021943, 1.3388705231497915], "rejection_cost": [500.0, 500.0, 500.0, 500.0]}