{"container_types": 4, "number_of_facilities": 2, "container_quality_level": 5, "time_periods": 14, "number_containers_arriving_to_facility_zero": [[198, 156, 210, 152, 118, 137, 225, 250, 158, 209, 167, 153, 272, 155], [207, 266, 141, 157, 266, 101, 180, 231, 258, 124, 240, 223, 155, 123], [249, 137, 164, 209, 117, 212, 150, 254, 137, 118, 141, 168, 291, 265], [200, 284, 111, 157, 249, 105, 226, 233, 125, 221, 184, 202, 120, 116]], "number_unexpected_containers_at_facilities": [[82, 98, 67], [44, 34, 54], [11, 31, 2], [81, 32, 38]], "number_good_quality_containers_at_facilities": [[83, 16, 43], [11, 93, 61], [41, 69, 82], [57, 92, 63]], "containers_demand_for_clients": [[229, 168, 174, 223, 201, 176, 205, 195, 172, 183, 216, 193, 211, 211], [238, 240, 193, 202, 214, 190, 251, 224, 231, 181, 184, 228, 218, 185], [244, 171, 241, 210, 172, 200, 233, 221, 205, 241, 201, 187, 202, 170], [191, 190, 171, 211, 206, 231, 232, 226, 199, 171, 200, 179, 188, 211]], "transportation_capacity": 618, "probability_original_quality_level": [[5.0, 17.0, 21.0, 30.0, 16.0, 8.0, 3.0], [5.0, 28.0, 12.0, 17.0, 11.0, 23.0, 4.0], [6.0, 20.0, 5.0, 30.0, 13.0, 26.0, 0.0], [5.0, 13.0, 35.0, 23.0, 4.0, 20.0, 0.0]], "number_hours_required_for_inspection": [0.8692047102925587, 0.40019263792298015, 0.8379064314112983, 0.7116894266072783], "number_hours_available_for_inspection": [311, 329, 299], "expected_number_hours_required_for_repair": [1.3793921049268716, 1.3969264393465377, 1.4983856233335882, 1.4419494695383883], "number_hours_available_for_repair": [401, 491, 436], "warehouse_capacity_of_facility": [838, 771, 846], "cost_of_inspection": [17.384094205851174, 8.003852758459603, 16.758128628225965, 14.233788532145565], "expected_cost_of_repair": [40.47455475149383, 41.180687911433594, 44.151165461047164, 42.3658385657832], "cost_of_transportation": [118, 168], "holding_cost": [2.6972976759921696, 2.421811500131599, 1.0165017094768372], "rejection_cost": [500.0, 500.0, 500.0, 500.0]}