{"container_types": 4, "number_of_facilities": 2, "container_quality_level": 5, "time_periods": 14, "number_containers_arriving_to_facility_zero": [[281, 226, 153, 128, 122, 212, 163, 125, 107, 279, 283, 168, 203, 211], [231, 239, 173, 297, 136, 291, 270, 291, 239, 290, 241, 102, 209, 181], [222, 287, 286, 151, 217, 268, 172, 217, 186, 265, 245, 295, 239, 200], [236, 281, 248, 239, 286, 146, 252, 165, 181, 216, 114, 212, 158, 292]], "number_unexpected_containers_at_facilities": [[42, 23, 27], [91, 82, 56], [93, 65, 52], [69, 25, 27]], "number_good_quality_containers_at_facilities": [[24, 72, 55], [55, 6, 29], [99, 66, 89], [62, 92, 73]], "containers_demand_for_clients": [[266, 224, 231, 202, 256, 195, 212, 221, 267, 211, 206, 240, 264, 265], [214, 210, 208, 200, 205, 184, 197, 193, 236, 218, 204, 179, 186, 168], [286, 286, 213, 296, 261, 211, 202, 257, 268, 284, 222, 254, 254, 268], [276, 288, 304, 240, 313, 228, 274, 261, 245, 302, 291, 277, 317, 245]], "transportation_capacity": 767, "probability_original_quality_level": [[8.0, 10.0, 17.0, 28.0, 15.0, 19.0, 3.0], [7.0, 32.0, 6.0, 10.0, 31.0, 12.0, 2.0], [8.0, 20.0, 8.0, 14.0, 42.0, 4.0, 4.0], [7.0, 38.0, 35.0, 2.0, 10.0, 6.0, 2.0]], "number_hours_required_for_inspection": [0.6845999656027341, 0.8616383097007769, 0.7115535183138867, 0.8928280352632338], "number_hours_available_for_inspection": [321, 454, 333], "expected_number_hours_required_for_repair": [1.4422134194902299, 1.3732440064052311, 1.4139847244869888, 1.1042248717811105], "number_hours_available_for_repair": [373, 505, 498], "warehouse_capacity_of_facility": [884, 926, 1011], "cost_of_inspection": [13.691999312054682, 17.23276619401554, 14.231070366277734, 17.856560705264677], "expected_cost_of_repair": [42.351855968978, 40.49521185387288, 41.13779446476232, 31.981469028580786], "cost_of_transportation": [142, 102], "holding_cost": [2.0200939618519733, 2.3812622272305237, 1.8293051660789397], "rejection_cost": [500.0, 500.0, 500.0, 500.0]}