{"container_types": 4, "number_of_facilities": 2, "container_quality_level": 5, "time_periods": 14, "number_containers_arriving_to_facility_zero": [[154, 159, 204, 281, 252, 279, 178, 170, 199, 249, 296, 164, 187, 266], [267, 282, 142, 183, 173, 108, 207, 175, 268, 284, 203, 286, 285, 217], [264, 252, 113, 110, 144, 290, 223, 111, 121, 298, 235, 106, 196, 105], [119, 292, 178, 154, 255, 236, 254, 271, 280, 252, 165, 118, 156, 119]], "number_unexpected_containers_at_facilities": [[30, 97, 10], [60, 65, 1], [65, 97, 47], [31, 65, 51]], "number_good_quality_containers_at_facilities": [[55, 2, 54], [24, 54, 72], [78, 1, 43], [48, 47, 56]], "containers_demand_for_clients": [[192, 209, 191, 255, 203, 187, 261, 265, 186, 196, 185, 240, 210, 192], [279, 267, 206, 205, 210, 252, 191, 241, 187, 211, 220, 256, 262, 198], [270, 258, 211, 195, 239, 243, 263, 230, 234, 258, 286, 241, 227, 251], [187, 216, 231, 166, 212, 231, 239, 200, 236, 230, 212, 212, 210, 217]], "transportation_capacity": 522, "probability_original_quality_level": [[5.0, 11.0, 8.0, 31.0, 24.0, 21.0, 0.0], [7.0, 21.0, 8.0, 25.0, 13.0, 22.0, 4.0], [9.0, 33.0, 7.0, 1.0, 8.0, 38.0, 4.0], [9.0, 8.0, 22.0, 14.0, 15.0, 31.0, 1.0]], "number_hours_required_for_inspection": [0.9287685578392162, 0.612834646899713, 0.6166497871639574, 0.4023612285631477], "number_hours_available_for_inspection": [313, 325, 343], "expected_number_hours_required_for_repair": [1.5080807128106881, 1.3968051991347301, 1.3826861583505103, 1.5275597019900176], "number_hours_available_for_repair": [439, 470, 525], "warehouse_capacity_of_facility": [897, 994, 927], "cost_of_inspection": [18.575371156784325, 12.25669293799426, 12.332995743279147, 8.047224571262955], "expected_cost_of_repair": [44.47475500543974, 41.09323474384715, 39.75054179062582, 44.728585585200555], "cost_of_transportation": [107, 79], "holding_cost": [2.4972741087089148, 1.7430575675390632, 1.0934056683119646], "rejection_cost": [500.0, 500.0, 500.0, 500.0]}