{"container_types": 4, "number_of_facilities": 2, "container_quality_level": 5, "time_periods": 14, "number_containers_arriving_to_facility_zero": [[243, 231, 217, 112, 278, 248, 272, 226, 145, 127, 141, 280, 284, 253], [133, 140, 166, 177, 151, 221, 253, 233, 171, 112, 150, 118, 262, 257], [172, 142, 159, 286, 137, 218, 108, 129, 146, 287, 253, 188, 164, 238], [189, 139, 228, 252, 284, 103, 152, 283, 236, 275, 291, 223, 139, 266]], "number_unexpected_containers_at_facilities": [[88, 27, 20], [94, 27, 95], [55, 38, 87], [39, 62, 8]], "number_good_quality_containers_at_facilities": [[60, 10, 85], [91, 35, 35], [37, 26, 79], [76, 71, 51]], "containers_demand_for_clients": [[232, 253, 235, 194, 254, 211, 233, 201, 246, 193, 235, 272, 208, 268], [246, 279, 246, 283, 251, 268, 192, 252, 224, 264, 221, 286, 278, 284], [202, 203, 179, 224, 236, 197, 226, 224, 232, 233, 170, 179, 231, 200], [234, 202, 220, 201, 220, 220, 210, 240, 170, 230, 173, 218, 241, 209]], "transportation_capacity": 628, "probability_original_quality_level": [[7.0, 13.0, 6.0, 3.0, 28.0, 42.0, 1.0], [5.0, 32.0, 10.0, 30.0, 6.0, 15.0, 2.0], [8.0, 15.0, 20.0, 19.0, 10.0, 27.0, 1.0], [9.0, 2.0, 4.0, 37.0, 13.0, 32.0, 3.0]], "number_hours_required_for_inspection": [0.7192934254123836, 0.8758932525312676, 0.745364627481226, 0.4357947410111507], "number_hours_available_for_inspection": [318, 246, 249], "expected_number_hours_required_for_repair": [1.63823777016938, 1.3645725337738728, 1.4096461296485778, 1.6194665864563456], "number_hours_available_for_repair": [485, 451, 615], "warehouse_capacity_of_facility": [862, 972, 878], "cost_of_inspection": [14.385868508247672, 17.517865050625353, 14.90729254962452, 8.715894820223014], "expected_cost_of_repair": [47.95372243738003, 40.06069826238301, 40.8773350724437, 47.05012497974309], "cost_of_transportation": [102, 90], "holding_cost": [2.948603348323541, 1.9083490316174982, 1.4782598579698214], "rejection_cost": [500.0, 500.0, 500.0, 500.0]}