{"container_types": 4, "number_of_facilities": 2, "container_quality_level": 5, "time_periods": 14, "number_containers_arriving_to_facility_zero": [[189, 149, 186, 291, 195, 247, 241, 112, 211, 221, 142, 177, 291, 163], [153, 225, 223, 158, 239, 223, 173, 124, 297, 218, 150, 142, 293, 270], [292, 195, 152, 163, 153, 129, 148, 252, 224, 269, 197, 161, 143, 259], [101, 185, 185, 282, 270, 121, 263, 223, 216, 196, 119, 237, 272, 267]], "number_unexpected_containers_at_facilities": [[73, 38, 10], [16, 15, 60], [0, 21, 53], [36, 83, 18]], "number_good_quality_containers_at_facilities": [[9, 7, 74], [6, 18, 88], [19, 99, 87], [95, 24, 35]], "containers_demand_for_clients": [[200, 221, 230, 210, 236, 192, 250, 226, 248, 194, 191, 257, 262, 248], [177, 225, 232, 234, 253, 241, 191, 255, 191, 180, 256, 244, 224, 255], [253, 247, 224, 227, 252, 261, 240, 256, 204, 183, 217, 202, 182, 192], [188, 192, 211, 257, 239, 223, 244, 253, 176, 209, 249, 253, 212, 187]], "transportation_capacity": 569, "probability_original_quality_level": [[8.0, 20.0, 16.0, 13.0, 16.0, 22.0, 5.0], [5.0, 17.0, 31.0, 27.0, 13.0, 4.0, 3.0], [9.0, 21.0, 29.0, 1.0, 13.0, 22.0, 5.0], [5.0, 16.0, 5.0, 1.0, 22.0, 47.0, 4.0]], "number_hours_required_for_inspection": [0.7200366319937447, 0.7775921598201339, 0.755642796643702, 0.502299211661444], "number_hours_available_for_inspection": [268, 278, 360], "expected_number_hours_required_for_repair": [1.37152829344951, 1.2237593315765916, 1.315819332080583, 1.543154360732229], "number_hours_available_for_repair": [387, 508, 464], "warehouse_capacity_of_facility": [955, 918, 812], "cost_of_inspection": [14.400732639874894, 15.551843196402677, 15.11285593287404, 10.045984233228879], "expected_cost_of_repair": [40.10861603331406, 35.993944841466465, 37.76440597031177, 45.655168662872626], "cost_of_transportation": [111, 157], "holding_cost": [2.1848645535632985, 1.8687170510040951, 1.708232695742116], "rejection_cost": [500.0, 500.0, 500.0, 500.0]}