{"container_types": 4, "number_of_facilities": 2, "container_quality_level": 5, "time_periods": 14, "number_containers_arriving_to_facility_zero": [[190, 249, 127, 132, 174, 110, 130, 225, 159, 199, 233, 291, 224, 187], [116, 107, 169, 202, 144, 241, 291, 261, 123, 185, 169, 135, 181, 141], [224, 116, 136, 109, 199, 122, 119, 257, 287, 239, 239, 124, 204, 112], [110, 248, 160, 169, 146, 292, 281, 121, 124, 138, 103, 197, 206, 162]], "number_unexpected_containers_at_facilities": [[80, 13, 27], [83, 1, 14], [65, 7, 62], [48, 56, 51]], "number_good_quality_containers_at_facilities": [[39, 94, 89], [56, 76, 1], [55, 23, 75], [37, 98, 60]], "containers_demand_for_clients": [[218, 230, 204, 177, 232, 177, 186, 163, 179, 183, 168, 233, 182, 197], [234, 247, 180, 187, 186, 243, 203, 223, 248, 202, 184, 198, 199, 210], [178, 194, 205, 210, 179, 220, 180, 227, 224, 220, 200, 168, 220, 216], [225, 233, 189, 216, 194, 197, 233, 190, 205, 182, 208, 232, 191, 185]], "transportation_capacity": 586, "probability_original_quality_level": [[5.0, 29.0, 7.0, 33.0, 21.0, 2.0, 3.0], [5.0, 38.0, 23.0, 4.0, 3.0, 26.0, 1.0], [7.0, 22.0, 27.0, 17.0, 6.0, 20.0, 1.0], [9.0, 16.0, 2.0, 19.0, 32.0, 19.0, 3.0]], "number_hours_required_for_inspection": [0.5228066540998624, 0.5054186784600697, 0.781407084294951, 0.5684241580108439], "number_hours_available_for_inspection": [257, 205, 233], "expected_number_hours_required_for_repair": [1.2312843575679489, 1.2975547497298447, 1.3293974288266899, 1.5061778582143779], "number_hours_available_for_repair": [419, 459, 382], "warehouse_capacity_of_facility": [725, 754, 837], "cost_of_inspection": [10.456133081997248, 10.108373569201394, 15.62814168589902, 11.368483160216877], "expected_cost_of_repair": [36.208745230628985, 38.3932825983478, 38.808879316447836, 43.88987677967779], "cost_of_transportation": [107, 80], "holding_cost": [2.4618686976402495, 1.9978663635245457, 1.6343222534305326], "rejection_cost": [500.0, 500.0, 500.0, 500.0]}