{"container_types": 4, "number_of_facilities": 2, "container_quality_level": 5, "time_periods": 14, "number_containers_arriving_to_facility_zero": [[130, 250, 291, 295, 279, 105, 285, 145, 145, 265, 217, 114, 157, 201], [282, 161, 103, 171, 155, 141, 236, 129, 205, 161, 102, 292, 210, 172], [162, 253, 157, 158, 184, 223, 163, 179, 195, 151, 244, 115, 293, 294], [205, 136, 124, 141, 212, 159, 137, 154, 218, 192, 266, 220, 228, 245]], "number_unexpected_containers_at_facilities": [[54, 74, 1], [35, 29, 64], [78, 58, 78], [73, 82, 13]], "number_good_quality_containers_at_facilities": [[93, 1, 36], [97, 26, 2], [3, 13, 36], [65, 57, 73]], "containers_demand_for_clients": [[255, 224, 219, 181, 218, 178, 253, 189, 233, 228, 236, 250, 195, 249], [213, 201, 213, 191, 254, 215, 179, 212, 180, 228, 244, 206, 266, 197], [217, 204, 216, 191, 184, 233, 166, 212, 171, 226, 196, 225, 174, 189], [218, 214, 237, 241, 252, 201, 187, 216, 181, 179, 254, 225, 196, 220]], "transportation_capacity": 559, "probability_original_quality_level": [[5.0, 21.0, 13.0, 21.0, 7.0, 30.0, 3.0], [5.0, 2.0, 43.0, 14.0, 7.0, 29.0, 0.0], [6.0, 29.0, 23.0, 24.0, 11.0, 5.0, 2.0], [6.0, 20.0, 4.0, 14.0, 22.0, 30.0, 4.0]], "number_hours_required_for_inspection": [0.6073044229327141, 0.5981996327720346, 0.6060887122426493, 0.9121531730655765], "number_hours_available_for_inspection": [284, 256, 281], "expected_number_hours_required_for_repair": [1.4714379758985194, 1.546449973158258, 1.2028010547758172, 1.5520513521947334], "number_hours_available_for_repair": [543, 524, 512], "warehouse_capacity_of_facility": [864, 815, 774], "cost_of_inspection": [12.146088458654283, 11.963992655440691, 12.121774244852986, 18.24306346131153], "expected_cost_of_repair": [43.571963234839586, 45.693680510185466, 35.33948000652126, 45.47902077573016], "cost_of_transportation": [152, 74], "holding_cost": [2.014685796998487, 2.2951696759290927, 1.0061762913408774], "rejection_cost": [500.0, 500.0, 500.0, 500.0]}