{"container_types": 4, "number_of_facilities": 2, "container_quality_level": 5, "time_periods": 14, "number_containers_arriving_to_facility_zero": [[112, 107, 252, 207, 231, 236, 269, 298, 165, 258, 233, 154, 266, 202], [173, 145, 225, 282, 281, 241, 137, 103, 179, 218, 181, 182, 115, 180], [253, 198, 274, 267, 120, 108, 199, 294, 249, 248, 174, 172, 245, 261], [171, 249, 111, 212, 133, 125, 223, 277, 172, 212, 170, 165, 142, 183]], "number_unexpected_containers_at_facilities": [[3, 98, 40], [65, 57, 32], [77, 6, 80], [80, 23, 54]], "number_good_quality_containers_at_facilities": [[16, 72, 26], [0, 51, 1], [7, 95, 71], [11, 81, 10]], "containers_demand_for_clients": [[220, 204, 236, 188, 216, 227, 239, 174, 177, 199, 185, 214, 162, 169], [231, 210, 195, 212, 276, 186, 263, 256, 268, 189, 219, 215, 262, 227], [237, 197, 213, 206, 213, 234, 204, 223, 196, 219, 212, 220, 192, 171], [263, 267, 278, 209, 234, 231, 231, 198, 277, 199, 240, 210, 206, 236]], "transportation_capacity": 616, "probability_original_quality_level": [[6.0, 21.0, 19.0, 25.0, 5.0, 23.0, 1.0], [9.0, 24.0, 7.0, 17.0, 26.0, 17.0, 0.0], [10.0, 14.0, 20.0, 8.0, 18.0, 27.0, 3.0], [10.0, 24.0, 8.0, 25.0, 21.0, 10.0, 2.0]], "number_hours_required_for_inspection": [0.8827252127492596, 0.5885086191074005, 0.7532459275238358, 0.849442894994027], "number_hours_available_for_inspection": [353, 356, 286], "expected_number_hours_required_for_repair": [1.463668812216842, 1.456127890810467, 1.4675316756452452, 1.3021197896508918], "number_hours_available_for_repair": [456, 465, 538], "warehouse_capacity_of_facility": [893, 794, 917], "cost_of_inspection": [17.65450425498519, 11.77017238214801, 15.064918550476715, 16.98885789988054], "expected_cost_of_repair": [43.03796201201129, 42.45924844052975, 42.48841325831439, 37.49627019132055], "cost_of_transportation": [113, 82], "holding_cost": [2.8097940756927455, 1.6701648894255956, 1.046257038544367], "rejection_cost": [500.0, 500.0, 500.0, 500.0]}