{"container_types": 4, "number_of_facilities": 2, "container_quality_level": 5, "time_periods": 14, "number_containers_arriving_to_facility_zero": [[198, 124, 191, 273, 121, 220, 147, 273, 290, 196, 132, 212, 165, 187], [234, 168, 239, 172, 166, 205, 273, 103, 242, 208, 115, 273, 239, 219], [276, 265, 222, 295, 184, 199, 234, 243, 185, 134, 223, 212, 233, 250], [102, 256, 273, 198, 198, 264, 144, 178, 183, 172, 162, 154, 299, 175]], "number_unexpected_containers_at_facilities": [[59, 30, 87], [81, 84, 65], [62, 83, 82], [40, 76, 53]], "number_good_quality_containers_at_facilities": [[71, 92, 31], [3, 68, 41], [56, 11, 10], [64, 91, 37]], "containers_demand_for_clients": [[210, 237, 185, 235, 260, 217, 234, 231, 215, 226, 237, 248, 231, 235], [244, 220, 247, 187, 263, 243, 256, 226, 214, 178, 252, 263, 223, 236], [214, 266, 198, 220, 251, 185, 229, 221, 215, 234, 188, 206, 260, 251], [224, 222, 239, 215, 215, 285, 237, 227, 293, 264, 290, 288, 276, 288]], "transportation_capacity": 636, "probability_original_quality_level": [[10.0, 25.0, 21.0, 4.0, 16.0, 22.0, 2.0], [7.0, 5.0, 7.0, 35.0, 35.0, 8.0, 3.0], [6.0, 27.0, 6.0, 38.0, 2.0, 20.0, 1.0], [6.0, 9.0, 8.0, 29.0, 21.0, 26.0, 1.0]], "number_hours_required_for_inspection": [0.9488038453413231, 0.5874451542961688, 0.402710285845431, 0.9533972477953738], "number_hours_available_for_inspection": [305, 263, 279], "expected_number_hours_required_for_repair": [1.3061283145859286, 1.472032759389549, 1.3610705548609487, 1.5747995601055316], "number_hours_available_for_repair": [542, 534, 556], "warehouse_capacity_of_facility": [976, 991, 917], "cost_of_inspection": [18.976076906826464, 11.748903085923377, 8.05420571690862, 19.06794495590748], "expected_cost_of_repair": [37.36912047797215, 42.8503585990879, 40.10773322374404, 46.42760283124613], "cost_of_transportation": [136, 85], "holding_cost": [2.942561139974513, 1.7040255166725604, 1.1014929086500338], "rejection_cost": [500.0, 500.0, 500.0, 500.0]}