{"container_types": 4, "number_of_facilities": 2, "container_quality_level": 5, "time_periods": 14, "number_containers_arriving_to_facility_zero": [[168, 195, 100, 255, 144, 128, 219, 227, 131, 262, 165, 124, 296, 132], [203, 226, 134, 271, 120, 230, 237, 189, 169, 148, 148, 122, 128, 238], [136, 237, 206, 157, 284, 123, 172, 102, 217, 222, 129, 256, 158, 173], [178, 226, 238, 134, 169, 220, 250, 156, 250, 172, 181, 150, 259, 243]], "number_unexpected_containers_at_facilities": [[42, 66, 92], [6, 41, 2], [9, 16, 58], [87, 72, 38]], "number_good_quality_containers_at_facilities": [[81, 4, 68], [47, 75, 24], [11, 42, 46], [73, 43, 86]], "containers_demand_for_clients": [[215, 189, 245, 234, 253, 243, 237, 264, 200, 217, 226, 190, 212, 229], [177, 240, 247, 177, 207, 194, 176, 206, 246, 198, 232, 193, 187, 167], [181, 180, 208, 217, 235, 199, 186, 178, 209, 202, 225, 220, 171, 179], [180, 230, 209, 233, 157, 214, 161, 174, 168, 210, 175, 186, 210, 233]], "transportation_capacity": 480, "probability_original_quality_level": [[6.0, 31.0, 34.0, 7.0, 16.0, 3.0, 3.0], [6.0, 11.0, 39.0, 16.0, 17.0, 7.0, 4.0], [6.0, 10.0, 27.0, 31.0, 22.0, 1.0, 3.0], [6.0, 23.0, 11.0, 24.0, 24.0, 8.0, 4.0]], "number_hours_required_for_inspection": [0.6760390468362681, 0.4832319594098518, 0.4783971897335776, 0.7897415630117811], "number_hours_available_for_inspection": [255, 289, 249], "expected_number_hours_required_for_repair": [1.0773141733066074, 1.2863496916723125, 1.305932272041851, 1.359227465837232], "number_hours_available_for_repair": [461, 355, 340], "warehouse_capacity_of_facility": [798, 883, 757], "cost_of_inspection": [13.520780936725362, 9.664639188197036, 9.567943794671551, 15.794831260235622], "expected_cost_of_repair": [31.230389759439344, 37.483145641616574, 38.26289013491054, 39.64240276617304], "cost_of_transportation": [90, 107], "holding_cost": [2.3573728146213107, 1.9452495033410089, 1.6464186858684096], "rejection_cost": [500.0, 500.0, 500.0, 500.0]}