{"container_types": 4, "number_of_facilities": 2, "container_quality_level": 5, "time_periods": 14, "number_containers_arriving_to_facility_zero": [[256, 135, 249, 124, 266, 211, 214, 200, 153, 134, 197, 108, 297, 178], [236, 158, 228, 201, 163, 128, 111, 214, 165, 278, 135, 255, 201, 248], [188, 171, 109, 220, 103, 178, 154, 186, 265, 129, 216, 105, 204, 235], [244, 205, 136, 286, 190, 126, 125, 227, 214, 112, 252, 142, 112, 123]], "number_unexpected_containers_at_facilities": [[24, 29, 23], [78, 19, 38], [98, 37, 72], [54, 26, 68]], "number_good_quality_containers_at_facilities": [[95, 68, 53], [19, 20, 13], [36, 69, 42], [53, 81, 98]], "containers_demand_for_clients": [[208, 177, 238, 204, 233, 197, 234, 238, 229, 169, 235, 211, 184, 236], [248, 240, 237, 257, 247, 234, 205, 210, 178, 237, 251, 255, 248, 179], [175, 240, 207, 247, 233, 173, 212, 165, 203, 197, 169, 201, 212, 226], [222, 163, 231, 205, 239, 200, 213, 226, 205, 178, 196, 176, 207, 215]], "transportation_capacity": 582, "probability_original_quality_level": [[7.0, 9.0, 24.0, 25.0, 25.0, 8.0, 2.0], [7.0, 19.0, 23.0, 3.0, 20.0, 26.0, 2.0], [6.0, 20.0, 12.0, 4.0, 17.0, 36.0, 5.0], [7.0, 7.0, 23.0, 17.0, 22.0, 21.0, 3.0]], "number_hours_required_for_inspection": [0.8850702901631865, 0.6716460201591012, 0.7670017021891185, 0.39049536619229314], "number_hours_available_for_inspection": [283, 334, 248], "expected_number_hours_required_for_repair": [1.3931160115609424, 1.535176411793797, 1.5065554797118212, 1.4155667765727313], "number_hours_available_for_repair": [451, 391, 447], "warehouse_capacity_of_facility": [772, 807, 866], "cost_of_inspection": [17.70140580326373, 13.432920403182024, 15.340034043782369, 7.809907323845863], "expected_cost_of_repair": [40.669592061204824, 44.66317306384384, 44.034241627067814, 41.15969770114972], "cost_of_transportation": [99, 157], "holding_cost": [2.372104523291104, 2.214551871119312, 1.3332701326396141], "rejection_cost": [500.0, 500.0, 500.0, 500.0]}