{"container_types": 4, "number_of_facilities": 2, "container_quality_level": 5, "time_periods": 14, "number_containers_arriving_to_facility_zero": [[201, 123, 134, 219, 212, 197, 286, 260, 189, 287, 114, 258, 118, 218], [223, 218, 201, 249, 205, 152, 262, 177, 284, 276, 203, 297, 179, 297], [222, 218, 158, 122, 247, 287, 101, 102, 226, 183, 101, 161, 197, 171], [179, 165, 202, 205, 204, 233, 163, 124, 163, 191, 103, 135, 108, 191]], "number_unexpected_containers_at_facilities": [[69, 48, 55], [98, 15, 59], [11, 84, 46], [84, 92, 76]], "number_good_quality_containers_at_facilities": [[94, 81, 22], [50, 7, 72], [63, 90, 45], [42, 23, 72]], "containers_demand_for_clients": [[219, 231, 192, 178, 199, 173, 234, 189, 216, 190, 180, 216, 162, 215], [227, 238, 229, 214, 264, 243, 236, 219, 233, 221, 182, 254, 249, 224], [253, 294, 267, 281, 203, 290, 255, 295, 267, 268, 225, 207, 238, 300], [169, 214, 217, 232, 240, 181, 179, 182, 234, 232, 178, 236, 165, 189]], "transportation_capacity": 536, "probability_original_quality_level": [[5.0, 0.0, 30.0, 14.0, 19.0, 27.0, 5.0], [6.0, 35.0, 10.0, 8.0, 20.0, 19.0, 2.0], [5.0, 8.0, 25.0, 1.0, 46.0, 15.0, 0.0], [5.0, 9.0, 22.0, 22.0, 20.0, 17.0, 5.0]], "number_hours_required_for_inspection": [0.5609415096809098, 0.45913109103685706, 0.8976511338715548, 0.8956951002589609], "number_hours_available_for_inspection": [314, 269, 331], "expected_number_hours_required_for_repair": [1.491875685732948, 1.3588227484403022, 1.5862356853274702, 1.3699746787197211], "number_hours_available_for_repair": [538, 513, 418], "warehouse_capacity_of_facility": [869, 835, 899], "cost_of_inspection": [11.218830193618196, 9.182621820737142, 17.953022677431097, 17.913902005179217], "expected_cost_of_repair": [44.120611748135, 39.77313366093594, 46.71636493078706, 40.507073927156895], "cost_of_transportation": [115, 146], "holding_cost": [2.305557167230395, 2.0680736902262558, 1.619891858987195], "rejection_cost": [500.0, 500.0, 500.0, 500.0]}