{"container_types": 4, "number_of_facilities": 2, "container_quality_level": 5, "time_periods": 14, "number_containers_arriving_to_facility_zero": [[185, 200, 289, 226, 197, 222, 121, 193, 166, 184, 148, 108, 134, 162], [295, 134, 137, 292, 184, 148, 192, 138, 104, 226, 113, 171, 113, 100], [141, 274, 271, 247, 212, 285, 225, 214, 173, 229, 252, 298, 213, 167], [248, 143, 235, 233, 233, 117, 262, 121, 193, 128, 157, 124, 183, 197]], "number_unexpected_containers_at_facilities": [[72, 1, 16], [18, 84, 53], [44, 97, 82], [1, 81, 36]], "number_good_quality_containers_at_facilities": [[61, 58, 16], [85, 4, 1], [23, 67, 33], [33, 63, 9]], "containers_demand_for_clients": [[204, 207, 234, 202, 219, 162, 199, 174, 182, 209, 193, 167, 231, 162], [176, 178, 160, 226, 210, 181, 161, 179, 196, 193, 160, 233, 187, 200], [191, 148, 188, 150, 158, 218, 179, 210, 186, 158, 150, 198, 176, 188], [209, 229, 280, 298, 223, 277, 294, 267, 229, 244, 221, 237, 297, 229]], "transportation_capacity": 478, "probability_original_quality_level": [[8.0, 21.0, 15.0, 19.0, 26.0, 11.0, 0.0], [6.0, 11.0, 18.0, 5.0, 26.0, 30.0, 4.0], [10.0, 3.0, 24.0, 17.0, 29.0, 13.0, 4.0], [8.0, 5.0, 21.0, 34.0, 13.0, 14.0, 5.0]], "number_hours_required_for_inspection": [0.769490624554394, 0.3340403082354663, 0.6753334323365789, 0.6081434534945969], "number_hours_available_for_inspection": [273, 248, 283], "expected_number_hours_required_for_repair": [1.4367092257593586, 1.514253322789418, 1.4229583771304102, 1.3361203934429644], "number_hours_available_for_repair": [468, 397, 505], "warehouse_capacity_of_facility": [896, 870, 880], "cost_of_inspection": [15.38981249108788, 6.680806164709327, 13.50666864673158, 12.162869069891936], "expected_cost_of_repair": [41.80145102746963, 44.60353026169005, 40.88799530142268, 38.907787595380135], "cost_of_transportation": [154, 142], "holding_cost": [2.977869071251376, 2.060145289853093, 1.6548454830729886], "rejection_cost": [500.0, 500.0, 500.0, 500.0]}