{"container_types": 4, "number_of_facilities": 2, "container_quality_level": 5, "time_periods": 14, "number_containers_arriving_to_facility_zero": [[247, 220, 255, 157, 127, 201, 162, 105, 100, 115, 250, 155, 225, 108], [206, 213, 181, 268, 286, 219, 128, 181, 170, 207, 285, 172, 104, 279], [190, 144, 211, 145, 264, 263, 273, 241, 146, 130, 134, 121, 242, 150], [277, 259, 277, 136, 242, 218, 272, 241, 232, 187, 141, 155, 225, 119]], "number_unexpected_containers_at_facilities": [[24, 81, 2], [30, 37, 8], [65, 30, 78], [23, 65, 76]], "number_good_quality_containers_at_facilities": [[83, 79, 72], [47, 83, 93], [90, 50, 35], [93, 92, 55]], "containers_demand_for_clients": [[213, 246, 208, 198, 277, 260, 198, 242, 250, 283, 268, 250, 262, 223], [179, 213, 228, 216, 182, 191, 233, 195, 179, 194, 204, 174, 178, 222], [203, 259, 260, 268, 205, 216, 246, 247, 212, 273, 259, 188, 198, 273], [209, 177, 176, 191, 228, 238, 250, 220, 250, 180, 189, 239, 241, 175]], "transportation_capacity": 618, "probability_original_quality_level": [[5.0, 8.0, 6.0, 28.0, 32.0, 18.0, 3.0], [7.0, 20.0, 16.0, 24.0, 21.0, 10.0, 2.0], [10.0, 20.0, 6.0, 32.0, 16.0, 16.0, 0.0], [9.0, 15.0, 32.0, 20.0, 1.0, 20.0, 3.0]], "number_hours_required_for_inspection": [0.5617030678591652, 0.6795797342909711, 0.8539044528348758, 0.8706020983770659], "number_hours_available_for_inspection": [356, 367, 309], "expected_number_hours_required_for_repair": [1.6231206532532303, 1.3708006738110956, 1.4302466799751954, 1.2774743174001224], "number_hours_available_for_repair": [421, 446, 444], "warehouse_capacity_of_facility": [794, 946, 826], "cost_of_inspection": [11.234061357183304, 13.591594685819421, 17.078089056697515, 17.41204196754132], "expected_cost_of_repair": [47.94623441366029, 40.129623409194245, 41.132723800499896, 37.00502616361266], "cost_of_transportation": [65, 145], "holding_cost": [2.252110851746355, 1.7220199140449932, 1.8083293007705183], "rejection_cost": [500.0, 500.0, 500.0, 500.0]}