{"container_types": 4, "number_of_facilities": 2, "container_quality_level": 9, "time_periods": 30, "number_containers_arriving_to_facility_zero": [[161, 136, 285, 264, 150, 104, 290, 276, 246, 170, 261, 210, 135, 116, 133, 138, 208, 230, 272, 265, 245, 153, 158, 109, 100, 295, 167, 115, 218, 193], [272, 248, 255, 109, 227, 181, 234, 247, 210, 116, 190, 112, 275, 111, 101, 149, 292, 103, 282, 103, 240, 167, 109, 271, 162, 279, 239, 145, 134, 204], [177, 240, 204, 149, 188, 288, 111, 168, 212, 214, 118, 171, 209, 234, 123, 246, 279, 246, 290, 190, 117, 286, 188, 102, 226, 110, 140, 190, 185, 164], [148, 128, 203, 144, 277, 124, 177, 216, 176, 130, 118, 233, 254, 233, 187, 171, 204, 294, 183, 201, 119, 128, 296, 150, 199, 224, 246, 239, 139, 152]], "number_unexpected_containers_at_facilities": [[99, 93, 24], [67, 93, 46], [34, 49, 30], [30, 6, 60]], "number_good_quality_containers_at_facilities": [[42, 32, 34], [51, 90, 17], [71, 20, 3], [28, 81, 85]], "containers_demand_for_clients": [[172, 238, 189, 176, 227, 213, 229, 179, 227, 237, 223, 173, 205, 197, 180, 189, 238, 230, 232, 162, 228, 229, 204, 195, 213, 200, 232, 161, 170, 172], [242, 226, 231, 190, 176, 219, 217, 189, 221, 189, 207, 191, 211, 195, 206, 223, 173, 166, 244, 169, 239, 200, 200, 175, 211, 189, 180, 209, 232, 184], [184, 242, 241, 194, 173, 189, 194, 244, 190, 239, 228, 197, 242, 219, 214, 185, 210, 236, 191, 181, 219, 188, 229, 173, 197, 214, 226, 237, 238, 222], [202, 230, 207, 203, 229, 234, 183, 198, 189, 203, 200, 164, 172, 165, 181, 224, 195, 224, 218, 206, 205, 201, 211, 161, 171, 221, 179, 218, 221, 213]], "transportation_capacity": 436, "probability_original_quality_level": [[10.0, 15.0, 10.0, 4.0, 8.0, 10.0, 7.0, 7.0, 5.0, 20.0, 4.0], [9.0, 0.0, 13.0, 13.0, 5.0, 14.0, 2.0, 13.0, 10.0, 16.0, 5.0], [9.0, 13.0, 11.0, 16.0, 11.0, 7.0, 8.0, 4.0, 10.0, 8.0, 3.0], [9.0, 15.0, 1.0, 12.0, 4.0, 9.0, 3.0, 15.0, 14.0, 14.0, 4.0]], "number_hours_required_for_inspection": [0.5518855730858977, 0.8065712395826221, 0.622629544052266, 0.6112465083801031], "number_hours_available_for_inspection": [230, 303, 236], "expected_number_hours_required_for_repair": [1.9921660709964013, 2.0706508071289194, 1.7965599128743046, 2.093762234149285], "number_hours_available_for_repair": [561, 768, 612], "warehouse_capacity_of_facility": [759, 818, 790], "cost_of_inspection": [11.037711461717954, 16.131424791652442, 12.452590881045321, 12.22493016760206], "expected_cost_of_repair": [58.43626089101436, 60.886528370838114, 52.54856521103771, 61.102156910541815], "cost_of_transportation": [67, 71], "holding_cost": [2.9282869980683572, 1.8333831251289896, 1.3774933187177485], "rejection_cost": [200.0, 200.0, 200.0, 200.0]}