{"container_types": 4, "number_of_facilities": 2, "container_quality_level": 9, "time_periods": 30, "number_containers_arriving_to_facility_zero": [[246, 106, 146, 285, 204, 267, 164, 281, 262, 152, 147, 227, 184, 148, 163, 264, 225, 208, 204, 298, 201, 219, 294, 120, 121, 153, 122, 140, 260, 293], [146, 147, 246, 132, 171, 247, 138, 139, 263, 265, 248, 129, 231, 116, 235, 229, 140, 278, 272, 163, 165, 279, 231, 237, 261, 188, 298, 133, 299, 280], [172, 137, 218, 137, 223, 152, 242, 283, 230, 100, 195, 205, 276, 194, 221, 253, 297, 145, 194, 287, 278, 263, 254, 171, 299, 125, 179, 166, 151, 277], [150, 256, 137, 268, 287, 161, 134, 146, 253, 167, 247, 287, 115, 135, 244, 272, 173, 266, 188, 270, 281, 288, 169, 200, 168, 182, 257, 288, 155, 259]], "number_unexpected_containers_at_facilities": [[20, 77, 27], [66, 44, 31], [71, 77, 2], [41, 86, 89]], "number_good_quality_containers_at_facilities": [[29, 67, 7], [29, 37, 49], [57, 97, 46], [73, 92, 35]], "containers_demand_for_clients": [[209, 236, 188, 244, 192, 221, 264, 221, 268, 204, 231, 251, 229, 193, 239, 266, 229, 225, 218, 185, 200, 262, 256, 206, 245, 190, 222, 266, 228, 271], [222, 175, 212, 177, 193, 203, 200, 185, 190, 187, 203, 237, 223, 183, 196, 176, 176, 219, 197, 225, 243, 230, 196, 240, 236, 235, 220, 221, 214, 170], [227, 210, 175, 236, 181, 193, 198, 221, 246, 189, 259, 260, 247, 256, 215, 179, 230, 208, 190, 222, 228, 207, 241, 213, 225, 239, 204, 213, 188, 242], [211, 199, 237, 234, 263, 204, 197, 257, 195, 243, 215, 220, 240, 254, 261, 248, 252, 217, 227, 216, 235, 258, 202, 233, 198, 203, 258, 225, 208, 241]], "transportation_capacity": 649, "probability_original_quality_level": [[9.0, 17.0, 5.0, 0.0, 15.0, 16.0, 9.0, 7.0, 8.0, 12.0, 2.0], [10.0, 10.0, 11.0, 5.0, 12.0, 10.0, 7.0, 11.0, 10.0, 13.0, 1.0], [10.0, 1.0, 17.0, 10.0, 4.0, 5.0, 15.0, 14.0, 1.0, 23.0, 0.0], [10.0, 15.0, 10.0, 15.0, 0.0, 9.0, 12.0, 8.0, 7.0, 9.0, 5.0]], "number_hours_required_for_inspection": [0.8221612953575516, 0.8082328531601927, 0.5641688392516842, 0.9504289049463316], "number_hours_available_for_inspection": [409, 296, 392], "expected_number_hours_required_for_repair": [1.9372862255839367, 1.994647201852789, 2.1743201324474195, 1.7778799263172007], "number_hours_available_for_repair": [686, 597, 668], "warehouse_capacity_of_facility": [800, 947, 914], "cost_of_inspection": [16.44322590715103, 16.164657063203855, 11.283376785033683, 19.00857809892663], "expected_cost_of_repair": [56.99088149770846, 58.31236540299156, 64.18417361066585, 51.38533284437969], "cost_of_transportation": [107, 143], "holding_cost": [2.1545896810578, 1.9965870647124384, 1.8440696036437472], "rejection_cost": [200.0, 200.0, 200.0, 200.0]}