{"container_types": 4, "number_of_facilities": 2, "container_quality_level": 9, "time_periods": 30, "number_containers_arriving_to_facility_zero": [[256, 289, 212, 270, 109, 207, 229, 150, 271, 230, 221, 188, 275, 277, 104, 211, 143, 160, 207, 297, 205, 298, 161, 102, 217, 239, 197, 266, 298, 279], [158, 187, 259, 267, 140, 146, 135, 200, 217, 207, 206, 171, 232, 274, 249, 209, 298, 169, 297, 292, 181, 244, 223, 236, 115, 198, 174, 197, 266, 198], [109, 253, 120, 143, 280, 287, 215, 249, 257, 273, 131, 245, 147, 260, 163, 108, 175, 193, 210, 178, 146, 195, 252, 168, 182, 160, 108, 286, 279, 180], [241, 263, 119, 112, 265, 222, 145, 292, 111, 113, 211, 114, 280, 240, 208, 138, 139, 103, 261, 272, 179, 251, 229, 101, 117, 262, 197, 167, 294, 118]], "number_unexpected_containers_at_facilities": [[59, 45, 67], [65, 76, 80], [29, 65, 25], [63, 4, 99]], "number_good_quality_containers_at_facilities": [[49, 71, 0], [73, 66, 13], [38, 84, 90], [19, 17, 43]], "containers_demand_for_clients": [[161, 163, 173, 175, 215, 211, 214, 201, 214, 224, 230, 163, 195, 185, 222, 216, 164, 221, 232, 216, 172, 229, 206, 223, 204, 181, 192, 232, 166, 206], [206, 260, 265, 199, 203, 218, 269, 241, 227, 219, 196, 271, 210, 230, 265, 254, 223, 212, 251, 270, 188, 252, 189, 192, 239, 210, 232, 228, 231, 233], [219, 207, 230, 254, 236, 202, 215, 178, 185, 261, 261, 214, 261, 182, 239, 199, 243, 248, 265, 260, 190, 194, 231, 209, 242, 181, 199, 264, 219, 223], [190, 243, 245, 232, 189, 189, 170, 214, 210, 239, 170, 180, 219, 167, 178, 222, 201, 219, 168, 207, 178, 212, 250, 244, 206, 173, 237, 169, 176, 200]], "transportation_capacity": 628, "probability_original_quality_level": [[5.0, 12.0, 8.0, 10.0, 10.0, 7.0, 7.0, 13.0, 15.0, 11.0, 2.0], [9.0, 3.0, 9.0, 14.0, 7.0, 15.0, 15.0, 11.0, 0.0, 13.0, 4.0], [9.0, 0.0, 17.0, 17.0, 19.0, 4.0, 0.0, 14.0, 0.0, 18.0, 2.0], [6.0, 5.0, 14.0, 12.0, 13.0, 8.0, 9.0, 5.0, 12.0, 11.0, 5.0]], "number_hours_required_for_inspection": [0.7896995291609231, 0.42600921882209647, 0.6536519787799658, 0.7546581993050789], "number_hours_available_for_inspection": [288, 309, 316], "expected_number_hours_required_for_repair": [2.132249537349084, 1.9954007970256382, 1.9492100469064706, 1.9434974471612194], "number_hours_available_for_repair": [681, 644, 674], "warehouse_capacity_of_facility": [904, 826, 886], "cost_of_inspection": [15.793990583218463, 8.520184376441929, 13.073039575599317, 15.09316398610158], "expected_cost_of_repair": [63.00627658458423, 58.37289868590513, 57.37068708599976, 57.18943245049443], "cost_of_transportation": [68, 136], "holding_cost": [2.425823494215299, 2.2124946338782605, 1.3082245830077035], "rejection_cost": [200.0, 200.0, 200.0, 200.0]}