{"container_types": 4, "number_of_facilities": 2, "container_quality_level": 9, "time_periods": 30, "number_containers_arriving_to_facility_zero": [[121, 189, 248, 250, 289, 266, 186, 278, 156, 198, 107, 268, 126, 278, 127, 129, 110, 202, 215, 107, 263, 275, 246, 203, 293, 182, 147, 289, 189, 261], [183, 239, 296, 139, 273, 226, 178, 254, 134, 183, 135, 299, 102, 104, 121, 207, 234, 218, 104, 196, 224, 215, 148, 100, 190, 244, 174, 231, 132, 220], [195, 230, 157, 161, 228, 184, 230, 156, 102, 249, 172, 160, 227, 133, 288, 192, 258, 285, 182, 195, 263, 123, 192, 164, 288, 284, 262, 115, 243, 127], [204, 221, 123, 165, 288, 170, 108, 227, 209, 129, 293, 281, 284, 271, 268, 190, 291, 210, 178, 201, 259, 219, 255, 194, 298, 234, 131, 285, 198, 298]], "number_unexpected_containers_at_facilities": [[90, 42, 66], [5, 3, 36], [60, 45, 17], [11, 8, 4]], "number_good_quality_containers_at_facilities": [[51, 55, 97], [37, 19, 1], [20, 52, 31], [73, 7, 17]], "containers_demand_for_clients": [[217, 252, 238, 208, 236, 222, 255, 242, 251, 185, 192, 214, 238, 243, 270, 192, 265, 181, 203, 220, 204, 269, 182, 194, 223, 266, 186, 262, 219, 264], [221, 247, 251, 228, 211, 236, 203, 179, 233, 206, 211, 222, 241, 182, 226, 247, 240, 234, 193, 259, 259, 246, 259, 210, 217, 203, 247, 187, 210, 248], [208, 228, 187, 216, 210, 190, 168, 184, 202, 213, 208, 219, 166, 224, 164, 158, 226, 182, 162, 199, 177, 163, 227, 188, 176, 228, 166, 176, 203, 199], [237, 238, 184, 236, 233, 218, 203, 216, 177, 180, 190, 210, 218, 179, 182, 178, 227, 169, 188, 199, 227, 245, 182, 185, 242, 194, 206, 227, 232, 237]], "transportation_capacity": 500, "probability_original_quality_level": [[5.0, 3.0, 8.0, 14.0, 21.0, 4.0, 12.0, 9.0, 11.0, 9.0, 4.0], [5.0, 1.0, 13.0, 11.0, 10.0, 14.0, 8.0, 17.0, 10.0, 9.0, 2.0], [5.0, 6.0, 10.0, 4.0, 10.0, 14.0, 11.0, 15.0, 5.0, 16.0, 4.0], [8.0, 5.0, 4.0, 11.0, 0.0, 16.0, 7.0, 15.0, 18.0, 11.0, 5.0]], "number_hours_required_for_inspection": [0.6982499073873458, 0.6267638520358308, 0.5421900530638706, 0.8006060924828837], "number_hours_available_for_inspection": [265, 279, 324], "expected_number_hours_required_for_repair": [2.0215407808772885, 2.0915736003517678, 2.14432778357831, 2.2125466416362434], "number_hours_available_for_repair": [817, 869, 863], "warehouse_capacity_of_facility": [793, 830, 885], "cost_of_inspection": [13.964998147746917, 12.535277040716617, 10.84380106127741, 16.012121849657674], "expected_cost_of_repair": [59.99768752443616, 62.019573072494985, 63.77487771826698, 65.39910151111067], "cost_of_transportation": [132, 154], "holding_cost": [2.328385587183241, 1.7648313594644494, 1.1953716669679895], "rejection_cost": [200.0, 200.0, 200.0, 200.0]}