{"container_types": 4, "number_of_facilities": 2, "container_quality_level": 9, "time_periods": 30, "number_containers_arriving_to_facility_zero": [[120, 298, 125, 108, 274, 140, 245, 181, 122, 273, 149, 131, 271, 166, 221, 207, 188, 273, 133, 197, 277, 153, 110, 207, 152, 205, 138, 181, 256, 223], [251, 168, 177, 225, 216, 115, 163, 253, 235, 215, 128, 284, 278, 222, 117, 228, 289, 267, 252, 226, 196, 188, 227, 123, 137, 161, 123, 282, 177, 284], [197, 118, 200, 281, 294, 205, 109, 118, 244, 236, 216, 152, 275, 143, 242, 119, 155, 148, 148, 229, 211, 291, 134, 163, 139, 209, 142, 105, 142, 203], [218, 239, 165, 294, 181, 255, 120, 278, 191, 124, 138, 271, 294, 120, 268, 220, 229, 173, 277, 183, 193, 208, 265, 246, 209, 172, 132, 287, 212, 156]], "number_unexpected_containers_at_facilities": [[98, 83, 50], [56, 35, 18], [87, 91, 93], [14, 65, 67]], "number_good_quality_containers_at_facilities": [[23, 55, 18], [28, 28, 99], [24, 82, 52], [77, 89, 24]], "containers_demand_for_clients": [[264, 204, 218, 241, 190, 212, 192, 181, 216, 259, 248, 256, 177, 212, 246, 178, 263, 208, 248, 241, 190, 241, 181, 257, 198, 212, 242, 236, 265, 183], [212, 188, 176, 202, 224, 219, 180, 168, 238, 176, 168, 235, 184, 214, 180, 209, 205, 220, 210, 234, 226, 225, 164, 227, 224, 224, 221, 186, 224, 223], [222, 239, 175, 216, 201, 197, 206, 218, 246, 200, 202, 251, 211, 205, 246, 194, 177, 203, 203, 220, 204, 179, 183, 247, 248, 248, 246, 209, 243, 205], [167, 231, 165, 172, 204, 171, 174, 197, 168, 160, 180, 201, 192, 172, 174, 205, 168, 170, 220, 228, 162, 184, 216, 178, 229, 197, 203, 200, 235, 219]], "transportation_capacity": 472, "probability_original_quality_level": [[5.0, 12.0, 7.0, 11.0, 13.0, 13.0, 5.0, 6.0, 13.0, 10.0, 5.0], [7.0, 0.0, 15.0, 16.0, 17.0, 4.0, 1.0, 8.0, 7.0, 22.0, 3.0], [6.0, 14.0, 1.0, 7.0, 18.0, 4.0, 11.0, 12.0, 6.0, 18.0, 3.0], [7.0, 8.0, 15.0, 14.0, 5.0, 3.0, 22.0, 12.0, 5.0, 5.0, 4.0]], "number_hours_required_for_inspection": [0.7171033593166656, 0.819585509827862, 0.3571193875314202, 0.43279157982706357], "number_hours_available_for_inspection": [247, 272, 199], "expected_number_hours_required_for_repair": [1.9482711558665033, 2.1646316819925047, 2.1394300701044178, 1.8955984245005366], "number_hours_available_for_repair": [624, 761, 800], "warehouse_capacity_of_facility": [884, 823, 913], "cost_of_inspection": [14.342067186333312, 16.39171019655724, 7.142387750628404, 8.65583159654127], "expected_cost_of_repair": [57.685836316952916, 63.785004653913155, 63.478713772861965, 56.049162268792706], "cost_of_transportation": [143, 108], "holding_cost": [2.7941165570237323, 1.5587123296697212, 1.8854151018704108], "rejection_cost": [200.0, 200.0, 200.0, 200.0]}