{"container_types": 4, "number_of_facilities": 2, "container_quality_level": 9, "time_periods": 30, "number_containers_arriving_to_facility_zero": [[150, 205, 219, 272, 104, 270, 135, 168, 114, 268, 241, 174, 237, 194, 221, 199, 298, 217, 172, 267, 183, 213, 290, 167, 229, 223, 105, 186, 246, 206], [212, 147, 220, 277, 192, 129, 288, 153, 115, 285, 220, 125, 168, 103, 233, 212, 254, 115, 192, 118, 104, 132, 244, 169, 287, 256, 167, 173, 234, 203], [271, 200, 181, 283, 230, 229, 176, 194, 272, 211, 253, 141, 144, 133, 274, 224, 203, 286, 209, 247, 174, 225, 235, 147, 233, 299, 134, 183, 223, 174], [201, 210, 103, 154, 165, 203, 161, 140, 103, 206, 113, 108, 117, 264, 293, 285, 130, 129, 267, 260, 250, 223, 266, 135, 159, 295, 129, 220, 274, 209]], "number_unexpected_containers_at_facilities": [[78, 92, 9], [24, 54, 85], [14, 55, 52], [20, 93, 25]], "number_good_quality_containers_at_facilities": [[88, 27, 92], [55, 39, 28], [57, 24, 40], [47, 49, 34]], "containers_demand_for_clients": [[179, 234, 184, 208, 232, 184, 220, 238, 193, 208, 183, 175, 233, 230, 227, 228, 216, 229, 229, 171, 238, 184, 230, 213, 220, 175, 192, 225, 219, 239], [244, 212, 244, 184, 202, 207, 188, 190, 183, 235, 234, 204, 193, 204, 193, 205, 217, 219, 189, 200, 238, 178, 244, 232, 245, 260, 255, 218, 205, 202], [225, 195, 197, 211, 166, 208, 172, 234, 235, 203, 200, 235, 195, 176, 222, 201, 171, 181, 231, 201, 221, 163, 199, 230, 236, 217, 221, 237, 177, 181], [254, 237, 229, 185, 238, 177, 239, 212, 264, 262, 232, 213, 244, 189, 264, 233, 222, 231, 184, 215, 250, 190, 226, 210, 178, 250, 179, 252, 221, 251]], "transportation_capacity": 658, "probability_original_quality_level": [[7.0, 2.0, 4.0, 7.0, 18.0, 14.0, 1.0, 15.0, 16.0, 15.0, 1.0], [8.0, 5.0, 15.0, 7.0, 18.0, 13.0, 2.0, 4.0, 16.0, 10.0, 2.0], [7.0, 19.0, 1.0, 0.0, 2.0, 4.0, 15.0, 19.0, 17.0, 16.0, 0.0], [7.0, 12.0, 6.0, 6.0, 6.0, 12.0, 14.0, 14.0, 10.0, 10.0, 3.0]], "number_hours_required_for_inspection": [0.49319585581060477, 0.7375167719577632, 0.7058975282776937, 0.661343464621382], "number_hours_available_for_inspection": [258, 297, 221], "expected_number_hours_required_for_repair": [2.30628776229759, 2.0403842289092955, 2.353744772872814, 2.098463808761668], "number_hours_available_for_repair": [661, 668, 867], "warehouse_capacity_of_facility": [874, 866, 884], "cost_of_inspection": [9.863917116212095, 14.750335439155265, 14.117950565553874, 13.22686929242764], "expected_cost_of_repair": [67.79442812163825, 60.11745024916569, 69.43753677398352, 61.991391331467554], "cost_of_transportation": [77, 140], "holding_cost": [2.076895430867734, 2.3765750049389647, 1.4610963737989984], "rejection_cost": [200.0, 200.0, 200.0, 200.0]}