{"container_types": 4, "number_of_facilities": 2, "container_quality_level": 9, "time_periods": 30, "number_containers_arriving_to_facility_zero": [[168, 163, 213, 281, 172, 227, 277, 174, 100, 150, 298, 144, 221, 199, 295, 272, 159, 139, 152, 188, 281, 141, 167, 187, 148, 109, 178, 246, 205, 175], [156, 240, 154, 241, 298, 197, 137, 204, 146, 258, 233, 195, 246, 128, 216, 251, 242, 265, 295, 229, 184, 180, 156, 105, 130, 210, 293, 257, 285, 132], [137, 164, 107, 287, 262, 228, 236, 195, 112, 298, 173, 244, 234, 156, 207, 261, 209, 230, 196, 116, 115, 233, 250, 186, 176, 294, 244, 148, 273, 157], [192, 106, 141, 140, 152, 210, 105, 287, 262, 299, 273, 169, 233, 292, 112, 194, 127, 245, 115, 109, 179, 133, 226, 260, 182, 127, 282, 274, 268, 185]], "number_unexpected_containers_at_facilities": [[62, 46, 76], [83, 0, 65], [97, 89, 94], [99, 71, 86]], "number_good_quality_containers_at_facilities": [[91, 27, 97], [39, 45, 96], [84, 27, 5], [47, 63, 7]], "containers_demand_for_clients": [[203, 175, 230, 229, 234, 193, 184, 210, 201, 217, 200, 182, 241, 186, 242, 203, 229, 201, 172, 234, 217, 178, 214, 211, 193, 167, 247, 176, 235, 167], [193, 172, 188, 179, 174, 176, 224, 189, 189, 208, 172, 180, 238, 192, 169, 242, 203, 183, 244, 246, 187, 236, 244, 192, 248, 236, 210, 205, 236, 225], [200, 254, 176, 255, 262, 240, 202, 219, 260, 231, 241, 183, 196, 230, 224, 191, 193, 203, 234, 241, 231, 176, 212, 211, 190, 184, 198, 226, 228, 229], [233, 239, 256, 183, 254, 222, 258, 250, 192, 198, 174, 178, 190, 247, 254, 212, 213, 181, 251, 216, 221, 198, 237, 193, 254, 214, 217, 209, 179, 245]], "transportation_capacity": 554, "probability_original_quality_level": [[8.0, 10.0, 0.0, 8.0, 11.0, 18.0, 6.0, 11.0, 5.0, 19.0, 4.0], [6.0, 10.0, 27.0, 20.0, 10.0, 0.0, 11.0, 0.0, 4.0, 9.0, 3.0], [5.0, 6.0, 8.0, 20.0, 15.0, 7.0, 10.0, 17.0, 6.0, 6.0, 0.0], [6.0, 7.0, 5.0, 3.0, 7.0, 17.0, 22.0, 6.0, 4.0, 21.0, 2.0]], "number_hours_required_for_inspection": [0.5481502328617349, 0.4418607817891001, 0.8550495756111502, 0.8538021998285913], "number_hours_available_for_inspection": [305, 259, 339], "expected_number_hours_required_for_repair": [2.086848896189586, 1.6035932795788455, 2.0203735724539125, 2.170387428818077], "number_hours_available_for_repair": [794, 732, 789], "warehouse_capacity_of_facility": [782, 840, 802], "cost_of_inspection": [10.963004657234698, 8.837215635782002, 17.100991512223004, 17.076043996571826], "expected_cost_of_repair": [61.25666073431535, 47.24251375479626, 59.72602871668199, 64.18308155008053], "cost_of_transportation": [126, 106], "holding_cost": [2.4578447985437473, 2.3537085988232644, 1.6387433026035652], "rejection_cost": [200.0, 200.0, 200.0, 200.0]}