{"container_types": 4, "number_of_facilities": 2, "container_quality_level": 9, "time_periods": 30, "number_containers_arriving_to_facility_zero": [[179, 122, 130, 177, 176, 212, 255, 212, 245, 123, 238, 299, 257, 259, 262, 291, 149, 209, 182, 186, 191, 145, 152, 130, 182, 196, 162, 136, 102, 169], [241, 107, 139, 132, 229, 263, 143, 186, 122, 103, 249, 291, 162, 234, 104, 231, 273, 284, 210, 204, 142, 185, 110, 138, 257, 117, 179, 164, 297, 157], [236, 285, 283, 277, 204, 289, 156, 104, 137, 295, 108, 142, 105, 261, 226, 177, 147, 217, 178, 258, 140, 128, 114, 211, 272, 269, 245, 205, 153, 219], [192, 129, 150, 188, 220, 193, 214, 219, 271, 167, 202, 231, 262, 267, 173, 193, 241, 297, 269, 143, 169, 135, 290, 297, 243, 124, 131, 197, 154, 242]], "number_unexpected_containers_at_facilities": [[31, 72, 58], [60, 67, 54], [45, 99, 60], [23, 11, 79]], "number_good_quality_containers_at_facilities": [[43, 27, 87], [97, 83, 60], [78, 64, 19], [49, 34, 63]], "containers_demand_for_clients": [[254, 182, 210, 180, 202, 237, 191, 178, 212, 177, 227, 223, 247, 216, 230, 245, 203, 206, 233, 200, 179, 243, 242, 201, 202, 224, 208, 250, 213, 242], [225, 190, 212, 224, 208, 169, 237, 185, 236, 240, 224, 196, 210, 172, 200, 217, 207, 170, 184, 172, 190, 165, 239, 228, 196, 214, 234, 180, 233, 214], [197, 213, 202, 232, 169, 232, 224, 201, 162, 164, 194, 235, 238, 164, 216, 226, 192, 239, 210, 196, 186, 204, 179, 223, 220, 229, 183, 206, 214, 164], [209, 212, 201, 217, 248, 204, 245, 198, 185, 239, 206, 197, 208, 243, 238, 185, 254, 178, 198, 253, 234, 174, 219, 187, 175, 217, 255, 204, 242, 237]], "transportation_capacity": 457, "probability_original_quality_level": [[9.0, 0.0, 12.0, 18.0, 8.0, 11.0, 16.0, 13.0, 5.0, 7.0, 1.0], [5.0, 0.0, 17.0, 11.0, 8.0, 11.0, 9.0, 13.0, 14.0, 11.0, 1.0], [6.0, 15.0, 12.0, 6.0, 0.0, 5.0, 11.0, 10.0, 13.0, 20.0, 2.0], [7.0, 28.0, 13.0, 1.0, 6.0, 0.0, 8.0, 19.0, 1.0, 15.0, 2.0]], "number_hours_required_for_inspection": [0.4919561544988433, 0.7040188109515048, 0.5738627762899315, 0.9290452952007783], "number_hours_available_for_inspection": [264, 287, 304], "expected_number_hours_required_for_repair": [1.9821826479642743, 2.206092422171874, 2.1536812958919165, 1.8765716414816895], "number_hours_available_for_repair": [836, 790, 772], "warehouse_capacity_of_facility": [815, 755, 887], "cost_of_inspection": [9.839123089976866, 14.080376219030095, 11.47725552579863, 18.580905904015566], "expected_cost_of_repair": [58.29211438153961, 65.45686108749892, 63.530885932946475, 55.33401691720357], "cost_of_transportation": [159, 142], "holding_cost": [2.894240166954753, 1.8650599409219946, 1.6667711212220282], "rejection_cost": [200.0, 200.0, 200.0, 200.0]}