{"container_types": 4, "number_of_facilities": 2, "container_quality_level": 9, "time_periods": 30, "number_containers_arriving_to_facility_zero": [[276, 211, 172, 223, 135, 171, 232, 232, 118, 125, 160, 223, 291, 180, 192, 125, 130, 147, 199, 255, 212, 287, 223, 266, 111, 223, 210, 150, 159, 126], [198, 117, 277, 217, 262, 244, 204, 111, 153, 144, 297, 112, 248, 239, 184, 218, 264, 113, 170, 280, 257, 126, 263, 172, 149, 215, 107, 202, 247, 241], [206, 157, 141, 263, 233, 215, 288, 134, 230, 125, 294, 143, 207, 272, 158, 155, 158, 163, 245, 135, 123, 190, 245, 222, 200, 215, 140, 113, 182, 210], [104, 299, 161, 239, 287, 188, 181, 161, 257, 296, 215, 212, 237, 177, 224, 297, 137, 247, 244, 231, 124, 265, 103, 295, 128, 243, 243, 238, 208, 144]], "number_unexpected_containers_at_facilities": [[57, 12, 24], [1, 54, 11], [80, 49, 74], [83, 55, 30]], "number_good_quality_containers_at_facilities": [[42, 8, 32], [87, 30, 72], [33, 8, 49], [9, 59, 76]], "containers_demand_for_clients": [[223, 222, 231, 198, 182, 246, 233, 183, 225, 232, 238, 243, 260, 252, 178, 243, 187, 260, 231, 249, 210, 207, 222, 232, 224, 257, 254, 199, 248, 232], [170, 183, 196, 178, 221, 183, 166, 185, 200, 208, 216, 210, 171, 185, 201, 212, 208, 184, 175, 161, 216, 196, 181, 192, 201, 215, 164, 212, 171, 203], [174, 238, 244, 182, 237, 240, 180, 231, 249, 237, 218, 189, 221, 195, 187, 175, 247, 240, 180, 169, 225, 203, 203, 207, 190, 200, 240, 199, 194, 213], [200, 188, 224, 182, 163, 212, 192, 220, 224, 231, 168, 206, 201, 161, 204, 205, 162, 167, 202, 212, 203, 237, 231, 203, 199, 183, 184, 212, 236, 189]], "transportation_capacity": 603, "probability_original_quality_level": [[10.0, 13.0, 13.0, 5.0, 11.0, 12.0, 14.0, 1.0, 4.0, 14.0, 3.0], [10.0, 12.0, 17.0, 0.0, 1.0, 12.0, 2.0, 15.0, 21.0, 6.0, 4.0], [5.0, 8.0, 18.0, 24.0, 5.0, 8.0, 18.0, 5.0, 0.0, 7.0, 2.0], [8.0, 13.0, 2.0, 7.0, 19.0, 1.0, 7.0, 16.0, 7.0, 19.0, 1.0]], "number_hours_required_for_inspection": [0.6335869448184129, 0.44919797561101016, 0.659494037158622, 0.4622402901331558], "number_hours_available_for_inspection": [189, 242, 264], "expected_number_hours_required_for_repair": [1.8747666712395614, 1.9809444417787072, 1.764562197494995, 2.1647353637369844], "number_hours_available_for_repair": [768, 775, 537], "warehouse_capacity_of_facility": [817, 794, 871], "cost_of_inspection": [12.67173889636826, 8.983959512220203, 13.18988074317244, 9.244805802663116], "expected_cost_of_repair": [54.41175200336147, 58.073316033213594, 52.028818590095874, 64.1186535585421], "cost_of_transportation": [130, 151], "holding_cost": [2.0560282908967413, 1.6483054565961495, 1.3283275051267966], "rejection_cost": [200.0, 200.0, 200.0, 200.0]}