{"container_types": 4, "number_of_facilities": 2, "container_quality_level": 9, "time_periods": 30, "number_containers_arriving_to_facility_zero": [[151, 215, 173, 129, 209, 218, 208, 229, 297, 190, 158, 188, 153, 266, 180, 258, 183, 203, 131, 114, 230, 149, 243, 165, 180, 214, 254, 145, 174, 277], [277, 137, 269, 219, 236, 126, 257, 110, 103, 289, 155, 280, 149, 177, 155, 151, 248, 202, 276, 215, 200, 155, 132, 182, 233, 118, 134, 296, 279, 270], [136, 197, 234, 272, 233, 178, 114, 290, 190, 140, 234, 134, 273, 223, 283, 141, 294, 225, 282, 290, 217, 252, 277, 291, 207, 225, 190, 218, 109, 253], [231, 291, 289, 291, 223, 298, 138, 217, 221, 153, 256, 181, 167, 248, 280, 193, 128, 230, 218, 112, 184, 232, 124, 168, 123, 251, 134, 104, 218, 163]], "number_unexpected_containers_at_facilities": [[63, 27, 91], [97, 95, 77], [44, 37, 93], [11, 44, 97]], "number_good_quality_containers_at_facilities": [[45, 25, 13], [20, 49, 62], [21, 58, 5], [8, 72, 40]], "containers_demand_for_clients": [[215, 238, 239, 223, 182, 191, 208, 192, 239, 188, 170, 251, 193, 198, 210, 236, 188, 174, 184, 190, 189, 182, 236, 176, 187, 203, 224, 187, 198, 214], [176, 244, 205, 196, 199, 173, 241, 216, 240, 194, 198, 204, 243, 193, 178, 232, 200, 224, 206, 169, 181, 206, 223, 193, 168, 163, 205, 241, 234, 228], [226, 212, 208, 214, 190, 241, 189, 211, 215, 248, 241, 202, 184, 220, 188, 227, 256, 254, 216, 178, 230, 198, 250, 197, 234, 233, 211, 182, 214, 226], [225, 245, 197, 196, 270, 265, 246, 233, 228, 203, 184, 213, 190, 208, 241, 243, 238, 184, 224, 273, 256, 273, 190, 221, 248, 222, 250, 250, 240, 241]], "transportation_capacity": 590, "probability_original_quality_level": [[6.0, 20.0, 4.0, 19.0, 11.0, 1.0, 12.0, 6.0, 2.0, 14.0, 5.0], [7.0, 16.0, 16.0, 6.0, 4.0, 0.0, 6.0, 7.0, 17.0, 19.0, 2.0], [9.0, 17.0, 12.0, 5.0, 6.0, 5.0, 11.0, 10.0, 13.0, 12.0, 0.0], [6.0, 14.0, 1.0, 20.0, 3.0, 0.0, 8.0, 18.0, 17.0, 9.0, 4.0]], "number_hours_required_for_inspection": [0.9660898177219884, 0.4309924826703971, 0.5064202328353751, 0.4468178129370398], "number_hours_available_for_inspection": [275, 242, 208], "expected_number_hours_required_for_repair": [1.695293584322028, 2.04048865948804, 2.0124901691390575, 2.0795484225254093], "number_hours_available_for_repair": [582, 766, 578], "warehouse_capacity_of_facility": [904, 795, 937], "cost_of_inspection": [19.32179635443977, 8.619849653407941, 10.128404656707502, 8.936356258740796], "expected_cost_of_repair": [49.99027674691549, 60.26463626429034, 59.02684860945056, 61.68119049376131], "cost_of_transportation": [90, 151], "holding_cost": [2.3004779290788098, 1.5721056422435433, 1.2424211957105475], "rejection_cost": [200.0, 200.0, 200.0, 200.0]}