{"container_types": 4, "number_of_facilities": 2, "container_quality_level": 9, "time_periods": 30, "number_containers_arriving_to_facility_zero": [[244, 224, 113, 128, 128, 135, 227, 112, 218, 165, 180, 254, 247, 247, 114, 185, 189, 217, 160, 283, 182, 135, 176, 210, 228, 205, 212, 114, 288, 231], [256, 299, 299, 166, 242, 234, 210, 278, 163, 101, 208, 239, 100, 116, 264, 136, 244, 220, 112, 130, 161, 109, 103, 269, 127, 156, 140, 100, 172, 202], [126, 172, 236, 209, 134, 241, 212, 134, 164, 178, 136, 126, 291, 102, 266, 165, 121, 239, 167, 156, 209, 238, 291, 101, 133, 128, 193, 176, 299, 132], [268, 201, 132, 183, 248, 240, 195, 268, 211, 242, 167, 145, 244, 119, 243, 248, 184, 189, 239, 139, 227, 205, 244, 143, 160, 108, 186, 270, 104, 182]], "number_unexpected_containers_at_facilities": [[22, 1, 89], [44, 50, 28], [22, 5, 55], [86, 19, 73]], "number_good_quality_containers_at_facilities": [[59, 13, 24], [36, 87, 59], [41, 67, 28], [12, 1, 48]], "containers_demand_for_clients": [[182, 173, 219, 237, 181, 196, 192, 164, 241, 195, 238, 218, 167, 165, 201, 230, 206, 173, 190, 171, 164, 212, 229, 232, 211, 189, 217, 182, 233, 231], [185, 228, 201, 236, 215, 187, 215, 236, 185, 228, 201, 190, 209, 212, 205, 175, 200, 159, 197, 162, 217, 194, 197, 216, 235, 181, 234, 235, 168, 236], [159, 182, 187, 164, 212, 232, 157, 212, 221, 201, 225, 222, 175, 163, 180, 230, 179, 227, 224, 171, 174, 162, 174, 162, 211, 161, 182, 209, 211, 159], [199, 200, 160, 169, 206, 214, 182, 154, 194, 204, 179, 199, 212, 158, 221, 210, 198, 171, 206, 200, 166, 221, 161, 184, 221, 165, 176, 220, 175, 221]], "transportation_capacity": 559, "probability_original_quality_level": [[10.0, 13.0, 14.0, 3.0, 4.0, 16.0, 12.0, 7.0, 6.0, 14.0, 1.0], [7.0, 1.0, 9.0, 3.0, 19.0, 14.0, 7.0, 7.0, 8.0, 20.0, 5.0], [10.0, 0.0, 19.0, 0.0, 24.0, 12.0, 20.0, 1.0, 9.0, 5.0, 0.0], [8.0, 1.0, 11.0, 16.0, 9.0, 11.0, 15.0, 6.0, 11.0, 7.0, 5.0]], "number_hours_required_for_inspection": [0.655185936547266, 0.5351611996300628, 0.37882548574967306, 0.5056471604539634], "number_hours_available_for_inspection": [188, 240, 219], "expected_number_hours_required_for_repair": [2.0032757772252623, 2.137799104082268, 2.0149913104038664, 1.9571855747990201], "number_hours_available_for_repair": [618, 647, 666], "warehouse_capacity_of_facility": [761, 858, 790], "cost_of_inspection": [13.10371873094532, 10.703223992601256, 7.5765097149934615, 10.112943209079269], "expected_cost_of_repair": [58.15919135522843, 62.922945583840445, 58.5109972011999, 57.50769905347798], "cost_of_transportation": [141, 107], "holding_cost": [2.5861334217254965, 1.876285028163161, 1.9934703035800938], "rejection_cost": [200.0, 200.0, 200.0, 200.0]}