{"container_types": 4, "number_of_facilities": 2, "container_quality_level": 9, "time_periods": 30, "number_containers_arriving_to_facility_zero": [[128, 233, 173, 152, 198, 276, 225, 240, 183, 188, 208, 151, 202, 150, 210, 128, 137, 128, 102, 137, 221, 102, 143, 231, 236, 297, 267, 144, 142, 208], [253, 263, 230, 278, 276, 276, 232, 276, 197, 196, 120, 278, 264, 225, 160, 210, 216, 213, 173, 108, 173, 214, 141, 172, 249, 245, 248, 247, 279, 252], [186, 209, 223, 223, 187, 110, 201, 144, 240, 137, 214, 220, 133, 152, 198, 249, 169, 238, 236, 117, 247, 279, 110, 221, 130, 131, 241, 257, 234, 281], [258, 104, 198, 243, 241, 209, 122, 249, 161, 141, 269, 240, 293, 125, 133, 154, 152, 208, 270, 261, 209, 200, 262, 106, 244, 195, 136, 138, 136, 115]], "number_unexpected_containers_at_facilities": [[25, 60, 80], [84, 45, 48], [73, 17, 6], [98, 73, 60]], "number_good_quality_containers_at_facilities": [[24, 41, 37], [27, 88, 74], [10, 39, 23], [53, 62, 86]], "containers_demand_for_clients": [[237, 188, 188, 173, 225, 225, 237, 218, 173, 180, 181, 169, 187, 217, 195, 179, 204, 209, 222, 228, 244, 203, 239, 180, 181, 207, 165, 170, 215, 239], [211, 195, 227, 176, 211, 184, 177, 215, 198, 167, 195, 175, 225, 194, 201, 162, 158, 169, 204, 209, 165, 210, 175, 177, 181, 173, 171, 193, 179, 211], [202, 251, 279, 256, 209, 189, 268, 213, 253, 195, 268, 257, 188, 275, 262, 211, 262, 227, 203, 247, 278, 195, 233, 263, 219, 243, 274, 279, 221, 187], [191, 212, 209, 192, 169, 167, 206, 207, 175, 185, 171, 220, 240, 237, 221, 201, 162, 220, 233, 187, 225, 162, 231, 179, 189, 217, 238, 165, 210, 191]], "transportation_capacity": 630, "probability_original_quality_level": [[5.0, 10.0, 3.0, 2.0, 13.0, 8.0, 9.0, 13.0, 14.0, 21.0, 2.0], [5.0, 12.0, 10.0, 7.0, 6.0, 13.0, 11.0, 9.0, 7.0, 15.0, 5.0], [8.0, 16.0, 1.0, 2.0, 10.0, 16.0, 12.0, 8.0, 0.0, 27.0, 0.0], [8.0, 11.0, 3.0, 3.0, 12.0, 8.0, 11.0, 11.0, 11.0, 17.0, 5.0]], "number_hours_required_for_inspection": [0.4244185406895212, 0.9613511159653911, 0.395671151021976, 0.8736873787821209], "number_hours_available_for_inspection": [241, 275, 332], "expected_number_hours_required_for_repair": [2.3438276803284857, 1.9970265280433415, 2.298148268890272, 2.1404028393174155], "number_hours_available_for_repair": [839, 785, 740], "warehouse_capacity_of_facility": [767, 851, 797], "cost_of_inspection": [8.488370813790423, 19.22702231930782, 7.913423020439519, 17.473747575642417], "expected_cost_of_repair": [69.64970554732221, 59.26937383213875, 67.74804345434589, 63.14904781198006], "cost_of_transportation": [146, 137], "holding_cost": [2.26181114720427, 2.132497823121101, 1.1412963364645523], "rejection_cost": [200.0, 200.0, 200.0, 200.0]}