{"container_types": 4, "number_of_facilities": 2, "container_quality_level": 9, "time_periods": 30, "number_containers_arriving_to_facility_zero": [[280, 213, 261, 163, 241, 145, 283, 285, 278, 130, 121, 138, 207, 109, 148, 194, 194, 206, 234, 167, 134, 285, 228, 209, 214, 238, 250, 274, 210, 208], [228, 174, 188, 165, 123, 186, 126, 284, 292, 256, 112, 181, 289, 116, 164, 132, 296, 110, 291, 236, 146, 192, 221, 113, 106, 200, 199, 285, 235, 251], [215, 239, 239, 189, 295, 291, 275, 287, 157, 187, 127, 197, 151, 215, 182, 165, 296, 218, 111, 146, 129, 194, 256, 179, 193, 202, 147, 120, 165, 271], [189, 209, 222, 294, 236, 152, 105, 213, 248, 119, 283, 250, 240, 244, 242, 151, 114, 184, 162, 133, 191, 152, 211, 206, 133, 132, 290, 297, 246, 158]], "number_unexpected_containers_at_facilities": [[41, 37, 54], [84, 44, 59], [3, 8, 81], [62, 98, 81]], "number_good_quality_containers_at_facilities": [[40, 67, 43], [20, 6, 64], [19, 84, 26], [76, 64, 50]], "containers_demand_for_clients": [[173, 233, 206, 223, 183, 214, 202, 190, 238, 253, 212, 239, 232, 254, 247, 248, 197, 202, 173, 189, 180, 213, 251, 251, 236, 194, 220, 245, 173, 198], [221, 233, 254, 176, 254, 239, 198, 225, 212, 218, 183, 190, 195, 209, 181, 236, 198, 204, 206, 201, 177, 221, 246, 200, 202, 256, 217, 240, 253, 209], [191, 170, 229, 171, 244, 203, 238, 176, 221, 175, 203, 199, 177, 243, 211, 198, 170, 210, 177, 181, 178, 174, 218, 224, 184, 171, 218, 178, 166, 220], [216, 235, 210, 196, 207, 247, 175, 241, 180, 196, 213, 235, 181, 242, 168, 245, 211, 170, 213, 202, 212, 168, 229, 180, 204, 247, 214, 241, 235, 187]], "transportation_capacity": 544, "probability_original_quality_level": [[5.0, 8.0, 18.0, 0.0, 13.0, 11.0, 2.0, 10.0, 19.0, 11.0, 3.0], [10.0, 15.0, 14.0, 10.0, 11.0, 4.0, 15.0, 7.0, 5.0, 9.0, 0.0], [10.0, 1.0, 16.0, 0.0, 16.0, 6.0, 18.0, 6.0, 10.0, 15.0, 2.0], [9.0, 6.0, 13.0, 18.0, 3.0, 6.0, 11.0, 14.0, 0.0, 16.0, 4.0]], "number_hours_required_for_inspection": [0.5323126504192842, 0.8014323121316931, 0.9616803803040082, 0.5760403257402771], "number_hours_available_for_inspection": [247, 340, 291], "expected_number_hours_required_for_repair": [2.1390882183410795, 1.8254030440195863, 2.0944310746947616, 1.9448195546297287], "number_hours_available_for_repair": [791, 831, 756], "warehouse_capacity_of_facility": [879, 820, 793], "cost_of_inspection": [10.646253008385685, 16.02864624263386, 19.233607606080163, 11.520806514805543], "expected_cost_of_repair": [63.25860119439116, 53.554225328338624, 61.02898370367391, 56.90905186071639], "cost_of_transportation": [70, 160], "holding_cost": [2.798618392342411, 1.8805127679713802, 1.8269219661306946], "rejection_cost": [200.0, 200.0, 200.0, 200.0]}