{"container_types": 4, "number_of_facilities": 2, "container_quality_level": 9, "time_periods": 30, "number_containers_arriving_to_facility_zero": [[261, 230, 185, 284, 243, 181, 249, 286, 222, 132, 164, 276, 299, 179, 218, 211, 210, 215, 238, 174, 267, 138, 240, 132, 261, 185, 199, 118, 212, 162], [294, 128, 242, 250, 235, 101, 211, 258, 214, 139, 168, 195, 268, 298, 238, 299, 238, 159, 119, 184, 188, 239, 172, 217, 108, 277, 250, 190, 142, 152], [272, 247, 151, 179, 103, 227, 229, 278, 138, 131, 162, 149, 190, 198, 139, 251, 243, 137, 138, 205, 271, 105, 223, 234, 265, 105, 105, 162, 290, 147], [156, 223, 286, 138, 180, 126, 227, 101, 211, 272, 165, 184, 281, 214, 202, 140, 211, 119, 259, 115, 172, 155, 285, 231, 284, 284, 235, 114, 298, 217]], "number_unexpected_containers_at_facilities": [[60, 10, 79], [20, 47, 59], [18, 58, 85], [69, 75, 91]], "number_good_quality_containers_at_facilities": [[78, 70, 68], [65, 7, 29], [81, 81, 79], [36, 67, 0]], "containers_demand_for_clients": [[251, 233, 205, 183, 235, 254, 204, 252, 244, 186, 237, 173, 231, 197, 224, 210, 238, 227, 242, 225, 207, 198, 180, 212, 217, 200, 197, 174, 217, 180], [228, 233, 186, 259, 248, 212, 185, 191, 223, 248, 244, 225, 196, 262, 262, 190, 231, 211, 210, 239, 182, 231, 259, 219, 197, 244, 233, 211, 183, 183], [181, 189, 229, 198, 192, 198, 213, 211, 204, 173, 245, 181, 200, 185, 224, 242, 240, 200, 201, 255, 238, 243, 232, 192, 210, 188, 199, 251, 230, 192], [239, 202, 190, 217, 239, 213, 209, 222, 185, 165, 171, 220, 198, 177, 216, 198, 196, 193, 163, 200, 205, 232, 172, 230, 230, 198, 208, 174, 166, 180]], "transportation_capacity": 622, "probability_original_quality_level": [[7.0, 4.0, 6.0, 3.0, 15.0, 11.0, 4.0, 19.0, 7.0, 19.0, 5.0], [6.0, 10.0, 11.0, 4.0, 3.0, 17.0, 13.0, 12.0, 17.0, 6.0, 1.0], [9.0, 4.0, 11.0, 10.0, 10.0, 10.0, 14.0, 11.0, 3.0, 17.0, 1.0], [5.0, 15.0, 20.0, 3.0, 6.0, 2.0, 11.0, 5.0, 3.0, 28.0, 2.0]], "number_hours_required_for_inspection": [0.6795566121944052, 0.4540339939388429, 0.5814403055254644, 0.6763835888171879], "number_hours_available_for_inspection": [239, 298, 284], "expected_number_hours_required_for_repair": [2.2635237713049516, 2.1289123916894117, 2.095731709843412, 2.0462933397997745], "number_hours_available_for_repair": [779, 655, 911], "warehouse_capacity_of_facility": [810, 913, 806], "cost_of_inspection": [13.591132243888104, 9.08067987877686, 11.628806110509288, 13.527671776343757], "expected_cost_of_repair": [67.05851755965924, 63.235134675882954, 61.08390467023741, 60.77527149800113], "cost_of_transportation": [73, 147], "holding_cost": [2.4868080295860073, 1.7860428687023142, 1.4469595545311562], "rejection_cost": [200.0, 200.0, 200.0, 200.0]}