{"container_types": 4, "number_of_facilities": 2, "container_quality_level": 9, "time_periods": 30, "number_containers_arriving_to_facility_zero": [[286, 297, 215, 181, 185, 250, 264, 235, 252, 111, 184, 283, 149, 170, 101, 204, 286, 171, 104, 164, 205, 286, 134, 251, 273, 264, 208, 207, 186, 128], [169, 109, 242, 255, 274, 198, 221, 177, 276, 292, 146, 272, 286, 109, 223, 141, 232, 252, 288, 288, 167, 278, 189, 196, 113, 284, 197, 235, 188, 147], [296, 111, 120, 160, 104, 228, 268, 238, 162, 173, 163, 139, 245, 143, 282, 111, 130, 215, 145, 163, 201, 191, 256, 204, 134, 275, 201, 101, 128, 218], [232, 101, 206, 101, 282, 242, 249, 136, 175, 196, 299, 282, 211, 207, 255, 292, 153, 217, 256, 146, 252, 231, 236, 279, 286, 176, 155, 205, 106, 123]], "number_unexpected_containers_at_facilities": [[13, 40, 42], [29, 31, 87], [84, 72, 85], [77, 68, 80]], "number_good_quality_containers_at_facilities": [[97, 12, 64], [98, 81, 82], [2, 27, 60], [72, 24, 45]], "containers_demand_for_clients": [[240, 235, 190, 226, 190, 222, 224, 243, 258, 180, 188, 210, 201, 193, 228, 206, 261, 245, 256, 226, 221, 216, 199, 183, 178, 200, 228, 187, 230, 203], [244, 177, 219, 235, 177, 193, 196, 209, 213, 204, 182, 242, 239, 195, 214, 186, 233, 215, 191, 206, 187, 181, 231, 246, 209, 206, 210, 184, 176, 176], [189, 223, 270, 263, 232, 257, 211, 195, 232, 269, 215, 222, 218, 206, 190, 248, 261, 219, 236, 238, 256, 206, 252, 184, 254, 214, 203, 240, 270, 211], [201, 179, 179, 201, 224, 178, 205, 162, 201, 178, 161, 169, 186, 164, 170, 176, 164, 155, 197, 155, 168, 171, 227, 225, 210, 199, 158, 170, 157, 206]], "transportation_capacity": 650, "probability_original_quality_level": [[8.0, 9.0, 17.0, 8.0, 1.0, 17.0, 1.0, 14.0, 8.0, 13.0, 4.0], [7.0, 7.0, 13.0, 14.0, 12.0, 13.0, 6.0, 0.0, 12.0, 14.0, 2.0], [6.0, 12.0, 15.0, 0.0, 9.0, 16.0, 8.0, 13.0, 2.0, 14.0, 5.0], [5.0, 15.0, 18.0, 3.0, 10.0, 4.0, 11.0, 12.0, 6.0, 11.0, 5.0]], "number_hours_required_for_inspection": [0.35618850323557305, 0.6699126727227819, 0.7922184410910821, 0.5896169262928332], "number_hours_available_for_inspection": [285, 219, 263], "expected_number_hours_required_for_repair": [1.9628863615571748, 1.947894694075843, 1.9964598956897641, 1.8649891328993484], "number_hours_available_for_repair": [712, 564, 633], "warehouse_capacity_of_facility": [807, 823, 840], "cost_of_inspection": [7.1237700647114615, 13.398253454455638, 15.844368821821641, 11.792338525856664], "expected_cost_of_repair": [57.62393772318634, 57.53670530010039, 58.76571080492093, 55.25172583046226], "cost_of_transportation": [94, 77], "holding_cost": [2.7905872990793856, 1.7276667221212667, 1.7573472079675307], "rejection_cost": [200.0, 200.0, 200.0, 200.0]}