{"container_types": 4, "number_of_facilities": 2, "container_quality_level": 9, "time_periods": 30, "number_containers_arriving_to_facility_zero": [[127, 296, 130, 263, 234, 191, 249, 197, 297, 168, 123, 168, 139, 141, 161, 215, 128, 195, 115, 126, 137, 236, 145, 283, 142, 283, 227, 111, 280, 243], [261, 242, 213, 116, 230, 178, 252, 105, 256, 248, 192, 140, 262, 177, 123, 175, 102, 141, 294, 139, 271, 156, 272, 169, 147, 164, 259, 101, 226, 220], [216, 156, 194, 297, 147, 283, 146, 232, 107, 234, 127, 273, 143, 235, 120, 108, 227, 244, 156, 111, 292, 174, 197, 246, 181, 288, 216, 199, 193, 280], [237, 250, 284, 207, 235, 116, 154, 135, 245, 269, 128, 218, 155, 281, 148, 175, 160, 192, 126, 117, 166, 110, 181, 112, 247, 208, 238, 211, 270, 175]], "number_unexpected_containers_at_facilities": [[19, 64, 42], [21, 88, 27], [73, 46, 40], [53, 55, 46]], "number_good_quality_containers_at_facilities": [[1, 8, 5], [54, 1, 2], [54, 82, 67], [18, 55, 17]], "containers_demand_for_clients": [[185, 201, 160, 164, 189, 170, 183, 176, 231, 182, 168, 173, 185, 175, 171, 238, 159, 184, 210, 209, 217, 204, 214, 227, 180, 173, 218, 233, 226, 180], [157, 161, 219, 225, 215, 200, 180, 168, 187, 200, 178, 176, 203, 228, 171, 184, 210, 193, 161, 179, 207, 226, 174, 201, 183, 217, 181, 187, 159, 181], [230, 170, 162, 191, 167, 190, 184, 197, 231, 168, 239, 178, 220, 230, 212, 218, 176, 175, 217, 195, 193, 209, 183, 233, 176, 229, 204, 172, 179, 214], [225, 252, 225, 204, 233, 253, 240, 220, 223, 178, 173, 197, 197, 204, 222, 194, 249, 189, 224, 170, 239, 206, 204, 218, 183, 236, 221, 219, 216, 178]], "transportation_capacity": 604, "probability_original_quality_level": [[10.0, 19.0, 1.0, 5.0, 10.0, 11.0, 14.0, 0.0, 10.0, 16.0, 4.0], [6.0, 0.0, 14.0, 7.0, 14.0, 8.0, 11.0, 8.0, 11.0, 21.0, 0.0], [5.0, 7.0, 17.0, 7.0, 4.0, 5.0, 10.0, 17.0, 19.0, 9.0, 0.0], [10.0, 12.0, 15.0, 2.0, 8.0, 5.0, 14.0, 11.0, 7.0, 14.0, 2.0]], "number_hours_required_for_inspection": [0.37236670226355056, 0.8945969684953913, 0.8714045928825874, 0.646055101887979], "number_hours_available_for_inspection": [305, 227, 275], "expected_number_hours_required_for_repair": [1.9492239431952378, 2.374040172295458, 2.2339332965860166, 1.9204629367602937], "number_hours_available_for_repair": [675, 595, 810], "warehouse_capacity_of_facility": [737, 826, 795], "cost_of_inspection": [7.4473340452710115, 17.891939369907824, 17.428091857651747, 12.92110203775958], "expected_cost_of_repair": [56.520976020393036, 70.56953223681052, 66.18409799250313, 56.49570685587496], "cost_of_transportation": [87, 125], "holding_cost": [2.567596779397517, 1.5551646340691034, 1.6391352490627926], "rejection_cost": [200.0, 200.0, 200.0, 200.0]}