{"container_types": 4, "number_of_facilities": 2, "container_quality_level": 9, "time_periods": 30, "number_containers_arriving_to_facility_zero": [[112, 250, 260, 156, 152, 244, 260, 278, 224, 240, 234, 120, 189, 209, 184, 128, 235, 257, 241, 120, 210, 133, 249, 265, 255, 237, 183, 267, 187, 252], [208, 261, 181, 248, 280, 163, 199, 276, 205, 173, 288, 133, 132, 294, 149, 165, 110, 172, 256, 181, 121, 150, 226, 241, 245, 282, 269, 130, 193, 141], [184, 193, 145, 174, 103, 296, 284, 217, 161, 103, 174, 291, 168, 234, 159, 135, 210, 255, 115, 254, 199, 182, 212, 205, 211, 204, 196, 241, 199, 149], [161, 284, 174, 212, 161, 189, 272, 259, 117, 255, 271, 112, 103, 273, 153, 238, 153, 292, 172, 203, 142, 107, 168, 241, 217, 282, 239, 248, 182, 205]], "number_unexpected_containers_at_facilities": [[58, 29, 14], [83, 57, 36], [1, 66, 1], [35, 17, 95]], "number_good_quality_containers_at_facilities": [[26, 38, 5], [64, 29, 58], [11, 12, 67], [2, 4, 76]], "containers_demand_for_clients": [[178, 237, 241, 245, 191, 233, 179, 205, 215, 249, 250, 199, 196, 224, 199, 233, 228, 205, 246, 247, 168, 249, 173, 195, 210, 206, 246, 205, 220, 194], [227, 219, 245, 199, 256, 242, 215, 233, 198, 245, 199, 213, 178, 176, 229, 231, 192, 200, 250, 216, 179, 183, 255, 186, 230, 256, 185, 211, 215, 239], [194, 219, 254, 211, 237, 252, 217, 207, 175, 213, 233, 204, 202, 175, 242, 216, 210, 194, 237, 224, 182, 225, 176, 171, 225, 234, 192, 230, 217, 209], [199, 174, 192, 222, 207, 162, 194, 239, 162, 233, 162, 217, 214, 171, 167, 239, 182, 226, 169, 160, 174, 209, 235, 238, 172, 209, 189, 187, 177, 169]], "transportation_capacity": 525, "probability_original_quality_level": [[7.0, 6.0, 6.0, 1.0, 13.0, 17.0, 1.0, 5.0, 17.0, 23.0, 4.0], [9.0, 2.0, 14.0, 12.0, 4.0, 16.0, 8.0, 19.0, 1.0, 10.0, 5.0], [9.0, 15.0, 9.0, 7.0, 7.0, 14.0, 15.0, 5.0, 7.0, 10.0, 2.0], [8.0, 8.0, 13.0, 13.0, 5.0, 18.0, 7.0, 3.0, 19.0, 4.0, 2.0]], "number_hours_required_for_inspection": [0.89275358742155, 0.3588945175129343, 0.6772622951430212, 0.4688185416094966], "number_hours_available_for_inspection": [220, 271, 292], "expected_number_hours_required_for_repair": [2.2851886836652646, 1.9820346956319608, 1.8888680974956253, 1.9802251748752888], "number_hours_available_for_repair": [732, 784, 756], "warehouse_capacity_of_facility": [839, 818, 781], "cost_of_inspection": [17.855071748431, 7.177890350258686, 13.545245902860422, 9.376370832189933], "expected_cost_of_repair": [67.74004484321769, 57.92018393697559, 55.19074149689182, 57.881188371766804], "cost_of_transportation": [152, 78], "holding_cost": [2.8774131640098983, 1.5657217934250285, 1.901205787649914], "rejection_cost": [200.0, 200.0, 200.0, 200.0]}