{"container_types": 4, "number_of_facilities": 2, "container_quality_level": 9, "time_periods": 30, "number_containers_arriving_to_facility_zero": [[246, 166, 143, 174, 274, 163, 189, 281, 220, 138, 262, 141, 264, 285, 145, 225, 136, 177, 119, 203, 147, 154, 132, 169, 116, 215, 154, 252, 131, 279], [285, 244, 188, 155, 184, 284, 275, 105, 104, 144, 121, 220, 210, 185, 101, 208, 120, 102, 121, 156, 122, 278, 163, 219, 232, 222, 288, 295, 152, 181], [200, 254, 166, 177, 162, 274, 185, 251, 285, 213, 103, 169, 135, 271, 158, 151, 183, 282, 237, 116, 104, 137, 180, 101, 169, 194, 275, 121, 256, 241], [145, 107, 129, 247, 224, 229, 148, 226, 181, 296, 134, 197, 195, 269, 117, 206, 126, 231, 286, 117, 291, 297, 298, 157, 197, 266, 168, 218, 103, 266]], "number_unexpected_containers_at_facilities": [[29, 55, 26], [71, 81, 79], [35, 68, 50], [67, 65, 8]], "number_good_quality_containers_at_facilities": [[84, 79, 50], [52, 61, 54], [90, 16, 50], [17, 61, 36]], "containers_demand_for_clients": [[196, 230, 178, 236, 185, 183, 247, 194, 235, 223, 198, 189, 204, 224, 249, 178, 213, 220, 247, 185, 251, 177, 249, 223, 226, 173, 194, 218, 246, 229], [217, 187, 229, 236, 222, 238, 174, 238, 185, 177, 191, 229, 195, 185, 176, 208, 234, 184, 199, 238, 171, 173, 222, 179, 203, 180, 202, 226, 161, 210], [218, 241, 228, 205, 230, 241, 175, 167, 239, 211, 241, 226, 194, 231, 189, 173, 182, 233, 228, 239, 233, 206, 165, 234, 197, 241, 182, 170, 236, 170], [184, 238, 240, 194, 212, 208, 238, 168, 180, 231, 171, 215, 166, 162, 223, 206, 204, 240, 205, 186, 239, 179, 177, 219, 227, 202, 194, 191, 223, 183]], "transportation_capacity": 483, "probability_original_quality_level": [[5.0, 8.0, 21.0, 11.0, 3.0, 0.0, 19.0, 11.0, 9.0, 11.0, 2.0], [5.0, 14.0, 0.0, 11.0, 5.0, 14.0, 17.0, 7.0, 17.0, 8.0, 2.0], [6.0, 3.0, 8.0, 12.0, 20.0, 10.0, 20.0, 1.0, 13.0, 3.0, 4.0], [6.0, 8.0, 18.0, 1.0, 17.0, 0.0, 16.0, 3.0, 16.0, 15.0, 0.0]], "number_hours_required_for_inspection": [0.4143929591193923, 0.5011328981996547, 0.9015870699010382, 0.8658425252197105], "number_hours_available_for_inspection": [306, 314, 230], "expected_number_hours_required_for_repair": [1.9983861149267914, 2.156542994048852, 1.9529969007002466, 2.1211838496505093], "number_hours_available_for_repair": [740, 778, 656], "warehouse_capacity_of_facility": [760, 853, 813], "cost_of_inspection": [8.287859182387846, 10.022657963993094, 18.031741398020763, 17.31685050439421], "expected_cost_of_repair": [59.24422731389095, 63.89536919034195, 57.978765947556994, 62.737528801303625], "cost_of_transportation": [130, 128], "holding_cost": [2.68417699041912, 1.5277580231211694, 1.2212684617760947], "rejection_cost": [200.0, 200.0, 200.0, 200.0]}