{"container_types": 4, "number_of_facilities": 2, "container_quality_level": 9, "time_periods": 30, "number_containers_arriving_to_facility_zero": [[140, 116, 157, 103, 293, 295, 268, 245, 146, 265, 211, 141, 276, 171, 225, 121, 274, 181, 228, 224, 105, 261, 173, 102, 157, 268, 240, 295, 258, 179], [180, 273, 161, 132, 127, 294, 239, 151, 145, 252, 298, 169, 101, 296, 119, 196, 275, 284, 286, 200, 276, 290, 248, 168, 163, 138, 177, 131, 242, 277], [184, 111, 272, 278, 243, 126, 102, 114, 133, 275, 269, 174, 272, 133, 138, 223, 230, 134, 206, 187, 278, 232, 230, 102, 253, 158, 124, 261, 222, 164], [222, 184, 225, 241, 136, 278, 276, 114, 147, 167, 295, 288, 119, 274, 197, 101, 121, 186, 197, 194, 129, 205, 166, 110, 248, 134, 122, 280, 193, 208]], "number_unexpected_containers_at_facilities": [[80, 15, 36], [84, 41, 89], [76, 3, 18], [63, 62, 44]], "number_good_quality_containers_at_facilities": [[91, 98, 99], [84, 48, 57], [92, 71, 42], [11, 30, 58]], "containers_demand_for_clients": [[217, 184, 168, 179, 189, 188, 223, 186, 205, 180, 198, 230, 221, 176, 191, 195, 177, 177, 215, 199, 224, 210, 221, 235, 207, 175, 231, 168, 231, 197], [202, 198, 192, 210, 232, 214, 248, 190, 256, 229, 206, 186, 209, 185, 185, 244, 207, 229, 214, 221, 254, 226, 179, 200, 185, 214, 245, 232, 238, 196], [199, 195, 183, 195, 230, 193, 229, 210, 202, 179, 263, 183, 265, 262, 185, 193, 188, 221, 216, 193, 220, 267, 201, 241, 228, 265, 254, 256, 212, 195], [198, 167, 187, 226, 192, 190, 219, 236, 201, 239, 237, 202, 200, 241, 175, 176, 180, 176, 215, 203, 201, 179, 205, 236, 209, 172, 165, 229, 187, 238]], "transportation_capacity": 589, "probability_original_quality_level": [[7.0, 3.0, 13.0, 1.0, 11.0, 9.0, 15.0, 7.0, 16.0, 13.0, 5.0], [8.0, 3.0, 16.0, 8.0, 14.0, 19.0, 7.0, 16.0, 3.0, 6.0, 0.0], [7.0, 20.0, 0.0, 10.0, 9.0, 11.0, 10.0, 6.0, 9.0, 15.0, 3.0], [6.0, 12.0, 11.0, 7.0, 16.0, 4.0, 9.0, 11.0, 11.0, 10.0, 3.0]], "number_hours_required_for_inspection": [0.44531345075890333, 0.3597679739576648, 0.8220065222456098, 0.4443100840176358], "number_hours_available_for_inspection": [220, 249, 235], "expected_number_hours_required_for_repair": [2.188182918299796, 1.973105457224051, 1.9827486262674876, 2.0203447716382237], "number_hours_available_for_repair": [842, 671, 807], "warehouse_capacity_of_facility": [778, 767, 810], "cost_of_inspection": [8.906269015178067, 7.195359479153296, 16.440130444912196, 8.886201680352716], "expected_cost_of_repair": [64.45386921225405, 58.231771519043384, 58.59412222321678, 59.54635386983205], "cost_of_transportation": [121, 151], "holding_cost": [2.0903502216564007, 2.2050703454034233, 1.9884366385301269], "rejection_cost": [200.0, 200.0, 200.0, 200.0]}