{"container_types": 4, "number_of_facilities": 2, "container_quality_level": 9, "time_periods": 30, "number_containers_arriving_to_facility_zero": [[208, 180, 196, 109, 163, 259, 285, 200, 297, 285, 148, 277, 125, 201, 202, 132, 209, 260, 299, 153, 146, 274, 259, 120, 233, 241, 101, 269, 173, 201], [170, 155, 291, 105, 100, 144, 210, 248, 162, 178, 273, 248, 128, 109, 158, 197, 247, 225, 242, 247, 104, 238, 279, 205, 244, 295, 192, 292, 243, 157], [175, 218, 282, 107, 112, 294, 219, 190, 247, 246, 200, 162, 253, 227, 282, 288, 187, 243, 155, 294, 167, 206, 128, 291, 144, 259, 176, 275, 215, 116], [121, 226, 294, 150, 193, 158, 285, 119, 147, 251, 101, 182, 130, 132, 249, 136, 222, 258, 185, 250, 246, 240, 297, 169, 100, 100, 242, 230, 166, 214]], "number_unexpected_containers_at_facilities": [[83, 53, 96], [8, 0, 85], [89, 23, 47], [96, 3, 43]], "number_good_quality_containers_at_facilities": [[77, 54, 50], [28, 15, 99], [55, 6, 21], [93, 88, 56]], "containers_demand_for_clients": [[209, 212, 243, 182, 180, 235, 185, 209, 177, 203, 241, 220, 174, 207, 215, 241, 240, 172, 169, 242, 177, 229, 183, 165, 201, 240, 201, 202, 244, 175], [180, 184, 218, 254, 199, 179, 186, 219, 188, 252, 187, 186, 230, 243, 215, 223, 225, 177, 176, 222, 247, 180, 183, 223, 223, 186, 237, 191, 222, 211], [201, 184, 242, 240, 237, 214, 189, 192, 215, 176, 241, 229, 169, 180, 217, 170, 181, 183, 172, 225, 196, 190, 244, 247, 250, 235, 185, 200, 248, 247], [177, 207, 201, 216, 204, 202, 176, 255, 201, 198, 250, 219, 226, 236, 192, 212, 218, 252, 181, 234, 255, 209, 179, 214, 254, 241, 198, 216, 252, 178]], "transportation_capacity": 483, "probability_original_quality_level": [[5.0, 17.0, 3.0, 6.0, 16.0, 18.0, 3.0, 14.0, 9.0, 5.0, 4.0], [8.0, 10.0, 0.0, 14.0, 8.0, 8.0, 18.0, 3.0, 5.0, 22.0, 4.0], [9.0, 3.0, 4.0, 12.0, 9.0, 3.0, 14.0, 7.0, 17.0, 20.0, 2.0], [10.0, 12.0, 4.0, 15.0, 4.0, 16.0, 14.0, 9.0, 2.0, 13.0, 1.0]], "number_hours_required_for_inspection": [0.48170957972782225, 0.9751954874242039, 0.46866772613257646, 0.5109501897897268], "number_hours_available_for_inspection": [257, 238, 233], "expected_number_hours_required_for_repair": [1.9185936514996245, 2.079622557494221, 2.280550470949629, 1.9537124097407894], "number_hours_available_for_repair": [827, 715, 624], "warehouse_capacity_of_facility": [928, 896, 842], "cost_of_inspection": [9.634191594556444, 19.503909748484077, 9.373354522651528, 10.219003795794537], "expected_cost_of_repair": [56.659616052370346, 61.43736653228678, 66.89048989128584, 56.72294628316226], "cost_of_transportation": [119, 86], "holding_cost": [2.8159997964373433, 1.6409300473090842, 1.15654882753342], "rejection_cost": [200.0, 200.0, 200.0, 200.0]}