{"container_types": 4, "number_of_facilities": 2, "container_quality_level": 9, "time_periods": 7, "number_containers_arriving_to_facility_zero": [[271, 211, 220, 140, 192, 164, 210], [231, 192, 238, 130, 171, 190, 212], [164, 155, 137, 122, 133, 285, 279], [292, 220, 132, 244, 152, 196, 107]], "number_unexpected_containers_at_facilities": [[40, 66, 25], [69, 97, 72], [24, 68, 56], [36, 41, 84]], "number_good_quality_containers_at_facilities": [[10, 79, 4], [57, 12, 87], [14, 62, 74], [92, 21, 46]], "containers_demand_for_clients": [[267, 196, 256, 251, 271, 232, 272], [217, 224, 188, 220, 230, 211, 276], [295, 295, 224, 284, 265, 298, 245], [242, 250, 224, 187, 253, 259, 196]], "transportation_capacity": 618, "probability_original_quality_level": [[6.0, 4.0, 6.0, 22.0, 3.0, 8.0, 14.0, 14.0, 15.0, 5.0, 3.0], [6.0, 21.0, 19.0, 5.0, 18.0, 0.0, 0.0, 16.0, 7.0, 4.0, 4.0], [10.0, 3.0, 6.0, 1.0, 10.0, 17.0, 9.0, 6.0, 8.0, 25.0, 5.0], [9.0, 17.0, 5.0, 18.0, 1.0, 13.0, 4.0, 12.0, 11.0, 8.0, 2.0]], "number_hours_required_for_inspection": [0.4526075404114861, 0.5386040597140869, 0.6326149095187368, 0.6622009798135672], "number_hours_available_for_inspection": [252, 309, 317], "expected_number_hours_required_for_repair": [2.130105756599248, 1.6844810204702343, 2.2850105808703494, 1.8786991343351687], "number_hours_available_for_repair": [782, 696, 689], "warehouse_capacity_of_facility": [873, 1018, 983], "cost_of_inspection": [9.052150808229722, 10.772081194281737, 12.652298190374736, 13.244019596271343], "expected_cost_of_repair": [62.707058097821886, 49.62063068236293, 67.24162023464662, 54.985732389436215], "cost_of_transportation": [84, 134], "holding_cost": [2.4967895996586997, 2.4352910715556884, 1.66591346410714], "rejection_cost": [300.0, 300.0, 300.0, 300.0]}