{"container_types": 4, "number_of_facilities": 2, "container_quality_level": 9, "time_periods": 7, "number_containers_arriving_to_facility_zero": [[124, 168, 182, 110, 154, 218, 126], [131, 222, 102, 115, 135, 297, 184], [275, 295, 121, 169, 129, 204, 228], [244, 232, 122, 147, 240, 277, 209]], "number_unexpected_containers_at_facilities": [[76, 4, 1], [38, 3, 11], [26, 45, 21], [75, 11, 40]], "number_good_quality_containers_at_facilities": [[93, 49, 75], [85, 93, 80], [70, 60, 51], [26, 28, 71]], "containers_demand_for_clients": [[241, 284, 205, 288, 245, 273, 292], [200, 234, 229, 229, 207, 168, 217], [195, 186, 170, 230, 243, 211, 253], [274, 254, 254, 194, 218, 252, 251]], "transportation_capacity": 491, "probability_original_quality_level": [[10.0, 13.0, 3.0, 15.0, 15.0, 4.0, 19.0, 0.0, 11.0, 5.0, 5.0], [8.0, 1.0, 5.0, 12.0, 5.0, 12.0, 16.0, 10.0, 25.0, 5.0, 1.0], [8.0, 12.0, 7.0, 0.0, 3.0, 11.0, 15.0, 13.0, 14.0, 12.0, 5.0], [5.0, 14.0, 15.0, 15.0, 5.0, 7.0, 2.0, 7.0, 14.0, 14.0, 2.0]], "number_hours_required_for_inspection": [0.4514908127730795, 0.44369901922775407, 0.5714646226521727, 0.5750972491596398], "number_hours_available_for_inspection": [263, 275, 241], "expected_number_hours_required_for_repair": [1.7424777397846867, 2.305201720916444, 2.1267713585820007, 1.951118459196591], "number_hours_available_for_repair": [832, 659, 711], "warehouse_capacity_of_facility": [868, 842, 825], "cost_of_inspection": [9.02981625546159, 8.87398038455508, 11.429292453043454, 11.501944983192796], "expected_cost_of_repair": [50.436479889373615, 67.75027941157371, 62.700859772101495, 57.58562589832805], "cost_of_transportation": [108, 167], "holding_cost": [2.2305300594763517, 2.061597547376459, 1.1582739671073563], "rejection_cost": [300.0, 300.0, 300.0, 300.0]}