{"container_types": 4, "number_of_facilities": 2, "container_quality_level": 9, "time_periods": 7, "number_containers_arriving_to_facility_zero": [[251, 219, 153, 297, 222, 130, 273], [175, 140, 221, 227, 155, 171, 285], [115, 144, 177, 267, 258, 296, 134], [176, 215, 282, 294, 272, 210, 231]], "number_unexpected_containers_at_facilities": [[87, 34, 16], [33, 54, 53], [46, 95, 5], [96, 70, 95]], "number_good_quality_containers_at_facilities": [[16, 81, 4], [79, 56, 34], [15, 66, 20], [14, 99, 3]], "containers_demand_for_clients": [[313, 347, 247, 293, 316, 332, 264], [210, 254, 238, 213, 246, 208, 281], [226, 217, 243, 264, 202, 213, 281], [216, 223, 190, 229, 264, 200, 218]], "transportation_capacity": 697, "probability_original_quality_level": [[10.0, 20.0, 11.0, 8.0, 1.0, 3.0, 7.0, 9.0, 13.0, 16.0, 2.0], [9.0, 3.0, 14.0, 9.0, 13.0, 4.0, 10.0, 13.0, 5.0, 16.0, 4.0], [10.0, 8.0, 14.0, 14.0, 17.0, 1.0, 5.0, 4.0, 9.0, 18.0, 0.0], [8.0, 18.0, 6.0, 1.0, 12.0, 9.0, 11.0, 11.0, 6.0, 16.0, 2.0]], "number_hours_required_for_inspection": [0.44774786113074694, 0.6366750717912666, 0.8033090507746852, 0.3644323164798357], "number_hours_available_for_inspection": [305, 289, 232], "expected_number_hours_required_for_repair": [1.9325001068521979, 1.990447536308265, 2.021042765927865, 2.017787918552141], "number_hours_available_for_repair": [792, 708, 955], "warehouse_capacity_of_facility": [974, 920, 1117], "cost_of_inspection": [8.954957222614938, 12.733501435825332, 16.066181015493704, 7.288646329596714], "expected_cost_of_repair": [56.71165061142811, 58.340142794282784, 58.66883281508527, 59.15602428389045], "cost_of_transportation": [149, 134], "holding_cost": [2.523837182563773, 2.470793142770678, 1.8016053983243085], "rejection_cost": [300.0, 300.0, 300.0, 300.0]}