{"container_types": 4, "number_of_facilities": 2, "container_quality_level": 9, "time_periods": 7, "number_containers_arriving_to_facility_zero": [[109, 247, 242, 220, 205, 106, 223], [243, 148, 191, 144, 187, 110, 208], [191, 235, 255, 208, 298, 104, 225], [288, 252, 284, 143, 121, 239, 286]], "number_unexpected_containers_at_facilities": [[22, 69, 18], [71, 38, 34], [65, 65, 4], [60, 48, 98]], "number_good_quality_containers_at_facilities": [[21, 88, 85], [68, 51, 12], [63, 85, 0], [15, 57, 0]], "containers_demand_for_clients": [[278, 293, 296, 274, 276, 291, 263], [268, 234, 222, 260, 256, 243, 256], [256, 232, 197, 223, 172, 199, 225], [209, 277, 235, 249, 268, 291, 261]], "transportation_capacity": 719, "probability_original_quality_level": [[6.0, 5.0, 13.0, 5.0, 3.0, 9.0, 16.0, 18.0, 15.0, 9.0, 1.0], [7.0, 1.0, 18.0, 8.0, 8.0, 15.0, 2.0, 24.0, 10.0, 6.0, 1.0], [9.0, 2.0, 16.0, 16.0, 5.0, 7.0, 6.0, 14.0, 11.0, 12.0, 2.0], [10.0, 0.0, 4.0, 18.0, 12.0, 21.0, 10.0, 1.0, 11.0, 12.0, 1.0]], "number_hours_required_for_inspection": [0.7786469392122911, 0.8268467936825916, 0.5541200447953647, 0.6551011507350329], "number_hours_available_for_inspection": [372, 272, 339], "expected_number_hours_required_for_repair": [2.236767737098957, 2.140362287737103, 1.9924215137378645, 2.053414892847818], "number_hours_available_for_repair": [818, 929, 970], "warehouse_capacity_of_facility": [1071, 885, 957], "cost_of_inspection": [15.572938784245823, 16.53693587365183, 11.082400895907295, 13.10202301470066], "expected_cost_of_repair": [66.18293332968824, 62.954276221694684, 58.82969771321308, 60.195924127302824], "cost_of_transportation": [123, 102], "holding_cost": [2.437412933602279, 1.8524648461766788, 1.3485590755351513], "rejection_cost": [300.0, 300.0, 300.0, 300.0]}