{"container_types": 4, "number_of_facilities": 2, "container_quality_level": 9, "time_periods": 7, "number_containers_arriving_to_facility_zero": [[156, 132, 110, 150, 220, 151, 110], [130, 144, 177, 148, 147, 260, 107], [281, 234, 283, 184, 111, 198, 202], [251, 287, 141, 246, 279, 289, 188]], "number_unexpected_containers_at_facilities": [[33, 58, 49], [54, 49, 58], [22, 17, 30], [2, 71, 41]], "number_good_quality_containers_at_facilities": [[87, 63, 80], [71, 46, 54], [77, 58, 95], [9, 71, 96]], "containers_demand_for_clients": [[270, 294, 271, 317, 294, 254, 256], [203, 217, 191, 231, 202, 222, 229], [210, 228, 223, 216, 229, 209, 228], [221, 209, 275, 256, 210, 284, 286]], "transportation_capacity": 676, "probability_original_quality_level": [[7.0, 0.0, 10.0, 9.0, 9.0, 17.0, 16.0, 1.0, 11.0, 19.0, 1.0], [5.0, 1.0, 1.0, 21.0, 9.0, 13.0, 0.0, 12.0, 11.0, 25.0, 2.0], [9.0, 13.0, 10.0, 2.0, 14.0, 5.0, 5.0, 6.0, 16.0, 18.0, 2.0], [6.0, 15.0, 8.0, 4.0, 5.0, 13.0, 17.0, 8.0, 13.0, 7.0, 4.0]], "number_hours_required_for_inspection": [0.47899303182201186, 0.4007119771951037, 0.4312410641370625, 0.7212937318110187], "number_hours_available_for_inspection": [219, 266, 262], "expected_number_hours_required_for_repair": [2.26511184793602, 2.3250700987148574, 2.0955613674480356, 1.998093572367303], "number_hours_available_for_repair": [791, 699, 729], "warehouse_capacity_of_facility": [978, 1000, 890], "cost_of_inspection": [9.579860636440237, 8.014239543902073, 8.62482128274125, 14.425874636220374], "expected_cost_of_repair": [66.85981765227562, 69.14372470589447, 61.90351190118947, 58.808798177354305], "cost_of_transportation": [156, 82], "holding_cost": [2.459992585838497, 2.362668052495135, 1.091252085497634], "rejection_cost": [300.0, 300.0, 300.0, 300.0]}