{"container_types": 4, "number_of_facilities": 2, "container_quality_level": 9, "time_periods": 7, "number_containers_arriving_to_facility_zero": [[168, 240, 181, 120, 287, 103, 288], [211, 233, 147, 238, 294, 256, 184], [246, 218, 116, 175, 284, 255, 297], [223, 137, 212, 215, 257, 201, 102]], "number_unexpected_containers_at_facilities": [[28, 9, 34], [91, 39, 7], [75, 72, 2], [85, 34, 8]], "number_good_quality_containers_at_facilities": [[70, 90, 42], [96, 72, 65], [31, 80, 88], [68, 10, 32]], "containers_demand_for_clients": [[225, 210, 231, 205, 252, 198, 256], [218, 248, 204, 216, 198, 191, 230], [328, 275, 324, 313, 292, 291, 235], [232, 277, 299, 257, 268, 263, 287]], "transportation_capacity": 669, "probability_original_quality_level": [[7.0, 6.0, 2.0, 3.0, 16.0, 7.0, 10.0, 17.0, 14.0, 13.0, 5.0], [6.0, 6.0, 6.0, 17.0, 19.0, 2.0, 17.0, 0.0, 12.0, 13.0, 2.0], [7.0, 4.0, 23.0, 17.0, 0.0, 26.0, 2.0, 0.0, 16.0, 5.0, 0.0], [8.0, 2.0, 10.0, 10.0, 20.0, 16.0, 1.0, 8.0, 12.0, 12.0, 1.0]], "number_hours_required_for_inspection": [0.8672186448049112, 0.6796015153617624, 0.9876157811604449, 0.34417045057169], "number_hours_available_for_inspection": [301, 307, 381], "expected_number_hours_required_for_repair": [2.232646229202361, 2.0903422607376263, 1.835110895597689, 2.0807565607582688], "number_hours_available_for_repair": [842, 788, 885], "warehouse_capacity_of_facility": [1016, 966, 1069], "cost_of_inspection": [17.344372896098225, 13.592030307235248, 19.752315623208897, 6.8834090114338], "expected_cost_of_repair": [65.9459139499218, 61.51481235114804, 53.84582118482223, 61.14382894427666], "cost_of_transportation": [70, 75], "holding_cost": [2.2906835344090006, 1.9167297574442443, 1.8030011036509275], "rejection_cost": [300.0, 300.0, 300.0, 300.0]}