{"container_types": 4, "number_of_facilities": 2, "container_quality_level": 9, "time_periods": 7, "number_containers_arriving_to_facility_zero": [[120, 268, 261, 212, 143, 152, 192], [230, 167, 296, 295, 155, 223, 150], [112, 136, 236, 187, 240, 155, 193], [117, 129, 270, 184, 197, 107, 150]], "number_unexpected_containers_at_facilities": [[98, 86, 62], [17, 16, 1], [91, 17, 20], [88, 96, 84]], "number_good_quality_containers_at_facilities": [[67, 14, 81], [26, 12, 63], [46, 63, 22], [75, 29, 41]], "containers_demand_for_clients": [[201, 211, 240, 238, 214, 226, 256], [273, 280, 291, 250, 250, 252, 263], [277, 247, 250, 246, 230, 221, 242], [213, 240, 205, 210, 244, 215, 242]], "transportation_capacity": 586, "probability_original_quality_level": [[10.0, 6.0, 1.0, 8.0, 11.0, 12.0, 12.0, 10.0, 13.0, 15.0, 2.0], [5.0, 17.0, 11.0, 11.0, 6.0, 1.0, 10.0, 10.0, 9.0, 17.0, 3.0], [10.0, 1.0, 11.0, 1.0, 10.0, 17.0, 16.0, 13.0, 9.0, 8.0, 4.0], [5.0, 5.0, 10.0, 10.0, 8.0, 17.0, 6.0, 11.0, 16.0, 8.0, 4.0]], "number_hours_required_for_inspection": [0.40356879625100744, 0.8486506671942773, 0.7792646743291407, 0.36119731090646395], "number_hours_available_for_inspection": [229, 303, 283], "expected_number_hours_required_for_repair": [2.191070892446392, 2.0469530274832106, 2.074483294751013, 2.103711869896732], "number_hours_available_for_repair": [948, 947, 689], "warehouse_capacity_of_facility": [891, 1014, 881], "cost_of_inspection": [8.071375925020149, 16.973013343885547, 15.585293486582813, 7.223946218129279], "expected_cost_of_repair": [64.0084235550375, 60.47119849049428, 60.60385547401788, 62.13192471075702], "cost_of_transportation": [87, 109], "holding_cost": [2.7586518831839992, 2.4234397730191035, 1.5559315357996688], "rejection_cost": [300.0, 300.0, 300.0, 300.0]}