{"container_types": 4, "number_of_facilities": 2, "container_quality_level": 9, "time_periods": 7, "number_containers_arriving_to_facility_zero": [[284, 163, 187, 156, 196, 295, 116], [128, 282, 204, 165, 264, 275, 284], [153, 280, 210, 186, 170, 243, 218], [235, 223, 195, 152, 109, 122, 213]], "number_unexpected_containers_at_facilities": [[76, 63, 16], [50, 44, 41], [81, 94, 48], [2, 85, 73]], "number_good_quality_containers_at_facilities": [[49, 97, 14], [7, 68, 56], [19, 89, 73], [56, 16, 95]], "containers_demand_for_clients": [[186, 243, 186, 193, 204, 243, 232], [263, 235, 268, 239, 273, 227, 273], [297, 243, 276, 260, 254, 224, 273], [261, 278, 224, 215, 298, 243, 282]], "transportation_capacity": 681, "probability_original_quality_level": [[5.0, 2.0, 11.0, 18.0, 15.0, 0.0, 16.0, 5.0, 7.0, 16.0, 5.0], [9.0, 7.0, 4.0, 16.0, 4.0, 5.0, 16.0, 8.0, 7.0, 23.0, 1.0], [9.0, 2.0, 13.0, 17.0, 7.0, 10.0, 3.0, 11.0, 5.0, 21.0, 2.0], [8.0, 1.0, 11.0, 12.0, 3.0, 1.0, 15.0, 7.0, 13.0, 26.0, 3.0]], "number_hours_required_for_inspection": [0.46519711838929967, 0.7094589094767038, 0.42504810418232114, 0.5022282543236224], "number_hours_available_for_inspection": [299, 259, 284], "expected_number_hours_required_for_repair": [2.069780932277587, 2.2046053607103664, 2.0361937044250418, 2.3011878640995764], "number_hours_available_for_repair": [1011, 918, 883], "warehouse_capacity_of_facility": [1054, 1000, 977], "cost_of_inspection": [9.303942367785993, 14.189178189534076, 8.500962083646423, 10.044565086472447], "expected_cost_of_repair": [61.53893741659203, 64.88763705903395, 59.6574866314524, 67.664135641999], "cost_of_transportation": [155, 138], "holding_cost": [2.837535890745976, 2.321492169528544, 1.9750588452373932], "rejection_cost": [300.0, 300.0, 300.0, 300.0]}