{"container_types": 4, "number_of_facilities": 2, "container_quality_level": 9, "time_periods": 7, "number_containers_arriving_to_facility_zero": [[100, 206, 239, 111, 151, 267, 273], [127, 173, 109, 194, 174, 243, 157], [201, 237, 148, 294, 252, 164, 142], [109, 139, 110, 234, 291, 163, 114]], "number_unexpected_containers_at_facilities": [[46, 10, 35], [23, 87, 85], [90, 75, 38], [41, 76, 79]], "number_good_quality_containers_at_facilities": [[5, 12, 3], [1, 38, 2], [95, 39, 16], [8, 78, 17]], "containers_demand_for_clients": [[207, 177, 202, 168, 172, 172, 248], [217, 204, 236, 192, 246, 227, 213], [240, 226, 214, 200, 232, 170, 214], [263, 295, 274, 266, 230, 243, 245]], "transportation_capacity": 660, "probability_original_quality_level": [[9.0, 9.0, 15.0, 6.0, 6.0, 9.0, 4.0, 6.0, 11.0, 21.0, 4.0], [9.0, 3.0, 0.0, 10.0, 4.0, 15.0, 15.0, 12.0, 13.0, 18.0, 1.0], [9.0, 12.0, 8.0, 0.0, 15.0, 6.0, 15.0, 6.0, 12.0, 17.0, 0.0], [7.0, 10.0, 14.0, 16.0, 2.0, 16.0, 0.0, 14.0, 11.0, 8.0, 2.0]], "number_hours_required_for_inspection": [0.9782319777072248, 0.5080962680478701, 0.7281474190161822, 0.43746118520118915], "number_hours_available_for_inspection": [238, 241, 302], "expected_number_hours_required_for_repair": [2.0590959126841826, 2.353902522099373, 2.1398532373742087, 1.9889080149177603], "number_hours_available_for_repair": [649, 714, 664], "warehouse_capacity_of_facility": [948, 903, 810], "cost_of_inspection": [19.564639554144495, 10.161925360957403, 14.562948380323643, 8.749223704023784], "expected_cost_of_repair": [60.10450428522472, 68.86510474625422, 62.817066052350164, 58.63623273053219], "cost_of_transportation": [141, 113], "holding_cost": [2.2414712359095814, 2.3639715500201017, 1.9812864375508574], "rejection_cost": [300.0, 300.0, 300.0, 300.0]}