{"container_types": 4, "number_of_facilities": 2, "container_quality_level": 9, "time_periods": 7, "number_containers_arriving_to_facility_zero": [[213, 124, 277, 147, 119, 168, 128], [174, 280, 118, 276, 128, 214, 286], [101, 140, 141, 217, 220, 230, 216], [252, 121, 129, 127, 252, 274, 128]], "number_unexpected_containers_at_facilities": [[81, 21, 24], [50, 56, 23], [21, 14, 90], [67, 97, 60]], "number_good_quality_containers_at_facilities": [[44, 78, 29], [29, 32, 67], [30, 89, 99], [63, 78, 17]], "containers_demand_for_clients": [[191, 266, 208, 229, 212, 203, 196], [238, 239, 188, 240, 183, 192, 186], [223, 258, 277, 267, 287, 257, 222], [248, 225, 250, 262, 242, 225, 218]], "transportation_capacity": 648, "probability_original_quality_level": [[8.0, 6.0, 14.0, 5.0, 14.0, 11.0, 7.0, 11.0, 11.0, 12.0, 1.0], [6.0, 21.0, 12.0, 3.0, 9.0, 8.0, 9.0, 7.0, 10.0, 15.0, 0.0], [5.0, 3.0, 17.0, 0.0, 5.0, 10.0, 19.0, 6.0, 9.0, 21.0, 5.0], [7.0, 16.0, 4.0, 5.0, 9.0, 9.0, 15.0, 3.0, 3.0, 24.0, 5.0]], "number_hours_required_for_inspection": [0.35707284936048345, 0.6178684049920021, 0.7140429709329427, 0.45681937138860024], "number_hours_available_for_inspection": [286, 282, 231], "expected_number_hours_required_for_repair": [2.045726850378581, 1.9930694868707775, 2.2127771356986266, 2.074092903202003], "number_hours_available_for_repair": [855, 872, 662], "warehouse_capacity_of_facility": [977, 908, 879], "cost_of_inspection": [7.1414569872096685, 12.357368099840043, 14.280859418658853, 9.136387427772005], "expected_cost_of_repair": [60.067040569527556, 59.107437747983056, 65.43954696817457, 60.92140143168205], "cost_of_transportation": [90, 109], "holding_cost": [2.8867806536346636, 1.9875419232122082, 1.631603927033041], "rejection_cost": [300.0, 300.0, 300.0, 300.0]}