{"container_types": 4, "number_of_facilities": 2, "container_quality_level": 9, "time_periods": 7, "number_containers_arriving_to_facility_zero": [[139, 185, 220, 164, 197, 185, 214], [185, 134, 191, 205, 298, 106, 177], [223, 275, 174, 232, 239, 111, 170], [210, 146, 191, 169, 187, 224, 249]], "number_unexpected_containers_at_facilities": [[26, 44, 83], [37, 59, 77], [54, 53, 82], [67, 71, 24]], "number_good_quality_containers_at_facilities": [[80, 79, 84], [14, 71, 44], [93, 68, 67], [66, 51, 24]], "containers_demand_for_clients": [[254, 228, 230, 241, 218, 236, 205], [284, 223, 225, 217, 241, 285, 210], [266, 231, 248, 246, 200, 250, 212], [279, 239, 280, 279, 273, 293, 315]], "transportation_capacity": 658, "probability_original_quality_level": [[7.0, 4.0, 7.0, 7.0, 1.0, 19.0, 11.0, 11.0, 16.0, 13.0, 4.0], [6.0, 5.0, 14.0, 15.0, 12.0, 11.0, 0.0, 11.0, 11.0, 12.0, 3.0], [5.0, 0.0, 1.0, 22.0, 9.0, 10.0, 16.0, 13.0, 3.0, 17.0, 4.0], [5.0, 17.0, 2.0, 12.0, 4.0, 23.0, 10.0, 7.0, 1.0, 14.0, 5.0]], "number_hours_required_for_inspection": [0.48977040471414673, 0.6978221927860158, 0.4052883657250084, 0.9933270474061815], "number_hours_available_for_inspection": [365, 283, 358], "expected_number_hours_required_for_repair": [2.3073210509026616, 2.0135340429718576, 2.228931802001538, 1.9754728800358672], "number_hours_available_for_repair": [745, 821, 972], "warehouse_capacity_of_facility": [1019, 1051, 1053], "cost_of_inspection": [9.795408094282935, 13.956443855720316, 8.105767314500168, 19.866540948123628], "expected_cost_of_repair": [67.82779232232907, 59.39568713533425, 66.23008754341312, 58.30166455890001], "cost_of_transportation": [110, 118], "holding_cost": [2.1758660742592864, 1.804320843130662, 1.2176104858011436], "rejection_cost": [300.0, 300.0, 300.0, 300.0]}