{"container_types": 4, "number_of_facilities": 2, "container_quality_level": 9, "time_periods": 7, "number_containers_arriving_to_facility_zero": [[183, 214, 171, 177, 257, 269, 277], [243, 154, 216, 223, 118, 177, 226], [257, 171, 238, 133, 163, 165, 214], [219, 267, 119, 165, 220, 281, 268]], "number_unexpected_containers_at_facilities": [[18, 60, 53], [5, 68, 63], [97, 48, 20], [9, 23, 7]], "number_good_quality_containers_at_facilities": [[78, 12, 51], [73, 80, 85], [36, 24, 80], [59, 36, 74]], "containers_demand_for_clients": [[289, 256, 201, 265, 274, 291, 261], [283, 276, 297, 274, 251, 275, 218], [246, 242, 269, 288, 202, 276, 284], [261, 189, 246, 236, 241, 210, 194]], "transportation_capacity": 748, "probability_original_quality_level": [[5.0, 0.0, 13.0, 16.0, 10.0, 7.0, 18.0, 2.0, 20.0, 6.0, 3.0], [6.0, 11.0, 3.0, 9.0, 21.0, 14.0, 3.0, 10.0, 2.0, 20.0, 1.0], [10.0, 17.0, 2.0, 6.0, 18.0, 4.0, 7.0, 5.0, 19.0, 10.0, 2.0], [7.0, 2.0, 11.0, 24.0, 12.0, 4.0, 14.0, 9.0, 8.0, 5.0, 4.0]], "number_hours_required_for_inspection": [0.4317622787434324, 0.525299308838291, 0.6794148547554102, 0.5388373654825868], "number_hours_available_for_inspection": [215, 239, 260], "expected_number_hours_required_for_repair": [2.1581011923569484, 2.080195223484333, 2.0360017167945563, 1.8784187605106886], "number_hours_available_for_repair": [953, 937, 904], "warehouse_capacity_of_facility": [1062, 1022, 898], "cost_of_inspection": [8.635245574868648, 10.50598617676582, 13.588297095108203, 10.776747309651736], "expected_cost_of_repair": [63.762092529472554, 61.58767888216358, 59.0843054576467, 55.256366563133234], "cost_of_transportation": [91, 116], "holding_cost": [2.538001681248589, 1.5264872388157178, 1.3041894618252452], "rejection_cost": [300.0, 300.0, 300.0, 300.0]}