{"container_types": 4, "number_of_facilities": 2, "container_quality_level": 9, "time_periods": 7, "number_containers_arriving_to_facility_zero": [[277, 278, 262, 183, 134, 173, 150], [125, 276, 231, 132, 257, 140, 121], [162, 270, 221, 255, 100, 284, 215], [138, 118, 187, 285, 224, 248, 148]], "number_unexpected_containers_at_facilities": [[92, 63, 91], [2, 39, 42], [36, 91, 32], [21, 63, 75]], "number_good_quality_containers_at_facilities": [[98, 23, 33], [46, 2, 19], [58, 46, 13], [12, 8, 50]], "containers_demand_for_clients": [[216, 236, 219, 182, 180, 228, 221], [223, 314, 269, 287, 281, 246, 217], [188, 213, 195, 202, 194, 200, 212], [265, 249, 286, 231, 289, 255, 258]], "transportation_capacity": 659, "probability_original_quality_level": [[9.0, 11.0, 9.0, 7.0, 14.0, 9.0, 10.0, 9.0, 5.0, 12.0, 5.0], [7.0, 9.0, 8.0, 11.0, 4.0, 13.0, 11.0, 12.0, 13.0, 8.0, 4.0], [7.0, 12.0, 13.0, 3.0, 4.0, 18.0, 10.0, 12.0, 0.0, 18.0, 3.0], [8.0, 17.0, 2.0, 13.0, 8.0, 1.0, 15.0, 5.0, 14.0, 17.0, 0.0]], "number_hours_required_for_inspection": [0.955124411240443, 0.5302772004679217, 0.9663957327260788, 0.9381768174815703], "number_hours_available_for_inspection": [418, 402, 473], "expected_number_hours_required_for_repair": [1.8652470408755426, 2.0618145129055607, 2.00512414838439, 2.0465656007336497], "number_hours_available_for_repair": [899, 943, 760], "warehouse_capacity_of_facility": [1001, 933, 938], "cost_of_inspection": [19.10248822480886, 10.605544009358434, 19.327914654521578, 18.76353634963141], "expected_cost_of_repair": [54.90687753214118, 60.592965364217626, 58.87967258696039, 60.23881615221971], "cost_of_transportation": [117, 102], "holding_cost": [2.877325961946269, 2.375060379245571, 1.7499481827531493], "rejection_cost": [300.0, 300.0, 300.0, 300.0]}