{"container_types": 4, "number_of_facilities": 2, "container_quality_level": 9, "time_periods": 7, "number_containers_arriving_to_facility_zero": [[147, 248, 284, 284, 115, 217, 236], [175, 239, 188, 121, 154, 140, 201], [248, 216, 154, 136, 124, 147, 183], [203, 181, 160, 157, 165, 135, 245]], "number_unexpected_containers_at_facilities": [[8, 93, 35], [37, 95, 41], [96, 21, 4], [48, 32, 32]], "number_good_quality_containers_at_facilities": [[30, 48, 58], [73, 97, 91], [87, 86, 33], [39, 44, 43]], "containers_demand_for_clients": [[191, 198, 224, 246, 217, 182, 253], [212, 301, 208, 216, 280, 213, 276], [241, 211, 235, 249, 247, 194, 266], [203, 247, 178, 177, 202, 202, 233]], "transportation_capacity": 626, "probability_original_quality_level": [[6.0, 19.0, 1.0, 12.0, 3.0, 19.0, 2.0, 11.0, 6.0, 20.0, 1.0], [7.0, 12.0, 4.0, 13.0, 2.0, 18.0, 7.0, 2.0, 1.0, 31.0, 3.0], [8.0, 13.0, 2.0, 1.0, 2.0, 4.0, 16.0, 24.0, 8.0, 18.0, 4.0], [9.0, 9.0, 0.0, 14.0, 0.0, 22.0, 11.0, 21.0, 3.0, 10.0, 1.0]], "number_hours_required_for_inspection": [0.8762147659245617, 0.7162241906889183, 0.49909795804945617, 0.42619464221689113], "number_hours_available_for_inspection": [281, 276, 320], "expected_number_hours_required_for_repair": [2.03857027571078, 2.143430911288752, 2.2072003964648546, 2.1943374382347383], "number_hours_available_for_repair": [936, 861, 897], "warehouse_capacity_of_facility": [944, 976, 844], "cost_of_inspection": [17.524295318491234, 14.324483813778366, 9.981959160989124, 8.523892844337823], "expected_cost_of_repair": [60.20408718184655, 62.93885812991882, 64.9958577538429, 64.12608623408607], "cost_of_transportation": [127, 84], "holding_cost": [2.7525606754773597, 1.5960568515900615, 1.9394151357480944], "rejection_cost": [300.0, 300.0, 300.0, 300.0]}