{"container_types": 4, "number_of_facilities": 2, "container_quality_level": 9, "time_periods": 7, "number_containers_arriving_to_facility_zero": [[155, 259, 107, 242, 148, 284, 214], [159, 279, 166, 206, 217, 298, 228], [290, 281, 291, 130, 109, 195, 182], [297, 153, 102, 162, 297, 159, 179]], "number_unexpected_containers_at_facilities": [[77, 93, 1], [21, 85, 74], [65, 43, 38], [76, 46, 87]], "number_good_quality_containers_at_facilities": [[84, 82, 90], [74, 89, 49], [41, 60, 43], [85, 72, 44]], "containers_demand_for_clients": [[233, 202, 212, 270, 229, 261, 264], [273, 290, 277, 232, 241, 232, 210], [307, 263, 268, 236, 244, 246, 278], [288, 274, 216, 203, 265, 283, 224]], "transportation_capacity": 712, "probability_original_quality_level": [[10.0, 8.0, 10.0, 8.0, 12.0, 2.0, 12.0, 19.0, 4.0, 13.0, 2.0], [8.0, 15.0, 13.0, 4.0, 4.0, 8.0, 12.0, 13.0, 3.0, 16.0, 4.0], [5.0, 12.0, 13.0, 10.0, 11.0, 8.0, 10.0, 11.0, 3.0, 17.0, 0.0], [6.0, 2.0, 9.0, 9.0, 8.0, 18.0, 15.0, 11.0, 11.0, 6.0, 5.0]], "number_hours_required_for_inspection": [0.6969928006326469, 0.7448709862877405, 0.7938297869507474, 0.9245350046574727], "number_hours_available_for_inspection": [426, 434, 449], "expected_number_hours_required_for_repair": [2.0457148769783435, 2.0185532934750428, 2.057313603141328, 2.0929727177370197], "number_hours_available_for_repair": [874, 792, 743], "warehouse_capacity_of_facility": [1072, 1127, 1054], "cost_of_inspection": [13.939856012652939, 14.89741972575481, 15.876595739014947, 18.490700093149457], "expected_cost_of_repair": [60.16914428373882, 58.986214274796566, 60.891062225697844, 61.697861291377706], "cost_of_transportation": [97, 83], "holding_cost": [2.559357337174298, 2.4972508010930268, 1.9731348726219746], "rejection_cost": [300.0, 300.0, 300.0, 300.0]}