{"container_types": 4, "number_of_facilities": 2, "container_quality_level": 9, "time_periods": 7, "number_containers_arriving_to_facility_zero": [[138, 101, 164, 254, 133, 133, 244], [179, 214, 288, 146, 111, 238, 157], [241, 126, 285, 138, 277, 139, 290], [249, 122, 202, 172, 253, 135, 259]], "number_unexpected_containers_at_facilities": [[35, 41, 68], [83, 58, 95], [40, 65, 52], [7, 74, 55]], "number_good_quality_containers_at_facilities": [[29, 85, 50], [16, 65, 6], [51, 65, 10], [86, 8, 5]], "containers_demand_for_clients": [[256, 263, 232, 252, 233, 218, 265], [198, 201, 199, 172, 235, 203, 168], [225, 218, 252, 232, 280, 205, 268], [283, 224, 257, 269, 283, 206, 225]], "transportation_capacity": 705, "probability_original_quality_level": [[10.0, 14.0, 7.0, 13.0, 17.0, 0.0, 0.0, 9.0, 16.0, 10.0, 4.0], [7.0, 3.0, 23.0, 1.0, 12.0, 5.0, 13.0, 2.0, 11.0, 18.0, 5.0], [8.0, 7.0, 14.0, 16.0, 7.0, 5.0, 0.0, 13.0, 11.0, 17.0, 2.0], [5.0, 11.0, 16.0, 2.0, 0.0, 9.0, 7.0, 8.0, 18.0, 21.0, 3.0]], "number_hours_required_for_inspection": [0.43975875003013526, 0.5887303520859647, 0.9169147347269289, 0.38386371927095575], "number_hours_available_for_inspection": [329, 330, 267], "expected_number_hours_required_for_repair": [1.9246288176457387, 1.9595466170887648, 2.0971167892575817, 2.246740831781238], "number_hours_available_for_repair": [650, 862, 805], "warehouse_capacity_of_facility": [904, 868, 931], "cost_of_inspection": [8.795175000602706, 11.774607041719294, 18.338294694538575, 7.677274385419115], "expected_cost_of_repair": [56.54809618333027, 58.010853371347615, 61.45123775919879, 66.44915777636301], "cost_of_transportation": [124, 140], "holding_cost": [2.97250786686549, 1.602680388517062, 1.7103376713471437], "rejection_cost": [300.0, 300.0, 300.0, 300.0]}