{"container_types": 4, "number_of_facilities": 2, "container_quality_level": 9, "time_periods": 7, "number_containers_arriving_to_facility_zero": [[169, 106, 172, 151, 224, 250, 268], [125, 145, 166, 121, 121, 141, 120], [246, 237, 280, 125, 157, 235, 263], [118, 220, 198, 102, 163, 125, 178]], "number_unexpected_containers_at_facilities": [[98, 71, 75], [56, 34, 61], [81, 24, 77], [50, 15, 60]], "number_good_quality_containers_at_facilities": [[7, 51, 46], [33, 59, 32], [22, 2, 39], [69, 40, 47]], "containers_demand_for_clients": [[159, 171, 204, 179, 208, 215, 200], [264, 226, 204, 202, 289, 241, 198], [143, 197, 205, 178, 168, 171, 186], [267, 216, 302, 291, 220, 304, 278]], "transportation_capacity": 547, "probability_original_quality_level": [[9.0, 11.0, 8.0, 15.0, 15.0, 8.0, 1.0, 5.0, 8.0, 17.0, 3.0], [9.0, 16.0, 7.0, 22.0, 1.0, 1.0, 12.0, 18.0, 2.0, 10.0, 2.0], [5.0, 5.0, 12.0, 4.0, 7.0, 18.0, 14.0, 3.0, 11.0, 20.0, 1.0], [8.0, 6.0, 17.0, 11.0, 2.0, 6.0, 10.0, 7.0, 13.0, 20.0, 0.0]], "number_hours_required_for_inspection": [0.7139796888714669, 0.7674260695852198, 0.46950143974125247, 0.9457275777734876], "number_hours_available_for_inspection": [294, 344, 317], "expected_number_hours_required_for_repair": [1.9210567304915014, 1.7769763018525118, 2.261596093183503, 2.1543511170832796], "number_hours_available_for_repair": [686, 740, 798], "warehouse_capacity_of_facility": [871, 881, 780], "cost_of_inspection": [14.279593777429337, 15.348521391704395, 9.39002879482505, 18.914551555469753], "expected_cost_of_repair": [56.12886674502697, 52.34199393587756, 67.20653181053028, 63.30787524597823], "cost_of_transportation": [154, 83], "holding_cost": [2.5580377039341817, 2.1038656769845914, 1.2220384683843353], "rejection_cost": [300.0, 300.0, 300.0, 300.0]}