{"container_types": 4, "number_of_facilities": 2, "container_quality_level": 9, "time_periods": 7, "number_containers_arriving_to_facility_zero": [[294, 279, 156, 116, 204, 110, 201], [211, 220, 263, 150, 201, 250, 294], [272, 195, 130, 176, 267, 188, 168], [225, 211, 102, 207, 170, 166, 180]], "number_unexpected_containers_at_facilities": [[27, 75, 65], [93, 63, 1], [36, 19, 67], [62, 63, 6]], "number_good_quality_containers_at_facilities": [[34, 10, 25], [97, 16, 24], [60, 0, 32], [29, 48, 38]], "containers_demand_for_clients": [[176, 197, 191, 227, 199, 186, 218], [266, 211, 218, 218, 217, 203, 233], [239, 286, 250, 308, 275, 293, 246], [208, 273, 204, 211, 268, 201, 244]], "transportation_capacity": 675, "probability_original_quality_level": [[6.0, 2.0, 15.0, 14.0, 13.0, 13.0, 5.0, 17.0, 10.0, 5.0, 0.0], [9.0, 3.0, 4.0, 1.0, 17.0, 15.0, 6.0, 14.0, 6.0, 22.0, 3.0], [7.0, 10.0, 11.0, 5.0, 1.0, 19.0, 15.0, 0.0, 16.0, 13.0, 3.0], [7.0, 12.0, 16.0, 2.0, 16.0, 12.0, 6.0, 8.0, 9.0, 9.0, 3.0]], "number_hours_required_for_inspection": [0.8435864133645726, 0.4661923873600003, 0.5426853190339388, 0.8269100549328127], "number_hours_available_for_inspection": [290, 248, 258], "expected_number_hours_required_for_repair": [2.039358155118259, 2.286114629392512, 2.116844598339433, 1.8249904322231898], "number_hours_available_for_repair": [810, 753, 699], "warehouse_capacity_of_facility": [897, 969, 1002], "cost_of_inspection": [16.871728267291452, 9.323847747200006, 10.853706380678776, 16.538201098656252], "expected_cost_of_repair": [60.05484593472362, 66.93446979450647, 62.273256453076435, 53.96781705211722], "cost_of_transportation": [99, 165], "holding_cost": [2.654896028375693, 2.419584391756954, 1.4922603313068394], "rejection_cost": [300.0, 300.0, 300.0, 300.0]}