{"container_types": 4, "number_of_facilities": 2, "container_quality_level": 9, "time_periods": 7, "number_containers_arriving_to_facility_zero": [[152, 225, 143, 132, 276, 229, 109], [214, 149, 244, 252, 128, 168, 115], [296, 220, 155, 293, 255, 262, 253], [294, 173, 299, 141, 286, 264, 175]], "number_unexpected_containers_at_facilities": [[68, 74, 47], [42, 32, 90], [25, 37, 47], [5, 58, 73]], "number_good_quality_containers_at_facilities": [[54, 77, 9], [78, 6, 6], [22, 6, 0], [39, 43, 45]], "containers_demand_for_clients": [[307, 238, 220, 313, 275, 309, 306], [182, 247, 188, 209, 193, 189, 195], [246, 190, 227, 219, 220, 228, 256], [290, 218, 263, 219, 308, 318, 295]], "transportation_capacity": 768, "probability_original_quality_level": [[6.0, 17.0, 16.0, 3.0, 9.0, 6.0, 11.0, 12.0, 3.0, 17.0, 0.0], [8.0, 18.0, 16.0, 5.0, 9.0, 16.0, 9.0, 8.0, 7.0, 3.0, 1.0], [10.0, 11.0, 14.0, 4.0, 4.0, 17.0, 6.0, 18.0, 1.0, 11.0, 4.0], [8.0, 15.0, 9.0, 19.0, 12.0, 3.0, 1.0, 15.0, 9.0, 6.0, 3.0]], "number_hours_required_for_inspection": [0.5673315892853007, 0.7848576787223666, 0.7163088797629934, 0.8562057648863727], "number_hours_available_for_inspection": [369, 395, 379], "expected_number_hours_required_for_repair": [1.9887278181933103, 1.6743648859006834, 1.897020093243774, 1.8255003744510854], "number_hours_available_for_repair": [654, 731, 601], "warehouse_capacity_of_facility": [937, 1065, 1018], "cost_of_inspection": [11.346631785706014, 15.69715357444733, 14.326177595259868, 17.124115297727453], "expected_cost_of_repair": [58.514921819883966, 49.28529575254228, 55.237865748482015, 53.49599944060427], "cost_of_transportation": [108, 139], "holding_cost": [2.24826497421658, 2.209350985597063, 1.2159490072574113], "rejection_cost": [300.0, 300.0, 300.0, 300.0]}