{"container_types": 4, "number_of_facilities": 2, "container_quality_level": 9, "time_periods": 7, "number_containers_arriving_to_facility_zero": [[224, 216, 293, 224, 274, 156, 123], [225, 206, 160, 156, 253, 232, 215], [215, 252, 199, 115, 143, 215, 124], [264, 185, 241, 230, 130, 155, 277]], "number_unexpected_containers_at_facilities": [[25, 78, 38], [10, 93, 33], [50, 51, 15], [27, 21, 58]], "number_good_quality_containers_at_facilities": [[72, 37, 53], [28, 91, 25], [87, 11, 60], [55, 70, 91]], "containers_demand_for_clients": [[275, 216, 264, 219, 244, 279, 207], [284, 232, 304, 236, 294, 235, 235], [277, 281, 274, 271, 243, 209, 264], [184, 246, 218, 224, 248, 252, 262]], "transportation_capacity": 709, "probability_original_quality_level": [[10.0, 17.0, 16.0, 1.0, 15.0, 4.0, 9.0, 9.0, 11.0, 5.0, 3.0], [9.0, 6.0, 15.0, 7.0, 9.0, 15.0, 0.0, 13.0, 8.0, 17.0, 1.0], [6.0, 11.0, 17.0, 11.0, 13.0, 4.0, 16.0, 1.0, 17.0, 4.0, 0.0], [7.0, 3.0, 8.0, 12.0, 3.0, 15.0, 0.0, 17.0, 14.0, 20.0, 1.0]], "number_hours_required_for_inspection": [0.8161503751975696, 0.7202223404928143, 0.39110015409437104, 0.8690902956018889], "number_hours_available_for_inspection": [283, 395, 398], "expected_number_hours_required_for_repair": [1.7746976741639484, 2.0635901337505187, 1.9146895470189487, 2.3671681199946013], "number_hours_available_for_repair": [925, 839, 877], "warehouse_capacity_of_facility": [1075, 919, 1029], "cost_of_inspection": [16.32300750395139, 14.404446809856285, 7.822003081887421, 17.381805912037777], "expected_cost_of_repair": [51.77218195142791, 60.726417883316095, 56.69755478536122, 70.23007319829865], "cost_of_transportation": [117, 76], "holding_cost": [2.109617968426179, 2.445606923448375, 1.4738804470643139], "rejection_cost": [300.0, 300.0, 300.0, 300.0]}