{"container_types": 4, "number_of_facilities": 2, "container_quality_level": 5, "time_periods": 30, "number_containers_arriving_to_facility_zero": [[146, 225, 265, 147, 159, 235, 271, 180, 147, 214, 292, 230, 180, 130, 268, 265, 291, 254, 289, 202, 194, 135, 108, 245, 172, 179, 291, 156, 249, 183], [293, 184, 249, 186, 226, 203, 248, 249, 147, 205, 296, 125, 137, 235, 131, 190, 168, 151, 171, 248, 118, 233, 109, 117, 245, 119, 245, 130, 270, 119], [115, 265, 132, 103, 234, 257, 101, 290, 229, 119, 129, 219, 123, 114, 199, 119, 170, 225, 233, 238, 246, 147, 119, 203, 253, 163, 217, 179, 145, 227], [232, 155, 194, 190, 199, 267, 110, 264, 168, 228, 129, 231, 269, 261, 185, 269, 130, 134, 279, 154, 283, 201, 177, 156, 210, 104, 288, 224, 141, 189]], "number_unexpected_containers_at_facilities": [[3, 49, 9], [10, 38, 22], [35, 70, 81], [41, 79, 96]], "number_good_quality_containers_at_facilities": [[77, 71, 37], [88, 1, 29], [52, 49, 36], [22, 63, 24]], "containers_demand_for_clients": [[227, 249, 234, 224, 205, 227, 169, 238, 190, 181, 228, 178, 185, 205, 197, 243, 203, 246, 180, 186, 192, 183, 201, 226, 223, 222, 204, 236, 247, 237], [257, 239, 235, 192, 231, 188, 244, 234, 194, 209, 199, 218, 221, 179, 240, 254, 211, 215, 216, 258, 186, 189, 176, 192, 234, 244, 196, 240, 258, 195], [223, 212, 234, 211, 179, 222, 185, 215, 229, 211, 172, 184, 234, 179, 207, 171, 196, 211, 201, 214, 205, 224, 226, 203, 202, 169, 212, 214, 201, 173], [177, 166, 190, 208, 188, 189, 214, 232, 161, 171, 176, 155, 189, 170, 188, 181, 204, 173, 167, 180, 174, 229, 209, 173, 175, 155, 192, 184, 168, 191]], "transportation_capacity": 612, "probability_original_quality_level": [[8.0, 30.0, 0.0, 22.0, 15.0, 24.0, 1.0], [10.0, 7.0, 14.0, 24.0, 18.0, 27.0, 0.0], [7.0, 8.0, 16.0, 25.0, 21.0, 20.0, 3.0], [10.0, 3.0, 18.0, 28.0, 0.0, 38.0, 3.0]], "number_hours_required_for_inspection": [0.813961566041286, 0.6973773825687786, 0.6354245263944999, 0.9994916123566339], "number_hours_available_for_inspection": [311, 282, 291], "expected_number_hours_required_for_repair": [1.3937202694971802, 1.5646104322486247, 1.4540066391971826, 1.595428225403345], "number_hours_available_for_repair": [390, 384, 502], "warehouse_capacity_of_facility": [747, 875, 785], "cost_of_inspection": [16.27923132082572, 13.947547651375572, 12.708490527889998, 19.98983224713268], "expected_cost_of_repair": [40.84364926229067, 45.92908283263906, 42.64643875861615, 45.90775137815996], "cost_of_transportation": [87, 106], "holding_cost": [2.683453539938233, 2.2198849775545084, 1.2412919854388993], "rejection_cost": [100.0, 100.0, 100.0, 100.0]}