{"container_types": 4, "number_of_facilities": 2, "container_quality_level": 5, "time_periods": 30, "number_containers_arriving_to_facility_zero": [[270, 258, 256, 168, 282, 293, 175, 157, 161, 112, 104, 173, 150, 219, 178, 121, 103, 250, 281, 168, 285, 160, 201, 101, 139, 239, 182, 263, 273, 145], [220, 190, 227, 237, 137, 221, 226, 229, 139, 265, 140, 188, 259, 165, 181, 179, 165, 101, 191, 203, 156, 289, 186, 178, 246, 173, 135, 226, 117, 220], [263, 242, 174, 194, 224, 136, 105, 130, 182, 200, 282, 146, 296, 247, 158, 194, 102, 108, 298, 267, 224, 192, 167, 135, 132, 147, 138, 239, 281, 242], [238, 207, 285, 110, 276, 212, 211, 222, 247, 181, 224, 248, 154, 150, 262, 233, 153, 196, 105, 201, 247, 280, 207, 101, 195, 209, 142, 155, 262, 136]], "number_unexpected_containers_at_facilities": [[39, 12, 8], [98, 21, 81], [11, 88, 98], [19, 85, 66]], "number_good_quality_containers_at_facilities": [[43, 6, 4], [34, 81, 69], [70, 61, 91], [94, 0, 68]], "containers_demand_for_clients": [[207, 203, 208, 191, 232, 194, 228, 192, 202, 215, 213, 199, 253, 183, 234, 235, 234, 208, 185, 252, 210, 233, 232, 211, 232, 236, 199, 187, 170, 229], [169, 160, 197, 234, 206, 162, 232, 188, 169, 228, 175, 211, 228, 208, 198, 178, 193, 199, 171, 213, 175, 187, 168, 238, 238, 196, 229, 199, 194, 181], [201, 174, 184, 170, 203, 216, 170, 207, 227, 234, 201, 168, 178, 194, 225, 233, 195, 189, 210, 165, 217, 222, 216, 171, 231, 199, 180, 229, 242, 173], [198, 215, 183, 218, 235, 217, 182, 245, 217, 199, 215, 182, 175, 224, 245, 169, 181, 187, 181, 218, 237, 181, 175, 211, 204, 176, 179, 218, 201, 204]], "transportation_capacity": 562, "probability_original_quality_level": [[5.0, 2.0, 53.0, 15.0, 1.0, 22.0, 2.0], [5.0, 22.0, 2.0, 22.0, 14.0, 31.0, 4.0], [7.0, 8.0, 20.0, 20.0, 18.0, 23.0, 4.0], [9.0, 8.0, 28.0, 7.0, 14.0, 33.0, 1.0]], "number_hours_required_for_inspection": [0.7922152154836579, 0.5651659649976358, 0.7891989967183636, 0.8145402098947846], "number_hours_available_for_inspection": [297, 303, 276], "expected_number_hours_required_for_repair": [1.346506937202118, 1.519243041531614, 1.467260557723884, 1.5296541506319812], "number_hours_available_for_repair": [424, 440, 415], "warehouse_capacity_of_facility": [905, 863, 762], "cost_of_inspection": [15.84430430967316, 11.303319299952717, 15.783979934367272, 16.290804197895692], "expected_cost_of_repair": [39.815379386606104, 44.72819069454828, 42.73136353757347, 44.28901112081772], "cost_of_transportation": [65, 97], "holding_cost": [2.340326674402691, 2.174472836015466, 1.642686317866348], "rejection_cost": [100.0, 100.0, 100.0, 100.0]}