{"container_types": 4, "number_of_facilities": 2, "container_quality_level": 5, "time_periods": 30, "number_containers_arriving_to_facility_zero": [[221, 191, 291, 159, 114, 116, 262, 231, 160, 256, 170, 131, 174, 242, 144, 152, 241, 169, 285, 200, 281, 155, 160, 192, 259, 207, 217, 142, 236, 246], [170, 253, 233, 157, 242, 166, 252, 229, 134, 291, 208, 267, 216, 236, 275, 276, 193, 221, 266, 194, 106, 101, 243, 262, 124, 286, 155, 178, 295, 204], [279, 150, 206, 283, 252, 119, 181, 166, 111, 283, 294, 144, 271, 132, 141, 223, 106, 275, 101, 163, 278, 254, 167, 168, 241, 188, 154, 210, 214, 127], [118, 263, 208, 162, 262, 138, 121, 167, 163, 179, 133, 251, 218, 203, 182, 150, 225, 124, 114, 130, 276, 220, 170, 228, 227, 156, 231, 293, 236, 193]], "number_unexpected_containers_at_facilities": [[82, 21, 39], [29, 41, 98], [61, 10, 23], [44, 83, 26]], "number_good_quality_containers_at_facilities": [[81, 17, 75], [52, 32, 98], [3, 39, 35], [57, 5, 25]], "containers_demand_for_clients": [[173, 198, 211, 159, 195, 205, 178, 196, 231, 232, 217, 176, 220, 225, 223, 218, 227, 193, 236, 213, 208, 215, 228, 166, 217, 230, 176, 198, 205, 224], [183, 251, 222, 188, 249, 249, 205, 198, 225, 233, 251, 212, 181, 248, 230, 189, 182, 237, 214, 231, 198, 250, 241, 217, 234, 226, 239, 214, 199, 168], [240, 206, 225, 237, 266, 238, 240, 237, 237, 268, 251, 209, 231, 215, 261, 254, 193, 268, 184, 214, 195, 201, 250, 230, 187, 189, 202, 206, 192, 253], [177, 235, 235, 167, 162, 177, 199, 219, 203, 164, 210, 240, 170, 184, 225, 222, 197, 222, 234, 225, 230, 188, 216, 240, 203, 189, 181, 225, 212, 198]], "transportation_capacity": 452, "probability_original_quality_level": [[6.0, 32.0, 2.0, 18.0, 17.0, 25.0, 0.0], [10.0, 32.0, 7.0, 5.0, 11.0, 30.0, 5.0], [9.0, 7.0, 9.0, 18.0, 11.0, 42.0, 4.0], [6.0, 31.0, 9.0, 32.0, 14.0, 6.0, 2.0]], "number_hours_required_for_inspection": [0.8227906199102594, 0.6990394406447895, 0.6288908359594626, 0.6939882918802003], "number_hours_available_for_inspection": [336, 335, 327], "expected_number_hours_required_for_repair": [1.4253790565140463, 1.2737967298941744, 1.5772798682048812, 1.1864043364501409], "number_hours_available_for_repair": [466, 524, 353], "warehouse_capacity_of_facility": [803, 889, 753], "cost_of_inspection": [16.455812398205186, 13.98078881289579, 12.577816719189252, 13.879765837604005], "expected_cost_of_repair": [41.93307052785067, 36.91856694708694, 45.87685032136942, 34.958475388811024], "cost_of_transportation": [147, 81], "holding_cost": [2.965119484921045, 2.1431616379329324, 1.7194726944590717], "rejection_cost": [100.0, 100.0, 100.0, 100.0]}