{"container_types": 4, "number_of_facilities": 2, "container_quality_level": 5, "time_periods": 30, "number_containers_arriving_to_facility_zero": [[191, 117, 124, 109, 159, 263, 141, 212, 249, 155, 119, 103, 269, 133, 277, 157, 245, 250, 149, 257, 125, 105, 137, 202, 221, 164, 238, 162, 264, 245], [202, 111, 197, 100, 134, 290, 145, 106, 145, 202, 121, 171, 262, 191, 108, 198, 142, 152, 252, 146, 163, 204, 285, 124, 225, 257, 115, 220, 197, 294], [240, 244, 256, 246, 240, 190, 119, 226, 117, 297, 233, 114, 202, 194, 101, 112, 103, 267, 136, 235, 135, 244, 103, 112, 165, 236, 260, 294, 293, 103], [186, 209, 107, 115, 224, 117, 145, 180, 104, 101, 190, 145, 117, 295, 158, 207, 109, 169, 257, 139, 269, 198, 151, 249, 243, 200, 182, 158, 178, 239]], "number_unexpected_containers_at_facilities": [[14, 54, 41], [41, 85, 59], [25, 57, 35], [53, 65, 68]], "number_good_quality_containers_at_facilities": [[46, 32, 11], [82, 1, 41], [59, 66, 64], [30, 47, 34]], "containers_demand_for_clients": [[212, 184, 210, 221, 151, 180, 214, 222, 185, 173, 192, 223, 189, 175, 186, 156, 220, 205, 202, 154, 150, 194, 176, 223, 203, 186, 159, 220, 194, 206], [223, 187, 216, 198, 174, 200, 170, 207, 199, 155, 173, 192, 175, 165, 192, 215, 214, 204, 163, 199, 212, 171, 228, 190, 216, 177, 227, 207, 190, 198], [172, 189, 207, 178, 197, 165, 228, 195, 157, 174, 171, 166, 194, 173, 200, 175, 182, 186, 164, 209, 178, 175, 186, 178, 202, 212, 189, 155, 185, 154], [220, 206, 190, 222, 189, 170, 239, 182, 222, 239, 193, 224, 192, 242, 187, 189, 166, 183, 174, 179, 210, 234, 199, 224, 197, 182, 242, 214, 222, 225]], "transportation_capacity": 535, "probability_original_quality_level": [[6.0, 17.0, 10.0, 15.0, 17.0, 31.0, 4.0], [9.0, 20.0, 9.0, 22.0, 13.0, 25.0, 2.0], [7.0, 20.0, 1.0, 39.0, 8.0, 25.0, 0.0], [6.0, 7.0, 20.0, 24.0, 16.0, 24.0, 3.0]], "number_hours_required_for_inspection": [0.4409500434461608, 0.4677737807790496, 0.4522384965051858, 0.604471024510448], "number_hours_available_for_inspection": [211, 213, 227], "expected_number_hours_required_for_repair": [1.4607123049069202, 1.481719104366859, 1.538795037418316, 1.5476215201397212], "number_hours_available_for_repair": [359, 523, 500], "warehouse_capacity_of_facility": [824, 796, 748], "cost_of_inspection": [8.819000868923215, 9.35547561558099, 9.044769930103717, 12.08942049020896], "expected_cost_of_repair": [43.00218834892476, 43.13416186602386, 44.7703213811374, 45.52620395543218], "cost_of_transportation": [149, 121], "holding_cost": [2.121064218004432, 1.7023406201025661, 1.1311635024059512], "rejection_cost": [100.0, 100.0, 100.0, 100.0]}