{"container_types": 4, "number_of_facilities": 2, "container_quality_level": 5, "time_periods": 30, "number_containers_arriving_to_facility_zero": [[250, 106, 151, 218, 189, 128, 286, 260, 280, 238, 175, 188, 233, 141, 104, 203, 234, 161, 112, 226, 230, 297, 206, 156, 157, 168, 128, 156, 209, 285], [292, 276, 206, 298, 223, 192, 247, 224, 225, 148, 279, 178, 213, 140, 284, 111, 111, 238, 191, 164, 222, 217, 229, 272, 237, 157, 294, 292, 299, 132], [234, 137, 145, 153, 123, 274, 103, 174, 268, 105, 237, 143, 275, 225, 224, 242, 251, 168, 157, 280, 217, 246, 158, 149, 262, 194, 178, 193, 183, 223], [263, 257, 285, 124, 111, 280, 228, 110, 192, 298, 165, 118, 299, 217, 166, 170, 159, 211, 254, 151, 192, 195, 270, 157, 152, 147, 283, 170, 106, 266]], "number_unexpected_containers_at_facilities": [[1, 31, 59], [8, 84, 83], [61, 73, 23], [74, 60, 71]], "number_good_quality_containers_at_facilities": [[98, 91, 32], [57, 1, 38], [13, 27, 50], [37, 48, 67]], "containers_demand_for_clients": [[226, 196, 222, 250, 184, 218, 176, 242, 230, 233, 241, 178, 197, 199, 209, 186, 203, 177, 207, 208, 237, 243, 214, 235, 249, 222, 238, 225, 230, 188], [224, 183, 203, 184, 186, 228, 207, 202, 229, 213, 223, 234, 173, 245, 220, 210, 233, 229, 209, 177, 232, 174, 174, 243, 231, 179, 171, 173, 178, 222], [212, 209, 244, 188, 232, 185, 227, 184, 259, 227, 206, 182, 245, 255, 185, 217, 211, 261, 253, 214, 249, 217, 238, 186, 191, 189, 185, 189, 214, 207], [241, 190, 214, 228, 177, 242, 239, 179, 182, 198, 187, 238, 234, 165, 189, 221, 206, 204, 205, 171, 243, 182, 238, 241, 238, 181, 197, 175, 207, 210]], "transportation_capacity": 490, "probability_original_quality_level": [[9.0, 24.0, 1.0, 9.0, 19.0, 38.0, 0.0], [6.0, 22.0, 6.0, 21.0, 20.0, 22.0, 3.0], [9.0, 2.0, 28.0, 12.0, 25.0, 23.0, 1.0], [5.0, 1.0, 9.0, 24.0, 27.0, 33.0, 1.0]], "number_hours_required_for_inspection": [0.695380003700867, 0.9096921522108237, 0.6883882871774979, 0.3725520496175374], "number_hours_available_for_inspection": [303, 285, 240], "expected_number_hours_required_for_repair": [1.557849374477164, 1.3817840454225996, 1.4760859713855006, 1.7480182360087064], "number_hours_available_for_repair": [520, 513, 591], "warehouse_capacity_of_facility": [875, 813, 777], "cost_of_inspection": [13.907600074017342, 18.19384304421647, 13.767765743549958, 7.451040992350748], "expected_cost_of_repair": [45.13437104397487, 40.82858426009343, 42.645290681667895, 51.45735831166531], "cost_of_transportation": [152, 89], "holding_cost": [2.8263898152408857, 1.887256977990534, 1.6183490373240914], "rejection_cost": [100.0, 100.0, 100.0, 100.0]}