{"container_types": 4, "number_of_facilities": 2, "container_quality_level": 5, "time_periods": 30, "number_containers_arriving_to_facility_zero": [[185, 102, 206, 138, 223, 224, 192, 226, 218, 291, 147, 233, 214, 176, 199, 187, 200, 150, 223, 168, 206, 158, 207, 295, 192, 249, 155, 279, 120, 238], [299, 158, 100, 129, 194, 229, 163, 262, 167, 230, 227, 244, 224, 184, 270, 211, 135, 187, 186, 156, 247, 131, 289, 218, 151, 229, 235, 279, 243, 197], [161, 278, 170, 296, 116, 155, 221, 220, 198, 165, 169, 279, 190, 217, 207, 149, 249, 236, 186, 172, 162, 130, 251, 280, 220, 135, 110, 208, 243, 149], [293, 234, 183, 237, 230, 249, 281, 253, 166, 161, 278, 147, 236, 258, 222, 292, 102, 166, 272, 204, 136, 226, 223, 152, 196, 117, 188, 294, 239, 207]], "number_unexpected_containers_at_facilities": [[85, 49, 99], [81, 98, 10], [49, 36, 63], [29, 85, 5]], "number_good_quality_containers_at_facilities": [[21, 52, 57], [38, 69, 87], [49, 89, 76], [36, 18, 96]], "containers_demand_for_clients": [[200, 261, 253, 181, 214, 222, 207, 245, 267, 206, 212, 256, 216, 190, 205, 194, 264, 194, 179, 183, 254, 188, 230, 236, 190, 181, 264, 243, 218, 180], [235, 204, 193, 239, 193, 251, 178, 173, 195, 219, 216, 189, 242, 224, 229, 214, 226, 179, 235, 218, 227, 174, 201, 187, 184, 221, 199, 230, 173, 253], [179, 211, 203, 244, 191, 253, 219, 254, 195, 222, 202, 247, 224, 240, 252, 243, 206, 185, 181, 212, 255, 253, 175, 182, 257, 199, 245, 192, 239, 227], [223, 250, 201, 192, 202, 214, 225, 178, 169, 235, 204, 225, 218, 223, 171, 235, 235, 185, 178, 186, 170, 220, 242, 192, 244, 205, 247, 196, 206, 181]], "transportation_capacity": 617, "probability_original_quality_level": [[5.0, 19.0, 1.0, 5.0, 44.0, 22.0, 4.0], [5.0, 24.0, 11.0, 26.0, 8.0, 24.0, 2.0], [9.0, 24.0, 17.0, 27.0, 20.0, 3.0, 0.0], [9.0, 17.0, 25.0, 19.0, 9.0, 17.0, 4.0]], "number_hours_required_for_inspection": [0.6519882157968804, 0.6485744476718435, 0.5017677778346609, 0.8190495450040286], "number_hours_available_for_inspection": [236, 311, 247], "expected_number_hours_required_for_repair": [1.4882574811774367, 1.367269269702403, 1.2159372670159048, 1.2836494583000768], "number_hours_available_for_repair": [423, 388, 512], "warehouse_capacity_of_facility": [831, 858, 933], "cost_of_inspection": [13.039764315937607, 12.97148895343687, 10.035355556693217, 16.380990900080572], "expected_cost_of_repair": [44.00474316746363, 40.21587460994211, 34.88648943791781, 37.23855474135569], "cost_of_transportation": [120, 104], "holding_cost": [2.0934406218390027, 2.3205651037823887, 1.210796223730397], "rejection_cost": [100.0, 100.0, 100.0, 100.0]}