{"container_types": 4, "number_of_facilities": 2, "container_quality_level": 5, "time_periods": 30, "number_containers_arriving_to_facility_zero": [[165, 274, 224, 245, 173, 280, 211, 238, 175, 111, 254, 170, 191, 156, 119, 188, 172, 173, 122, 169, 185, 225, 251, 267, 251, 131, 235, 168, 133, 284], [261, 285, 240, 170, 282, 240, 135, 228, 275, 185, 187, 294, 198, 177, 119, 211, 132, 196, 251, 147, 233, 208, 224, 135, 256, 115, 234, 269, 233, 285], [199, 116, 210, 293, 274, 240, 165, 258, 126, 248, 159, 172, 124, 159, 244, 154, 266, 246, 168, 260, 289, 118, 132, 142, 170, 284, 223, 285, 233, 216], [109, 186, 215, 289, 144, 152, 211, 175, 236, 197, 180, 282, 221, 174, 255, 150, 151, 163, 100, 215, 291, 204, 288, 189, 209, 266, 268, 162, 240, 192]], "number_unexpected_containers_at_facilities": [[21, 51, 57], [66, 42, 4], [7, 74, 42], [89, 52, 94]], "number_good_quality_containers_at_facilities": [[74, 58, 47], [19, 94, 88], [82, 16, 15], [67, 3, 99]], "containers_demand_for_clients": [[238, 218, 217, 207, 249, 208, 225, 202, 231, 185, 203, 211, 191, 255, 217, 193, 183, 211, 179, 186, 201, 248, 213, 246, 220, 208, 191, 178, 180, 246], [177, 193, 216, 246, 236, 214, 217, 207, 169, 188, 200, 212, 175, 247, 239, 192, 174, 239, 221, 206, 182, 201, 244, 242, 244, 168, 243, 184, 177, 223], [193, 211, 228, 251, 256, 200, 180, 266, 212, 255, 254, 219, 262, 256, 248, 255, 263, 180, 260, 209, 192, 201, 252, 216, 250, 244, 229, 186, 194, 230], [199, 243, 203, 206, 214, 244, 227, 242, 170, 254, 246, 226, 223, 208, 208, 223, 192, 209, 199, 249, 215, 182, 226, 210, 247, 228, 176, 203, 242, 174]], "transportation_capacity": 625, "probability_original_quality_level": [[5.0, 13.0, 22.0, 15.0, 23.0, 17.0, 5.0], [10.0, 13.0, 14.0, 35.0, 16.0, 10.0, 2.0], [9.0, 18.0, 21.0, 3.0, 16.0, 31.0, 2.0], [6.0, 7.0, 29.0, 16.0, 18.0, 22.0, 2.0]], "number_hours_required_for_inspection": [0.3861354673187243, 0.9729209934599653, 0.9947885360118266, 0.6214412490752399], "number_hours_available_for_inspection": [294, 343, 303], "expected_number_hours_required_for_repair": [1.4592145084265418, 1.2855675503060857, 1.5344278114710728, 1.538485066847366], "number_hours_available_for_repair": [409, 419, 441], "warehouse_capacity_of_facility": [812, 779, 946], "cost_of_inspection": [7.722709346374486, 19.458419869199307, 19.89577072023653, 12.428824981504798], "expected_cost_of_repair": [42.82840145559745, 37.53591159015049, 44.435453972598644, 45.24348266948517], "cost_of_transportation": [77, 99], "holding_cost": [2.435109249262297, 1.689598731517572, 1.6306775482811806], "rejection_cost": [100.0, 100.0, 100.0, 100.0]}