{"container_types": 4, "number_of_facilities": 2, "container_quality_level": 5, "time_periods": 30, "number_containers_arriving_to_facility_zero": [[272, 283, 164, 294, 277, 281, 184, 143, 157, 190, 130, 291, 183, 137, 202, 133, 182, 103, 208, 189, 183, 295, 111, 298, 171, 193, 111, 126, 233, 147], [292, 119, 218, 146, 157, 269, 272, 142, 167, 160, 236, 181, 252, 265, 123, 218, 292, 286, 157, 287, 260, 235, 191, 107, 265, 173, 205, 112, 142, 158], [288, 264, 216, 123, 259, 299, 298, 126, 238, 270, 133, 208, 219, 150, 164, 194, 119, 109, 168, 206, 138, 252, 251, 229, 299, 169, 291, 200, 231, 162], [190, 125, 101, 206, 269, 251, 124, 230, 284, 211, 159, 280, 202, 232, 222, 122, 105, 185, 146, 164, 106, 200, 189, 287, 114, 289, 178, 209, 137, 119]], "number_unexpected_containers_at_facilities": [[73, 27, 62], [38, 3, 8], [2, 99, 81], [82, 93, 52]], "number_good_quality_containers_at_facilities": [[34, 92, 99], [40, 53, 88], [31, 91, 83], [56, 83, 20]], "containers_demand_for_clients": [[201, 225, 206, 194, 160, 238, 233, 180, 179, 213, 234, 188, 169, 200, 227, 216, 161, 191, 162, 186, 201, 183, 193, 191, 216, 187, 164, 174, 226, 221], [242, 194, 193, 232, 240, 209, 200, 194, 238, 217, 249, 184, 210, 222, 240, 187, 225, 191, 197, 189, 187, 183, 242, 211, 197, 247, 204, 185, 172, 192], [190, 223, 239, 186, 195, 204, 189, 236, 220, 199, 242, 242, 188, 188, 209, 214, 250, 243, 206, 194, 215, 210, 230, 244, 182, 249, 189, 172, 239, 195], [245, 265, 189, 192, 194, 205, 209, 261, 194, 205, 260, 193, 221, 259, 177, 242, 206, 265, 203, 230, 219, 182, 224, 202, 225, 203, 236, 227, 238, 264]], "transportation_capacity": 482, "probability_original_quality_level": [[9.0, 6.0, 6.0, 28.0, 30.0, 20.0, 1.0], [10.0, 16.0, 10.0, 12.0, 37.0, 12.0, 3.0], [10.0, 21.0, 31.0, 19.0, 12.0, 4.0, 3.0], [9.0, 10.0, 20.0, 29.0, 23.0, 4.0, 5.0]], "number_hours_required_for_inspection": [0.38338677716232744, 0.6530101789031318, 0.5053246490830611, 0.8232515915907934], "number_hours_available_for_inspection": [221, 264, 222], "expected_number_hours_required_for_repair": [1.5856630844285433, 1.3563341200776282, 1.2030594796526441, 1.3298490316164202], "number_hours_available_for_repair": [356, 415, 488], "warehouse_capacity_of_facility": [899, 896, 921], "cost_of_inspection": [7.667735543246549, 13.060203578062637, 10.106492981661221, 16.465031831815867], "expected_cost_of_repair": [46.41821049637292, 39.61496241995834, 34.25420765880712, 38.29041356518794], "cost_of_transportation": [90, 105], "holding_cost": [2.3566622316862325, 1.6249124813570641, 1.1967642005471593], "rejection_cost": [100.0, 100.0, 100.0, 100.0]}