{"container_types": 4, "number_of_facilities": 2, "container_quality_level": 5, "time_periods": 30, "number_containers_arriving_to_facility_zero": [[193, 226, 199, 137, 104, 164, 240, 157, 135, 126, 182, 206, 195, 178, 152, 213, 117, 212, 293, 131, 123, 228, 188, 189, 240, 217, 142, 260, 210, 203], [168, 150, 249, 282, 122, 174, 279, 104, 290, 196, 114, 208, 242, 210, 282, 124, 131, 288, 275, 144, 245, 283, 228, 166, 273, 237, 167, 202, 157, 123], [215, 129, 185, 176, 110, 123, 119, 196, 249, 180, 234, 126, 131, 243, 204, 117, 160, 276, 123, 183, 250, 189, 295, 240, 121, 171, 193, 204, 159, 163], [105, 291, 154, 257, 221, 210, 245, 130, 116, 285, 135, 131, 104, 116, 138, 228, 120, 116, 193, 124, 203, 296, 276, 217, 114, 111, 169, 133, 131, 139]], "number_unexpected_containers_at_facilities": [[65, 54, 30], [75, 79, 90], [85, 42, 59], [52, 78, 9]], "number_good_quality_containers_at_facilities": [[88, 10, 52], [44, 84, 64], [37, 19, 7], [97, 97, 90]], "containers_demand_for_clients": [[150, 151, 158, 193, 195, 163, 166, 190, 223, 184, 190, 223, 154, 212, 190, 207, 173, 219, 208, 221, 178, 186, 185, 214, 157, 212, 191, 187, 189, 191], [156, 202, 178, 199, 193, 161, 217, 209, 209, 232, 231, 184, 225, 164, 220, 228, 211, 173, 157, 183, 197, 168, 206, 178, 166, 225, 220, 186, 200, 186], [222, 218, 233, 213, 191, 256, 225, 200, 225, 175, 246, 188, 254, 228, 218, 234, 252, 198, 209, 235, 216, 256, 225, 190, 242, 242, 252, 220, 257, 187], [180, 213, 159, 172, 157, 208, 227, 176, 208, 154, 201, 216, 196, 217, 203, 197, 220, 207, 181, 189, 209, 168, 181, 212, 223, 190, 177, 160, 165, 205]], "transportation_capacity": 573, "probability_original_quality_level": [[5.0, 17.0, 20.0, 6.0, 36.0, 14.0, 2.0], [10.0, 7.0, 0.0, 22.0, 19.0, 40.0, 2.0], [7.0, 37.0, 10.0, 27.0, 13.0, 3.0, 3.0], [5.0, 27.0, 14.0, 6.0, 29.0, 18.0, 1.0]], "number_hours_required_for_inspection": [0.8874944290373087, 0.7798714142433075, 0.9412229029127936, 0.84236650176635], "number_hours_available_for_inspection": [364, 276, 387], "expected_number_hours_required_for_repair": [1.4573220163336975, 1.651532213245411, 1.1301221512330506, 1.3781680854582279], "number_hours_available_for_repair": [500, 484, 496], "warehouse_capacity_of_facility": [740, 792, 860], "cost_of_inspection": [17.749888580746173, 15.597428284866151, 18.82445805825587, 16.847330035326998], "expected_cost_of_repair": [42.999684984934945, 48.173936307756975, 33.128175924964665, 40.50039738369353], "cost_of_transportation": [69, 103], "holding_cost": [2.352561351565199, 1.7150178105741278, 1.60679973564611], "rejection_cost": [100.0, 100.0, 100.0, 100.0]}