{"container_types": 4, "number_of_facilities": 2, "container_quality_level": 5, "time_periods": 30, "number_containers_arriving_to_facility_zero": [[114, 262, 289, 160, 217, 102, 132, 194, 256, 130, 142, 287, 179, 102, 265, 156, 288, 234, 270, 276, 154, 251, 293, 146, 267, 257, 263, 262, 161, 191], [239, 213, 264, 103, 183, 169, 232, 179, 149, 238, 298, 167, 229, 141, 265, 223, 167, 188, 204, 177, 144, 189, 164, 130, 263, 168, 138, 284, 199, 226], [242, 126, 105, 155, 106, 290, 183, 168, 178, 149, 175, 100, 112, 144, 164, 195, 107, 290, 264, 252, 199, 292, 188, 250, 164, 274, 137, 220, 130, 231], [169, 259, 122, 195, 235, 248, 230, 178, 120, 275, 249, 266, 295, 100, 184, 291, 127, 131, 189, 145, 239, 218, 283, 112, 188, 160, 165, 171, 141, 233]], "number_unexpected_containers_at_facilities": [[5, 53, 29], [96, 68, 85], [71, 1, 24], [11, 42, 29]], "number_good_quality_containers_at_facilities": [[1, 64, 42], [54, 33, 64], [12, 17, 32], [87, 39, 18]], "containers_demand_for_clients": [[242, 200, 207, 201, 164, 198, 228, 195, 240, 244, 174, 193, 221, 230, 238, 216, 178, 214, 175, 167, 172, 219, 196, 173, 212, 205, 231, 198, 173, 205], [201, 213, 241, 184, 231, 234, 224, 245, 207, 201, 235, 194, 226, 212, 185, 201, 203, 227, 189, 190, 257, 221, 245, 201, 230, 254, 257, 190, 179, 225], [224, 241, 240, 250, 220, 226, 228, 229, 176, 189, 182, 175, 247, 191, 189, 202, 194, 204, 214, 214, 172, 174, 222, 199, 205, 215, 217, 176, 178, 174], [193, 176, 154, 221, 184, 184, 207, 175, 227, 214, 159, 204, 171, 163, 189, 182, 166, 161, 176, 228, 185, 155, 174, 225, 154, 180, 197, 217, 228, 200]], "transportation_capacity": 461, "probability_original_quality_level": [[7.0, 8.0, 14.0, 31.0, 9.0, 31.0, 0.0], [9.0, 33.0, 29.0, 6.0, 15.0, 6.0, 2.0], [6.0, 24.0, 23.0, 1.0, 22.0, 19.0, 5.0], [5.0, 13.0, 14.0, 23.0, 22.0, 20.0, 3.0]], "number_hours_required_for_inspection": [0.5376235491935034, 0.44661980763790327, 0.5049647305374659, 0.6467499433979742], "number_hours_available_for_inspection": [177, 240, 193], "expected_number_hours_required_for_repair": [1.6110266499687265, 1.1935828021124317, 1.3888484344464727, 1.5092076805611792], "number_hours_available_for_repair": [387, 381, 481], "warehouse_capacity_of_facility": [893, 865, 759], "cost_of_inspection": [10.752470983870069, 8.932396152758065, 10.099294610749318, 12.934998867959484], "expected_cost_of_repair": [47.286333075603544, 34.461576922573364, 40.64806821205951, 44.703441994624875], "cost_of_transportation": [133, 77], "holding_cost": [2.8700670636373564, 2.237730317606292, 1.7413350153242795], "rejection_cost": [100.0, 100.0, 100.0, 100.0]}