{"container_types": 4, "number_of_facilities": 2, "container_quality_level": 5, "time_periods": 30, "number_containers_arriving_to_facility_zero": [[282, 181, 105, 147, 188, 119, 170, 180, 282, 268, 117, 214, 206, 230, 144, 212, 148, 283, 298, 177, 159, 289, 133, 294, 104, 170, 294, 112, 260, 197], [269, 173, 232, 180, 233, 256, 274, 164, 227, 187, 195, 238, 222, 198, 213, 206, 272, 173, 241, 173, 212, 273, 152, 170, 191, 170, 128, 267, 221, 237], [247, 217, 150, 232, 126, 281, 279, 217, 231, 287, 272, 118, 284, 157, 118, 219, 171, 170, 107, 124, 143, 138, 236, 136, 104, 246, 233, 120, 255, 121], [291, 237, 158, 274, 131, 179, 150, 177, 182, 245, 126, 202, 136, 270, 179, 126, 297, 191, 219, 114, 214, 191, 110, 233, 116, 273, 124, 267, 163, 167]], "number_unexpected_containers_at_facilities": [[16, 38, 75], [43, 4, 97], [92, 44, 58], [50, 84, 76]], "number_good_quality_containers_at_facilities": [[39, 39, 33], [43, 65, 45], [52, 40, 11], [74, 53, 83]], "containers_demand_for_clients": [[174, 231, 208, 200, 214, 210, 195, 205, 240, 229, 238, 220, 173, 200, 243, 218, 181, 196, 203, 175, 176, 191, 185, 183, 166, 219, 167, 221, 196, 244], [229, 183, 241, 215, 232, 227, 213, 232, 196, 167, 246, 169, 171, 245, 221, 194, 182, 199, 238, 245, 246, 205, 199, 213, 190, 223, 179, 175, 246, 199], [180, 227, 178, 184, 253, 256, 254, 188, 227, 214, 256, 246, 181, 259, 256, 215, 236, 199, 242, 205, 231, 206, 249, 219, 232, 245, 187, 204, 239, 208], [232, 181, 229, 227, 176, 193, 162, 178, 166, 195, 231, 233, 199, 191, 180, 212, 237, 240, 213, 216, 162, 179, 174, 197, 222, 197, 175, 163, 229, 185]], "transportation_capacity": 506, "probability_original_quality_level": [[5.0, 17.0, 19.0, 19.0, 22.0, 15.0, 3.0], [9.0, 20.0, 22.0, 22.0, 6.0, 16.0, 5.0], [7.0, 22.0, 29.0, 20.0, 14.0, 3.0, 5.0], [7.0, 24.0, 28.0, 15.0, 20.0, 4.0, 2.0]], "number_hours_required_for_inspection": [0.8629464099077305, 0.47621666137133295, 0.49926174678822227, 0.7885997279115793], "number_hours_available_for_inspection": [267, 252, 306], "expected_number_hours_required_for_repair": [1.4564561805956822, 1.3076198476936072, 1.1522399519446729, 1.3067219163332582], "number_hours_available_for_repair": [429, 399, 352], "warehouse_capacity_of_facility": [798, 808, 808], "cost_of_inspection": [17.25892819815461, 9.52433322742666, 9.985234935764446, 15.771994558231587], "expected_cost_of_repair": [42.80827457342734, 38.24195894036685, 33.85057002956154, 38.080536485158056], "cost_of_transportation": [97, 104], "holding_cost": [2.6409471471932955, 2.3424672451936215, 1.8508651704769385], "rejection_cost": [100.0, 100.0, 100.0, 100.0]}