{"container_types": 4, "number_of_facilities": 2, "container_quality_level": 5, "time_periods": 30, "number_containers_arriving_to_facility_zero": [[254, 250, 116, 145, 156, 137, 140, 190, 280, 171, 287, 104, 196, 176, 158, 274, 127, 269, 254, 164, 184, 272, 189, 243, 114, 163, 199, 115, 100, 144], [199, 233, 108, 188, 180, 184, 213, 102, 152, 250, 215, 124, 198, 226, 293, 239, 275, 135, 163, 149, 123, 235, 266, 204, 159, 102, 175, 233, 200, 176], [255, 216, 222, 232, 290, 268, 297, 254, 223, 122, 263, 153, 160, 100, 150, 261, 182, 103, 142, 159, 104, 258, 272, 245, 124, 214, 235, 209, 200, 299], [200, 274, 189, 137, 189, 252, 103, 282, 273, 290, 190, 271, 172, 196, 131, 249, 128, 292, 278, 155, 269, 202, 102, 238, 242, 206, 269, 203, 243, 111]], "number_unexpected_containers_at_facilities": [[64, 36, 66], [56, 6, 97], [1, 83, 66], [88, 21, 43]], "number_good_quality_containers_at_facilities": [[53, 58, 72], [58, 81, 4], [32, 66, 41], [70, 74, 37]], "containers_demand_for_clients": [[256, 218, 214, 260, 240, 264, 214, 222, 198, 184, 180, 210, 182, 227, 242, 232, 200, 199, 192, 203, 256, 193, 237, 259, 199, 236, 214, 250, 189, 234], [229, 173, 192, 200, 227, 159, 188, 205, 208, 222, 224, 186, 174, 205, 177, 188, 231, 162, 232, 196, 187, 207, 158, 198, 213, 208, 207, 201, 208, 178], [237, 215, 199, 169, 183, 227, 218, 234, 227, 215, 229, 175, 202, 189, 167, 218, 214, 234, 228, 206, 227, 225, 213, 172, 205, 188, 203, 184, 194, 187], [175, 182, 186, 194, 173, 237, 189, 250, 225, 230, 173, 246, 237, 253, 223, 183, 180, 203, 223, 254, 177, 206, 180, 178, 247, 228, 242, 256, 222, 174]], "transportation_capacity": 552, "probability_original_quality_level": [[7.0, 20.0, 33.0, 8.0, 20.0, 10.0, 2.0], [9.0, 26.0, 10.0, 0.0, 24.0, 29.0, 2.0], [6.0, 21.0, 25.0, 28.0, 12.0, 3.0, 5.0], [9.0, 20.0, 10.0, 19.0, 21.0, 17.0, 4.0]], "number_hours_required_for_inspection": [0.5646560239557435, 0.7432611263260587, 0.9568025876780912, 0.8868657887588729], "number_hours_available_for_inspection": [367, 320, 331], "expected_number_hours_required_for_repair": [1.2964189373023602, 1.4573022133969942, 1.2066939184023493, 1.3154092788633074], "number_hours_available_for_repair": [450, 467, 473], "warehouse_capacity_of_facility": [767, 899, 799], "cost_of_inspection": [11.29312047911487, 14.865222526521173, 19.136051753561823, 17.737315775177457], "expected_cost_of_repair": [37.74394808242423, 42.06559026368082, 35.317950322926286, 38.52141561526996], "cost_of_transportation": [150, 138], "holding_cost": [2.6132156189476947, 2.4474121644788127, 1.5335321561286808], "rejection_cost": [100.0, 100.0, 100.0, 100.0]}