{"container_types": 4, "number_of_facilities": 2, "container_quality_level": 5, "time_periods": 30, "number_containers_arriving_to_facility_zero": [[280, 269, 189, 222, 104, 175, 194, 108, 244, 194, 297, 293, 159, 159, 163, 240, 137, 241, 291, 178, 259, 226, 130, 233, 223, 119, 114, 163, 276, 223], [281, 132, 183, 195, 235, 267, 205, 123, 287, 264, 224, 261, 141, 260, 108, 210, 262, 199, 144, 286, 126, 123, 248, 170, 148, 290, 143, 217, 121, 236], [235, 290, 252, 114, 253, 243, 195, 125, 209, 291, 204, 178, 241, 250, 295, 112, 265, 118, 252, 122, 156, 291, 187, 114, 214, 253, 193, 115, 170, 155], [228, 270, 275, 119, 176, 100, 125, 147, 219, 133, 228, 113, 162, 248, 104, 142, 277, 140, 292, 121, 167, 165, 278, 114, 114, 294, 151, 253, 219, 214]], "number_unexpected_containers_at_facilities": [[54, 5, 58], [97, 70, 67], [56, 98, 91], [87, 54, 14]], "number_good_quality_containers_at_facilities": [[8, 37, 74], [53, 24, 37], [20, 90, 33], [72, 24, 26]], "containers_demand_for_clients": [[229, 162, 233, 229, 202, 168, 165, 228, 201, 214, 158, 212, 226, 189, 193, 178, 158, 213, 171, 187, 206, 181, 186, 169, 170, 159, 229, 160, 215, 197], [177, 203, 172, 212, 230, 237, 216, 178, 179, 223, 229, 191, 169, 181, 220, 182, 242, 236, 187, 171, 250, 249, 212, 240, 170, 200, 199, 199, 198, 245], [229, 207, 244, 254, 179, 250, 231, 226, 197, 226, 193, 209, 234, 213, 224, 202, 197, 200, 217, 224, 223, 177, 226, 234, 182, 191, 210, 196, 207, 245], [176, 217, 214, 238, 187, 203, 185, 182, 189, 219, 229, 175, 206, 253, 235, 221, 203, 257, 222, 243, 227, 191, 196, 253, 182, 253, 235, 255, 202, 190]], "transportation_capacity": 561, "probability_original_quality_level": [[6.0, 13.0, 15.0, 24.0, 25.0, 13.0, 4.0], [8.0, 25.0, 20.0, 27.0, 5.0, 10.0, 5.0], [7.0, 7.0, 34.0, 16.0, 14.0, 18.0, 4.0], [9.0, 19.0, 28.0, 14.0, 21.0, 9.0, 0.0]], "number_hours_required_for_inspection": [0.6836513933447101, 0.5719900501047567, 0.40549636798855, 0.9126741462169474], "number_hours_available_for_inspection": [245, 262, 231], "expected_number_hours_required_for_repair": [1.3606264090231253, 1.2537964635629977, 1.4490164095745306, 1.305502315971232], "number_hours_available_for_repair": [364, 345, 331], "warehouse_capacity_of_facility": [776, 902, 779], "cost_of_inspection": [13.673027866894202, 11.439801002095134, 8.109927359771, 18.253482924338947], "expected_cost_of_repair": [40.04158643832862, 36.170437007638974, 42.14481067472976, 37.730491135964684], "cost_of_transportation": [127, 135], "holding_cost": [2.4941446860397103, 1.7848311398304288, 1.2424291495741517], "rejection_cost": [100.0, 100.0, 100.0, 100.0]}