{"container_types": 4, "number_of_facilities": 2, "container_quality_level": 5, "time_periods": 30, "number_containers_arriving_to_facility_zero": [[218, 127, 282, 147, 280, 233, 186, 265, 143, 111, 209, 202, 113, 222, 102, 112, 160, 231, 148, 151, 183, 265, 247, 285, 298, 139, 212, 241, 147, 148], [144, 248, 189, 150, 225, 230, 116, 257, 199, 229, 278, 157, 299, 173, 228, 266, 215, 274, 130, 185, 295, 172, 179, 185, 236, 189, 200, 149, 128, 125], [192, 247, 228, 152, 243, 227, 236, 192, 159, 111, 213, 224, 102, 110, 259, 165, 179, 231, 277, 264, 109, 115, 188, 264, 258, 277, 270, 124, 177, 109], [239, 295, 152, 282, 213, 100, 281, 284, 242, 159, 164, 190, 188, 147, 122, 215, 228, 130, 257, 243, 292, 211, 299, 110, 132, 224, 279, 135, 165, 252]], "number_unexpected_containers_at_facilities": [[31, 9, 71], [9, 23, 26], [4, 61, 31], [41, 41, 16]], "number_good_quality_containers_at_facilities": [[94, 73, 4], [83, 18, 98], [24, 20, 80], [35, 81, 17]], "containers_demand_for_clients": [[192, 216, 232, 175, 190, 251, 194, 186, 189, 218, 243, 212, 254, 211, 198, 251, 203, 252, 250, 244, 188, 256, 223, 230, 248, 209, 244, 228, 249, 240], [209, 220, 234, 227, 193, 203, 229, 196, 170, 194, 221, 237, 207, 194, 203, 229, 235, 215, 196, 235, 229, 221, 199, 217, 167, 193, 220, 195, 191, 238], [169, 242, 240, 208, 232, 249, 170, 168, 179, 233, 248, 218, 188, 175, 169, 246, 206, 176, 234, 205, 218, 243, 195, 211, 236, 237, 220, 225, 190, 195], [206, 183, 224, 235, 189, 163, 183, 219, 216, 190, 226, 217, 225, 229, 232, 227, 172, 165, 172, 185, 169, 204, 178, 243, 226, 226, 190, 180, 172, 170]], "transportation_capacity": 528, "probability_original_quality_level": [[9.0, 22.0, 21.0, 14.0, 9.0, 21.0, 4.0], [9.0, 1.0, 18.0, 8.0, 29.0, 34.0, 1.0], [8.0, 8.0, 14.0, 7.0, 27.0, 33.0, 3.0], [7.0, 7.0, 8.0, 9.0, 36.0, 31.0, 2.0]], "number_hours_required_for_inspection": [0.7545586085961388, 0.6664805368559679, 0.7980287021206891, 0.5379909435607412], "number_hours_available_for_inspection": [281, 255, 297], "expected_number_hours_required_for_repair": [1.3180339786179252, 1.6754005415736442, 1.5566381787896761, 1.6408892394446741], "number_hours_available_for_repair": [443, 420, 470], "warehouse_capacity_of_facility": [828, 876, 773], "cost_of_inspection": [15.091172171922775, 13.329610737119356, 15.960574042413782, 10.759818871214824], "expected_cost_of_repair": [37.92835080041802, 48.8209027096066, 45.295483900250126, 48.52617791386314], "cost_of_transportation": [134, 148], "holding_cost": [2.3561828579181627, 2.4449589298448475, 1.8902984380976458], "rejection_cost": [100.0, 100.0, 100.0, 100.0]}