{"container_types": 4, "number_of_facilities": 2, "container_quality_level": 5, "time_periods": 30, "number_containers_arriving_to_facility_zero": [[232, 230, 121, 173, 255, 130, 232, 288, 262, 167, 112, 232, 272, 205, 271, 278, 241, 255, 204, 245, 231, 150, 244, 239, 247, 167, 295, 165, 260, 145], [296, 184, 294, 142, 113, 175, 291, 273, 163, 238, 200, 169, 173, 183, 251, 296, 236, 292, 164, 177, 196, 157, 230, 214, 162, 271, 109, 212, 285, 152], [103, 283, 131, 169, 181, 132, 131, 162, 107, 284, 196, 170, 218, 265, 297, 130, 104, 110, 185, 129, 287, 131, 131, 101, 196, 148, 193, 156, 189, 292], [261, 264, 218, 288, 211, 133, 246, 232, 298, 170, 103, 269, 137, 116, 196, 122, 102, 191, 243, 172, 138, 176, 136, 163, 180, 157, 230, 157, 200, 237]], "number_unexpected_containers_at_facilities": [[61, 51, 99], [32, 35, 5], [90, 74, 15], [77, 35, 39]], "number_good_quality_containers_at_facilities": [[60, 19, 26], [72, 21, 90], [41, 40, 17], [2, 60, 59]], "containers_demand_for_clients": [[183, 227, 230, 194, 172, 168, 227, 229, 234, 218, 164, 184, 173, 233, 203, 181, 213, 172, 229, 232, 224, 211, 188, 171, 181, 164, 185, 200, 234, 223], [235, 199, 200, 234, 248, 219, 240, 251, 215, 236, 270, 225, 228, 185, 222, 211, 251, 271, 257, 258, 224, 227, 183, 215, 219, 188, 243, 210, 240, 201], [253, 185, 182, 189, 232, 220, 198, 183, 257, 182, 226, 258, 244, 202, 189, 212, 259, 182, 247, 197, 243, 240, 200, 252, 177, 200, 199, 234, 243, 228], [204, 187, 204, 149, 157, 163, 151, 196, 163, 164, 167, 167, 184, 171, 169, 220, 159, 192, 204, 220, 183, 165, 156, 174, 206, 156, 204, 210, 183, 172]], "transportation_capacity": 580, "probability_original_quality_level": [[8.0, 25.0, 21.0, 15.0, 21.0, 9.0, 1.0], [8.0, 13.0, 27.0, 18.0, 20.0, 12.0, 2.0], [9.0, 30.0, 13.0, 19.0, 18.0, 9.0, 2.0], [10.0, 20.0, 3.0, 20.0, 25.0, 17.0, 5.0]], "number_hours_required_for_inspection": [0.9406920026843174, 0.8264443574369716, 0.9291490155864313, 0.4827803600956709], "number_hours_available_for_inspection": [296, 308, 282], "expected_number_hours_required_for_repair": [1.3214535680253798, 1.3374607852866356, 1.2848307759572535, 1.3933090870469655], "number_hours_available_for_repair": [345, 501, 402], "warehouse_capacity_of_facility": [849, 770, 874], "cost_of_inspection": [18.81384005368635, 16.528887148739432, 18.582980311728626, 9.655607201913417], "expected_cost_of_repair": [38.695386731302385, 39.02163755570361, 36.97510972725272, 39.843209607115085], "cost_of_transportation": [95, 122], "holding_cost": [2.6651577255806544, 1.8535091330746096, 1.8902424461771976], "rejection_cost": [100.0, 100.0, 100.0, 100.0]}