{"container_types": 4, "number_of_facilities": 2, "container_quality_level": 5, "time_periods": 30, "number_containers_arriving_to_facility_zero": [[234, 150, 233, 145, 145, 180, 279, 122, 212, 126, 148, 292, 252, 150, 113, 267, 150, 284, 226, 140, 158, 244, 163, 200, 199, 148, 128, 251, 256, 121], [264, 182, 279, 264, 273, 247, 147, 100, 183, 217, 128, 169, 292, 102, 225, 120, 249, 184, 287, 124, 161, 158, 271, 202, 148, 255, 177, 186, 233, 112], [128, 125, 157, 236, 239, 155, 130, 122, 231, 233, 208, 126, 157, 218, 281, 289, 167, 294, 249, 203, 179, 173, 293, 149, 230, 130, 265, 189, 138, 242], [123, 114, 283, 113, 101, 107, 285, 119, 136, 176, 287, 100, 229, 121, 159, 170, 206, 215, 286, 165, 269, 252, 223, 289, 252, 113, 285, 135, 204, 142]], "number_unexpected_containers_at_facilities": [[87, 18, 0], [16, 14, 85], [49, 35, 95], [59, 88, 71]], "number_good_quality_containers_at_facilities": [[35, 35, 73], [33, 78, 73], [22, 43, 11], [50, 62, 61]], "containers_demand_for_clients": [[178, 210, 222, 213, 211, 181, 241, 232, 208, 239, 161, 213, 211, 193, 186, 240, 224, 230, 214, 168, 227, 208, 220, 176, 237, 238, 203, 175, 226, 194], [201, 172, 192, 188, 216, 228, 232, 230, 229, 194, 220, 227, 174, 172, 233, 227, 161, 181, 198, 236, 178, 235, 206, 212, 163, 187, 227, 173, 207, 204], [228, 245, 204, 167, 197, 209, 246, 222, 234, 245, 175, 180, 218, 182, 195, 241, 184, 243, 226, 229, 238, 169, 206, 219, 235, 244, 239, 176, 191, 228], [183, 235, 242, 219, 174, 235, 232, 210, 208, 189, 200, 187, 190, 175, 188, 187, 219, 194, 243, 179, 211, 205, 235, 186, 190, 184, 167, 199, 217, 206]], "transportation_capacity": 572, "probability_original_quality_level": [[10.0, 4.0, 11.0, 20.0, 30.0, 23.0, 2.0], [7.0, 31.0, 15.0, 30.0, 6.0, 6.0, 5.0], [8.0, 15.0, 34.0, 17.0, 13.0, 11.0, 2.0], [9.0, 23.0, 25.0, 20.0, 5.0, 18.0, 0.0]], "number_hours_required_for_inspection": [0.5840090390714159, 0.7621555011761508, 0.6687587709994749, 0.4306084053130358], "number_hours_available_for_inspection": [228, 221, 213], "expected_number_hours_required_for_repair": [1.5897530293515043, 1.2624117476017593, 1.372492926685448, 1.325414276474638], "number_hours_available_for_repair": [340, 337, 374], "warehouse_capacity_of_facility": [783, 876, 804], "cost_of_inspection": [11.680180781428318, 15.243110023523016, 13.375175419989498, 8.612168106260716], "expected_cost_of_repair": [46.373495010173684, 36.843145418572696, 39.80733723627307, 38.671217322185235], "cost_of_transportation": [67, 72], "holding_cost": [2.80606112525444, 2.402535772171215, 1.490975573782281], "rejection_cost": [100.0, 100.0, 100.0, 100.0]}