{"container_types": 4, "number_of_facilities": 2, "container_quality_level": 5, "time_periods": 30, "number_containers_arriving_to_facility_zero": [[210, 175, 280, 160, 223, 248, 177, 182, 216, 289, 109, 123, 107, 124, 164, 265, 102, 163, 285, 107, 295, 276, 120, 114, 232, 270, 140, 114, 222, 157], [213, 194, 292, 237, 193, 296, 243, 183, 237, 237, 149, 225, 187, 149, 279, 109, 184, 161, 202, 109, 258, 192, 199, 128, 241, 248, 204, 281, 209, 208], [107, 299, 144, 204, 269, 177, 260, 120, 146, 134, 161, 109, 103, 288, 112, 273, 262, 275, 240, 142, 277, 165, 181, 216, 278, 260, 223, 194, 190, 240], [109, 281, 130, 217, 194, 215, 153, 207, 154, 123, 132, 126, 282, 130, 174, 224, 187, 271, 239, 246, 271, 241, 257, 266, 191, 270, 226, 267, 216, 225]], "number_unexpected_containers_at_facilities": [[92, 11, 1], [48, 42, 16], [91, 65, 62], [23, 13, 21]], "number_good_quality_containers_at_facilities": [[93, 38, 45], [68, 55, 43], [13, 30, 90], [17, 77, 4]], "containers_demand_for_clients": [[176, 204, 203, 173, 170, 223, 240, 196, 180, 198, 199, 191, 249, 182, 225, 176, 228, 253, 207, 234, 189, 243, 207, 248, 233, 217, 202, 182, 250, 229], [213, 211, 172, 202, 195, 218, 213, 169, 202, 215, 158, 203, 213, 165, 180, 228, 164, 225, 236, 188, 198, 162, 192, 201, 228, 186, 200, 228, 218, 173], [215, 203, 244, 179, 256, 256, 190, 179, 251, 243, 189, 175, 227, 208, 181, 248, 232, 254, 224, 174, 229, 234, 230, 177, 202, 230, 237, 197, 247, 216], [220, 231, 233, 206, 254, 251, 217, 237, 173, 199, 209, 214, 234, 174, 253, 232, 192, 207, 196, 226, 179, 199, 247, 172, 196, 252, 199, 219, 173, 187]], "transportation_capacity": 619, "probability_original_quality_level": [[9.0, 29.0, 8.0, 21.0, 19.0, 12.0, 2.0], [9.0, 46.0, 24.0, 0.0, 7.0, 14.0, 0.0], [5.0, 27.0, 9.0, 43.0, 7.0, 9.0, 0.0], [10.0, 37.0, 23.0, 21.0, 1.0, 5.0, 3.0]], "number_hours_required_for_inspection": [0.755364306313622, 0.7120617788329798, 0.9986429257354453, 0.5202952959803216], "number_hours_available_for_inspection": [261, 259, 317], "expected_number_hours_required_for_repair": [1.316241771395313, 1.1982652141095986, 1.22400073077135, 1.1517858458703396], "number_hours_available_for_repair": [403, 305, 406], "warehouse_capacity_of_facility": [765, 755, 812], "cost_of_inspection": [15.107286126272438, 14.241235576659596, 19.972858514708907, 10.405905919606433], "expected_cost_of_repair": [37.975774005474214, 34.543625359877176, 36.17945390087919, 32.92576503854273], "cost_of_transportation": [60, 108], "holding_cost": [2.29194068200142, 2.43374148363771, 1.96898123216961], "rejection_cost": [100.0, 100.0, 100.0, 100.0]}