{"container_types": 4, "number_of_facilities": 2, "container_quality_level": 5, "time_periods": 30, "number_containers_arriving_to_facility_zero": [[177, 129, 215, 209, 153, 241, 206, 176, 211, 227, 166, 253, 167, 217, 118, 228, 154, 290, 195, 194, 153, 163, 134, 144, 241, 119, 199, 219, 105, 215], [139, 245, 279, 157, 262, 182, 131, 222, 219, 268, 166, 240, 241, 236, 190, 204, 218, 220, 260, 293, 265, 168, 295, 251, 232, 174, 200, 148, 174, 230], [172, 204, 118, 121, 256, 188, 267, 218, 292, 228, 166, 156, 280, 157, 179, 217, 258, 152, 291, 196, 252, 119, 153, 223, 215, 198, 295, 227, 124, 148], [169, 209, 245, 168, 130, 115, 200, 293, 293, 247, 122, 250, 155, 139, 218, 275, 182, 241, 157, 139, 178, 137, 240, 226, 292, 245, 284, 116, 272, 164]], "number_unexpected_containers_at_facilities": [[91, 91, 59], [97, 60, 50], [56, 12, 95], [34, 15, 6]], "number_good_quality_containers_at_facilities": [[39, 16, 83], [58, 27, 7], [13, 49, 58], [62, 29, 66]], "containers_demand_for_clients": [[224, 200, 246, 210, 185, 234, 216, 202, 221, 176, 228, 174, 243, 194, 188, 219, 202, 240, 203, 169, 187, 219, 198, 195, 186, 189, 237, 182, 247, 225], [183, 203, 235, 193, 170, 167, 216, 231, 175, 207, 170, 169, 175, 200, 233, 203, 199, 237, 194, 208, 186, 163, 198, 225, 216, 176, 207, 177, 198, 188], [264, 236, 269, 267, 253, 216, 191, 240, 214, 262, 197, 257, 264, 188, 255, 247, 222, 185, 210, 216, 221, 267, 228, 198, 231, 254, 228, 188, 212, 233], [213, 178, 226, 223, 211, 175, 213, 246, 189, 238, 176, 194, 169, 226, 194, 213, 227, 214, 195, 227, 240, 171, 195, 176, 227, 192, 180, 249, 219, 240]], "transportation_capacity": 577, "probability_original_quality_level": [[10.0, 15.0, 3.0, 29.0, 20.0, 23.0, 0.0], [10.0, 18.0, 21.0, 8.0, 19.0, 20.0, 4.0], [9.0, 6.0, 28.0, 35.0, 5.0, 17.0, 0.0], [6.0, 9.0, 18.0, 36.0, 16.0, 12.0, 3.0]], "number_hours_required_for_inspection": [0.8080658411507969, 0.6699564490925544, 0.6153988072684907, 0.6219854730180799], "number_hours_available_for_inspection": [242, 273, 283], "expected_number_hours_required_for_repair": [1.5833998216169272, 1.344387865168731, 1.4218823327369916, 1.3837766319713187], "number_hours_available_for_repair": [378, 439, 524], "warehouse_capacity_of_facility": [813, 832, 888], "cost_of_inspection": [16.161316823015937, 13.399128981851087, 12.307976145369814, 12.439709460361598], "expected_cost_of_repair": [45.77696691098815, 38.881186713952644, 41.57778182112003, 40.79912941571161], "cost_of_transportation": [100, 70], "holding_cost": [2.775299052612131, 1.96207708532679, 1.15911707889894], "rejection_cost": [100.0, 100.0, 100.0, 100.0]}