{"container_types": 4, "number_of_facilities": 2, "container_quality_level": 5, "time_periods": 30, "number_containers_arriving_to_facility_zero": [[129, 109, 218, 185, 232, 124, 264, 107, 297, 152, 191, 224, 299, 114, 293, 131, 297, 298, 183, 283, 188, 123, 159, 278, 157, 274, 276, 171, 298, 285], [232, 112, 210, 213, 216, 259, 209, 115, 176, 244, 206, 265, 100, 245, 170, 264, 223, 126, 219, 297, 124, 123, 232, 281, 112, 206, 168, 115, 285, 276], [108, 112, 143, 257, 215, 276, 122, 176, 153, 242, 102, 119, 147, 107, 139, 193, 108, 141, 272, 296, 237, 139, 230, 257, 164, 253, 219, 288, 189, 158], [273, 265, 230, 152, 234, 179, 144, 266, 109, 127, 227, 181, 247, 293, 277, 299, 131, 298, 127, 175, 126, 227, 195, 208, 299, 141, 251, 154, 214, 214]], "number_unexpected_containers_at_facilities": [[19, 6, 33], [89, 73, 89], [54, 10, 68], [21, 32, 47]], "number_good_quality_containers_at_facilities": [[14, 9, 89], [42, 25, 44], [16, 87, 47], [82, 68, 86]], "containers_demand_for_clients": [[225, 216, 233, 202, 175, 201, 192, 242, 185, 208, 181, 226, 207, 236, 204, 224, 252, 240, 185, 190, 232, 182, 191, 237, 177, 231, 176, 186, 260, 212], [236, 223, 221, 217, 206, 250, 176, 209, 208, 224, 242, 228, 206, 235, 207, 228, 195, 190, 187, 211, 181, 194, 177, 215, 196, 231, 209, 230, 223, 200], [239, 225, 192, 221, 189, 199, 178, 219, 248, 175, 214, 179, 178, 182, 189, 172, 250, 197, 225, 208, 189, 204, 203, 213, 214, 232, 178, 182, 210, 182], [185, 163, 166, 228, 182, 231, 187, 161, 189, 176, 202, 229, 191, 215, 169, 183, 194, 193, 158, 225, 212, 214, 192, 227, 209, 216, 221, 205, 188, 197]], "transportation_capacity": 469, "probability_original_quality_level": [[5.0, 29.0, 13.0, 25.0, 6.0, 22.0, 0.0], [6.0, 29.0, 15.0, 25.0, 10.0, 13.0, 2.0], [9.0, 0.0, 26.0, 35.0, 11.0, 14.0, 5.0], [6.0, 24.0, 10.0, 13.0, 18.0, 25.0, 4.0]], "number_hours_required_for_inspection": [0.7912081978748589, 0.6116438313061514, 0.9595079489069569, 0.4361891269783819], "number_hours_available_for_inspection": [344, 280, 339], "expected_number_hours_required_for_repair": [1.3487710179844965, 1.252249405252337, 1.3256520967082162, 1.3226854340808012], "number_hours_available_for_repair": [488, 498, 364], "warehouse_capacity_of_facility": [879, 813, 792], "cost_of_inspection": [15.824163957497177, 12.232876626123028, 19.190158978139138, 8.723782539567638], "expected_cost_of_repair": [39.48768377510688, 36.70130992300912, 38.725121977366946, 38.60374663118551], "cost_of_transportation": [158, 115], "holding_cost": [2.2496695592168567, 1.9298975979303756, 1.2913945951899262], "rejection_cost": [100.0, 100.0, 100.0, 100.0]}