{"container_types": 4, "number_of_facilities": 2, "container_quality_level": 5, "time_periods": 30, "number_containers_arriving_to_facility_zero": [[175, 280, 163, 268, 134, 288, 159, 250, 253, 230, 269, 220, 245, 222, 283, 282, 218, 250, 230, 254, 254, 174, 167, 116, 197, 123, 222, 200, 169, 186], [172, 164, 222, 180, 259, 283, 165, 156, 198, 224, 285, 262, 104, 169, 251, 144, 225, 123, 246, 126, 198, 115, 231, 272, 123, 194, 221, 187, 243, 122], [171, 147, 107, 228, 235, 284, 299, 154, 110, 117, 289, 264, 113, 248, 292, 120, 202, 177, 172, 195, 164, 180, 184, 143, 126, 177, 132, 211, 248, 245], [161, 102, 228, 217, 134, 162, 296, 206, 105, 189, 188, 237, 252, 277, 130, 205, 141, 192, 190, 230, 176, 257, 253, 258, 219, 256, 149, 121, 264, 268]], "number_unexpected_containers_at_facilities": [[24, 46, 16], [87, 58, 15], [88, 77, 40], [49, 64, 2]], "number_good_quality_containers_at_facilities": [[72, 33, 21], [33, 88, 92], [3, 15, 50], [99, 88, 15]], "containers_demand_for_clients": [[253, 237, 217, 224, 176, 212, 169, 232, 253, 216, 197, 178, 183, 206, 226, 201, 175, 238, 222, 220, 237, 219, 172, 179, 172, 236, 191, 244, 220, 212], [196, 223, 227, 180, 236, 241, 244, 196, 213, 185, 212, 191, 244, 207, 267, 211, 240, 235, 263, 256, 253, 264, 243, 182, 226, 214, 179, 262, 209, 258], [240, 191, 177, 212, 183, 173, 187, 182, 234, 224, 180, 185, 245, 232, 239, 168, 226, 234, 179, 218, 244, 186, 211, 191, 221, 214, 210, 207, 170, 188], [180, 230, 221, 178, 216, 211, 204, 226, 218, 235, 221, 207, 171, 165, 237, 200, 196, 239, 178, 188, 229, 194, 162, 205, 221, 175, 165, 196, 210, 209]], "transportation_capacity": 527, "probability_original_quality_level": [[8.0, 6.0, 1.0, 21.0, 29.0, 30.0, 5.0], [6.0, 4.0, 6.0, 49.0, 8.0, 24.0, 3.0], [10.0, 8.0, 21.0, 18.0, 27.0, 16.0, 0.0], [8.0, 10.0, 25.0, 11.0, 20.0, 24.0, 2.0]], "number_hours_required_for_inspection": [0.7609148825101576, 0.9289991980986269, 0.6034243509402765, 0.46602535742015666], "number_hours_available_for_inspection": [335, 337, 300], "expected_number_hours_required_for_repair": [1.6085753810767833, 1.5841950919735772, 1.5120758749141197, 1.515380069323392], "number_hours_available_for_repair": [414, 521, 526], "warehouse_capacity_of_facility": [783, 890, 905], "cost_of_inspection": [15.218297650203152, 18.579983961972538, 12.068487018805529, 9.320507148403133], "expected_cost_of_repair": [46.85629861094702, 46.745950522685725, 43.58562670260235, 44.0827925341803], "cost_of_transportation": [128, 158], "holding_cost": [2.1049095303988743, 1.934021226423841, 1.6235914313010569], "rejection_cost": [100.0, 100.0, 100.0, 100.0]}