{"container_types": 4, "number_of_facilities": 2, "container_quality_level": 5, "time_periods": 7, "number_containers_arriving_to_facility_zero": [[257, 247, 181, 140, 173, 266, 217], [115, 297, 223, 282, 238, 170, 136], [265, 212, 261, 110, 224, 248, 274], [113, 277, 107, 171, 174, 275, 279]], "number_unexpected_containers_at_facilities": [[45, 42, 74], [92, 2, 76], [27, 84, 32], [44, 59, 63]], "number_good_quality_containers_at_facilities": [[90, 7, 2], [56, 40, 98], [72, 36, 91], [92, 52, 9]], "containers_demand_for_clients": [[288, 196, 274, 263, 267, 212, 223], [241, 270, 260, 290, 243, 253, 249], [215, 296, 237, 254, 236, 219, 239], [277, 267, 305, 266, 229, 267, 270]], "transportation_capacity": 713, "probability_original_quality_level": [[7.0, 1.0, 39.0, 25.0, 21.0, 4.0, 3.0], [7.0, 11.0, 7.0, 35.0, 7.0, 33.0, 0.0], [5.0, 22.0, 26.0, 3.0, 16.0, 25.0, 3.0], [10.0, 29.0, 15.0, 25.0, 0.0, 20.0, 1.0]], "number_hours_required_for_inspection": [0.8306289862399178, 0.6661926355897443, 0.5263867440911105, 0.8029580927559472], "number_hours_available_for_inspection": [356, 356, 304], "expected_number_hours_required_for_repair": [1.3346537900793813, 1.5406192487920174, 1.336647580828984, 1.3296092029680864], "number_hours_available_for_repair": [671, 652, 528], "warehouse_capacity_of_facility": [1094, 931, 961], "cost_of_inspection": [16.612579724798355, 13.323852711794885, 10.52773488182221, 16.059161855118944], "expected_cost_of_repair": [39.12229221595972, 45.509578708706485, 39.400693550946315, 38.53300028949275], "cost_of_transportation": [142, 106], "holding_cost": [2.6760580493556057, 2.3912177532597787, 1.363309510956979], "rejection_cost": [864534.0, 864534.0, 864534.0, 864534.0]}