{"container_types": 4, "number_of_facilities": 2, "container_quality_level": 5, "time_periods": 7, "number_containers_arriving_to_facility_zero": [[224, 256, 191, 221, 259, 183, 125], [169, 175, 157, 223, 118, 233, 247], [209, 182, 153, 260, 109, 227, 132], [293, 104, 268, 248, 219, 220, 106]], "number_unexpected_containers_at_facilities": [[10, 79, 38], [71, 10, 16], [76, 31, 97], [62, 48, 17]], "number_good_quality_containers_at_facilities": [[7, 70, 79], [83, 85, 11], [5, 42, 4], [80, 9, 28]], "containers_demand_for_clients": [[245, 213, 240, 214, 262, 204, 244], [238, 278, 225, 211, 223, 229, 227], [251, 260, 185, 197, 267, 244, 186], [217, 221, 245, 231, 238, 259, 211]], "transportation_capacity": 637, "probability_original_quality_level": [[7.0, 47.0, 33.0, 1.0, 3.0, 6.0, 3.0], [5.0, 25.0, 16.0, 22.0, 10.0, 21.0, 1.0], [7.0, 21.0, 16.0, 14.0, 18.0, 20.0, 4.0], [6.0, 22.0, 23.0, 24.0, 0.0, 20.0, 5.0]], "number_hours_required_for_inspection": [0.864673796089846, 0.7018339955971199, 0.8444040205842082, 0.5509469819994864], "number_hours_available_for_inspection": [279, 307, 294], "expected_number_hours_required_for_repair": [0.9600971645119343, 1.4003177226782588, 1.437283523669468, 1.2890104570844898], "number_hours_available_for_repair": [505, 488, 523], "warehouse_capacity_of_facility": [877, 982, 1016], "cost_of_inspection": [17.29347592179692, 14.036679911942398, 16.888080411684165, 11.018939639989728], "expected_cost_of_repair": [27.41593045449935, 41.251846760557015, 42.16729608522819, 37.53556452924995], "cost_of_transportation": [118, 166], "holding_cost": [2.5711061693970536, 2.413184801525053, 1.4541704983852861], "rejection_cost": [885108.0, 885108.0, 885108.0, 885108.0]}