{"container_types": 4, "number_of_facilities": 2, "container_quality_level": 5, "time_periods": 7, "number_containers_arriving_to_facility_zero": [[122, 136, 279, 223, 182, 136, 279], [167, 259, 199, 258, 117, 233, 103], [287, 172, 244, 184, 230, 170, 267], [189, 196, 171, 171, 148, 169, 176]], "number_unexpected_containers_at_facilities": [[71, 60, 58], [75, 95, 69], [42, 45, 82], [22, 57, 27]], "number_good_quality_containers_at_facilities": [[4, 0, 57], [93, 17, 68], [46, 86, 40], [56, 38, 66]], "containers_demand_for_clients": [[233, 238, 235, 187, 235, 183, 171], [248, 237, 239, 192, 269, 219, 189], [240, 212, 274, 259, 206, 279, 215], [222, 234, 265, 251, 308, 263, 220]], "transportation_capacity": 521, "probability_original_quality_level": [[9.0, 15.0, 9.0, 40.0, 16.0, 7.0, 4.0], [6.0, 1.0, 21.0, 32.0, 19.0, 20.0, 1.0], [8.0, 10.0, 18.0, 34.0, 17.0, 13.0, 0.0], [7.0, 14.0, 41.0, 5.0, 27.0, 2.0, 4.0]], "number_hours_required_for_inspection": [0.8294252794266119, 0.8309143474609556, 0.9675091490807131, 0.7919722082219742], "number_hours_available_for_inspection": [484, 491, 415], "expected_number_hours_required_for_repair": [1.3048546704635657, 1.5281853100597294, 1.39470899920931, 1.2706268994349075], "number_hours_available_for_repair": [507, 479, 570], "warehouse_capacity_of_facility": [999, 1041, 963], "cost_of_inspection": [16.58850558853224, 16.61828694921911, 19.35018298161426, 15.839444164439485], "expected_cost_of_repair": [37.6431059180879, 45.15260723303966, 40.874059988696516, 37.332748958109086], "cost_of_transportation": [138, 153], "holding_cost": [2.6877573318839376, 2.4177590170185654, 1.7496483150939128], "rejection_cost": [723237.0, 723237.0, 723237.0, 723237.0]}