{"container_types": 4, "number_of_facilities": 2, "container_quality_level": 5, "time_periods": 7, "number_containers_arriving_to_facility_zero": [[288, 292, 269, 258, 229, 182, 120], [273, 213, 258, 241, 174, 109, 257], [131, 109, 144, 218, 298, 141, 217], [258, 266, 269, 273, 195, 247, 286]], "number_unexpected_containers_at_facilities": [[54, 51, 91], [85, 55, 55], [9, 90, 72], [21, 8, 15]], "number_good_quality_containers_at_facilities": [[13, 84, 62], [20, 39, 49], [45, 29, 21], [76, 98, 58]], "containers_demand_for_clients": [[282, 315, 309, 314, 277, 268, 264], [338, 299, 280, 337, 294, 288, 309], [259, 249, 226, 273, 246, 300, 223], [209, 251, 175, 216, 179, 224, 213]], "transportation_capacity": 629, "probability_original_quality_level": [[7.0, 22.0, 44.0, 13.0, 5.0, 8.0, 1.0], [7.0, 25.0, 17.0, 9.0, 19.0, 21.0, 2.0], [10.0, 15.0, 28.0, 0.0, 27.0, 20.0, 0.0], [9.0, 17.0, 14.0, 19.0, 16.0, 25.0, 0.0]], "number_hours_required_for_inspection": [0.718215727081808, 0.8385460842085545, 0.7370905677233884, 0.7704621718417445], "number_hours_available_for_inspection": [324, 375, 347], "expected_number_hours_required_for_repair": [1.143807703649939, 1.307372345175339, 1.5359428488563904, 1.5147453021213366], "number_hours_available_for_repair": [450, 533, 580], "warehouse_capacity_of_facility": [1117, 1092, 1129], "cost_of_inspection": [14.36431454163616, 16.77092168417109, 14.74181135446777, 15.40924343683489], "expected_cost_of_repair": [33.355291404015595, 38.45132714850095, 44.25297364465083, 44.42340745890876], "cost_of_transportation": [83, 112], "holding_cost": [2.548329077950088, 1.6607261608217807, 1.2969151468994866], "rejection_cost": [640007.0, 640007.0, 640007.0, 640007.0]}