{"container_types": 4, "number_of_facilities": 2, "container_quality_level": 5, "time_periods": 7, "number_containers_arriving_to_facility_zero": [[298, 106, 228, 181, 236, 204, 213], [114, 269, 214, 132, 216, 234, 285], [296, 111, 269, 257, 126, 220, 258], [226, 217, 262, 270, 242, 179, 109]], "number_unexpected_containers_at_facilities": [[67, 33, 50], [57, 20, 67], [44, 9, 63], [72, 43, 6]], "number_good_quality_containers_at_facilities": [[61, 86, 51], [63, 11, 10], [95, 9, 94], [25, 16, 69]], "containers_demand_for_clients": [[208, 265, 289, 200, 199, 275, 244], [231, 288, 257, 255, 214, 310, 225], [209, 222, 250, 233, 238, 275, 197], [261, 293, 272, 278, 228, 229, 261]], "transportation_capacity": 754, "probability_original_quality_level": [[9.0, 27.0, 11.0, 19.0, 11.0, 19.0, 4.0], [7.0, 25.0, 18.0, 13.0, 13.0, 24.0, 0.0], [5.0, 28.0, 28.0, 0.0, 8.0, 28.0, 3.0], [6.0, 0.0, 6.0, 41.0, 9.0, 36.0, 2.0]], "number_hours_required_for_inspection": [0.7830272937179553, 0.9748070582510217, 0.7535186576592976, 0.598053711406573], "number_hours_available_for_inspection": [461, 416, 390], "expected_number_hours_required_for_repair": [1.2930552667088626, 1.4304643969739497, 1.302953004923316, 1.6872899614498187], "number_hours_available_for_repair": [523, 545, 591], "warehouse_capacity_of_facility": [997, 1111, 912], "cost_of_inspection": [15.660545874359107, 19.496141165020433, 15.070373153185951, 11.96107422813146], "expected_cost_of_repair": [37.64716558433633, 42.06926797199787, 38.12619021444593, 49.571674560251125], "cost_of_transportation": [146, 94], "holding_cost": [2.0807223386953204, 1.6292212080951582, 1.0573161154068043], "rejection_cost": [892895.0, 892895.0, 892895.0, 892895.0]}