{"container_types": 4, "number_of_facilities": 2, "container_quality_level": 5, "time_periods": 7, "number_containers_arriving_to_facility_zero": [[136, 100, 286, 110, 168, 108, 198], [225, 131, 129, 247, 178, 244, 246], [285, 140, 118, 298, 294, 195, 115], [292, 194, 249, 207, 274, 145, 202]], "number_unexpected_containers_at_facilities": [[97, 82, 28], [74, 39, 12], [50, 95, 8], [44, 43, 28]], "number_good_quality_containers_at_facilities": [[49, 5, 6], [3, 77, 5], [81, 40, 99], [61, 70, 59]], "containers_demand_for_clients": [[216, 318, 293, 251, 293, 273, 273], [182, 183, 223, 166, 205, 214, 185], [249, 233, 207, 255, 216, 199, 199], [248, 287, 251, 265, 239, 268, 231]], "transportation_capacity": 725, "probability_original_quality_level": [[8.0, 14.0, 18.0, 23.0, 22.0, 14.0, 1.0], [5.0, 32.0, 14.0, 24.0, 16.0, 5.0, 4.0], [5.0, 23.0, 1.0, 18.0, 27.0, 25.0, 1.0], [9.0, 22.0, 9.0, 10.0, 20.0, 25.0, 5.0]], "number_hours_required_for_inspection": [0.8598467065082993, 0.936557112293464, 0.4924068523373074, 0.9498030752592432], "number_hours_available_for_inspection": [409, 306, 333], "expected_number_hours_required_for_repair": [1.4026932311147124, 1.2378220329163805, 1.596743310857952, 1.3197120244322387], "number_hours_available_for_repair": [587, 496, 412], "warehouse_capacity_of_facility": [1005, 906, 1042], "cost_of_inspection": [17.196934130165985, 18.73114224586928, 9.848137046746148, 18.996061505184866], "expected_cost_of_repair": [41.04369896715967, 36.60589695545192, 47.091307119932644, 38.53963398126209], "cost_of_transportation": [122, 92], "holding_cost": [2.685396714393546, 1.9687444748147978, 1.5054811512456083], "rejection_cost": [764026.0, 764026.0, 764026.0, 764026.0]}