{"container_types": 4, "number_of_facilities": 2, "container_quality_level": 5, "time_periods": 7, "number_containers_arriving_to_facility_zero": [[287, 173, 195, 218, 146, 242, 269], [271, 203, 251, 264, 272, 257, 199], [201, 255, 243, 197, 156, 246, 140], [195, 237, 252, 249, 287, 232, 210]], "number_unexpected_containers_at_facilities": [[39, 89, 33], [41, 36, 20], [8, 90, 53], [41, 35, 3]], "number_good_quality_containers_at_facilities": [[67, 99, 48], [70, 16, 25], [58, 98, 63], [10, 93, 94]], "containers_demand_for_clients": [[267, 281, 291, 224, 241, 234, 310], [252, 269, 282, 300, 237, 313, 254], [263, 260, 278, 227, 270, 251, 246], [303, 301, 232, 227, 238, 307, 270]], "transportation_capacity": 783, "probability_original_quality_level": [[8.0, 13.0, 6.0, 23.0, 17.0, 28.0, 5.0], [10.0, 26.0, 33.0, 10.0, 17.0, 2.0, 2.0], [6.0, 5.0, 14.0, 33.0, 5.0, 33.0, 4.0], [7.0, 12.0, 20.0, 18.0, 11.0, 31.0, 1.0]], "number_hours_required_for_inspection": [0.7661962163175836, 0.6999802722338385, 0.6370223444974579, 0.5013161501834504], "number_hours_available_for_inspection": [400, 309, 393], "expected_number_hours_required_for_repair": [1.4495621531454361, 1.1762685151256655, 1.4907452941469723, 1.4480978092295071], "number_hours_available_for_repair": [564, 585, 635], "warehouse_capacity_of_facility": [1097, 1064, 1134], "cost_of_inspection": [15.323924326351673, 13.99960544467677, 12.740446889949158, 10.02632300366901], "expected_cost_of_repair": [42.1113946737029, 33.874300249790416, 43.63405847350923, 42.59611581398096], "cost_of_transportation": [135, 108], "holding_cost": [2.193786336394121, 2.1815755643148345, 1.6577613374456939], "rejection_cost": [898898.0, 898898.0, 898898.0, 898898.0]}