{"container_types": 4, "number_of_facilities": 2, "container_quality_level": 5, "time_periods": 7,
  "number_containers_arriving_to_facility_zero": [[169, 124, 294, 150, 220, 197, 257], [242, 273, 113, 136, 176, 215, 165],
    [277, 174, 139, 155, 239, 240, 292], [248, 131, 128, 110, 157, 101, 194]],
  "number_unexpected_containers_at_facilities": [[5, 42, 67], [76, 62, 46], [90, 11, 31], [40, 53, 96]],
  "number_good_quality_containers_at_facilities": [[0, 81, 96], [28, 73, 90], [63, 89, 89], [18, 80, 4]],
  "containers_demand_for_clients": [[159, 184, 216, 218, 164, 168, 182], [281, 279, 223, 207, 243, 236, 231],
    [219, 276, 275, 270, 277, 205, 213], [246, 218, 304, 265, 270, 246, 317]], "transportation_capacity": 693,
  "probability_original_quality_level": [[10.0, 3.0, 24.0, 16.0, 22.0, 25.0, 0.0], [9.0, 22.0, 21.0, 20.0, 26.0, 2.0, 0.0],
    [9.0, 5.0, 24.0, 15.0, 23.0, 23.0, 1.0], [9.0, 44.0, 5.0, 14.0, 4.0, 21.0, 3.0]],
  "number_hours_required_for_inspection": [0.5022588740974964, 0.5323723232692081, 0.9691115418766183, 0.6454075592561332],
  "number_hours_available_for_inspection": [287, 362, 374],
  "expected_number_hours_required_for_repair": [1.6291951663391542, 1.238260969224885, 1.5898462932580235, 1.2061096538060148],
  "number_hours_available_for_repair": [414, 564, 566], "warehouse_capacity_of_facility": [907, 898, 1023],
  "cost_of_inspection": [10.045177481949928, 10.647446465384164, 19.382230837532365, 12.908151185122666],
  "expected_cost_of_repair": [47.30037290536142, 36.07293080072809, 46.31631913338542, 35.07333332730476], "cost_of_transportation": [126, 162],
  "holding_cost": [2.655429509956413, 2.1481382301824388, 1.2926913359776484], "rejection_cost": [922689.0, 922689.0, 922689.0, 922689.0]}