{"container_types": 4, "number_of_facilities": 2, "container_quality_level": 5, "time_periods": 7, "number_containers_arriving_to_facility_zero": [[156, 126, 207, 122, 118, 235, 245], [118, 208, 297, 118, 202, 297, 267], [288, 169, 182, 185, 220, 187, 270], [290, 170, 148, 192, 181, 208, 149]], "number_unexpected_containers_at_facilities": [[78, 74, 19], [21, 72, 23], [0, 48, 70], [43, 62, 57]], "number_good_quality_containers_at_facilities": [[99, 42, 27], [77, 2, 81], [80, 87, 35], [40, 74, 87]], "containers_demand_for_clients": [[203, 285, 239, 239, 271, 275, 272], [241, 247, 182, 187, 186, 203, 241], [263, 249, 250, 263, 211, 275, 287], [262, 208, 225, 224, 210, 303, 307]], "transportation_capacity": 602, "probability_original_quality_level": [[5.0, 17.0, 23.0, 25.0, 11.0, 15.0, 4.0], [7.0, 33.0, 24.0, 1.0, 21.0, 12.0, 2.0], [5.0, 19.0, 23.0, 17.0, 3.0, 31.0, 2.0], [7.0, 11.0, 29.0, 5.0, 19.0, 24.0, 5.0]], "number_hours_required_for_inspection": [0.45905312095560735, 0.8397363298688613, 0.903117313423905, 0.8290191803707593], "number_hours_available_for_inspection": [372, 309, 449], "expected_number_hours_required_for_repair": [1.330168151210607, 1.2206118774610268, 1.3868056957339263, 1.3703761635512983], "number_hours_available_for_repair": [508, 466, 525], "warehouse_capacity_of_facility": [1040, 891, 982], "cost_of_inspection": [9.181062419112147, 16.794726597377224, 18.0623462684781, 16.580383607415186], "expected_cost_of_repair": [39.34960433750169, 35.49237155608972, 40.77005676485043, 40.15565159537388], "cost_of_transportation": [122, 167], "holding_cost": [2.7495207005870927, 2.4056182999543063, 1.3507366750113992], "rejection_cost": [855056.0, 855056.0, 855056.0, 855056.0]}