{"container_types": 4, "number_of_facilities": 2, "container_quality_level": 5, "time_periods": 7, "number_containers_arriving_to_facility_zero": [[255, 149, 124, 176, 227, 155, 123], [290, 280, 230, 149, 134, 187, 228], [266, 268, 145, 169, 143, 212, 128], [137, 244, 140, 231, 120, 135, 225]], "number_unexpected_containers_at_facilities": [[55, 61, 79], [55, 62, 42], [90, 3, 42], [95, 59, 16]], "number_good_quality_containers_at_facilities": [[87, 86, 1], [36, 55, 75], [68, 17, 15], [85, 54, 54]], "containers_demand_for_clients": [[259, 187, 255, 196, 254, 194, 234], [202, 190, 260, 215, 250, 242, 198], [231, 211, 248, 266, 246, 283, 256], [241, 240, 255, 229, 226, 214, 263]], "transportation_capacity": 529, "probability_original_quality_level": [[9.0, 22.0, 10.0, 4.0, 24.0, 28.0, 3.0], [5.0, 0.0, 8.0, 18.0, 30.0, 35.0, 4.0], [7.0, 23.0, 13.0, 17.0, 20.0, 17.0, 3.0], [9.0, 24.0, 17.0, 6.0, 18.0, 25.0, 1.0]], "number_hours_required_for_inspection": [0.5470119777871967, 0.8330376272733038, 0.6681162595043882, 0.6638116322625703], "number_hours_available_for_inspection": [275, 299, 322], "expected_number_hours_required_for_repair": [1.4517373494683254, 1.7105925027305795, 1.3347988957565218, 1.3350944884564424], "number_hours_available_for_repair": [551, 594, 567], "warehouse_capacity_of_facility": [864, 918, 867], "cost_of_inspection": [10.940239555743933, 16.660752545466075, 13.362325190087764, 13.276232645251406], "expected_cost_of_repair": [42.04506951672225, 50.71361354482176, 39.15158756882617, 38.75535667560685], "cost_of_transportation": [63, 70], "holding_cost": [2.1525563045904406, 2.1573282071489253, 1.8027520508456503], "rejection_cost": [390933.0, 390933.0, 390933.0, 390933.0]}