{"container_types": 4, "number_of_facilities": 2, "container_quality_level": 5, "time_periods": 7, "number_containers_arriving_to_facility_zero": [[168, 137, 133, 265, 211, 137, 151], [222, 196, 194, 236, 103, 249, 174], [245, 126, 116, 199, 123, 129, 194], [235, 142, 244, 180, 183, 168, 211]], "number_unexpected_containers_at_facilities": [[91, 62, 80], [85, 61, 88], [57, 17, 74], [46, 55, 49]], "number_good_quality_containers_at_facilities": [[70, 51, 45], [49, 45, 67], [87, 24, 84], [94, 27, 33]], "containers_demand_for_clients": [[256, 209, 263, 203, 213, 255, 234], [184, 265, 216, 258, 270, 214, 208], [216, 258, 258, 240, 245, 214, 276], [227, 183, 169, 250, 233, 200, 206]], "transportation_capacity": 639, "probability_original_quality_level": [[5.0, 15.0, 17.0, 25.0, 24.0, 10.0, 4.0], [6.0, 20.0, 22.0, 12.0, 23.0, 14.0, 3.0], [5.0, 8.0, 42.0, 9.0, 24.0, 11.0, 1.0], [8.0, 18.0, 25.0, 23.0, 14.0, 10.0, 2.0]], "number_hours_required_for_inspection": [0.6284110624080216, 0.35851000759342083, 0.8447198237516614, 0.7799388811724246], "number_hours_available_for_inspection": [251, 282, 283], "expected_number_hours_required_for_repair": [1.4224715870503826, 1.2859596841246625, 1.394331974678633, 1.2347315929749652], "number_hours_available_for_repair": [494, 415, 378], "warehouse_capacity_of_facility": [934, 978, 922], "cost_of_inspection": [12.568221248160432, 7.170200151868417, 16.89439647503323, 15.598777623448491], "expected_cost_of_repair": [41.98505023369009, 37.90170205055677, 41.252402297769734, 36.089125457365355], "cost_of_transportation": [101, 73], "holding_cost": [2.0739515611388235, 1.7208759006039753, 1.602978620517995], "rejection_cost": [573552.0, 573552.0, 573552.0, 573552.0]}