{"container_types": 4, "number_of_facilities": 2, "container_quality_level": 5, "time_periods": 7, "number_containers_arriving_to_facility_zero": [[252, 101, 128, 299, 240, 293, 250], [144, 249, 194, 163, 215, 191, 208], [176, 119, 280, 256, 211, 210, 189], [105, 129, 176, 215, 203, 226, 101]], "number_unexpected_containers_at_facilities": [[38, 4, 25], [58, 16, 86], [83, 8, 11], [36, 39, 56]], "number_good_quality_containers_at_facilities": [[64, 11, 78], [21, 47, 22], [21, 6, 8], [55, 28, 62]], "containers_demand_for_clients": [[226, 240, 225, 195, 202, 192, 227], [301, 222, 291, 251, 243, 301, 251], [218, 266, 250, 222, 232, 255, 251], [254, 239, 219, 201, 237, 266, 238]], "transportation_capacity": 694, "probability_original_quality_level": [[7.0, 13.0, 18.0, 14.0, 16.0, 29.0, 3.0], [7.0, 1.0, 28.0, 10.0, 21.0, 32.0, 1.0], [5.0, 16.0, 22.0, 10.0, 3.0, 41.0, 3.0], [10.0, 16.0, 21.0, 5.0, 23.0, 23.0, 2.0]], "number_hours_required_for_inspection": [0.694610208554185, 0.6936362211457746, 0.8497466820062632, 0.8968078280176892], "number_hours_available_for_inspection": [371, 325, 381], "expected_number_hours_required_for_repair": [1.4990275716823387, 1.670407069248576, 1.5815067993351613, 1.354103522580127], "number_hours_available_for_repair": [556, 437, 440], "warehouse_capacity_of_facility": [881, 900, 996], "cost_of_inspection": [13.8922041710837, 13.872724422915493, 16.994933640125264, 17.936156560353783], "expected_cost_of_repair": [44.02450732730966, 48.81092895062798, 46.66905113893384, 39.36204964083745], "cost_of_transportation": [64, 77], "holding_cost": [2.839249038603723, 1.7600709705375501, 1.700249145930017], "rejection_cost": [512992.0, 512992.0, 512992.0, 512992.0]}