{"container_types": 4, "number_of_facilities": 2, "container_quality_level": 5, "time_periods": 7, "number_containers_arriving_to_facility_zero": [[290, 149, 198, 281, 246, 228, 196], [298, 235, 226, 122, 208, 122, 289], [255, 223, 245, 221, 187, 113, 221], [272, 148, 242, 120, 124, 105, 277]], "number_unexpected_containers_at_facilities": [[64, 94, 15], [85, 33, 29], [75, 2, 73], [34, 56, 12]], "number_good_quality_containers_at_facilities": [[20, 98, 57], [92, 92, 1], [93, 80, 58], [99, 45, 87]], "containers_demand_for_clients": [[268, 258, 209, 231, 223, 198, 234], [293, 224, 320, 311, 281, 287, 240], [228, 243, 277, 297, 273, 297, 247], [215, 293, 307, 219, 271, 284, 216]], "transportation_capacity": 749, "probability_original_quality_level": [[8.0, 23.0, 13.0, 15.0, 26.0, 12.0, 3.0], [5.0, 29.0, 3.0, 19.0, 1.0, 43.0, 0.0], [6.0, 4.0, 22.0, 7.0, 27.0, 29.0, 5.0], [8.0, 21.0, 2.0, 27.0, 29.0, 13.0, 0.0]], "number_hours_required_for_inspection": [0.35249406744117334, 0.4616819495205204, 0.5752116210228031, 0.5289698682767547], "number_hours_available_for_inspection": [246, 255, 209], "expected_number_hours_required_for_repair": [1.3609470157819035, 1.6058308176697613, 1.5109772512890287, 1.4089530622433757], "number_hours_available_for_repair": [529, 630, 552], "warehouse_capacity_of_facility": [1005, 967, 1107], "cost_of_inspection": [7.049881348823467, 9.233638990410407, 11.504232420456063, 10.579397365535094], "expected_cost_of_repair": [39.59967816722096, 47.668523628281804, 44.647167485481596, 40.999985875298755], "cost_of_transportation": [160, 138], "holding_cost": [2.9232620756290437, 1.9720019675416467, 1.7486258932866003], "rejection_cost": [998218.0, 998218.0, 998218.0, 998218.0]}