{"container_types": 4, "number_of_facilities": 2, "container_quality_level": 5, "time_periods": 7, "number_containers_arriving_to_facility_zero": [[231, 100, 255, 109, 244, 142, 124], [229, 158, 187, 230, 169, 117, 119], [251, 167, 264, 185, 194, 260, 212], [175, 188, 282, 176, 269, 176, 274]], "number_unexpected_containers_at_facilities": [[81, 31, 55], [93, 92, 58], [98, 8, 80], [78, 23, 21]], "number_good_quality_containers_at_facilities": [[77, 77, 25], [91, 1, 46], [20, 35, 46], [96, 90, 43]], "containers_demand_for_clients": [[265, 306, 278, 276, 236, 305, 266], [237, 224, 201, 204, 200, 264, 253], [240, 264, 187, 192, 264, 205, 249], [308, 278, 252, 298, 238, 251, 281]], "transportation_capacity": 603, "probability_original_quality_level": [[8.0, 30.0, 19.0, 22.0, 6.0, 12.0, 3.0], [9.0, 29.0, 10.0, 13.0, 14.0, 23.0, 2.0], [10.0, 30.0, 21.0, 1.0, 5.0, 31.0, 2.0], [7.0, 23.0, 9.0, 16.0, 31.0, 13.0, 1.0]], "number_hours_required_for_inspection": [0.5339177664692907, 0.3918276233333426, 0.4969251339012311, 0.45095453406547836], "number_hours_available_for_inspection": [263, 183, 183], "expected_number_hours_required_for_repair": [1.1666094253299084, 1.4207295928827817, 1.3460402136942653, 1.460175603026108], "number_hours_available_for_repair": [497, 481, 562], "warehouse_capacity_of_facility": [924, 967, 899], "cost_of_inspection": [10.678355329385813, 7.836552466666852, 9.938502678024623, 9.019090681309567], "expected_cost_of_repair": [33.4066035574585, 40.874666299676555, 38.60924105188751, 43.02251936132382], "cost_of_transportation": [103, 81], "holding_cost": [2.1722463254614777, 2.2476105231378822, 1.2563548143108527], "rejection_cost": [561457.0, 561457.0, 561457.0, 561457.0]}