{"container_types": 4, "number_of_facilities": 2, "container_quality_level": 5, "time_periods": 7, "number_containers_arriving_to_facility_zero": [[154, 208, 222, 108, 187, 260, 121], [227, 213, 245, 214, 123, 210, 108], [162, 260, 222, 156, 129, 216, 145], [170, 211, 106, 141, 288, 245, 239]], "number_unexpected_containers_at_facilities": [[72, 59, 85], [14, 40, 25], [76, 45, 34], [64, 56, 55]], "number_good_quality_containers_at_facilities": [[29, 3, 87], [4, 90, 13], [70, 41, 46], [47, 46, 18]], "containers_demand_for_clients": [[283, 240, 205, 267, 243, 244, 259], [198, 223, 210, 235, 216, 213, 257], [246, 188, 223, 254, 244, 250, 198], [230, 239, 206, 224, 190, 245, 183]], "transportation_capacity": 562, "probability_original_quality_level": [[8.0, 8.0, 30.0, 10.0, 28.0, 15.0, 1.0], [7.0, 1.0, 10.0, 18.0, 15.0, 47.0, 2.0], [9.0, 24.0, 3.0, 4.0, 29.0, 30.0, 1.0], [7.0, 24.0, 7.0, 25.0, 11.0, 25.0, 1.0]], "number_hours_required_for_inspection": [0.3740595818569286, 0.6003866524591959, 0.3886098541132478, 0.7292695676226136], "number_hours_available_for_inspection": [212, 281, 210], "expected_number_hours_required_for_repair": [1.3963412554945114, 1.7716931021401479, 1.5419848949234585, 1.4751698029097502], "number_hours_available_for_repair": [567, 639, 464], "warehouse_capacity_of_facility": [844, 864, 904], "cost_of_inspection": [7.481191637138572, 12.007733049183917, 7.772197082264956, 14.585391352452273], "expected_cost_of_repair": [40.51289154727581, 52.24643411110586, 45.137715230256354, 43.30300333956033], "cost_of_transportation": [126, 70], "holding_cost": [2.1187191703159907, 2.340232002508377, 1.5519048285591168], "rejection_cost": [621769.0, 621769.0, 621769.0, 621769.0]}