{"container_types": 4, "number_of_facilities": 2, "container_quality_level": 5, "time_periods": 7, "number_containers_arriving_to_facility_zero": [[270, 118, 134, 239, 230, 218, 106], [280, 257, 214, 225, 134, 226, 123], [195, 195, 117, 178, 178, 126, 234], [167, 178, 125, 221, 220, 257, 298]], "number_unexpected_containers_at_facilities": [[63, 65, 76], [69, 98, 89], [60, 79, 4], [2, 72, 27]], "number_good_quality_containers_at_facilities": [[54, 24, 23], [37, 38, 20], [58, 90, 71], [85, 32, 32]], "containers_demand_for_clients": [[288, 274, 201, 216, 232, 252, 261], [242, 205, 255, 222, 240, 266, 234], [234, 258, 269, 241, 264, 220, 215], [195, 245, 239, 267, 258, 194, 218]], "transportation_capacity": 738, "probability_original_quality_level": [[7.0, 31.0, 9.0, 7.0, 18.0, 26.0, 2.0], [7.0, 20.0, 17.0, 11.0, 22.0, 21.0, 2.0], [8.0, 29.0, 1.0, 14.0, 30.0, 18.0, 0.0], [7.0, 23.0, 7.0, 10.0, 23.0, 27.0, 3.0]], "number_hours_required_for_inspection": [0.7109427438020649, 0.5793449043390083, 0.886436701284769, 0.5278095577224132], "number_hours_available_for_inspection": [264, 314, 295], "expected_number_hours_required_for_repair": [1.3339272308272647, 1.4312001615386634, 1.5166812107701921, 1.482252749210164], "number_hours_available_for_repair": [529, 508, 493], "warehouse_capacity_of_facility": [1013, 932, 969], "cost_of_inspection": [14.218854876041298, 11.586898086780167, 17.72873402569538, 10.556191154448264], "expected_cost_of_repair": [39.07529204294422, 42.21493433279986, 44.202364494435244, 43.22623076043815], "cost_of_transportation": [126, 159], "holding_cost": [2.119196748045402, 2.262016889181295, 1.7373501357202632], "rejection_cost": [962922.0, 962922.0, 962922.0, 962922.0]}