{"container_types": 4, "number_of_facilities": 2, "container_quality_level": 5, "time_periods": 7, "number_containers_arriving_to_facility_zero": [[257, 188, 285, 266, 136, 241, 118], [204, 174, 257, 156, 177, 143, 235], [109, 129, 134, 231, 191, 236, 205], [214, 139, 255, 286, 267, 192, 218]], "number_unexpected_containers_at_facilities": [[74, 14, 93], [47, 14, 73], [61, 37, 55], [61, 61, 89]], "number_good_quality_containers_at_facilities": [[72, 27, 71], [38, 45, 45], [49, 44, 61], [58, 96, 92]], "containers_demand_for_clients": [[336, 293, 342, 262, 276, 291, 302], [242, 281, 295, 274, 245, 270, 294], [270, 225, 210, 234, 257, 235, 193], [200, 215, 220, 248, 245, 214, 185]], "transportation_capacity": 661, "probability_original_quality_level": [[5.0, 12.0, 27.0, 8.0, 22.0, 25.0, 1.0], [8.0, 21.0, 31.0, 18.0, 3.0, 14.0, 5.0], [6.0, 20.0, 17.0, 1.0, 21.0, 35.0, 0.0], [5.0, 36.0, 12.0, 18.0, 18.0, 11.0, 0.0]], "number_hours_required_for_inspection": [0.6084254113160779, 0.4445469943778286, 0.7479841416874411, 0.7004324220686492], "number_hours_available_for_inspection": [315, 255, 372], "expected_number_hours_required_for_repair": [1.5028734565485629, 1.1991902515281074, 1.6013252039241195, 1.251070065854988], "number_hours_available_for_repair": [592, 511, 627], "warehouse_capacity_of_facility": [960, 970, 1028], "cost_of_inspection": [12.168508226321556, 8.890939887556572, 14.959682833748822, 14.008648441372983], "expected_cost_of_repair": [44.27324333655592, 34.747097050337885, 47.37874372380227, 36.688747160651864], "cost_of_transportation": [60, 105], "holding_cost": [2.73549745381441, 2.2528256273317933, 1.3550447227441353], "rejection_cost": [634829.0, 634829.0, 634829.0, 634829.0]}