{"container_types": 4, "number_of_facilities": 2, "container_quality_level": 5, "time_periods": 7, "number_containers_arriving_to_facility_zero": [[225, 178, 249, 286, 182, 154, 231], [207, 279, 274, 250, 116, 234, 181], [173, 207, 216, 136, 191, 188, 223], [248, 165, 177, 295, 274, 268, 243]], "number_unexpected_containers_at_facilities": [[8, 84, 7], [46, 61, 34], [61, 80, 86], [73, 71, 69]], "number_good_quality_containers_at_facilities": [[69, 37, 34], [22, 78, 12], [40, 24, 21], [45, 61, 17]], "containers_demand_for_clients": [[317, 275, 330, 340, 243, 258, 253], [219, 240, 245, 292, 208, 218, 226], [220, 265, 288, 301, 264, 288, 224], [217, 218, 198, 230, 200, 219, 260]], "transportation_capacity": 691, "probability_original_quality_level": [[10.0, 4.0, 34.0, 22.0, 8.0, 21.0, 1.0], [9.0, 0.0, 28.0, 6.0, 18.0, 36.0, 3.0], [8.0, 20.0, 15.0, 21.0, 16.0, 15.0, 5.0], [7.0, 3.0, 30.0, 17.0, 33.0, 5.0, 5.0]], "number_hours_required_for_inspection": [0.7557851553867228, 0.5172299374545468, 0.5733125066455607, 0.692065492643455], "number_hours_available_for_inspection": [341, 375, 262], "expected_number_hours_required_for_repair": [1.4188530778622244, 1.5126903414809134, 1.326968207807927, 1.3621069791290952], "number_hours_available_for_repair": [638, 640, 640], "warehouse_capacity_of_facility": [1113, 978, 1053], "cost_of_inspection": [15.115703107734454, 10.344598749090936, 11.466250132911213, 13.841309852869099], "expected_cost_of_repair": [41.30953774273101, 43.67512970034822, 38.917827404212005, 40.02727157620748], "cost_of_transportation": [113, 88], "holding_cost": [2.2633396105817103, 2.173103111893933, 1.3922833127375829], "rejection_cost": [695172.0, 695172.0, 695172.0, 695172.0]}