{"container_types": 4, "number_of_facilities": 2, "container_quality_level": 5, "time_periods": 7, "number_containers_arriving_to_facility_zero": [[286, 259, 122, 239, 229, 174, 276], [174, 255, 213, 180, 256, 147, 284], [286, 128, 119, 248, 267, 129, 238], [223, 128, 286, 157, 175, 229, 117]], "number_unexpected_containers_at_facilities": [[94, 46, 81], [5, 81, 32], [38, 75, 35], [63, 15, 7]], "number_good_quality_containers_at_facilities": [[1, 56, 57], [61, 41, 57], [87, 67, 99], [16, 0, 67]], "containers_demand_for_clients": [[191, 196, 204, 171, 177, 169, 246], [281, 311, 244, 294, 315, 298, 219], [298, 275, 299, 218, 286, 227, 228], [227, 294, 286, 292, 225, 285, 252]], "transportation_capacity": 549, "probability_original_quality_level": [[8.0, 25.0, 20.0, 32.0, 0.0, 12.0, 3.0], [7.0, 21.0, 11.0, 33.0, 16.0, 12.0, 0.0], [6.0, 2.0, 20.0, 15.0, 29.0, 27.0, 1.0], [10.0, 37.0, 16.0, 16.0, 0.0, 21.0, 0.0]], "number_hours_required_for_inspection": [0.9961856557307548, 0.9668932732663508, 0.6780860997267256, 0.6488958433801152], "number_hours_available_for_inspection": [492, 371, 445], "expected_number_hours_required_for_repair": [1.2165450525187496, 1.3406740938116233, 1.6406026948013102, 1.2545730764625744], "number_hours_available_for_repair": [564, 411, 527], "warehouse_capacity_of_facility": [971, 909, 939], "cost_of_inspection": [19.923713114615097, 19.337865465327017, 13.561721994534512, 12.977916867602303], "expected_cost_of_repair": [35.547407156374994, 39.00235681009681, 48.40288960756363, 36.41248495860214], "cost_of_transportation": [68, 125], "holding_cost": [2.1256088275831986, 2.422449921020461, 1.5750268713383155], "rejection_cost": [620688.0, 620688.0, 620688.0, 620688.0]}