{"container_types": 4, "number_of_facilities": 2, "container_quality_level": 5, "time_periods": 7, "number_containers_arriving_to_facility_zero": [[129, 157, 240, 256, 119, 214, 254], [259, 171, 248, 275, 141, 243, 130], [259, 103, 144, 238, 289, 200, 272], [182, 119, 298, 212, 212, 155, 290]], "number_unexpected_containers_at_facilities": [[47, 87, 87], [85, 35, 10], [48, 39, 39], [32, 66, 73]], "number_good_quality_containers_at_facilities": [[36, 81, 75], [58, 48, 40], [97, 23, 38], [34, 77, 73]], "containers_demand_for_clients": [[241, 255, 222, 276, 268, 274, 227], [222, 258, 238, 256, 252, 212, 302], [298, 264, 209, 290, 206, 249, 239], [225, 264, 216, 226, 269, 284, 224]], "transportation_capacity": 746, "probability_original_quality_level": [[6.0, 6.0, 0.0, 31.0, 17.0, 35.0, 5.0], [8.0, 28.0, 8.0, 13.0, 2.0, 39.0, 2.0], [6.0, 18.0, 13.0, 15.0, 29.0, 14.0, 5.0], [6.0, 18.0, 23.0, 26.0, 1.0, 25.0, 1.0]], "number_hours_required_for_inspection": [0.6505181862650946, 0.6743382633670444, 0.9000901382051559, 0.5544672036336742], "number_hours_available_for_inspection": [404, 359, 387], "expected_number_hours_required_for_repair": [1.622951494892841, 1.5075345291403914, 1.4101093447694137, 1.3896714246391593], "number_hours_available_for_repair": [477, 481, 547], "warehouse_capacity_of_facility": [1078, 1014, 1057], "cost_of_inspection": [13.010363725301893, 13.486765267340887, 18.001802764103118, 11.089344072673484], "expected_cost_of_repair": [47.528028678007246, 43.95209648777559, 41.583452354114705, 41.06210100792193], "cost_of_transportation": [101, 152], "holding_cost": [2.196151286342946, 2.156952428566337, 1.1426810364707576], "rejection_cost": [933339.0, 933339.0, 933339.0, 933339.0]}