{"container_types": 4, "number_of_facilities": 2, "container_quality_level": 5, "time_periods": 14, "number_containers_arriving_to_facility_zero": [[133, 267, 157, 168, 154, 260, 214, 165, 143, 131, 291, 292, 128, 251], [213, 145, 156, 277, 130, 235, 107, 166, 242, 157, 227, 202, 238, 266], [191, 171, 145, 252, 126, 168, 286, 243, 281, 115, 121, 178, 274, 219], [290, 134, 237, 223, 229, 299, 297, 136, 118, 288, 253, 189, 100, 226]], "number_unexpected_containers_at_facilities": [[99, 15, 21], [46, 95, 69], [83, 51, 76], [87, 96, 46]], "number_good_quality_containers_at_facilities": [[65, 35, 22], [85, 90, 1], [35, 11, 50], [55, 81, 70]], "containers_demand_for_clients": [[236, 249, 278, 206, 228, 223, 260, 260, 242, 200, 209, 199, 242, 242], [231, 191, 255, 245, 186, 233, 176, 235, 191, 239, 211, 193, 202, 211], [241, 248, 186, 262, 197, 239, 193, 260, 228, 186, 236, 210, 203, 206], [258, 178, 192, 211, 180, 198, 218, 180, 225, 253, 244, 205, 204, 183]], "transportation_capacity": 569, "probability_original_quality_level": [[8.0, 18.0, 15.0, 13.0, 3.0, 42.0, 1.0], [9.0, 8.0, 22.0, 20.0, 24.0, 17.0, 0.0], [9.0, 14.0, 17.0, 26.0, 23.0, 6.0, 5.0], [7.0, 7.0, 12.0, 28.0, 23.0, 20.0, 3.0]], "number_hours_required_for_inspection": [0.9620604820832752, 0.8211803486209576, 0.46749605882332984, 0.3479005938460895], "number_hours_available_for_inspection": [238, 239, 269], "expected_number_hours_required_for_repair": [1.5136888642525343, 1.508386564900789, 1.2750079063837183, 1.5139194282323245], "number_hours_available_for_repair": [567, 518, 565], "warehouse_capacity_of_facility": [913, 849, 927], "cost_of_inspection": [19.241209641665506, 16.42360697241915, 9.349921176466596, 6.95801187692179], "expected_cost_of_repair": [44.43591330274201, 44.0516096615406, 36.4549345402201, 44.2311964516486], "cost_of_transportation": [68, 110], "holding_cost": [2.9511924922522716, 2.029030953473217, 1.750206048213668], "rejection_cost": [100.0, 100.0, 100.0, 100.0]}