{"container_types": 4, "number_of_facilities": 2, "container_quality_level": 5, "time_periods": 14, "number_containers_arriving_to_facility_zero": [[210, 144, 137, 241, 211, 122, 194, 278, 211, 226, 237, 164, 284, 216], [210, 113, 296, 235, 235, 218, 150, 120, 299, 257, 146, 178, 298, 254], [243, 162, 254, 119, 171, 106, 260, 124, 123, 171, 162, 123, 203, 158], [242, 139, 173, 229, 245, 233, 256, 211, 185, 221, 152, 154, 151, 213]], "number_unexpected_containers_at_facilities": [[58, 15, 21], [73, 16, 25], [86, 88, 47], [7, 18, 53]], "number_good_quality_containers_at_facilities": [[30, 97, 16], [32, 14, 4], [56, 90, 85], [75, 48, 0]], "containers_demand_for_clients": [[198, 230, 201, 215, 211, 250, 200, 216, 186, 256, 218, 186, 225, 182], [204, 237, 235, 232, 183, 265, 187, 226, 184, 231, 257, 249, 252, 188], [201, 256, 213, 193, 182, 185, 204, 260, 219, 261, 231, 190, 267, 240], [168, 238, 197, 217, 242, 185, 228, 196, 197, 226, 213, 218, 230, 209]], "transportation_capacity": 557, "probability_original_quality_level": [[8.0, 31.0, 10.0, 6.0, 32.0, 9.0, 4.0], [5.0, 1.0, 20.0, 18.0, 39.0, 14.0, 3.0], [5.0, 26.0, 9.0, 8.0, 22.0, 25.0, 5.0], [9.0, 20.0, 1.0, 35.0, 5.0, 30.0, 0.0]], "number_hours_required_for_inspection": [0.8926485420011652, 0.5527291237682559, 0.6002088179773126, 0.7992263515753973], "number_hours_available_for_inspection": [250, 278, 349], "expected_number_hours_required_for_repair": [1.3277975172996617, 1.4758827641082781, 1.4124816853447473, 1.5897896778442406], "number_hours_available_for_repair": [571, 557, 528], "warehouse_capacity_of_facility": [837, 799, 949], "cost_of_inspection": [17.852970840023303, 11.054582475365118, 12.004176359546253, 15.984527031507946], "expected_cost_of_repair": [38.55156606784647, 43.38139168156651, 41.74553612310132, 45.904810553678196], "cost_of_transportation": [144, 169], "holding_cost": [2.1063487824394933, 1.9002709866915302, 1.1858801291184327], "rejection_cost": [100.0, 100.0, 100.0, 100.0]}