{"container_types": 4, "number_of_facilities": 2, "container_quality_level": 5, "time_periods": 14, "number_containers_arriving_to_facility_zero": [[105, 172, 156, 158, 131, 133, 189, 215, 171, 200, 173, 151, 267, 169], [296, 207, 195, 111, 157, 260, 290, 223, 151, 179, 285, 233, 257, 203], [191, 246, 149, 231, 167, 198, 214, 262, 100, 139, 250, 114, 108, 153], [137, 113, 104, 157, 298, 206, 172, 222, 162, 188, 295, 193, 156, 175]], "number_unexpected_containers_at_facilities": [[25, 96, 36], [93, 58, 43], [0, 19, 45], [29, 98, 83]], "number_good_quality_containers_at_facilities": [[72, 32, 26], [32, 46, 32], [1, 24, 64], [12, 27, 55]], "containers_demand_for_clients": [[244, 241, 223, 214, 178, 197, 236, 164, 206, 236, 245, 194, 176, 240], [174, 200, 185, 166, 185, 211, 223, 167, 225, 193, 222, 157, 193, 226], [283, 253, 276, 240, 218, 223, 210, 230, 245, 253, 238, 249, 199, 204], [163, 189, 211, 153, 224, 221, 193, 196, 168, 187, 192, 201, 214, 197]], "transportation_capacity": 607, "probability_original_quality_level": [[9.0, 16.0, 3.0, 28.0, 37.0, 7.0, 0.0], [5.0, 35.0, 37.0, 1.0, 5.0, 15.0, 2.0], [7.0, 37.0, 25.0, 16.0, 0.0, 10.0, 5.0], [6.0, 11.0, 22.0, 29.0, 7.0, 23.0, 2.0]], "number_hours_required_for_inspection": [0.5942470412824458, 0.35228498469032427, 0.5226595123029157, 0.3380781545229922], "number_hours_available_for_inspection": [177, 157, 171], "expected_number_hours_required_for_repair": [1.517053511642614, 1.1641054753951103, 1.1041207460183389, 1.397801927542943], "number_hours_available_for_repair": [413, 381, 437], "warehouse_capacity_of_facility": [758, 863, 770], "cost_of_inspection": [11.884940825648915, 7.045699693806485, 10.453190246058314, 6.761563090459845], "expected_cost_of_repair": [44.20626125833591, 34.22740804310687, 32.029177449840454, 41.18642497196013], "cost_of_transportation": [84, 82], "holding_cost": [2.8178970712057017, 1.6054766119834343, 1.6157345178980338], "rejection_cost": [100.0, 100.0, 100.0, 100.0]}