{"container_types": 4, "number_of_facilities": 2, "container_quality_level": 5, "time_periods": 14, "number_containers_arriving_to_facility_zero": [[119, 138, 136, 181, 278, 217, 208, 118, 114, 245, 273, 260, 203, 247], [170, 165, 147, 257, 268, 172, 299, 269, 138, 223, 201, 130, 149, 182], [141, 164, 296, 266, 196, 169, 293, 272, 257, 174, 229, 159, 170, 158], [263, 241, 182, 284, 116, 260, 240, 219, 225, 182, 151, 209, 106, 161]], "number_unexpected_containers_at_facilities": [[91, 12, 13], [60, 5, 56], [97, 37, 81], [55, 91, 24]], "number_good_quality_containers_at_facilities": [[7, 25, 6], [30, 33, 97], [80, 89, 59], [51, 81, 79]], "containers_demand_for_clients": [[251, 233, 243, 226, 192, 265, 210, 230, 185, 216, 234, 198, 267, 234], [175, 168, 186, 239, 170, 237, 210, 203, 223, 226, 185, 232, 192, 218], [229, 184, 245, 209, 242, 215, 201, 233, 256, 258, 225, 194, 229, 214], [254, 272, 265, 241, 227, 236, 253, 265, 202, 204, 254, 255, 280, 233]], "transportation_capacity": 554, "probability_original_quality_level": [[6.0, 11.0, 30.0, 29.0, 18.0, 5.0, 1.0], [6.0, 32.0, 16.0, 35.0, 5.0, 4.0, 2.0], [5.0, 4.0, 4.0, 39.0, 3.0, 42.0, 3.0], [9.0, 2.0, 6.0, 28.0, 26.0, 25.0, 4.0]], "number_hours_required_for_inspection": [0.3719164599483146, 0.8848014174170306, 0.4922199897504245, 0.4304809441147475], "number_hours_available_for_inspection": [222, 259, 270], "expected_number_hours_required_for_repair": [1.4004917972788096, 1.2012317046286949, 1.6674346929327009, 1.5557575841637998], "number_hours_available_for_repair": [579, 461, 583], "warehouse_capacity_of_facility": [861, 821, 830], "cost_of_inspection": [7.438329198966293, 17.69602834834061, 9.84439979500849, 8.609618882294951], "expected_cost_of_repair": [40.95569212468928, 35.35922906935881, 49.02649523237778, 44.899483029271074], "cost_of_transportation": [100, 109], "holding_cost": [2.8251037891983906, 2.0799253790113696, 1.05512300382544], "rejection_cost": [100.0, 100.0, 100.0, 100.0]}