{"container_types": 4, "number_of_facilities": 2, "container_quality_level": 5, "time_periods": 14, "number_containers_arriving_to_facility_zero": [[236, 200, 123, 142, 111, 114, 195, 185, 120, 197, 278, 278, 210, 227], [195, 152, 277, 140, 165, 182, 112, 208, 199, 217, 238, 113, 186, 222], [282, 137, 187, 179, 247, 142, 176, 284, 258, 219, 215, 142, 245, 119], [134, 163, 290, 189, 237, 129, 206, 108, 170, 142, 161, 233, 255, 190]], "number_unexpected_containers_at_facilities": [[57, 14, 59], [22, 59, 57], [85, 58, 85], [21, 89, 62]], "number_good_quality_containers_at_facilities": [[97, 44, 22], [61, 84, 67], [38, 75, 10], [50, 88, 95]], "containers_demand_for_clients": [[254, 222, 204, 215, 221, 233, 172, 231, 208, 225, 182, 191, 188, 190], [182, 235, 200, 175, 196, 197, 204, 229, 196, 229, 196, 226, 190, 199], [208, 232, 185, 175, 200, 174, 204, 199, 174, 237, 234, 177, 189, 240], [202, 189, 251, 209, 268, 265, 190, 272, 255, 211, 190, 233, 242, 189]], "transportation_capacity": 614, "probability_original_quality_level": [[5.0, 4.0, 29.0, 4.0, 28.0, 25.0, 5.0], [6.0, 19.0, 21.0, 18.0, 10.0, 21.0, 5.0], [10.0, 3.0, 9.0, 13.0, 31.0, 30.0, 4.0], [8.0, 16.0, 18.0, 17.0, 19.0, 18.0, 4.0]], "number_hours_required_for_inspection": [0.7896332657095029, 0.7051637841357461, 0.7734621520996214, 0.5955618219206769], "number_hours_available_for_inspection": [301, 346, 267], "expected_number_hours_required_for_repair": [1.4904711824749626, 1.3184628433117933, 1.510777037936914, 1.3910586352654313], "number_hours_available_for_repair": [422, 389, 558], "warehouse_capacity_of_facility": [932, 858, 880], "cost_of_inspection": [15.792665314190057, 14.103275682714923, 15.469243041992428, 11.911236438413537], "expected_cost_of_repair": [43.739328315765576, 38.545492884140586, 44.23244596718851, 40.81959945664962], "cost_of_transportation": [160, 75], "holding_cost": [2.2687273181366816, 2.404493279377963, 1.6012143712756273], "rejection_cost": [100.0, 100.0, 100.0, 100.0]}