{"container_types": 4, "number_of_facilities": 2, "container_quality_level": 5, "time_periods": 14, "number_containers_arriving_to_facility_zero": [[253, 173, 153, 142, 238, 291, 184, 190, 121, 191, 275, 208, 144, 272], [197, 103, 121, 124, 225, 285, 110, 154, 292, 104, 247, 125, 120, 101], [125, 185, 251, 150, 267, 181, 157, 245, 142, 273, 202, 211, 247, 225], [235, 283, 154, 177, 288, 148, 295, 235, 132, 141, 132, 268, 240, 245]], "number_unexpected_containers_at_facilities": [[37, 59, 60], [83, 83, 34], [12, 17, 71], [98, 66, 75]], "number_good_quality_containers_at_facilities": [[76, 35, 21], [15, 63, 83], [84, 36, 33], [92, 48, 41]], "containers_demand_for_clients": [[202, 235, 201, 203, 257, 197, 265, 245, 266, 209, 244, 237, 225, 248], [249, 258, 266, 241, 223, 185, 183, 193, 209, 197, 260, 237, 255, 214], [225, 184, 224, 177, 226, 153, 184, 159, 158, 176, 159, 153, 201, 192], [183, 203, 178, 190, 205, 183, 199, 237, 194, 219, 249, 199, 236, 255]], "transportation_capacity": 575, "probability_original_quality_level": [[8.0, 18.0, 7.0, 2.0, 41.0, 19.0, 5.0], [7.0, 28.0, 2.0, 29.0, 21.0, 10.0, 3.0], [7.0, 19.0, 5.0, 22.0, 23.0, 22.0, 2.0], [6.0, 6.0, 34.0, 11.0, 26.0, 12.0, 5.0]], "number_hours_required_for_inspection": [0.5519016912406048, 0.4779046271643735, 0.9459633531510847, 0.6342702794160745], "number_hours_available_for_inspection": [343, 314, 314], "expected_number_hours_required_for_repair": [1.450678419552381, 1.3504709244814908, 1.4309053460207968, 1.3204942650884555], "number_hours_available_for_repair": [424, 370, 518], "warehouse_capacity_of_facility": [874, 848, 824], "cost_of_inspection": [11.038033824812096, 9.55809254328747, 18.919267063021692, 12.68540558832149], "expected_cost_of_repair": [42.54073644912203, 39.492596732910634, 41.68347982512098, 38.59112319590352], "cost_of_transportation": [131, 108], "holding_cost": [2.1454289149538055, 2.055259506850439, 1.7952556393035963], "rejection_cost": [100.0, 100.0, 100.0, 100.0]}