{"container_types": 4, "number_of_facilities": 2, "container_quality_level": 5, "time_periods": 14, "number_containers_arriving_to_facility_zero": [[107, 225, 226, 178, 162, 233, 193, 238, 111, 148, 127, 227, 271, 146], [179, 121, 189, 213, 245, 271, 288, 253, 229, 168, 134, 188, 153, 183], [252, 259, 207, 144, 222, 190, 109, 161, 172, 102, 106, 290, 161, 222], [177, 291, 192, 293, 212, 239, 243, 245, 147, 175, 273, 283, 268, 264]], "number_unexpected_containers_at_facilities": [[92, 54, 20], [48, 39, 76], [74, 69, 96], [5, 47, 22]], "number_good_quality_containers_at_facilities": [[90, 68, 80], [63, 66, 65], [41, 20, 96], [86, 84, 61]], "containers_demand_for_clients": [[239, 232, 308, 290, 226, 251, 241, 223, 290, 300, 243, 265, 293, 294], [222, 197, 187, 253, 176, 171, 188, 238, 247, 172, 197, 175, 238, 233], [213, 239, 252, 252, 241, 251, 193, 244, 217, 227, 182, 188, 189, 255], [202, 170, 190, 225, 176, 249, 244, 203, 227, 194, 231, 192, 186, 251]], "transportation_capacity": 581, "probability_original_quality_level": [[7.0, 17.0, 17.0, 21.0, 26.0, 11.0, 1.0], [8.0, 3.0, 27.0, 14.0, 29.0, 15.0, 4.0], [10.0, 13.0, 21.0, 14.0, 24.0, 17.0, 1.0], [5.0, 14.0, 10.0, 24.0, 17.0, 27.0, 3.0]], "number_hours_required_for_inspection": [0.9984120273635065, 0.7070699760993959, 0.6569089405762313, 0.795801258619079], "number_hours_available_for_inspection": [382, 389, 343], "expected_number_hours_required_for_repair": [1.4261655631075576, 1.436401129682672, 1.3821125455784342, 1.4718872450002116], "number_hours_available_for_repair": [590, 439, 560], "warehouse_capacity_of_facility": [848, 949, 940], "cost_of_inspection": [19.96824054727013, 14.141399521987918, 13.138178811524625, 15.91602517238158], "expected_cost_of_repair": [41.540757990122344, 41.790845296862464, 39.75707679165928, 43.40222150286357], "cost_of_transportation": [94, 100], "holding_cost": [2.449012992334863, 1.920062786382113, 1.5398514836195676], "rejection_cost": [100.0, 100.0, 100.0, 100.0]}