{"container_types": 4, "number_of_facilities": 2, "container_quality_level": 5, "time_periods": 14, "number_containers_arriving_to_facility_zero": [[170, 144, 186, 215, 222, 291, 159, 229, 246, 220, 241, 174, 264, 219], [234, 272, 207, 101, 267, 145, 278, 273, 136, 274, 144, 154, 231, 291], [276, 144, 143, 109, 230, 115, 159, 149, 154, 214, 100, 210, 278, 134], [169, 162, 115, 241, 283, 233, 190, 269, 284, 244, 215, 125, 234, 285]], "number_unexpected_containers_at_facilities": [[77, 29, 40], [74, 90, 91], [98, 5, 99], [12, 86, 98]], "number_good_quality_containers_at_facilities": [[82, 42, 45], [8, 71, 46], [12, 23, 11], [63, 44, 87]], "containers_demand_for_clients": [[212, 287, 258, 275, 282, 269, 245, 198, 265, 284, 214, 264, 222, 249], [233, 226, 217, 236, 191, 256, 254, 236, 216, 235, 274, 224, 204, 252], [242, 214, 207, 271, 232, 205, 211, 271, 193, 255, 215, 248, 223, 198], [154, 206, 168, 153, 165, 157, 179, 177, 187, 166, 215, 169, 209, 206]], "transportation_capacity": 560, "probability_original_quality_level": [[7.0, 15.0, 8.0, 7.0, 27.0, 31.0, 5.0], [5.0, 25.0, 11.0, 10.0, 37.0, 10.0, 2.0], [6.0, 5.0, 34.0, 31.0, 19.0, 2.0, 3.0], [5.0, 23.0, 21.0, 8.0, 13.0, 29.0, 1.0]], "number_hours_required_for_inspection": [0.7741926763006144, 0.8158124786247621, 0.6031928073121129, 0.5462734076676551], "number_hours_available_for_inspection": [266, 312, 347], "expected_number_hours_required_for_repair": [1.5494887319688382, 1.3549768350834315, 1.2310821337180433, 1.4782921216275502], "number_hours_available_for_repair": [523, 519, 532], "warehouse_capacity_of_facility": [971, 882, 932], "cost_of_inspection": [15.483853526012288, 16.31624957249524, 12.063856146242259, 10.925468153353101], "expected_cost_of_repair": [45.19426470482815, 39.820277682935405, 36.155986184631075, 43.66370649457399], "cost_of_transportation": [125, 102], "holding_cost": [2.0575238974171657, 2.229493859608609, 1.0752930438954102], "rejection_cost": [100.0, 100.0, 100.0, 100.0]}