{"container_types": 4, "number_of_facilities": 2, "container_quality_level": 5, "time_periods": 14, "number_containers_arriving_to_facility_zero": [[296, 219, 251, 284, 272, 146, 172, 124, 254, 256, 230, 202, 261, 188], [116, 217, 166, 232, 252, 259, 140, 160, 130, 127, 145, 196, 268, 184], [279, 142, 184, 243, 161, 295, 210, 160, 189, 216, 269, 183, 276, 219], [214, 145, 237, 158, 224, 138, 296, 118, 106, 197, 200, 110, 282, 249]], "number_unexpected_containers_at_facilities": [[66, 93, 92], [45, 55, 52], [51, 49, 66], [44, 16, 58]], "number_good_quality_containers_at_facilities": [[1, 77, 60], [85, 98, 6], [61, 97, 49], [27, 88, 91]], "containers_demand_for_clients": [[256, 248, 237, 181, 212, 212, 208, 190, 215, 231, 247, 250, 175, 246], [281, 248, 267, 264, 240, 290, 272, 216, 223, 290, 221, 275, 230, 229], [215, 194, 205, 199, 174, 206, 248, 250, 244, 248, 232, 214, 176, 183], [241, 253, 246, 223, 201, 263, 235, 199, 276, 253, 208, 246, 240, 265]], "transportation_capacity": 601, "probability_original_quality_level": [[5.0, 19.0, 8.0, 39.0, 14.0, 15.0, 0.0], [7.0, 2.0, 25.0, 7.0, 33.0, 24.0, 2.0], [6.0, 44.0, 10.0, 18.0, 13.0, 7.0, 2.0], [7.0, 1.0, 34.0, 27.0, 16.0, 13.0, 2.0]], "number_hours_required_for_inspection": [0.39731199631095093, 0.48352529391258015, 0.625835250850225, 0.7902067352076273], "number_hours_available_for_inspection": [234, 288, 254], "expected_number_hours_required_for_repair": [1.51839847516291, 1.6477140113614184, 1.1589660485012834, 1.3979680067747133], "number_hours_available_for_repair": [553, 405, 562], "warehouse_capacity_of_facility": [904, 979, 1001], "cost_of_inspection": [7.946239926219018, 9.670505878251603, 12.5167050170045, 15.804134704152546], "expected_cost_of_repair": [44.59309301138478, 48.421302466697455, 34.06066958113589, 40.79155246218576], "cost_of_transportation": [90, 141], "holding_cost": [2.9127863759035653, 1.7785298829466287, 1.7993532730001311], "rejection_cost": [100.0, 100.0, 100.0, 100.0]}