{"container_types": 4, "number_of_facilities": 2, "container_quality_level": 5, "time_periods": 14, "number_containers_arriving_to_facility_zero": [[273, 278, 134, 249, 170, 277, 278, 261, 280, 239, 204, 289, 161, 249], [282, 287, 120, 143, 229, 229, 146, 135, 231, 232, 147, 177, 292, 258], [295, 131, 146, 279, 206, 285, 200, 191, 280, 263, 137, 239, 238, 196], [162, 256, 129, 195, 205, 103, 204, 160, 225, 220, 234, 168, 260, 155]], "number_unexpected_containers_at_facilities": [[87, 3, 81], [96, 73, 91], [95, 21, 20], [53, 88, 86]], "number_good_quality_containers_at_facilities": [[93, 42, 80], [60, 6, 8], [45, 66, 73], [86, 50, 74]], "containers_demand_for_clients": [[209, 255, 256, 234, 214, 250, 252, 220, 246, 227, 232, 205, 238, 262], [258, 310, 264, 296, 249, 318, 306, 257, 250, 233, 231, 292, 253, 314], [275, 253, 277, 208, 255, 213, 221, 228, 231, 249, 225, 212, 246, 241], [264, 229, 210, 270, 212, 271, 217, 223, 215, 272, 222, 235, 219, 194]], "transportation_capacity": 626, "probability_original_quality_level": [[8.0, 30.0, 14.0, 14.0, 7.0, 27.0, 0.0], [9.0, 24.0, 9.0, 21.0, 17.0, 18.0, 2.0], [9.0, 7.0, 24.0, 24.0, 16.0, 16.0, 4.0], [10.0, 25.0, 2.0, 2.0, 31.0, 27.0, 3.0]], "number_hours_required_for_inspection": [0.38332782234196583, 0.8446890853413722, 0.8023828211524737, 0.595295306996238], "number_hours_available_for_inspection": [309, 266, 264], "expected_number_hours_required_for_repair": [1.34832648015541, 1.3480547719764502, 1.3825141424810652, 1.5135441998545625], "number_hours_available_for_repair": [425, 524, 600], "warehouse_capacity_of_facility": [932, 966, 925], "cost_of_inspection": [7.666556446839317, 16.893781706827443, 16.047656423049474, 11.90590613992476], "expected_cost_of_repair": [39.39630689660461, 39.262845248530745, 39.71453888300455, 43.42605117394], "cost_of_transportation": [160, 145], "holding_cost": [2.5155218301730753, 1.90294863556071, 1.3446400078911735], "rejection_cost": [100.0, 100.0, 100.0, 100.0]}