{"container_types": 4, "number_of_facilities": 2, "container_quality_level": 5, "time_periods": 14, "number_containers_arriving_to_facility_zero": [[229, 105, 222, 159, 125, 157, 294, 130, 229, 215, 174, 267, 298, 213], [151, 224, 162, 181, 285, 191, 167, 175, 230, 178, 254, 111, 136, 138], [206, 131, 126, 189, 196, 210, 198, 140, 102, 222, 111, 226, 247, 150], [295, 251, 222, 254, 192, 214, 277, 162, 172, 266, 177, 273, 120, 112]], "number_unexpected_containers_at_facilities": [[69, 71, 7], [17, 51, 9], [38, 59, 38], [25, 86, 38]], "number_good_quality_containers_at_facilities": [[76, 69, 0], [96, 64, 44], [82, 95, 55], [96, 48, 34]], "containers_demand_for_clients": [[246, 282, 233, 262, 247, 192, 189, 217, 281, 270, 244, 211, 269, 277], [250, 260, 203, 193, 231, 187, 208, 192, 252, 179, 252, 246, 265, 209], [201, 192, 228, 209, 225, 184, 177, 194, 210, 219, 201, 164, 232, 191], [171, 173, 166, 221, 213, 201, 233, 236, 162, 212, 168, 226, 227, 192]], "transportation_capacity": 582, "probability_original_quality_level": [[5.0, 12.0, 23.0, 20.0, 9.0, 30.0, 1.0], [7.0, 0.0, 34.0, 15.0, 19.0, 24.0, 1.0], [7.0, 2.0, 2.0, 44.0, 14.0, 30.0, 1.0], [10.0, 22.0, 18.0, 27.0, 16.0, 3.0, 4.0]], "number_hours_required_for_inspection": [0.8970478229897727, 0.5305467780598964, 0.9983195549748664, 0.9123043551684634], "number_hours_available_for_inspection": [314, 315, 310], "expected_number_hours_required_for_repair": [1.4813224661824864, 1.4988850430746194, 1.7013836399385383, 1.1376309887692768], "number_hours_available_for_repair": [417, 445, 430], "warehouse_capacity_of_facility": [845, 847, 920], "cost_of_inspection": [17.940956459795455, 10.610935561197927, 19.966391099497326, 18.24608710336927], "expected_cost_of_repair": [43.47034873316773, 43.751917059979185, 50.1017424699811, 32.28940413553959], "cost_of_transportation": [143, 170], "holding_cost": [2.5308970149661874, 1.9472566627714887, 1.8977300867296454], "rejection_cost": [100.0, 100.0, 100.0, 100.0]}