{"container_types": 4, "number_of_facilities": 2, "container_quality_level": 5, "time_periods": 14, "number_containers_arriving_to_facility_zero": [[216, 272, 227, 258, 119, 123, 181, 150, 245, 199, 215, 115, 249, 182], [277, 236, 189, 247, 280, 108, 259, 280, 153, 295, 281, 137, 142, 262], [214, 165, 256, 251, 176, 235, 210, 128, 181, 158, 183, 135, 141, 233], [288, 294, 235, 229, 103, 193, 289, 177, 132, 194, 276, 184, 201, 147]], "number_unexpected_containers_at_facilities": [[44, 29, 97], [17, 69, 22], [84, 22, 27], [67, 14, 66]], "number_good_quality_containers_at_facilities": [[99, 58, 35], [72, 8, 72], [86, 49, 39], [77, 90, 68]], "containers_demand_for_clients": [[242, 229, 260, 259, 196, 225, 223, 280, 269, 235, 192, 228, 214, 213], [197, 220, 266, 253, 197, 203, 239, 229, 219, 214, 257, 254, 262, 209], [196, 251, 272, 255, 196, 280, 233, 285, 276, 245, 219, 277, 277, 277], [172, 207, 182, 208, 242, 172, 228, 182, 233, 181, 181, 215, 190, 183]], "transportation_capacity": 666, "probability_original_quality_level": [[10.0, 23.0, 26.0, 0.0, 15.0, 24.0, 2.0], [9.0, 3.0, 21.0, 16.0, 18.0, 33.0, 0.0], [8.0, 44.0, 5.0, 12.0, 8.0, 20.0, 3.0], [10.0, 2.0, 15.0, 13.0, 37.0, 23.0, 0.0]], "number_hours_required_for_inspection": [0.34304490348761285, 0.9000313187809137, 0.444442274169531, 0.9919638269529385], "number_hours_available_for_inspection": [298, 357, 305], "expected_number_hours_required_for_repair": [1.3163634081981581, 1.5458955982100673, 1.2591156069832945, 1.6097715917625515], "number_hours_available_for_repair": [426, 447, 474], "warehouse_capacity_of_facility": [929, 908, 990], "cost_of_inspection": [6.860898069752257, 18.000626375618275, 8.88884548339062, 19.83927653905877], "expected_cost_of_repair": [37.93321633653976, 44.84711582319274, 36.91948736098222, 46.89320536026109], "cost_of_transportation": [99, 131], "holding_cost": [2.8538145100676777, 2.454428041149053, 1.8590458414263922], "rejection_cost": [100.0, 100.0, 100.0, 100.0]}