{"container_types": 4, "number_of_facilities": 2, "container_quality_level": 5, "time_periods": 14, "number_containers_arriving_to_facility_zero": [[154, 292, 177, 223, 177, 247, 196, 187, 103, 240, 182, 260, 213, 153], [226, 218, 117, 214, 135, 211, 290, 154, 278, 295, 213, 220, 241, 187], [222, 171, 111, 211, 260, 199, 276, 134, 110, 285, 296, 245, 296, 168], [184, 262, 287, 231, 124, 144, 125, 253, 262, 253, 162, 247, 152, 112]], "number_unexpected_containers_at_facilities": [[35, 31, 65], [99, 95, 3], [95, 4, 5], [51, 82, 44]], "number_good_quality_containers_at_facilities": [[74, 48, 2], [92, 68, 37], [99, 17, 22], [84, 86, 9]], "containers_demand_for_clients": [[237, 253, 189, 198, 242, 237, 223, 264, 188, 261, 217, 229, 249, 194], [199, 190, 194, 181, 261, 193, 202, 224, 200, 175, 218, 180, 260, 248], [262, 278, 193, 254, 258, 248, 249, 216, 289, 236, 227, 254, 241, 252], [235, 268, 186, 255, 227, 254, 203, 198, 244, 202, 187, 196, 220, 275]], "transportation_capacity": 701, "probability_original_quality_level": [[6.0, 35.0, 12.0, 13.0, 17.0, 13.0, 4.0], [5.0, 25.0, 25.0, 17.0, 8.0, 17.0, 3.0], [8.0, 20.0, 2.0, 28.0, 4.0, 34.0, 4.0], [5.0, 36.0, 8.0, 6.0, 38.0, 3.0, 4.0]], "number_hours_required_for_inspection": [0.5052938352038226, 0.8761138790604975, 0.7794211402689477, 0.34204209293772403], "number_hours_available_for_inspection": [285, 288, 296], "expected_number_hours_required_for_repair": [1.335703607124994, 1.244141138813408, 1.488039389298841, 1.2346700604478844], "number_hours_available_for_repair": [501, 455, 463], "warehouse_capacity_of_facility": [866, 908, 826], "cost_of_inspection": [10.105876704076453, 17.522277581209952, 15.588422805378954, 6.84084185875448], "expected_cost_of_repair": [39.44076052744379, 36.822573212304334, 43.129138090835475, 36.16563980796668], "cost_of_transportation": [160, 97], "holding_cost": [2.408417462994965, 2.182626276424845, 1.3807800440610167], "rejection_cost": [100.0, 100.0, 100.0, 100.0]}