{"container_types": 4, "number_of_facilities": 2, "container_quality_level": 5, "time_periods": 14, "number_containers_arriving_to_facility_zero": [[196, 265, 132, 132, 293, 240, 188, 111, 239, 142, 290, 210, 125, 160], [237, 114, 224, 203, 209, 148, 105, 248, 235, 214, 165, 298, 287, 209], [103, 141, 162, 251, 112, 211, 150, 227, 156, 197, 174, 239, 221, 152], [168, 247, 214, 204, 245, 233, 110, 126, 122, 187, 174, 257, 267, 151]], "number_unexpected_containers_at_facilities": [[57, 21, 96], [22, 85, 15], [49, 58, 37], [95, 99, 86]], "number_good_quality_containers_at_facilities": [[54, 30, 30], [4, 6, 21], [30, 42, 16], [82, 1, 45]], "containers_demand_for_clients": [[229, 222, 241, 219, 220, 215, 218, 237, 204, 228, 236, 227, 193, 218], [206, 174, 241, 195, 181, 217, 197, 186, 196, 174, 197, 183, 245, 256], [220, 183, 253, 198, 241, 211, 217, 203, 229, 225, 222, 240, 199, 188], [162, 227, 172, 180, 197, 160, 162, 217, 213, 197, 170, 160, 189, 214]], "transportation_capacity": 543, "probability_original_quality_level": [[9.0, 19.0, 22.0, 27.0, 12.0, 7.0, 4.0], [6.0, 6.0, 32.0, 3.0, 23.0, 28.0, 2.0], [9.0, 32.0, 8.0, 1.0, 37.0, 9.0, 4.0], [7.0, 0.0, 43.0, 18.0, 5.0, 23.0, 4.0]], "number_hours_required_for_inspection": [0.5676670012500497, 0.4831732103660607, 0.7033904395542446, 0.878225494676733], "number_hours_available_for_inspection": [307, 266, 290], "expected_number_hours_required_for_repair": [1.2114292042398842, 1.543942774266749, 1.2725942244339103, 1.378705750320266], "number_hours_available_for_repair": [369, 376, 399], "warehouse_capacity_of_facility": [768, 809, 907], "cost_of_inspection": [11.353340025000993, 9.663464207321214, 14.067808791084893, 17.564509893534662], "expected_cost_of_repair": [35.21282331220467, 45.504813260197444, 36.67602762660957, 40.0894693825075], "cost_of_transportation": [97, 130], "holding_cost": [2.16286013052063, 2.018585962137263, 1.118523006129259], "rejection_cost": [100.0, 100.0, 100.0, 100.0]}