{"container_types": 4, "number_of_facilities": 2, "container_quality_level": 5, "time_periods": 14, "number_containers_arriving_to_facility_zero": [[205, 238, 137, 270, 229, 139, 151, 193, 192, 197, 190, 166, 297, 191], [210, 100, 201, 192, 272, 291, 151, 163, 211, 139, 278, 278, 115, 104], [183, 182, 290, 259, 232, 118, 128, 268, 155, 165, 294, 200, 278, 272], [181, 240, 176, 121, 280, 119, 296, 135, 249, 244, 100, 213, 103, 162]], "number_unexpected_containers_at_facilities": [[9, 96, 4], [31, 57, 70], [2, 93, 82], [61, 72, 78]], "number_good_quality_containers_at_facilities": [[17, 97, 65], [62, 0, 98], [82, 32, 74], [86, 20, 4]], "containers_demand_for_clients": [[179, 216, 200, 173, 231, 169, 190, 249, 189, 230, 233, 248, 245, 174], [241, 203, 210, 196, 234, 180, 260, 191, 220, 186, 213, 177, 224, 234], [214, 183, 188, 180, 173, 179, 186, 248, 178, 208, 250, 208, 173, 177], [241, 240, 195, 249, 202, 256, 200, 255, 196, 258, 242, 260, 262, 205]], "transportation_capacity": 688, "probability_original_quality_level": [[10.0, 13.0, 1.0, 5.0, 16.0, 54.0, 1.0], [7.0, 26.0, 0.0, 32.0, 16.0, 14.0, 5.0], [8.0, 23.0, 21.0, 1.0, 32.0, 14.0, 1.0], [8.0, 4.0, 24.0, 20.0, 22.0, 21.0, 1.0]], "number_hours_required_for_inspection": [0.6092292768337546, 0.5622077399095282, 0.6939780785383642, 0.9277687826213025], "number_hours_available_for_inspection": [256, 343, 314], "expected_number_hours_required_for_repair": [1.6464749237231247, 1.324464014714105, 1.3737042559627606, 1.4286485190364215], "number_hours_available_for_repair": [475, 457, 595], "warehouse_capacity_of_facility": [929, 925, 873], "cost_of_inspection": [12.184585536675092, 11.244154798190564, 13.879561570767285, 18.55537565242605], "expected_cost_of_repair": [47.610275029360515, 38.96900664321164, 39.7201665340463, 42.04321909651092], "cost_of_transportation": [120, 72], "holding_cost": [2.4453674682814546, 1.9532834389297298, 1.1421741425969323], "rejection_cost": [100.0, 100.0, 100.0, 100.0]}