{"container_types": 4, "number_of_facilities": 2, "container_quality_level": 5, "time_periods": 14, "number_containers_arriving_to_facility_zero": [[258, 275, 232, 167, 121, 148, 241, 264, 172, 288, 106, 265, 103, 119], [270, 231, 147, 117, 218, 139, 276, 233, 197, 294, 127, 261, 274, 109], [279, 224, 216, 257, 195, 156, 217, 114, 168, 131, 299, 288, 191, 258], [248, 265, 263, 251, 142, 174, 219, 196, 249, 255, 251, 137, 250, 139]], "number_unexpected_containers_at_facilities": [[52, 77, 74], [17, 23, 95], [52, 99, 20], [60, 74, 30]], "number_good_quality_containers_at_facilities": [[31, 22, 49], [30, 50, 76], [11, 49, 57], [95, 15, 88]], "containers_demand_for_clients": [[258, 276, 233, 204, 279, 209, 218, 201, 219, 216, 203, 267, 202, 234], [211, 211, 201, 231, 175, 229, 207, 236, 198, 223, 232, 233, 240, 195], [199, 238, 243, 190, 195, 193, 265, 202, 184, 253, 185, 249, 188, 249], [260, 224, 274, 191, 272, 234, 231, 214, 220, 193, 219, 224, 274, 198]], "transportation_capacity": 599, "probability_original_quality_level": [[8.0, 33.0, 12.0, 9.0, 26.0, 11.0, 1.0], [7.0, 7.0, 11.0, 33.0, 6.0, 33.0, 3.0], [6.0, 1.0, 24.0, 19.0, 18.0, 31.0, 1.0], [10.0, 2.0, 19.0, 30.0, 7.0, 32.0, 0.0]], "number_hours_required_for_inspection": [0.6623092889297071, 0.33513359685877203, 0.7475973664828499, 0.6746219849515132], "number_hours_available_for_inspection": [240, 322, 276], "expected_number_hours_required_for_repair": [1.278399726561254, 1.5086808908886697, 1.6176295973585249, 1.6007214376257002], "number_hours_available_for_repair": [612, 610, 427], "warehouse_capacity_of_facility": [972, 976, 964], "cost_of_inspection": [13.246185778594143, 6.702671937175441, 14.951947329657, 13.492439699030264], "expected_cost_of_repair": [37.10464304040937, 43.98020273815544, 47.4093857160528, 46.09148328426603], "cost_of_transportation": [109, 97], "holding_cost": [2.9784962712232246, 1.939048451632571, 1.4782002359899287], "rejection_cost": [100.0, 100.0, 100.0, 100.0]}