{"container_types": 4, "number_of_facilities": 2, "container_quality_level": 5, "time_periods": 14, "number_containers_arriving_to_facility_zero": [[115, 147, 179, 270, 282, 299, 192, 187, 152, 142, 173, 110, 155, 175], [294, 254, 269, 206, 290, 294, 134, 281, 112, 226, 129, 161, 157, 253], [281, 297, 283, 260, 296, 149, 194, 294, 298, 251, 290, 263, 237, 202], [116, 257, 154, 297, 161, 120, 140, 134, 273, 178, 232, 127, 108, 170]], "number_unexpected_containers_at_facilities": [[8, 29, 49], [66, 74, 39], [55, 28, 26], [81, 4, 78]], "number_good_quality_containers_at_facilities": [[36, 86, 60], [63, 23, 62], [84, 7, 52], [24, 19, 40]], "containers_demand_for_clients": [[168, 181, 220, 185, 172, 205, 198, 170, 180, 218, 230, 192, 186, 209], [219, 196, 170, 218, 205, 226, 235, 187, 200, 220, 179, 176, 174, 183], [223, 231, 218, 225, 204, 255, 263, 235, 251, 217, 256, 257, 254, 259], [315, 279, 270, 283, 322, 283, 221, 271, 262, 260, 283, 248, 242, 241]], "transportation_capacity": 584, "probability_original_quality_level": [[8.0, 27.0, 15.0, 35.0, 5.0, 9.0, 1.0], [10.0, 26.0, 7.0, 20.0, 7.0, 30.0, 0.0], [10.0, 14.0, 17.0, 12.0, 20.0, 24.0, 3.0], [8.0, 19.0, 9.0, 29.0, 27.0, 8.0, 0.0]], "number_hours_required_for_inspection": [0.9738928300246795, 0.7963254620123176, 0.6897113961829847, 0.730370220166207], "number_hours_available_for_inspection": [368, 314, 308], "expected_number_hours_required_for_repair": [1.2046218124929922, 1.4267772851265328, 1.4040256657704737, 1.4369162044414865], "number_hours_available_for_repair": [572, 423, 406], "warehouse_capacity_of_facility": [890, 992, 953], "cost_of_inspection": [19.477856600493592, 15.926509240246352, 13.794227923659694, 14.60740440332414], "expected_cost_of_repair": [35.29098998138268, 41.16042971138293, 41.008479782090106, 41.95189299031037], "cost_of_transportation": [72, 78], "holding_cost": [2.7698396639297127, 1.6463792069296246, 1.3966947119555992], "rejection_cost": [100.0, 100.0, 100.0, 100.0]}