{"container_types": 4, "number_of_facilities": 2, "container_quality_level": 5, "time_periods": 14, "number_containers_arriving_to_facility_zero": [[224, 172, 164, 207, 127, 288, 178, 279, 216, 193, 148, 212, 139, 270], [250, 174, 231, 150, 281, 119, 169, 288, 111, 117, 257, 291, 257, 110], [288, 243, 218, 112, 284, 229, 150, 179, 205, 169, 145, 192, 186, 262], [130, 114, 204, 233, 182, 114, 295, 207, 170, 211, 143, 231, 165, 261]], "number_unexpected_containers_at_facilities": [[17, 40, 89], [43, 62, 6], [87, 62, 0], [10, 73, 31]], "number_good_quality_containers_at_facilities": [[26, 67, 82], [46, 73, 32], [10, 24, 43], [98, 5, 11]], "containers_demand_for_clients": [[237, 165, 190, 230, 167, 171, 194, 190, 208, 243, 233, 243, 172, 246], [246, 201, 265, 243, 243, 201, 240, 196, 256, 195, 217, 219, 181, 194], [234, 194, 202, 187, 238, 252, 237, 176, 205, 247, 244, 260, 209, 220], [251, 211, 193, 239, 212, 199, 189, 216, 177, 193, 244, 205, 227, 229]], "transportation_capacity": 623, "probability_original_quality_level": [[8.0, 22.0, 2.0, 18.0, 20.0, 26.0, 4.0], [5.0, 7.0, 24.0, 22.0, 15.0, 22.0, 5.0], [8.0, 6.0, 27.0, 19.0, 23.0, 14.0, 3.0], [10.0, 17.0, 20.0, 0.0, 27.0, 25.0, 1.0]], "number_hours_required_for_inspection": [0.8793839113207897, 0.8951597903103149, 0.8521873930221502, 0.636060516600884], "number_hours_available_for_inspection": [388, 299, 325], "expected_number_hours_required_for_repair": [1.453335317810081, 1.4224239509278425, 1.3956827436350963, 1.4470853245678552], "number_hours_available_for_repair": [459, 400, 487], "warehouse_capacity_of_facility": [795, 833, 809], "cost_of_inspection": [17.587678226415797, 17.9031958062063, 17.043747860443005, 12.72121033201768], "expected_cost_of_repair": [42.415243432796245, 41.764571950042885, 40.425427724339286, 41.93971887402517], "cost_of_transportation": [154, 105], "holding_cost": [2.7051940144633666, 2.3006584103407635, 1.3625783682789225], "rejection_cost": [100.0, 100.0, 100.0, 100.0]}