{"container_types": 4, "number_of_facilities": 2, "container_quality_level": 5, "time_periods": 14, "number_containers_arriving_to_facility_zero": [[129, 100, 141, 127, 229, 103, 205, 205, 146, 204, 197, 295, 150, 285], [180, 189, 280, 109, 118, 270, 265, 292, 115, 255, 281, 101, 162, 213], [174, 253, 185, 111, 277, 285, 128, 299, 193, 271, 283, 198, 293, 164], [242, 232, 227, 101, 288, 135, 121, 241, 255, 255, 144, 104, 184, 160]], "number_unexpected_containers_at_facilities": [[84, 71, 51], [33, 14, 65], [4, 58, 43], [7, 24, 31]], "number_good_quality_containers_at_facilities": [[16, 19, 95], [36, 5, 71], [23, 20, 14], [26, 86, 27]], "containers_demand_for_clients": [[174, 200, 185, 185, 179, 233, 193, 189, 214, 167, 197, 214, 193, 219], [241, 172, 166, 213, 237, 184, 188, 211, 180, 180, 181, 221, 192, 194], [206, 193, 176, 226, 233, 239, 219, 185, 247, 174, 235, 215, 223, 201], [215, 228, 269, 210, 239, 189, 257, 231, 234, 242, 211, 239, 276, 226]], "transportation_capacity": 659, "probability_original_quality_level": [[6.0, 22.0, 23.0, 18.0, 0.0, 26.0, 5.0], [10.0, 5.0, 35.0, 7.0, 26.0, 15.0, 2.0], [9.0, 33.0, 0.0, 34.0, 9.0, 13.0, 2.0], [6.0, 34.0, 25.0, 10.0, 6.0, 17.0, 2.0]], "number_hours_required_for_inspection": [0.598973139895348, 0.8741411716274569, 0.8271781720364343, 0.3371512717010333], "number_hours_available_for_inspection": [257, 236, 313], "expected_number_hours_required_for_repair": [1.3913329288088123, 1.4402280556516658, 1.2093922513043127, 1.2214645208270785], "number_hours_available_for_repair": [431, 515, 495], "warehouse_capacity_of_facility": [878, 814, 836], "cost_of_inspection": [11.979462797906958, 17.482823432549136, 16.543563440728686, 6.743025434020666], "expected_cost_of_repair": [40.661931722246685, 42.10732224186535, 34.500836503823336, 35.56163426684461], "cost_of_transportation": [74, 141], "holding_cost": [2.0409008848904677, 2.117454330274342, 1.6388544300740606], "rejection_cost": [100.0, 100.0, 100.0, 100.0]}