{"container_types": 4, "number_of_facilities": 2, "container_quality_level": 5, "time_periods": 14, "number_containers_arriving_to_facility_zero": [[142, 110, 115, 254, 136, 150, 219, 201, 185, 220, 256, 272, 228, 201], [133, 168, 159, 144, 194, 122, 274, 133, 180, 104, 215, 224, 292, 246], [111, 192, 258, 138, 299, 162, 219, 140, 161, 187, 147, 169, 238, 146], [182, 278, 208, 119, 218, 282, 163, 214, 290, 141, 142, 163, 256, 295]], "number_unexpected_containers_at_facilities": [[23, 59, 14], [59, 56, 83], [3, 65, 22], [65, 70, 27]], "number_good_quality_containers_at_facilities": [[36, 17, 30], [49, 76, 20], [88, 60, 35], [13, 11, 62]], "containers_demand_for_clients": [[231, 267, 248, 198, 250, 195, 248, 262, 272, 264, 216, 219, 268, 188], [171, 165, 211, 175, 169, 169, 168, 196, 174, 204, 189, 238, 203, 236], [209, 230, 184, 187, 242, 209, 218, 233, 213, 227, 182, 182, 195, 198], [198, 169, 217, 230, 187, 222, 174, 174, 228, 165, 196, 234, 223, 220]], "transportation_capacity": 524, "probability_original_quality_level": [[6.0, 19.0, 18.0, 11.0, 10.0, 32.0, 4.0], [8.0, 15.0, 30.0, 18.0, 1.0, 26.0, 2.0], [5.0, 18.0, 22.0, 13.0, 15.0, 26.0, 1.0], [10.0, 20.0, 4.0, 39.0, 22.0, 5.0, 0.0]], "number_hours_required_for_inspection": [0.3771178875284275, 0.8838509801660652, 0.7834183907690896, 0.9340334168668251], "number_hours_available_for_inspection": [379, 271, 261], "expected_number_hours_required_for_repair": [1.4903547082604824, 1.3914245753937464, 1.4675281556017834, 1.4251204816934802], "number_hours_available_for_repair": [456, 373, 372], "warehouse_capacity_of_facility": [773, 784, 895], "cost_of_inspection": [7.54235775056855, 17.677019603321305, 15.668367815381792, 18.680668337336503], "expected_cost_of_repair": [43.85700735753246, 40.521531574842314, 43.25950226566492, 41.23677136067593], "cost_of_transportation": [120, 165], "holding_cost": [2.482632590289672, 2.4697772428908653, 1.8385211914854112], "rejection_cost": [100.0, 100.0, 100.0, 100.0]}