{"container_types": 4, "number_of_facilities": 2, "container_quality_level": 9, "time_periods": 14, "number_containers_arriving_to_facility_zero": [[155, 133, 266, 243, 204, 203, 144, 236, 130, 115, 163, 214, 173, 174], [297, 299, 124, 201, 214, 215, 286, 176, 275, 246, 232, 130, 183, 117], [180, 248, 294, 228, 144, 119, 227, 281, 244, 230, 105, 192, 274, 120], [204, 221, 114, 203, 234, 102, 117, 131, 132, 227, 210, 289, 142, 193]], "number_unexpected_containers_at_facilities": [[57, 95, 79], [6, 6, 62], [83, 93, 4], [4, 34, 4]], "number_good_quality_containers_at_facilities": [[0, 63, 44], [70, 6, 85], [6, 18, 53], [83, 14, 88]], "containers_demand_for_clients": [[231, 216, 211, 229, 210, 185, 186, 224, 184, 180, 234, 186, 227, 162], [199, 182, 221, 205, 216, 209, 229, 239, 240, 174, 211, 206, 208, 218], [225, 241, 255, 271, 209, 263, 247, 250, 199, 260, 223, 270, 219, 252], [202, 186, 224, 231, 230, 251, 197, 212, 235, 210, 224, 260, 184, 266]], "transportation_capacity": 522, "probability_original_quality_level": [[10.0, 15.0, 10.0, 2.0, 2.0, 17.0, 17.0, 9.0, 11.0, 5.0, 2.0], [6.0, 8.0, 17.0, 2.0, 5.0, 12.0, 17.0, 2.0, 12.0, 14.0, 5.0], [9.0, 17.0, 14.0, 2.0, 3.0, 2.0, 0.0, 19.0, 11.0, 20.0, 3.0], [8.0, 9.0, 5.0, 13.0, 17.0, 12.0, 2.0, 1.0, 12.0, 16.0, 5.0]], "number_hours_required_for_inspection": [0.4618580883783689, 0.5881093273788698, 0.5655134368978819, 0.6248893155288926], "number_hours_available_for_inspection": [256, 216, 219], "expected_number_hours_required_for_repair": [1.9536054169426975, 2.0379492146435103, 2.0414812861463587, 1.9601979300397838], "number_hours_available_for_repair": [569, 578, 584], "warehouse_capacity_of_facility": [893, 851, 934], "cost_of_inspection": [9.237161767567377, 11.762186547577397, 11.310268737957639, 12.497786310577851], "expected_cost_of_repair": [56.65123285670933, 60.08818791818521, 60.25885201867093, 57.47829611683967], "cost_of_transportation": [127, 71], "holding_cost": [2.215454833683306, 1.8943560771611172, 1.459363638090971], "rejection_cost": [1412796.0, 1412796.0, 1412796.0, 1412796.0]}