{"container_types": 4, "number_of_facilities": 2, "container_quality_level": 9, "time_periods": 14, "number_containers_arriving_to_facility_zero": [[252, 113, 168, 120, 171, 139, 165, 186, 244, 168, 138, 270, 258, 208], [182, 296, 274, 232, 100, 248, 224, 261, 208, 201, 162, 249, 289, 145], [178, 295, 114, 174, 232, 196, 281, 171, 208, 295, 246, 196, 227, 106], [102, 214, 188, 210, 193, 142, 292, 261, 216, 235, 186, 255, 195, 142]], "number_unexpected_containers_at_facilities": [[1, 38, 82], [4, 58, 84], [37, 53, 22], [57, 2, 80]], "number_good_quality_containers_at_facilities": [[25, 12, 64], [98, 3, 89], [64, 51, 2], [43, 31, 76]], "containers_demand_for_clients": [[189, 209, 237, 201, 235, 252, 252, 209, 247, 227, 243, 197, 203, 217], [185, 191, 237, 176, 215, 229, 217, 206, 212, 163, 214, 167, 218, 186], [271, 253, 229, 234, 265, 249, 250, 207, 194, 226, 257, 238, 233, 281], [223, 186, 185, 261, 198, 183, 253, 233, 212, 261, 193, 211, 241, 184]], "transportation_capacity": 619, "probability_original_quality_level": [[10.0, 7.0, 4.0, 9.0, 23.0, 0.0, 10.0, 13.0, 9.0, 15.0, 0.0], [6.0, 12.0, 18.0, 1.0, 13.0, 13.0, 8.0, 1.0, 7.0, 16.0, 5.0], [10.0, 1.0, 8.0, 10.0, 15.0, 9.0, 15.0, 19.0, 5.0, 8.0, 0.0], [7.0, 11.0, 11.0, 16.0, 9.0, 8.0, 0.0, 21.0, 0.0, 13.0, 4.0]], "number_hours_required_for_inspection": [0.6047913708686904, 0.8821322220115687, 0.3670533803271654, 0.8406811770453891], "number_hours_available_for_inspection": [262, 358, 331], "expected_number_hours_required_for_repair": [2.166303607182211, 1.8928065570035204, 2.119114623561353, 1.9454511026633252], "number_hours_available_for_repair": [793, 636, 720], "warehouse_capacity_of_facility": [933, 930, 836], "cost_of_inspection": [12.095827417373808, 17.642644440231376, 7.341067606543308, 16.813623540907784], "expected_cost_of_repair": [63.370683766978, 55.99390093926857, 61.794135140498526, 57.26718331391046], "cost_of_transportation": [89, 132], "holding_cost": [2.916499189707056, 1.8915944877078767, 1.7034044568815134], "rejection_cost": [1724605.0, 1724605.0, 1724605.0, 1724605.0]}