{"container_types": 4, "number_of_facilities": 2, "container_quality_level": 9, "time_periods": 14, "number_containers_arriving_to_facility_zero": [[160, 274, 125, 184, 273, 157, 246, 176, 191, 155, 163, 103, 129, 186], [243, 124, 177, 209, 104, 201, 126, 245, 127, 214, 149, 234, 140, 248], [110, 275, 276, 252, 115, 170, 293, 202, 275, 162, 150, 156, 204, 191], [121, 151, 266, 239, 275, 269, 197, 242, 265, 280, 265, 229, 289, 171]], "number_unexpected_containers_at_facilities": [[63, 71, 79], [58, 78, 25], [66, 27, 57], [7, 88, 92]], "number_good_quality_containers_at_facilities": [[17, 99, 34], [42, 33, 36], [31, 95, 57], [11, 57, 30]], "containers_demand_for_clients": [[271, 252, 228, 254, 282, 302, 225, 259, 290, 255, 208, 219, 226, 217], [215, 235, 180, 201, 211, 170, 208, 217, 177, 230, 204, 184, 223, 180], [206, 180, 208, 183, 178, 186, 220, 186, 172, 204, 220, 209, 231, 211], [218, 198, 238, 261, 256, 195, 201, 229, 200, 263, 259, 252, 231, 270]], "transportation_capacity": 607, "probability_original_quality_level": [[9.0, 11.0, 12.0, 2.0, 8.0, 13.0, 9.0, 12.0, 12.0, 9.0, 3.0], [5.0, 1.0, 14.0, 15.0, 6.0, 11.0, 3.0, 15.0, 7.0, 23.0, 0.0], [6.0, 15.0, 1.0, 10.0, 9.0, 16.0, 7.0, 17.0, 0.0, 15.0, 4.0], [5.0, 10.0, 12.0, 4.0, 7.0, 8.0, 8.0, 6.0, 16.0, 20.0, 4.0]], "number_hours_required_for_inspection": [0.7018729089412381, 0.5786134396790256, 0.8217628650917068, 0.7595490503502733], "number_hours_available_for_inspection": [350, 382, 342], "expected_number_hours_required_for_repair": [1.978117590770835, 2.305195485440879, 2.007881001480638, 2.199812260303952], "number_hours_available_for_repair": [823, 721, 709], "warehouse_capacity_of_facility": [931, 960, 843], "cost_of_inspection": [14.037458178824762, 11.57226879358051, 16.435257301834135, 15.190981007005465], "expected_cost_of_repair": [58.00794394750784, 68.53550757242297, 59.13830294848293, 65.25794139806152], "cost_of_transportation": [121, 160], "holding_cost": [2.6163905197681383, 2.359595769284441, 1.8980428581932667], "rejection_cost": [1979660.0, 1979660.0, 1979660.0, 1979660.0]}