{"container_types": 4, "number_of_facilities": 2, "container_quality_level": 9, "time_periods": 14, "number_containers_arriving_to_facility_zero": [[260, 197, 150, 213, 241, 253, 130, 254, 249, 138, 116, 254, 262, 130], [116, 156, 172, 143, 225, 225, 192, 158, 206, 169, 156, 218, 280, 244], [283, 225, 180, 266, 294, 280, 204, 149, 178, 196, 119, 249, 271, 147], [105, 283, 114, 116, 263, 284, 184, 127, 251, 213, 265, 148, 105, 282]], "number_unexpected_containers_at_facilities": [[10, 7, 88], [9, 93, 84], [48, 25, 1], [60, 33, 3]], "number_good_quality_containers_at_facilities": [[77, 68, 48], [39, 43, 92], [40, 31, 99], [6, 3, 11]], "containers_demand_for_clients": [[211, 165, 229, 208, 180, 167, 238, 199, 174, 243, 203, 167, 195, 205], [216, 236, 223, 256, 254, 214, 250, 244, 187, 238, 223, 226, 203, 260], [202, 226, 182, 174, 244, 194, 242, 234, 201, 255, 227, 217, 189, 253], [189, 195, 252, 192, 215, 258, 260, 208, 279, 270, 272, 220, 201, 257]], "transportation_capacity": 564, "probability_original_quality_level": [[9.0, 8.0, 17.0, 6.0, 1.0, 15.0, 9.0, 4.0, 14.0, 13.0, 4.0], [10.0, 5.0, 6.0, 19.0, 22.0, 0.0, 5.0, 0.0, 17.0, 14.0, 2.0], [6.0, 6.0, 19.0, 6.0, 20.0, 4.0, 0.0, 13.0, 10.0, 14.0, 2.0], [5.0, 9.0, 14.0, 10.0, 14.0, 2.0, 13.0, 7.0, 11.0, 15.0, 0.0]], "number_hours_required_for_inspection": [0.40760563186849014, 0.394439237915852, 0.8785468614486873, 0.6899613316466444], "number_hours_available_for_inspection": [216, 241, 229], "expected_number_hours_required_for_repair": [1.988609261915999, 1.9556093974392916, 2.0459482970750695, 2.085404119351432], "number_hours_available_for_repair": [724, 668, 794], "warehouse_capacity_of_facility": [816, 883, 867], "cost_of_inspection": [8.152112637369802, 7.8887847583170405, 17.570937228973747, 13.79922663293289], "expected_cost_of_repair": [58.065692560967115, 57.07677168920129, 60.34354276796918, 61.75133496764036], "cost_of_transportation": [71, 151], "holding_cost": [2.4849848738678815, 2.150849528378577, 1.401172340117995], "rejection_cost": [1700404.0, 1700404.0, 1700404.0, 1700404.0]}