{"container_types": 4, "number_of_facilities": 2, "container_quality_level": 9, "time_periods": 14, "number_containers_arriving_to_facility_zero": [[268, 275, 291, 131, 159, 245, 254, 298, 225, 113, 159, 121, 107, 228], [259, 275, 185, 219, 280, 160, 186, 146, 276, 213, 117, 155, 181, 105], [108, 120, 156, 136, 110, 109, 259, 148, 246, 255, 124, 280, 161, 148], [205, 292, 240, 126, 209, 108, 150, 142, 244, 178, 155, 146, 253, 125]], "number_unexpected_containers_at_facilities": [[24, 90, 16], [17, 85, 43], [91, 83, 89], [83, 84, 76]], "number_good_quality_containers_at_facilities": [[91, 62, 96], [16, 60, 27], [8, 23, 0], [60, 72, 1]], "containers_demand_for_clients": [[220, 219, 180, 224, 175, 196, 173, 185, 175, 199, 247, 204, 196, 233], [259, 269, 231, 253, 206, 244, 236, 244, 267, 213, 221, 252, 233, 224], [200, 252, 181, 186, 229, 190, 182, 201, 200, 183, 207, 214, 181, 196], [210, 164, 199, 220, 151, 210, 163, 174, 159, 206, 192, 155, 176, 212]], "transportation_capacity": 675, "probability_original_quality_level": [[7.0, 8.0, 9.0, 19.0, 18.0, 4.0, 11.0, 3.0, 10.0, 10.0, 1.0], [8.0, 20.0, 21.0, 19.0, 0.0, 4.0, 9.0, 0.0, 1.0, 16.0, 2.0], [8.0, 9.0, 9.0, 7.0, 9.0, 5.0, 7.0, 17.0, 8.0, 20.0, 1.0], [9.0, 6.0, 1.0, 16.0, 15.0, 4.0, 25.0, 0.0, 16.0, 8.0, 0.0]], "number_hours_required_for_inspection": [0.5595381046982845, 0.6624447758479199, 0.9937947132197891, 0.5924286967250484], "number_hours_available_for_inspection": [314, 258, 244], "expected_number_hours_required_for_repair": [1.9681346912168542, 1.66015506836754, 2.2379510629676407, 2.084918624593055], "number_hours_available_for_repair": [782, 586, 714], "warehouse_capacity_of_facility": [796, 838, 774], "cost_of_inspection": [11.19076209396569, 13.248895516958399, 19.875894264395782, 11.848573934500967], "expected_cost_of_repair": [58.3220310981243, 48.46820130834285, 65.9116019871672, 61.06532744968802], "cost_of_transportation": [91, 91], "holding_cost": [2.4287015499833835, 2.2812994657541874, 1.2678374604390772], "rejection_cost": [1339713.0, 1339713.0, 1339713.0, 1339713.0]}