{"container_types": 4, "number_of_facilities": 2, "container_quality_level": 9, "time_periods": 14, "number_containers_arriving_to_facility_zero": [[239, 248, 283, 154, 204, 198, 144, 120, 283, 171, 238, 155, 249, 144], [275, 143, 103, 231, 269, 164, 203, 155, 178, 182, 111, 266, 245, 251], [112, 201, 182, 160, 179, 257, 195, 262, 165, 228, 259, 144, 268, 213], [223, 179, 100, 211, 223, 155, 137, 219, 217, 235, 285, 135, 119, 285]], "number_unexpected_containers_at_facilities": [[54, 19, 31], [14, 18, 81], [27, 24, 49], [4, 39, 85]], "number_good_quality_containers_at_facilities": [[49, 86, 53], [38, 62, 38], [57, 93, 34], [0, 72, 92]], "containers_demand_for_clients": [[253, 236, 209, 207, 199, 245, 254, 250, 181, 234, 233, 238, 208, 186], [193, 215, 257, 223, 247, 230, 246, 224, 190, 193, 189, 195, 190, 188], [213, 177, 188, 215, 190, 224, 178, 204, 237, 227, 244, 176, 205, 229], [251, 255, 253, 194, 210, 222, 218, 227, 189, 261, 236, 194, 183, 211]], "transportation_capacity": 592, "probability_original_quality_level": [[9.0, 5.0, 3.0, 16.0, 15.0, 13.0, 4.0, 8.0, 1.0, 22.0, 4.0], [9.0, 2.0, 16.0, 11.0, 11.0, 14.0, 1.0, 5.0, 12.0, 15.0, 4.0], [8.0, 3.0, 13.0, 4.0, 8.0, 14.0, 15.0, 3.0, 15.0, 16.0, 1.0], [7.0, 14.0, 2.0, 16.0, 15.0, 14.0, 13.0, 4.0, 2.0, 11.0, 2.0]], "number_hours_required_for_inspection": [0.3341941165304821, 0.41868358607504097, 0.7476729030830901, 0.9083813712448963], "number_hours_available_for_inspection": [273, 278, 291], "expected_number_hours_required_for_repair": [2.051762205793666, 1.9689443319109394, 2.2239135013909235, 1.921453082519628], "number_hours_available_for_repair": [859, 626, 658], "warehouse_capacity_of_facility": [950, 879, 904], "cost_of_inspection": [6.6838823306096415, 8.37367172150082, 14.953458061661802, 18.167627424897926], "expected_cost_of_repair": [60.467816989953874, 58.07947757048059, 65.5144769843237, 56.82794579958231], "cost_of_transportation": [149, 103], "holding_cost": [2.0653620835564124, 2.148232652306535, 1.050026136235163], "rejection_cost": [1713466.0, 1713466.0, 1713466.0, 1713466.0]}