{"container_types": 4, "number_of_facilities": 2, "container_quality_level": 9, "time_periods": 14, "number_containers_arriving_to_facility_zero": [[200, 160, 185, 279, 244, 188, 163, 104, 180, 200, 130, 279, 247, 198], [257, 106, 296, 247, 241, 146, 224, 120, 274, 165, 214, 142, 170, 211], [116, 102, 115, 145, 277, 220, 146, 276, 227, 240, 269, 110, 195, 237], [170, 145, 125, 125, 224, 210, 154, 156, 181, 277, 242, 204, 158, 156]], "number_unexpected_containers_at_facilities": [[4, 89, 56], [32, 76, 1], [47, 73, 59], [62, 39, 47]], "number_good_quality_containers_at_facilities": [[49, 26, 89], [10, 29, 28], [69, 5, 62], [79, 80, 38]], "containers_demand_for_clients": [[176, 200, 215, 225, 207, 175, 232, 225, 179, 170, 165, 215, 212, 214], [249, 227, 206, 211, 225, 236, 183, 261, 208, 260, 218, 228, 181, 222], [240, 193, 241, 253, 207, 208, 185, 239, 177, 245, 172, 218, 254, 195], [195, 223, 229, 222, 206, 233, 179, 208, 193, 240, 245, 185, 189, 222]], "transportation_capacity": 594, "probability_original_quality_level": [[9.0, 5.0, 10.0, 13.0, 2.0, 13.0, 8.0, 12.0, 11.0, 14.0, 3.0], [8.0, 19.0, 2.0, 14.0, 7.0, 2.0, 17.0, 7.0, 5.0, 18.0, 1.0], [5.0, 19.0, 2.0, 18.0, 1.0, 9.0, 5.0, 11.0, 16.0, 9.0, 5.0], [9.0, 4.0, 0.0, 0.0, 8.0, 7.0, 12.0, 23.0, 9.0, 27.0, 1.0]], "number_hours_required_for_inspection": [0.6015588592601188, 0.8112817607393374, 0.9696919418276037, 0.6050773995157506], "number_hours_available_for_inspection": [264, 303, 303], "expected_number_hours_required_for_repair": [2.1037569001563243, 2.0633134178766523, 1.8989667725137662, 2.6265322219142786], "number_hours_available_for_repair": [848, 670, 745], "warehouse_capacity_of_facility": [873, 787, 899], "cost_of_inspection": [12.031177185202376, 16.22563521478675, 19.393838836552074, 12.101547990315012], "expected_cost_of_repair": [61.982075078716605, 60.3166241071428, 56.394058336327014, 77.61390901579877], "cost_of_transportation": [116, 122], "holding_cost": [2.3661179636205274, 1.7515984147235641, 1.816643425978658], "rejection_cost": [1520447.0, 1520447.0, 1520447.0, 1520447.0]}