{"container_types": 4, "number_of_facilities": 2, "container_quality_level": 9, "time_periods": 14, "number_containers_arriving_to_facility_zero": [[274, 207, 163, 270, 275, 184, 180, 163, 277, 126, 212, 295, 204, 237], [122, 268, 113, 240, 226, 283, 263, 165, 273, 220, 209, 186, 199, 174], [199, 115, 188, 184, 264, 198, 205, 266, 250, 123, 149, 243, 171, 248], [160, 294, 242, 139, 272, 193, 287, 182, 180, 252, 129, 227, 170, 246]], "number_unexpected_containers_at_facilities": [[49, 31, 96], [18, 18, 3], [71, 5, 61], [55, 38, 97]], "number_good_quality_containers_at_facilities": [[59, 55, 87], [70, 82, 55], [62, 38, 11], [40, 80, 43]], "containers_demand_for_clients": [[260, 231, 228, 260, 255, 260, 237, 209, 279, 277, 195, 231, 217, 195], [260, 199, 259, 274, 211, 285, 231, 256, 239, 261, 207, 229, 248, 270], [225, 258, 252, 242, 256, 217, 220, 201, 247, 256, 227, 256, 235, 268], [215, 176, 215, 243, 215, 246, 199, 192, 218, 225, 200, 248, 177, 237]], "transportation_capacity": 631, "probability_original_quality_level": [[10.0, 12.0, 18.0, 8.0, 4.0, 0.0, 17.0, 0.0, 22.0, 8.0, 1.0], [10.0, 4.0, 12.0, 0.0, 8.0, 21.0, 8.0, 16.0, 7.0, 10.0, 4.0], [9.0, 9.0, 7.0, 1.0, 11.0, 13.0, 4.0, 15.0, 17.0, 9.0, 5.0], [10.0, 13.0, 9.0, 6.0, 11.0, 7.0, 10.0, 6.0, 7.0, 16.0, 5.0]], "number_hours_required_for_inspection": [0.808378961473263, 0.4821152970271652, 0.38221679857352847, 0.8496193939435785], "number_hours_available_for_inspection": [266, 258, 250], "expected_number_hours_required_for_repair": [1.9746339918689768, 2.0205723517758662, 2.0634424816652213, 1.9169145266550378], "number_hours_available_for_repair": [762, 882, 694], "warehouse_capacity_of_facility": [929, 843, 1017], "cost_of_inspection": [16.16757922946526, 9.642305940543304, 7.64433597147057, 16.992387878871572], "expected_cost_of_repair": [57.38576061887873, 59.30054677531426, 60.37105402826037, 55.78273308781049], "cost_of_transportation": [123, 128], "holding_cost": [2.224355637256859, 2.4345282673465087, 1.380323515449336], "rejection_cost": [1676869.0, 1676869.0, 1676869.0, 1676869.0]}