{"container_types": 4, "number_of_facilities": 2, "container_quality_level": 9, "time_periods": 14, "number_containers_arriving_to_facility_zero": [[182, 259, 180, 250, 137, 138, 153, 271, 138, 268, 211, 267, 108, 128], [235, 143, 123, 206, 216, 244, 214, 257, 131, 142, 115, 205, 145, 249], [172, 299, 225, 164, 224, 241, 135, 261, 166, 107, 268, 234, 161, 110], [103, 280, 129, 187, 226, 206, 179, 246, 280, 120, 284, 275, 219, 172]], "number_unexpected_containers_at_facilities": [[71, 67, 4], [19, 41, 2], [66, 54, 91], [17, 93, 5]], "number_good_quality_containers_at_facilities": [[8, 6, 50], [89, 78, 43], [71, 0, 5], [71, 50, 98]], "containers_demand_for_clients": [[191, 272, 247, 268, 268, 268, 253, 266, 223, 204, 213, 221, 185, 208], [224, 244, 198, 201, 234, 186, 243, 208, 170, 219, 191, 177, 168, 184], [202, 177, 205, 193, 213, 239, 178, 200, 227, 211, 174, 219, 231, 220], [194, 224, 194, 256, 238, 255, 244, 196, 214, 219, 230, 235, 212, 248]], "transportation_capacity": 625, "probability_original_quality_level": [[5.0, 12.0, 6.0, 10.0, 0.0, 1.0, 14.0, 15.0, 15.0, 17.0, 5.0], [5.0, 5.0, 5.0, 12.0, 3.0, 11.0, 5.0, 13.0, 16.0, 21.0, 4.0], [6.0, 1.0, 17.0, 15.0, 3.0, 10.0, 10.0, 11.0, 12.0, 12.0, 3.0], [5.0, 9.0, 6.0, 2.0, 2.0, 7.0, 16.0, 16.0, 12.0, 25.0, 0.0]], "number_hours_required_for_inspection": [0.9836951897981312, 0.9470853056097494, 0.46242141080701, 0.45745800126304725], "number_hours_available_for_inspection": [332, 316, 293], "expected_number_hours_required_for_repair": [2.2075274049049094, 2.3128128314403313, 2.0964217675517487, 2.454783122249083], "number_hours_available_for_repair": [806, 742, 943], "warehouse_capacity_of_facility": [782, 818, 792], "cost_of_inspection": [19.673903795962623, 18.941706112194986, 9.2484282161402, 9.149160025260946], "expected_cost_of_repair": [65.60259219446424, 68.45114800128358, 61.95421648162129, 72.86927633631193], "cost_of_transportation": [135, 93], "holding_cost": [2.0784572753632213, 1.8616848274884117, 1.9319861272997496], "rejection_cost": [1655027.0, 1655027.0, 1655027.0, 1655027.0]}