{"container_types": 4, "number_of_facilities": 2, "container_quality_level": 9, "time_periods": 14, "number_containers_arriving_to_facility_zero": [[188, 251, 229, 249, 210, 198, 286, 249, 219, 299, 196, 102, 154, 203], [253, 104, 116, 147, 112, 109, 280, 174, 190, 296, 163, 233, 252, 185], [209, 212, 283, 240, 246, 117, 184, 175, 100, 112, 270, 184, 100, 275], [217, 141, 290, 215, 203, 108, 295, 192, 230, 222, 107, 180, 247, 119]], "number_unexpected_containers_at_facilities": [[89, 84, 93], [91, 52, 48], [61, 34, 49], [48, 9, 48]], "number_good_quality_containers_at_facilities": [[94, 94, 46], [84, 54, 23], [73, 17, 98], [23, 6, 65]], "containers_demand_for_clients": [[179, 219, 174, 216, 214, 238, 247, 243, 194, 218, 202, 214, 208, 189], [270, 264, 301, 243, 202, 264, 270, 222, 274, 224, 216, 223, 280, 291], [198, 180, 236, 230, 198, 218, 201, 188, 197, 169, 181, 222, 179, 241], [194, 194, 253, 204, 194, 204, 190, 185, 182, 201, 257, 191, 230, 215]], "transportation_capacity": 499, "probability_original_quality_level": [[10.0, 13.0, 17.0, 12.0, 0.0, 7.0, 1.0, 7.0, 14.0, 14.0, 5.0], [8.0, 2.0, 5.0, 8.0, 4.0, 21.0, 19.0, 11.0, 3.0, 19.0, 0.0], [5.0, 2.0, 3.0, 19.0, 7.0, 18.0, 21.0, 16.0, 4.0, 4.0, 1.0], [7.0, 5.0, 8.0, 9.0, 2.0, 1.0, 19.0, 13.0, 9.0, 25.0, 2.0]], "number_hours_required_for_inspection": [0.9889976581459663, 0.5854978025330373, 0.4777737826616437, 0.6496273483704643], "number_hours_available_for_inspection": [282, 274, 290], "expected_number_hours_required_for_repair": [1.816582593961342, 2.3730361890053855, 2.123404470160483, 2.3139281614234735], "number_hours_available_for_repair": [821, 886, 907], "warehouse_capacity_of_facility": [919, 871, 822], "cost_of_inspection": [19.779953162919327, 11.709956050660747, 9.555475653232875, 12.992546967409286], "expected_cost_of_repair": [53.3562607184539, 70.00755041452967, 62.731826850256304, 68.55306736849772], "cost_of_transportation": [65, 136], "holding_cost": [2.2831259350440964, 2.4533766264359684, 1.5315035163978055], "rejection_cost": [1498488.0, 1498488.0, 1498488.0, 1498488.0]}