{"container_types": 4, "number_of_facilities": 2, "container_quality_level": 9, "time_periods": 14, "number_containers_arriving_to_facility_zero": [[232, 103, 101, 198, 217, 135, 103, 208, 217, 279, 211, 224, 286, 106], [128, 179, 113, 168, 187, 124, 141, 175, 265, 124, 108, 150, 169, 176], [219, 188, 105, 182, 288, 203, 175, 183, 135, 285, 137, 225, 217, 243], [274, 190, 294, 255, 194, 285, 267, 169, 243, 155, 222, 294, 130, 230]], "number_unexpected_containers_at_facilities": [[52, 94, 73], [74, 19, 18], [35, 73, 53], [32, 8, 2]], "number_good_quality_containers_at_facilities": [[90, 53, 24], [66, 24, 61], [88, 90, 36], [81, 36, 46]], "containers_demand_for_clients": [[232, 266, 290, 272, 224, 224, 269, 259, 212, 249, 231, 201, 208, 248], [218, 188, 186, 220, 246, 197, 255, 196, 214, 230, 193, 180, 189, 252], [203, 200, 191, 157, 195, 143, 157, 157, 165, 191, 180, 185, 155, 197], [257, 264, 258, 181, 225, 208, 230, 218, 258, 261, 195, 190, 238, 226]], "transportation_capacity": 462, "probability_original_quality_level": [[9.0, 9.0, 3.0, 13.0, 15.0, 20.0, 8.0, 0.0, 15.0, 6.0, 2.0], [6.0, 17.0, 9.0, 4.0, 14.0, 16.0, 9.0, 2.0, 4.0, 15.0, 4.0], [10.0, 0.0, 15.0, 8.0, 9.0, 11.0, 12.0, 26.0, 0.0, 8.0, 1.0], [6.0, 13.0, 5.0, 17.0, 6.0, 0.0, 11.0, 22.0, 5.0, 11.0, 4.0]], "number_hours_required_for_inspection": [0.7306422614287039, 0.7635132593596429, 0.6501953976728461, 0.3461178296137805], "number_hours_available_for_inspection": [227, 222, 246], "expected_number_hours_required_for_repair": [1.9675939504763367, 1.8336114838472206, 2.0073848987507086, 2.002223862078128], "number_hours_available_for_repair": [788, 810, 730], "warehouse_capacity_of_facility": [921, 839, 778], "cost_of_inspection": [14.612845228574079, 15.270265187192857, 13.00390795345692, 6.9223565922756105], "expected_cost_of_repair": [57.79770328856233, 53.94194421631718, 58.82214902744171, 58.951717410459786], "cost_of_transportation": [139, 165], "holding_cost": [2.054169153998797, 2.3747752345784447, 1.985974491717375], "rejection_cost": [1603618.0, 1603618.0, 1603618.0, 1603618.0]}