{"container_types": 4, "number_of_facilities": 2, "container_quality_level": 9, "time_periods": 14, "number_containers_arriving_to_facility_zero": [[105, 189, 169, 173, 136, 213, 229, 221, 210, 127, 170, 233, 285, 208], [129, 299, 236, 212, 126, 236, 120, 129, 106, 233, 288, 175, 179, 143], [166, 222, 297, 212, 288, 137, 178, 130, 133, 110, 106, 180, 149, 192], [250, 110, 188, 251, 195, 164, 256, 134, 265, 197, 134, 266, 217, 253]], "number_unexpected_containers_at_facilities": [[48, 46, 64], [49, 93, 9], [2, 19, 98], [57, 36, 17]], "number_good_quality_containers_at_facilities": [[54, 27, 26], [63, 51, 90], [47, 96, 81], [49, 21, 94]], "containers_demand_for_clients": [[208, 188, 216, 215, 189, 253, 253, 205, 197, 251, 232, 209, 234, 229], [174, 198, 194, 226, 209, 197, 210, 205, 225, 167, 221, 172, 212, 172], [246, 222, 244, 177, 186, 200, 190, 244, 218, 195, 246, 191, 247, 245], [196, 221, 227, 205, 168, 206, 200, 198, 207, 208, 231, 185, 201, 179]], "transportation_capacity": 540, "probability_original_quality_level": [[6.0, 4.0, 8.0, 24.0, 18.0, 0.0, 13.0, 1.0, 8.0, 18.0, 0.0], [8.0, 10.0, 1.0, 20.0, 3.0, 4.0, 21.0, 5.0, 18.0, 9.0, 1.0], [9.0, 8.0, 3.0, 11.0, 11.0, 16.0, 6.0, 9.0, 11.0, 13.0, 3.0], [7.0, 16.0, 10.0, 13.0, 5.0, 4.0, 14.0, 13.0, 11.0, 6.0, 1.0]], "number_hours_required_for_inspection": [0.6425624280330039, 0.8301334771931047, 0.6096511776654037, 0.7036723886470245], "number_hours_available_for_inspection": [265, 353, 333], "expected_number_hours_required_for_repair": [2.0484479497359676, 2.1019392639639234, 2.064705206673502, 1.931628390730377], "number_hours_available_for_repair": [580, 681, 743], "warehouse_capacity_of_facility": [848, 922, 771], "cost_of_inspection": [12.851248560660078, 16.602669543862095, 12.193023553308073, 14.07344777294049], "expected_cost_of_repair": [60.42130244392554, 61.87562172370856, 60.86228282747021, 57.05637288896427], "cost_of_transportation": [135, 81], "holding_cost": [2.1886708239449186, 1.8159890755962393, 1.0317356003130604], "rejection_cost": [1455618.0, 1455618.0, 1455618.0, 1455618.0]}