{"container_types": 4, "number_of_facilities": 2, "container_quality_level": 9, "time_periods": 14, "number_containers_arriving_to_facility_zero": [[185, 148, 181, 181, 217, 145, 236, 153, 102, 197, 263, 224, 194, 127], [124, 133, 256, 222, 120, 111, 183, 228, 166, 192, 271, 100, 175, 232], [247, 134, 234, 217, 123, 134, 169, 218, 271, 217, 199, 199, 179, 275], [206, 122, 207, 199, 274, 223, 226, 206, 103, 291, 126, 194, 244, 256]], "number_unexpected_containers_at_facilities": [[94, 51, 48], [14, 17, 57], [4, 86, 53], [6, 20, 18]], "number_good_quality_containers_at_facilities": [[97, 49, 45], [46, 71, 3], [92, 23, 10], [59, 59, 90]], "containers_demand_for_clients": [[237, 232, 193, 249, 196, 233, 193, 216, 250, 238, 256, 255, 196, 250], [184, 201, 210, 168, 240, 200, 247, 211, 214, 222, 219, 180, 169, 236], [197, 157, 196, 215, 212, 207, 232, 190, 229, 162, 210, 199, 164, 207], [239, 202, 233, 208, 181, 197, 204, 235, 176, 198, 222, 204, 245, 227]], "transportation_capacity": 485, "probability_original_quality_level": [[8.0, 5.0, 11.0, 3.0, 7.0, 0.0, 19.0, 18.0, 18.0, 7.0, 4.0], [6.0, 8.0, 15.0, 16.0, 7.0, 16.0, 0.0, 4.0, 9.0, 16.0, 3.0], [7.0, 11.0, 14.0, 2.0, 13.0, 3.0, 12.0, 8.0, 11.0, 15.0, 4.0], [10.0, 7.0, 13.0, 11.0, 12.0, 13.0, 7.0, 5.0, 2.0, 15.0, 5.0]], "number_hours_required_for_inspection": [0.9075222841050593, 0.407621857208466, 0.7091079722158374, 0.7584819123887608], "number_hours_available_for_inspection": [355, 253, 265], "expected_number_hours_required_for_repair": [2.2122837769155956, 1.9394834132982894, 2.0221221384292134, 1.8099168787779576], "number_hours_available_for_repair": [748, 799, 664], "warehouse_capacity_of_facility": [842, 890, 830], "cost_of_inspection": [18.150445682101186, 8.152437144169319, 14.18215944431675, 15.169638247775216], "expected_cost_of_repair": [65.14284246086156, 57.23407880589084, 59.86297603444187, 53.1900116281066], "cost_of_transportation": [139, 74], "holding_cost": [2.8622419624012236, 2.1851928890008194, 1.6875331817589805], "rejection_cost": [1510734.0, 1510734.0, 1510734.0, 1510734.0]}