{"container_types": 4, "number_of_facilities": 2, "container_quality_level": 9, "time_periods": 14, "number_containers_arriving_to_facility_zero": [[121, 264, 107, 110, 294, 188, 117, 155, 166, 217, 131, 162, 298, 194], [143, 286, 154, 255, 199, 189, 238, 168, 102, 186, 104, 195, 223, 281], [269, 287, 201, 218, 172, 291, 242, 151, 299, 112, 265, 291, 139, 195], [151, 297, 144, 134, 228, 216, 234, 235, 147, 227, 199, 280, 259, 224]], "number_unexpected_containers_at_facilities": [[57, 6, 60], [84, 87, 62], [60, 96, 20], [77, 46, 10]], "number_good_quality_containers_at_facilities": [[79, 37, 49], [54, 99, 96], [93, 73, 46], [10, 44, 23]], "containers_demand_for_clients": [[251, 237, 185, 192, 224, 232, 215, 208, 229, 264, 188, 247, 189, 252], [172, 221, 188, 169, 203, 230, 188, 221, 200, 198, 201, 238, 170, 200], [265, 223, 217, 200, 188, 231, 189, 222, 218, 195, 226, 183, 205, 196], [295, 250, 286, 288, 219, 201, 251, 201, 216, 280, 203, 237, 258, 246]], "transportation_capacity": 719, "probability_original_quality_level": [[6.0, 1.0, 12.0, 23.0, 3.0, 9.0, 4.0, 13.0, 1.0, 28.0, 0.0], [7.0, 17.0, 6.0, 8.0, 6.0, 5.0, 9.0, 10.0, 8.0, 19.0, 5.0], [10.0, 6.0, 6.0, 7.0, 3.0, 12.0, 19.0, 0.0, 17.0, 18.0, 2.0], [8.0, 7.0, 2.0, 11.0, 7.0, 7.0, 25.0, 15.0, 6.0, 9.0, 3.0]], "number_hours_required_for_inspection": [0.7407144245928255, 0.7359794420624176, 0.6120419176623765, 0.7513527075453079], "number_hours_available_for_inspection": [282, 299, 290], "expected_number_hours_required_for_repair": [2.2457211586197676, 2.083348606588657, 2.251675856100019, 2.0832268401866196], "number_hours_available_for_repair": [667, 784, 800], "warehouse_capacity_of_facility": [862, 952, 848], "cost_of_inspection": [14.81428849185651, 14.719588841248353, 12.24083835324753, 15.027054150906158], "expected_cost_of_repair": [66.24697911618075, 61.30442881542411, 65.96478439558553, 61.30596710629241], "cost_of_transportation": [127, 160], "holding_cost": [2.770029510926891, 1.7878135028713626, 1.4069099734914636], "rejection_cost": [2135004.0, 2135004.0, 2135004.0, 2135004.0]}