{"container_types": 4, "number_of_facilities": 2, "container_quality_level": 9, "time_periods": 14, "number_containers_arriving_to_facility_zero": [[179, 221, 142, 254, 100, 245, 169, 225, 167, 234, 150, 225, 185, 174], [115, 205, 204, 172, 286, 204, 205, 114, 133, 217, 140, 238, 233, 203], [139, 209, 136, 222, 265, 216, 144, 262, 299, 239, 115, 283, 115, 146], [192, 236, 169, 152, 274, 278, 167, 122, 150, 182, 124, 111, 154, 199]], "number_unexpected_containers_at_facilities": [[85, 68, 44], [51, 13, 26], [50, 51, 33], [40, 44, 21]], "number_good_quality_containers_at_facilities": [[35, 85, 15], [76, 75, 96], [9, 92, 7], [20, 40, 6]], "containers_demand_for_clients": [[176, 213, 202, 217, 192, 208, 204, 223, 161, 175, 196, 168, 204, 197], [189, 186, 188, 227, 207, 185, 175, 178, 232, 192, 230, 207, 197, 250], [226, 183, 222, 184, 224, 185, 236, 247, 194, 177, 177, 207, 202, 173], [207, 196, 243, 255, 217, 250, 215, 193, 187, 181, 216, 206, 192, 205]], "transportation_capacity": 488, "probability_original_quality_level": [[5.0, 1.0, 12.0, 22.0, 3.0, 0.0, 0.0, 23.0, 21.0, 13.0, 0.0], [5.0, 3.0, 14.0, 6.0, 7.0, 11.0, 8.0, 19.0, 5.0, 20.0, 2.0], [10.0, 12.0, 6.0, 3.0, 11.0, 11.0, 14.0, 12.0, 4.0, 16.0, 1.0], [10.0, 2.0, 10.0, 14.0, 8.0, 12.0, 7.0, 5.0, 13.0, 18.0, 1.0]], "number_hours_required_for_inspection": [0.7628252565470455, 0.8179105096882406, 0.9740711344225823, 0.8415631021200716], "number_hours_available_for_inspection": [379, 298, 327], "expected_number_hours_required_for_repair": [2.3324476418537152, 2.2253941741862846, 2.03177003666522, 2.1727143038616403], "number_hours_available_for_repair": [653, 724, 787], "warehouse_capacity_of_facility": [918, 889, 845], "cost_of_inspection": [15.256505130940909, 16.358210193764812, 19.481422688451644, 16.83126204240143], "expected_cost_of_repair": [69.3108735696004, 65.95220679009813, 59.62164973929225, 63.368291548532994], "cost_of_transportation": [63, 92], "holding_cost": [2.858940858554144, 2.479174216580287, 1.3523140906493571], "rejection_cost": [1216275.0, 1216275.0, 1216275.0, 1216275.0]}