{"container_types": 4, "number_of_facilities": 2, "container_quality_level": 9, "time_periods": 14, "number_containers_arriving_to_facility_zero": [[190, 279, 187, 253, 215, 234, 170, 273, 100, 169, 245, 120, 225, 183], [225, 263, 208, 251, 130, 265, 108, 213, 180, 129, 123, 206, 271, 101], [214, 105, 269, 247, 125, 274, 230, 298, 275, 292, 229, 120, 237, 214], [217, 147, 169, 119, 140, 297, 270, 212, 147, 288, 188, 241, 210, 156]], "number_unexpected_containers_at_facilities": [[95, 32, 60], [51, 91, 44], [99, 90, 19], [36, 46, 24]], "number_good_quality_containers_at_facilities": [[20, 30, 41], [66, 83, 72], [21, 77, 63], [50, 45, 93]], "containers_demand_for_clients": [[205, 186, 230, 177, 238, 231, 192, 177, 259, 231, 260, 240, 223, 206], [208, 219, 207, 248, 217, 183, 245, 220, 220, 220, 198, 219, 251, 180], [220, 238, 191, 259, 220, 185, 235, 251, 221, 261, 263, 189, 195, 197], [207, 231, 238, 232, 250, 271, 273, 294, 235, 222, 276, 199, 295, 285]], "transportation_capacity": 527, "probability_original_quality_level": [[9.0, 1.0, 7.0, 4.0, 10.0, 1.0, 2.0, 19.0, 13.0, 29.0, 5.0], [7.0, 7.0, 13.0, 13.0, 12.0, 3.0, 3.0, 9.0, 10.0, 20.0, 3.0], [5.0, 0.0, 9.0, 10.0, 4.0, 17.0, 11.0, 8.0, 16.0, 18.0, 2.0], [9.0, 5.0, 6.0, 9.0, 8.0, 16.0, 4.0, 10.0, 22.0, 6.0, 5.0]], "number_hours_required_for_inspection": [0.8194416206364259, 0.5023242136924518, 0.46905858412113616, 0.7888379727118389], "number_hours_available_for_inspection": [312, 270, 333], "expected_number_hours_required_for_repair": [2.431413649432137, 2.074881697445099, 2.404332018338565, 2.0729977171748475], "number_hours_available_for_repair": [885, 895, 834], "warehouse_capacity_of_facility": [972, 888, 861], "cost_of_inspection": [16.38883241272852, 10.046484273849037, 9.381171682422723, 15.776759454236778], "expected_cost_of_repair": [71.42286050855516, 61.346233164198495, 71.21229315841416, 60.49980122393924], "cost_of_transportation": [61, 85], "holding_cost": [2.800995991080536, 1.7848531374376522, 1.2910328267339557], "rejection_cost": [1169673.0, 1169673.0, 1169673.0, 1169673.0]}