{"container_types": 4, "number_of_facilities": 2, "container_quality_level": 9, "time_periods": 14, "number_containers_arriving_to_facility_zero": [[141, 294, 112, 184, 273, 236, 149, 206, 184, 119, 140, 157, 147, 111], [231, 209, 278, 155, 144, 180, 289, 253, 252, 217, 194, 107, 292, 118], [104, 189, 220, 256, 263, 233, 235, 188, 290, 275, 146, 294, 198, 104], [137, 254, 205, 297, 175, 124, 209, 287, 132, 215, 164, 256, 116, 266]], "number_unexpected_containers_at_facilities": [[38, 95, 91], [31, 59, 84], [4, 35, 89], [0, 60, 76]], "number_good_quality_containers_at_facilities": [[63, 63, 37], [77, 21, 95], [82, 56, 2], [41, 20, 45]], "containers_demand_for_clients": [[262, 235, 256, 222, 177, 254, 237, 233, 206, 222, 218, 242, 261, 204], [237, 183, 226, 199, 164, 178, 221, 184, 220, 163, 168, 195, 183, 190], [266, 277, 198, 224, 267, 210, 226, 218, 271, 266, 213, 228, 258, 192], [240, 251, 267, 223, 262, 219, 221, 230, 241, 247, 241, 256, 240, 250]], "transportation_capacity": 500, "probability_original_quality_level": [[10.0, 5.0, 16.0, 4.0, 1.0, 0.0, 16.0, 13.0, 12.0, 23.0, 0.0], [9.0, 10.0, 6.0, 20.0, 15.0, 1.0, 5.0, 16.0, 9.0, 9.0, 0.0], [10.0, 13.0, 13.0, 0.0, 13.0, 8.0, 4.0, 11.0, 12.0, 15.0, 1.0], [7.0, 3.0, 4.0, 8.0, 10.0, 19.0, 5.0, 2.0, 19.0, 22.0, 1.0]], "number_hours_required_for_inspection": [0.8721187203304742, 0.5393416744355753, 0.9820730848819176, 0.818786614554137], "number_hours_available_for_inspection": [425, 346, 311], "expected_number_hours_required_for_repair": [2.2540695428620534, 1.9289452833016207, 1.96334599258268, 2.343779498358533], "number_hours_available_for_repair": [712, 934, 893], "warehouse_capacity_of_facility": [943, 939, 880], "cost_of_inspection": [17.442374406609485, 10.786833488711506, 19.641461697638352, 16.37573229108274], "expected_cost_of_repair": [66.30314781076973, 56.59513159857215, 57.57050699028507, 69.14726631127849], "cost_of_transportation": [141, 70], "holding_cost": [2.1187704743492293, 1.968400657156956, 1.2813516687298505], "rejection_cost": [1490320.0, 1490320.0, 1490320.0, 1490320.0]}