{"container_types": 4, "number_of_facilities": 2, "container_quality_level": 9, "time_periods": 14, "number_containers_arriving_to_facility_zero": [[294, 196, 211, 284, 112, 229, 297, 224, 234, 182, 279, 160, 210, 293], [158, 126, 269, 266, 259, 196, 165, 194, 122, 155, 115, 111, 261, 247], [253, 102, 108, 188, 269, 257, 112, 224, 228, 217, 182, 158, 263, 191], [112, 125, 158, 253, 109, 192, 178, 117, 134, 207, 213, 278, 239, 141]], "number_unexpected_containers_at_facilities": [[92, 1, 29], [87, 40, 44], [50, 1, 75], [46, 65, 91]], "number_good_quality_containers_at_facilities": [[27, 46, 58], [53, 35, 99], [60, 36, 86], [92, 49, 1]], "containers_demand_for_clients": [[192, 212, 182, 187, 231, 215, 198, 181, 194, 180, 188, 196, 164, 173], [204, 229, 251, 290, 276, 218, 229, 232, 198, 236, 220, 284, 222, 270], [175, 239, 215, 231, 212, 247, 230, 216, 200, 217, 222, 181, 235, 203], [181, 247, 259, 237, 184, 227, 182, 217, 205, 223, 242, 194, 222, 244]], "transportation_capacity": 483, "probability_original_quality_level": [[10.0, 3.0, 1.0, 18.0, 4.0, 15.0, 1.0, 4.0, 20.0, 20.0, 4.0], [5.0, 12.0, 3.0, 9.0, 18.0, 3.0, 0.0, 11.0, 13.0, 22.0, 4.0], [7.0, 6.0, 16.0, 17.0, 3.0, 10.0, 0.0, 12.0, 14.0, 12.0, 3.0], [9.0, 19.0, 5.0, 0.0, 7.0, 5.0, 8.0, 18.0, 7.0, 18.0, 4.0]], "number_hours_required_for_inspection": [0.7697725475052065, 0.41806259945975255, 0.9596688244382681, 0.3663578842342882], "number_hours_available_for_inspection": [278, 240, 320], "expected_number_hours_required_for_repair": [2.1440896633067354, 2.2068768883716445, 2.0154832958928064, 2.092683053638397], "number_hours_available_for_repair": [938, 743, 742], "warehouse_capacity_of_facility": [820, 963, 814], "cost_of_inspection": [15.39545095010413, 8.36125198919505, 19.19337648876536, 7.327157684685765], "expected_cost_of_repair": [62.99996565269878, 65.59412482058715, 59.692571953422075, 61.56195675746335], "cost_of_transportation": [145, 103], "holding_cost": [2.7328795436318867, 1.7452249932383364, 1.021776341024784], "rejection_cost": [1458697.0, 1458697.0, 1458697.0, 1458697.0]}