{"container_types": 4, "number_of_facilities": 2, "container_quality_level": 9, "time_periods": 14, "number_containers_arriving_to_facility_zero": [[167, 130, 299, 137, 268, 110, 147, 194, 192, 243, 120, 122, 179, 166], [168, 143, 257, 176, 275, 213, 134, 143, 281, 200, 170, 208, 181, 215], [267, 109, 178, 174, 105, 246, 163, 147, 185, 141, 128, 196, 220, 284], [251, 244, 206, 138, 214, 160, 151, 204, 224, 137, 107, 290, 280, 188]], "number_unexpected_containers_at_facilities": [[16, 88, 28], [83, 57, 35], [23, 24, 81], [60, 91, 28]], "number_good_quality_containers_at_facilities": [[3, 4, 18], [42, 70, 92], [42, 73, 26], [47, 71, 68]], "containers_demand_for_clients": [[263, 189, 249, 235, 205, 251, 181, 259, 233, 196, 266, 240, 198, 181], [210, 197, 184, 188, 185, 202, 151, 207, 182, 222, 168, 181, 178, 188], [186, 260, 239, 247, 267, 246, 202, 244, 179, 237, 220, 204, 210, 190], [228, 238, 201, 189, 177, 228, 220, 233, 202, 183, 199, 198, 227, 224]], "transportation_capacity": 641, "probability_original_quality_level": [[8.0, 14.0, 5.0, 11.0, 13.0, 4.0, 8.0, 3.0, 13.0, 21.0, 0.0], [5.0, 5.0, 6.0, 16.0, 7.0, 1.0, 11.0, 16.0, 14.0, 18.0, 1.0], [7.0, 2.0, 8.0, 0.0, 14.0, 9.0, 16.0, 14.0, 20.0, 7.0, 3.0], [10.0, 18.0, 2.0, 4.0, 18.0, 8.0, 0.0, 0.0, 18.0, 17.0, 5.0]], "number_hours_required_for_inspection": [0.8328998533704384, 0.3557554998109868, 0.6218940700451027, 0.6313268592465895], "number_hours_available_for_inspection": [295, 259, 250], "expected_number_hours_required_for_repair": [2.124773773056792, 2.360860396920445, 2.2230906431954236, 1.9295288015066034], "number_hours_available_for_repair": [898, 630, 819], "warehouse_capacity_of_facility": [847, 897, 762], "cost_of_inspection": [16.65799706740877, 7.115109996219736, 12.437881400902054, 12.62653718493179], "expected_cost_of_repair": [62.630715652899205, 69.84610880087922, 65.69218056145134, 56.64432786472429], "cost_of_transportation": [111, 114], "holding_cost": [2.36090431548325, 1.716246286318151, 1.1425938710271462], "rejection_cost": [1468443.0, 1468443.0, 1468443.0, 1468443.0]}