{"container_types": 4, "number_of_facilities": 2, "container_quality_level": 9, "time_periods": 14, "number_containers_arriving_to_facility_zero": [[198, 270, 202, 163, 258, 123, 165, 160, 267, 131, 257, 210, 213, 216], [194, 185, 106, 109, 175, 170, 127, 166, 192, 111, 219, 134, 137, 241], [215, 247, 173, 262, 211, 212, 260, 185, 129, 278, 223, 188, 164, 110], [167, 138, 109, 215, 163, 124, 194, 212, 270, 127, 124, 153, 177, 108]], "number_unexpected_containers_at_facilities": [[86, 15, 36], [31, 75, 0], [62, 20, 26], [63, 73, 15]], "number_good_quality_containers_at_facilities": [[23, 56, 4], [71, 14, 83], [88, 66, 86], [36, 31, 24]], "containers_demand_for_clients": [[187, 196, 152, 168, 157, 210, 182, 191, 195, 201, 209, 171, 176, 201], [255, 220, 193, 241, 211, 229, 244, 247, 221, 213, 229, 209, 182, 179], [158, 183, 196, 216, 166, 207, 173, 146, 201, 208, 185, 197, 153, 201], [258, 205, 245, 256, 197, 255, 225, 184, 226, 223, 266, 267, 226, 213]], "transportation_capacity": 610, "probability_original_quality_level": [[6.0, 22.0, 6.0, 10.0, 19.0, 3.0, 1.0, 21.0, 2.0, 8.0, 2.0], [6.0, 1.0, 17.0, 7.0, 19.0, 17.0, 14.0, 7.0, 8.0, 4.0, 0.0], [7.0, 3.0, 7.0, 7.0, 11.0, 14.0, 11.0, 16.0, 15.0, 5.0, 4.0], [9.0, 12.0, 17.0, 15.0, 0.0, 8.0, 0.0, 19.0, 16.0, 4.0, 0.0]], "number_hours_required_for_inspection": [0.4427986549412048, 0.9302986161134463, 0.9233999292234446, 0.8683795616103468], "number_hours_available_for_inspection": [262, 269, 295], "expected_number_hours_required_for_repair": [1.8496217244885498, 2.0062901592575137, 2.1134416347638036, 1.9222068254657148], "number_hours_available_for_repair": [569, 570, 663], "warehouse_capacity_of_facility": [847, 746, 875], "cost_of_inspection": [8.855973098824096, 18.605972322268926, 18.46799858446889, 17.367591232206937], "expected_cost_of_repair": [54.80488381770748, 59.29940905831002, 62.20119147304588, 56.555053922579916], "cost_of_transportation": [127, 98], "holding_cost": [2.2566959140998426, 2.0827364128668484, 1.325695523145567], "rejection_cost": [1542258.0, 1542258.0, 1542258.0, 1542258.0]}