{"container_types": 4, "number_of_facilities": 2, "container_quality_level": 5, "time_periods": 30, "number_containers_arriving_to_facility_zero": [[227, 261, 265, 132, 185, 213, 221, 275, 289, 197, 263, 165, 272, 107, 145, 215, 288, 254, 120, 218, 279, 240, 238, 210, 205, 240, 286, 182, 211, 105], [280, 295, 130, 202, 183, 245, 135, 131, 251, 134, 194, 290, 299, 193, 193, 225, 197, 292, 225, 167, 212, 193, 110, 104, 137, 109, 248, 250, 122, 247], [129, 112, 206, 106, 115, 112, 220, 139, 226, 235, 150, 183, 236, 100, 291, 205, 218, 285, 166, 120, 171, 217, 296, 287, 285, 267, 174, 197, 194, 201], [268, 266, 245, 233, 277, 243, 198, 128, 243, 122, 136, 160, 224, 247, 191, 155, 284, 242, 154, 246, 290, 218, 104, 181, 259, 254, 267, 178, 129, 153]], "number_unexpected_containers_at_facilities": [[30, 76, 94], [88, 64, 76], [10, 87, 31], [37, 44, 60]], "number_good_quality_containers_at_facilities": [[5, 40, 0], [51, 3, 3], [72, 70, 85], [45, 30, 23]], "containers_demand_for_clients": [[191, 237, 205, 248, 209, 257, 175, 234, 178, 203, 210, 177, 201, 252, 227, 188, 254, 190, 256, 206, 242, 249, 255, 185, 257, 190, 207, 239, 249, 234], [260, 190, 244, 211, 263, 183, 209, 227, 216, 257, 225, 254, 194, 223, 207, 207, 250, 268, 241, 241, 227, 189, 250, 234, 264, 243, 243, 223, 216, 200], [244, 187, 195, 212, 189, 241, 171, 191, 238, 199, 238, 173, 241, 177, 242, 248, 187, 245, 210, 239, 170, 197, 186, 182, 249, 167, 171, 174, 244, 186], [241, 214, 190, 208, 203, 217, 210, 168, 165, 244, 187, 245, 174, 182, 174, 173, 227, 169, 239, 169, 187, 217, 186, 229, 246, 225, 193, 181, 213, 221]], "transportation_capacity": 544, "probability_original_quality_level": [[7.0, 17.0, 23.0, 22.0, 12.0, 17.0, 2.0], [6.0, 31.0, 0.0, 12.0, 10.0, 36.0, 5.0], [9.0, 8.0, 18.0, 17.0, 20.0, 23.0, 5.0], [6.0, 26.0, 10.0, 5.0, 27.0, 23.0, 3.0]], "number_hours_required_for_inspection": [0.3870575773884324, 0.5155896395541605, 0.3992363105884632, 0.6760689828789698], "number_hours_available_for_inspection": [201, 195, 247], "expected_number_hours_required_for_repair": [1.4191590832444967, 1.5024274038786347, 1.4330533654348547, 1.4677866078223494], "number_hours_available_for_repair": [525, 543, 522], "warehouse_capacity_of_facility": [887, 868, 837], "cost_of_inspection": [7.741151547768648, 10.31179279108321, 7.984726211769264, 13.521379657579395], "expected_cost_of_repair": [41.435262398809684, 44.38237836518747, 41.699697086345815, 43.18947183144415], "cost_of_transportation": [123, 138], "holding_cost": [2.8810131929641063, 2.2512996965710395, 1.7765339196938612], "rejection_cost": [4927647.0, 4927647.0, 4927647.0, 4927647.0]}