{"container_types": 4, "number_of_facilities": 2, "container_quality_level": 5, "time_periods": 30, "number_containers_arriving_to_facility_zero": [[187, 242, 153, 247, 229, 290, 113, 161, 239, 265, 163, 245, 247, 133, 170, 268, 290, 299, 277, 199, 114, 299, 266, 110, 120, 297, 225, 162, 265, 265], [199, 208, 133, 211, 167, 159, 277, 182, 265, 271, 225, 181, 143, 147, 230, 169, 285, 273, 285, 240, 164, 125, 219, 244, 262, 189, 183, 153, 156, 290], [167, 297, 204, 261, 256, 218, 225, 298, 298, 138, 125, 266, 227, 143, 135, 209, 217, 151, 275, 194, 135, 204, 104, 263, 195, 267, 117, 272, 151, 101], [212, 297, 221, 293, 180, 198, 101, 259, 166, 187, 179, 280, 215, 296, 145, 231, 262, 156, 165, 216, 239, 149, 207, 277, 262, 260, 237, 266, 147, 145]], "number_unexpected_containers_at_facilities": [[84, 24, 43], [24, 19, 70], [52, 49, 76], [98, 12, 50]], "number_good_quality_containers_at_facilities": [[45, 41, 29], [16, 95, 43], [91, 1, 80], [29, 37, 52]], "containers_demand_for_clients": [[197, 251, 215, 193, 255, 203, 229, 251, 256, 253, 247, 225, 253, 226, 243, 226, 247, 201, 214, 246, 201, 211, 244, 260, 258, 260, 244, 235, 194, 239], [265, 262, 195, 255, 207, 202, 252, 218, 194, 201, 236, 265, 228, 241, 187, 199, 240, 228, 246, 250, 247, 217, 237, 236, 254, 199, 207, 208, 238, 255], [250, 231, 220, 243, 179, 249, 198, 182, 227, 172, 174, 224, 221, 208, 254, 210, 207, 218, 246, 247, 203, 197, 248, 175, 250, 196, 250, 229, 179, 198], [237, 237, 211, 235, 173, 190, 180, 223, 176, 198, 204, 175, 185, 217, 193, 243, 182, 194, 186, 195, 185, 231, 253, 192, 244, 186, 209, 216, 172, 254]], "transportation_capacity": 554, "probability_original_quality_level": [[8.0, 27.0, 6.0, 7.0, 33.0, 16.0, 3.0], [9.0, 33.0, 8.0, 16.0, 8.0, 23.0, 3.0], [8.0, 34.0, 0.0, 29.0, 14.0, 13.0, 2.0], [8.0, 25.0, 7.0, 26.0, 9.0, 24.0, 1.0]], "number_hours_required_for_inspection": [0.993963030220358, 0.4945804747162669, 0.47077336710218876, 0.5106717436132495], "number_hours_available_for_inspection": [303, 322, 293], "expected_number_hours_required_for_repair": [1.4406069342266037, 1.353246624134017, 1.2995789930104116, 1.371086886647365], "number_hours_available_for_repair": [462, 455, 362], "warehouse_capacity_of_facility": [885, 953, 944], "cost_of_inspection": [19.87926060440716, 9.891609494325339, 9.415467342043776, 10.21343487226499], "expected_cost_of_repair": [41.80672490937325, 39.65587962644633, 37.815663548388905, 40.00217753444956], "cost_of_transportation": [86, 75], "holding_cost": [2.954149960913602, 2.11933956145164, 1.726369542020505], "rejection_cost": [4220003.0, 4220003.0, 4220003.0, 4220003.0]}