{"container_types": 4, "number_of_facilities": 2, "container_quality_level": 5, "time_periods": 30, "number_containers_arriving_to_facility_zero": [[220, 191, 275, 212, 249, 104, 144, 195, 210, 147, 186, 182, 179, 172, 285, 126, 293, 230, 222, 122, 247, 167, 239, 141, 286, 193, 156, 225, 197, 115], [259, 143, 181, 167, 194, 257, 288, 252, 217, 129, 294, 187, 294, 166, 124, 231, 119, 216, 249, 242, 273, 150, 118, 238, 241, 137, 167, 135, 113, 272], [112, 226, 112, 298, 143, 175, 250, 123, 154, 242, 248, 210, 272, 249, 141, 241, 174, 229, 162, 294, 137, 210, 272, 145, 193, 148, 269, 216, 199, 121], [234, 247, 288, 211, 108, 126, 132, 254, 103, 109, 128, 125, 222, 132, 186, 241, 205, 192, 292, 132, 255, 162, 155, 292, 243, 153, 141, 189, 114, 231]], "number_unexpected_containers_at_facilities": [[62, 32, 77], [66, 47, 99], [8, 23, 67], [39, 88, 32]], "number_good_quality_containers_at_facilities": [[12, 93, 61], [63, 33, 87], [72, 68, 72], [84, 78, 45]], "containers_demand_for_clients": [[167, 207, 199, 178, 213, 162, 165, 183, 191, 200, 230, 173, 159, 236, 228, 216, 172, 200, 232, 160, 169, 205, 187, 220, 187, 175, 199, 180, 220, 224], [217, 178, 175, 168, 167, 202, 214, 247, 240, 173, 188, 221, 241, 228, 203, 233, 248, 229, 206, 174, 174, 216, 223, 227, 247, 214, 213, 233, 193, 217], [252, 177, 186, 227, 237, 241, 191, 207, 220, 205, 202, 187, 253, 248, 236, 207, 209, 194, 181, 255, 183, 249, 233, 250, 197, 235, 208, 192, 237, 211], [235, 188, 238, 243, 211, 187, 181, 228, 239, 245, 219, 221, 226, 192, 223, 209, 209, 246, 245, 197, 239, 202, 203, 177, 207, 211, 172, 195, 192, 222]], "transportation_capacity": 458, "probability_original_quality_level": [[9.0, 0.0, 15.0, 0.0, 53.0, 23.0, 0.0], [5.0, 6.0, 21.0, 23.0, 22.0, 20.0, 3.0], [5.0, 35.0, 15.0, 42.0, 0.0, 2.0, 1.0], [10.0, 19.0, 24.0, 0.0, 24.0, 23.0, 0.0]], "number_hours_required_for_inspection": [0.6455759283940199, 0.3625197455002842, 0.8527377399910989, 0.8445004770676429], "number_hours_available_for_inspection": [237, 226, 297], "expected_number_hours_required_for_repair": [1.6284455662803758, 1.5084011989549397, 1.110909836416795, 1.4001215552299766], "number_hours_available_for_repair": [487, 381, 523], "warehouse_capacity_of_facility": [888, 839, 815], "cost_of_inspection": [12.911518567880398, 7.250394910005684, 17.05475479982198, 16.890009541352857], "expected_cost_of_repair": [47.17448900762546, 44.55749143047515, 32.50795498941367, 40.036015636396584], "cost_of_transportation": [123, 136], "holding_cost": [2.9230488801585612, 2.201073389349487, 1.5106385148047257], "rejection_cost": [4401159.0, 4401159.0, 4401159.0, 4401159.0]}