{"container_types": 4, "number_of_facilities": 2, "container_quality_level": 5, "time_periods": 30, "number_containers_arriving_to_facility_zero": [[276, 187, 196, 259, 141, 218, 121, 111, 255, 134, 233, 283, 271, 299, 191, 142, 176, 256, 135, 126, 281, 291, 202, 160, 122, 208, 224, 237, 252, 239], [229, 171, 212, 266, 214, 292, 213, 173, 199, 131, 208, 158, 154, 221, 236, 143, 238, 237, 273, 280, 240, 197, 131, 145, 118, 145, 172, 254, 280, 278], [104, 276, 176, 246, 137, 100, 276, 173, 220, 170, 133, 257, 259, 170, 185, 245, 116, 106, 249, 287, 291, 282, 257, 249, 229, 118, 252, 192, 196, 165], [184, 285, 236, 201, 100, 123, 110, 228, 197, 100, 185, 181, 299, 247, 254, 181, 173, 252, 211, 285, 212, 294, 294, 207, 224, 105, 237, 263, 271, 229]], "number_unexpected_containers_at_facilities": [[70, 5, 88], [88, 46, 56], [81, 67, 90], [3, 24, 93]], "number_good_quality_containers_at_facilities": [[87, 74, 71], [30, 65, 7], [97, 61, 41], [34, 44, 5]], "containers_demand_for_clients": [[251, 196, 253, 231, 228, 189, 220, 242, 257, 253, 258, 238, 193, 196, 211, 215, 185, 228, 195, 192, 186, 238, 199, 257, 209, 254, 250, 229, 222, 227], [191, 217, 198, 242, 240, 253, 223, 179, 202, 192, 219, 212, 258, 241, 177, 257, 234, 186, 245, 227, 226, 238, 263, 210, 203, 250, 182, 218, 259, 242], [235, 227, 232, 219, 258, 229, 194, 257, 258, 232, 244, 225, 207, 256, 233, 196, 236, 222, 198, 224, 180, 189, 193, 180, 237, 235, 218, 180, 185, 223], [261, 212, 226, 231, 220, 181, 228, 234, 230, 261, 251, 194, 261, 225, 178, 204, 200, 221, 212, 222, 189, 204, 223, 231, 225, 181, 241, 212, 259, 217]], "transportation_capacity": 487, "probability_original_quality_level": [[5.0, 29.0, 25.0, 21.0, 11.0, 4.0, 5.0], [9.0, 7.0, 20.0, 17.0, 11.0, 35.0, 1.0], [5.0, 21.0, 2.0, 11.0, 26.0, 35.0, 0.0], [7.0, 19.0, 21.0, 20.0, 15.0, 15.0, 3.0]], "number_hours_required_for_inspection": [0.3922903580515032, 0.8307265512701534, 0.8998749685533424, 0.704460351657407], "number_hours_available_for_inspection": [361, 368, 350], "expected_number_hours_required_for_repair": [1.139857202554682, 1.497026037404865, 1.6292027830683273, 1.3669170683263132], "number_hours_available_for_repair": [431, 515, 446], "warehouse_capacity_of_facility": [944, 790, 916], "cost_of_inspection": [7.845807161030064, 16.614531025403068, 17.997499371066848, 14.089207033148138], "expected_cost_of_repair": [33.50469427822477, 43.77877597280703, 47.88849731776444, 40.020231951983504], "cost_of_transportation": [124, 90], "holding_cost": [2.5574958235447918, 2.2030621283462573, 1.0090750458717814], "rejection_cost": [4095138.0, 4095138.0, 4095138.0, 4095138.0]}