{"container_types": 4, "number_of_facilities": 2, "container_quality_level": 5, "time_periods": 30, "number_containers_arriving_to_facility_zero": [[200, 133, 180, 251, 184, 261, 206, 189, 239, 248, 252, 230, 176, 208, 215, 150, 277, 204, 137, 120, 194, 292, 240, 146, 112, 242, 142, 232, 260, 131], [218, 134, 102, 162, 142, 115, 113, 262, 161, 173, 259, 247, 268, 277, 183, 292, 242, 258, 103, 233, 195, 284, 299, 250, 280, 218, 255, 150, 298, 194], [145, 297, 261, 230, 233, 112, 247, 143, 263, 210, 271, 215, 154, 172, 245, 196, 264, 274, 186, 140, 286, 254, 282, 105, 100, 261, 103, 287, 298, 262], [215, 188, 294, 108, 101, 239, 260, 235, 189, 237, 134, 288, 223, 160, 273, 173, 182, 128, 189, 234, 129, 135, 275, 129, 242, 210, 197, 100, 254, 162]], "number_unexpected_containers_at_facilities": [[17, 63, 97], [86, 58, 50], [79, 96, 65], [97, 94, 78]], "number_good_quality_containers_at_facilities": [[95, 35, 68], [92, 47, 51], [20, 44, 1], [54, 71, 97]], "containers_demand_for_clients": [[203, 186, 252, 189, 215, 233, 214, 194, 223, 206, 221, 208, 178, 173, 186, 229, 195, 217, 222, 239, 220, 221, 221, 194, 182, 184, 248, 215, 175, 186], [181, 235, 216, 239, 182, 187, 246, 226, 224, 184, 181, 174, 209, 234, 232, 180, 215, 204, 234, 239, 176, 235, 234, 212, 235, 241, 246, 196, 247, 189], [251, 246, 259, 211, 199, 222, 210, 216, 239, 263, 238, 238, 211, 229, 261, 188, 232, 198, 218, 195, 190, 252, 204, 236, 227, 250, 183, 197, 226, 223], [233, 205, 233, 193, 210, 207, 194, 261, 200, 225, 220, 215, 259, 219, 208, 261, 259, 267, 235, 221, 224, 184, 259, 260, 210, 233, 247, 270, 215, 213]], "transportation_capacity": 663, "probability_original_quality_level": [[10.0, 34.0, 5.0, 24.0, 16.0, 7.0, 4.0], [5.0, 20.0, 22.0, 1.0, 18.0, 32.0, 2.0], [5.0, 12.0, 23.0, 16.0, 16.0, 27.0, 1.0], [9.0, 14.0, 8.0, 22.0, 18.0, 24.0, 5.0]], "number_hours_required_for_inspection": [0.747600416626639, 0.4094867988081284, 0.6377992255118777, 0.5379461346267581], "number_hours_available_for_inspection": [266, 269, 295], "expected_number_hours_required_for_repair": [1.1801103049451438, 1.46534262707464, 1.3908285124920585, 1.399615645698471], "number_hours_available_for_repair": [466, 539, 460], "warehouse_capacity_of_facility": [869, 823, 834], "cost_of_inspection": [14.952008332532781, 8.189735976162568, 12.755984510237555, 10.758922692535162], "expected_cost_of_repair": [33.89264853101841, 43.381495472879784, 41.19131922722414, 40.40657675192779], "cost_of_transportation": [97, 73], "holding_cost": [2.434517106530709, 2.0981197326408014, 1.109222292956248], "rejection_cost": [4072016.0, 4072016.0, 4072016.0, 4072016.0]}