{"container_types": 4, "number_of_facilities": 2, "container_quality_level": 5, "time_periods": 30, "number_containers_arriving_to_facility_zero": [[162, 233, 210, 286, 237, 198, 180, 188, 141, 128, 283, 145, 209, 117, 217, 238, 260, 120, 289, 255, 290, 126, 200, 161, 270, 233, 281, 230, 282, 166], [275, 293, 289, 271, 151, 200, 112, 162, 140, 195, 175, 266, 237, 190, 192, 136, 283, 244, 249, 159, 151, 198, 147, 212, 242, 105, 117, 146, 271, 113], [291, 257, 144, 107, 176, 218, 259, 109, 242, 187, 135, 250, 288, 207, 288, 179, 290, 228, 291, 103, 268, 117, 100, 191, 278, 111, 214, 112, 105, 171], [245, 210, 152, 226, 105, 138, 150, 213, 152, 247, 204, 163, 118, 226, 157, 160, 238, 266, 128, 146, 209, 267, 206, 127, 209, 242, 136, 118, 153, 136]], "number_unexpected_containers_at_facilities": [[39, 23, 21], [37, 53, 71], [20, 97, 32], [74, 76, 76]], "number_good_quality_containers_at_facilities": [[72, 21, 60], [36, 5, 88], [47, 58, 76], [57, 19, 73]], "containers_demand_for_clients": [[190, 216, 195, 198, 204, 222, 161, 194, 206, 222, 227, 227, 166, 218, 217, 194, 160, 155, 159, 164, 228, 173, 188, 193, 176, 206, 168, 167, 172, 189], [186, 220, 232, 215, 203, 185, 177, 237, 193, 204, 245, 234, 249, 176, 192, 183, 260, 243, 218, 247, 199, 199, 176, 206, 204, 209, 219, 199, 192, 212], [195, 221, 204, 216, 169, 173, 197, 235, 189, 182, 242, 241, 206, 199, 190, 167, 235, 184, 216, 248, 196, 237, 201, 196, 177, 218, 246, 217, 201, 246], [242, 248, 213, 168, 172, 214, 191, 234, 226, 239, 172, 205, 170, 172, 237, 236, 166, 207, 198, 203, 188, 222, 197, 215, 181, 222, 171, 195, 240, 219]], "transportation_capacity": 563, "probability_original_quality_level": [[10.0, 26.0, 27.0, 12.0, 18.0, 6.0, 1.0], [8.0, 14.0, 20.0, 38.0, 1.0, 15.0, 4.0], [7.0, 11.0, 38.0, 17.0, 0.0, 23.0, 4.0], [7.0, 10.0, 10.0, 18.0, 16.0, 34.0, 5.0]], "number_hours_required_for_inspection": [0.8041880183204327, 0.8712749553545655, 0.5945313084367166, 0.8876040478181898], "number_hours_available_for_inspection": [292, 366, 348], "expected_number_hours_required_for_repair": [1.2184712739018726, 1.3266765181775135, 1.394448021905939, 1.4368172903931322], "number_hours_available_for_repair": [488, 391, 474], "warehouse_capacity_of_facility": [760, 758, 816], "cost_of_inspection": [16.083760366408654, 17.42549910709131, 11.890626168734332, 17.752080956363795], "expected_cost_of_repair": [35.244453638942645, 38.66930199383564, 40.53642605244981, 42.262624084144534], "cost_of_transportation": [99, 106], "holding_cost": [2.3360356239407327, 1.815888213854934, 1.0521643271600678], "rejection_cost": [3605632.0, 3605632.0, 3605632.0, 3605632.0]}