{"container_types": 4, "number_of_facilities": 2, "container_quality_level": 5, "time_periods": 30, "number_containers_arriving_to_facility_zero": [[113, 108, 109, 220, 130, 227, 222, 103, 270, 107, 264, 266, 108, 210, 205, 241, 236, 231, 287, 279, 144, 121, 164, 172, 183, 282, 233, 228, 149, 113], [276, 159, 269, 113, 237, 178, 197, 292, 286, 106, 148, 208, 185, 152, 231, 193, 266, 123, 295, 271, 178, 287, 225, 194, 105, 161, 112, 176, 196, 180], [132, 128, 190, 187, 154, 130, 229, 178, 239, 216, 277, 296, 150, 169, 160, 194, 128, 147, 289, 135, 263, 298, 203, 293, 157, 111, 170, 143, 172, 152], [216, 117, 135, 271, 228, 164, 238, 290, 145, 156, 264, 290, 156, 173, 225, 256, 103, 177, 253, 277, 149, 133, 226, 210, 172, 222, 283, 274, 109, 181]], "number_unexpected_containers_at_facilities": [[58, 54, 21], [92, 18, 4], [14, 22, 16], [9, 51, 35]], "number_good_quality_containers_at_facilities": [[73, 43, 81], [91, 92, 70], [42, 81, 29], [27, 78, 99]], "containers_demand_for_clients": [[181, 224, 221, 220, 173, 214, 224, 192, 229, 176, 182, 232, 253, 246, 228, 241, 218, 215, 191, 237, 251, 179, 249, 255, 204, 216, 177, 196, 231, 174], [199, 209, 186, 193, 161, 237, 217, 171, 219, 239, 183, 214, 231, 207, 210, 165, 176, 187, 218, 182, 212, 200, 240, 202, 204, 163, 201, 165, 173, 160], [204, 240, 248, 208, 179, 191, 236, 222, 186, 220, 227, 221, 206, 172, 224, 241, 232, 201, 250, 196, 178, 250, 216, 215, 170, 206, 208, 205, 221, 250], [168, 220, 227, 217, 211, 192, 188, 204, 179, 157, 197, 185, 197, 157, 166, 196, 226, 176, 212, 183, 204, 226, 227, 161, 194, 214, 234, 206, 204, 162]], "transportation_capacity": 559, "probability_original_quality_level": [[6.0, 12.0, 27.0, 32.0, 13.0, 8.0, 2.0], [6.0, 0.0, 7.0, 37.0, 42.0, 3.0, 5.0], [5.0, 31.0, 0.0, 4.0, 43.0, 17.0, 0.0], [7.0, 14.0, 28.0, 7.0, 24.0, 16.0, 4.0]], "number_hours_required_for_inspection": [0.40770363897179607, 0.5168409229400766, 0.8699280692057189, 0.7753938102059889], "number_hours_available_for_inspection": [303, 238, 311], "expected_number_hours_required_for_repair": [1.3151156314380545, 1.4820844683744778, 1.4454349926160108, 1.4202262800589578], "number_hours_available_for_repair": [458, 504, 530], "warehouse_capacity_of_facility": [867, 759, 791], "cost_of_inspection": [8.154072779435921, 10.336818458801531, 17.398561384114377, 15.507876204119777], "expected_cost_of_repair": [38.2826993884353, 43.553187311695325, 42.80013957941248, 41.60276099381174], "cost_of_transportation": [157, 127], "holding_cost": [2.382288239959681, 2.0249916114133644, 1.55156455848637], "rejection_cost": [4804129.0, 4804129.0, 4804129.0, 4804129.0]}