{"container_types": 4, "number_of_facilities": 2, "container_quality_level": 5, "time_periods": 30, "number_containers_arriving_to_facility_zero": [[205, 242, 139, 215, 298, 181, 138, 250, 123, 149, 192, 127, 284, 157, 199, 235, 111, 265, 252, 115, 179, 101, 149, 158, 249, 180, 221, 107, 118, 116], [175, 134, 271, 128, 131, 286, 171, 169, 298, 164, 140, 275, 117, 113, 272, 131, 216, 236, 197, 115, 235, 158, 147, 172, 231, 204, 288, 215, 207, 142], [287, 257, 131, 293, 207, 264, 120, 131, 158, 287, 212, 155, 214, 241, 245, 267, 196, 176, 233, 212, 238, 182, 253, 231, 227, 151, 157, 216, 180, 285], [121, 279, 192, 170, 278, 173, 142, 127, 152, 147, 293, 136, 227, 104, 252, 115, 213, 266, 193, 145, 103, 226, 172, 271, 279, 168, 241, 213, 260, 134]], "number_unexpected_containers_at_facilities": [[43, 11, 92], [51, 8, 5], [14, 75, 56], [11, 3, 11]], "number_good_quality_containers_at_facilities": [[0, 7, 21], [66, 88, 39], [35, 91, 28], [72, 21, 92]], "containers_demand_for_clients": [[194, 200, 222, 161, 216, 237, 221, 175, 226, 217, 163, 196, 184, 227, 202, 179, 237, 222, 204, 211, 207, 170, 190, 191, 160, 194, 201, 198, 189, 236], [161, 160, 188, 197, 218, 202, 151, 151, 200, 181, 149, 183, 213, 177, 194, 191, 182, 219, 206, 222, 191, 168, 153, 200, 214, 170, 160, 161, 158, 205], [211, 175, 170, 195, 187, 169, 191, 235, 171, 228, 233, 216, 233, 180, 216, 167, 197, 196, 190, 191, 188, 159, 169, 222, 198, 176, 169, 172, 213, 217], [260, 258, 246, 232, 205, 246, 220, 192, 229, 198, 228, 191, 204, 240, 199, 186, 223, 251, 263, 264, 266, 260, 252, 234, 196, 204, 257, 260, 179, 212]], "transportation_capacity": 618, "probability_original_quality_level": [[8.0, 16.0, 5.0, 23.0, 3.0, 43.0, 2.0], [8.0, 27.0, 52.0, 2.0, 8.0, 2.0, 1.0], [10.0, 15.0, 23.0, 12.0, 17.0, 23.0, 0.0], [8.0, 21.0, 1.0, 27.0, 33.0, 9.0, 1.0]], "number_hours_required_for_inspection": [0.4350219926972514, 0.5768933025112327, 0.39249839891036414, 0.47778778166995367], "number_hours_available_for_inspection": [198, 202, 168], "expected_number_hours_required_for_repair": [1.4753051969839293, 1.0433957396834934, 1.4316464243113394, 1.4319220056849908], "number_hours_available_for_repair": [417, 337, 366], "warehouse_capacity_of_facility": [778, 859, 857], "cost_of_inspection": [8.700439853945028, 11.537866050224654, 7.849967978207283, 9.555755633399073], "expected_cost_of_repair": [43.24779373041236, 30.49062106187396, 41.811366789640644, 41.59060753419394], "cost_of_transportation": [154, 108], "holding_cost": [2.054296286459275, 1.7114238499771528, 1.1985730244496535], "rejection_cost": [4687356.0, 4687356.0, 4687356.0, 4687356.0]}