{"container_types": 4, "number_of_facilities": 2, "container_quality_level": 5, "time_periods": 30, "number_containers_arriving_to_facility_zero": [[238, 146, 166, 131, 161, 201, 286, 229, 119, 242, 134, 158, 154, 247, 171, 232, 171, 227, 164, 130, 206, 114, 296, 147, 178, 131, 179, 238, 237, 241], [207, 105, 261, 257, 120, 164, 119, 169, 197, 220, 153, 257, 197, 220, 224, 183, 282, 274, 153, 276, 196, 153, 105, 212, 121, 229, 147, 240, 224, 217], [206, 265, 213, 249, 201, 241, 177, 137, 282, 186, 196, 283, 130, 236, 290, 158, 107, 140, 115, 144, 215, 192, 113, 175, 135, 201, 243, 274, 225, 195], [243, 222, 133, 115, 163, 223, 224, 191, 266, 277, 236, 110, 198, 221, 271, 220, 217, 195, 218, 126, 111, 137, 194, 282, 275, 180, 153, 120, 146, 291]], "number_unexpected_containers_at_facilities": [[74, 79, 47], [56, 60, 68], [25, 64, 74], [40, 86, 64]], "number_good_quality_containers_at_facilities": [[71, 86, 47], [50, 66, 72], [99, 95, 61], [98, 99, 23]], "containers_demand_for_clients": [[203, 209, 193, 216, 246, 240, 179, 230, 247, 231, 205, 215, 252, 202, 222, 248, 227, 215, 193, 181, 251, 248, 171, 234, 202, 183, 251, 236, 238, 201], [183, 210, 233, 203, 179, 184, 172, 214, 239, 239, 214, 195, 224, 165, 221, 178, 163, 177, 178, 235, 237, 197, 240, 165, 199, 234, 168, 172, 164, 163], [216, 234, 167, 189, 221, 236, 211, 177, 185, 166, 182, 225, 231, 218, 187, 245, 184, 181, 234, 227, 216, 177, 223, 224, 221, 214, 212, 229, 184, 221], [233, 218, 243, 191, 216, 176, 225, 202, 181, 189, 236, 230, 184, 215, 238, 247, 192, 225, 215, 174, 224, 189, 223, 216, 186, 197, 192, 188, 226, 223]], "transportation_capacity": 530, "probability_original_quality_level": [[9.0, 8.0, 2.0, 9.0, 13.0, 58.0, 1.0], [5.0, 26.0, 28.0, 27.0, 0.0, 9.0, 5.0], [6.0, 24.0, 22.0, 19.0, 10.0, 16.0, 3.0], [5.0, 23.0, 18.0, 27.0, 7.0, 15.0, 5.0]], "number_hours_required_for_inspection": [0.48513877984247833, 0.7914963825592591, 0.8237174201671901, 0.8856317074052324], "number_hours_available_for_inspection": [351, 306, 302], "expected_number_hours_required_for_repair": [1.7091878231215594, 1.0957787360652624, 1.4013297467330776, 1.285830340902453], "number_hours_available_for_repair": [390, 369, 489], "warehouse_capacity_of_facility": [785, 772, 915], "cost_of_inspection": [9.702775596849566, 15.829927651185184, 16.4743484033438, 17.712634148104648], "expected_cost_of_repair": [50.28202981546678, 32.34533153261726, 41.134379637905525, 37.67629585629731], "cost_of_transportation": [69, 104], "holding_cost": [2.0997388926500427, 1.5644780887459249, 1.502378765065365], "rejection_cost": [3560185.0, 3560185.0, 3560185.0, 3560185.0]}