{"container_types": 4, "number_of_facilities": 2, "container_quality_level": 5, "time_periods": 30, "number_containers_arriving_to_facility_zero": [[262, 154, 164, 134, 123, 165, 228, 236, 190, 115, 265, 153, 298, 112, 223, 192, 248, 170, 147, 183, 252, 170, 163, 269, 271, 118, 207, 222, 138, 148], [205, 251, 261, 131, 193, 184, 170, 216, 139, 263, 185, 231, 152, 258, 187, 163, 194, 232, 100, 196, 137, 139, 153, 140, 152, 133, 219, 252, 126, 292], [275, 254, 105, 199, 184, 205, 255, 145, 254, 253, 241, 161, 225, 282, 205, 264, 123, 202, 293, 249, 191, 171, 109, 260, 156, 280, 296, 293, 201, 107], [295, 154, 181, 273, 200, 290, 102, 118, 121, 173, 250, 239, 225, 148, 154, 262, 111, 182, 194, 163, 186, 161, 288, 272, 198, 198, 118, 198, 156, 171]], "number_unexpected_containers_at_facilities": [[43, 53, 81], [21, 74, 18], [21, 23, 1], [30, 48, 43]], "number_good_quality_containers_at_facilities": [[37, 44, 25], [71, 79, 40], [31, 20, 47], [71, 71, 63]], "containers_demand_for_clients": [[243, 191, 198, 193, 171, 235, 219, 221, 205, 192, 220, 215, 230, 216, 194, 184, 176, 205, 215, 227, 224, 171, 243, 195, 197, 222, 166, 220, 197, 167], [231, 181, 195, 219, 193, 233, 214, 179, 229, 195, 207, 186, 203, 199, 171, 189, 210, 197, 183, 234, 221, 197, 230, 199, 229, 238, 208, 195, 187, 180], [180, 170, 202, 200, 159, 158, 217, 170, 196, 223, 172, 232, 225, 165, 217, 195, 235, 196, 171, 165, 179, 171, 184, 227, 226, 220, 233, 210, 186, 208], [241, 184, 208, 232, 208, 230, 206, 228, 213, 179, 240, 218, 237, 184, 209, 204, 192, 191, 217, 227, 210, 197, 220, 234, 224, 212, 206, 240, 193, 206]], "transportation_capacity": 553, "probability_original_quality_level": [[6.0, 23.0, 23.0, 6.0, 14.0, 28.0, 0.0], [7.0, 2.0, 12.0, 9.0, 30.0, 39.0, 1.0], [6.0, 27.0, 7.0, 29.0, 3.0, 27.0, 1.0], [7.0, 23.0, 0.0, 22.0, 19.0, 25.0, 4.0]], "number_hours_required_for_inspection": [0.6539326098068088, 0.8128339920588553, 0.4356164461360154, 0.6907498454804352], "number_hours_available_for_inspection": [294, 261, 244], "expected_number_hours_required_for_repair": [1.3814337879624035, 1.738744902761963, 1.396366963961461, 1.5410743464862537], "number_hours_available_for_repair": [572, 450, 440], "warehouse_capacity_of_facility": [833, 845, 859], "cost_of_inspection": [13.078652196136176, 16.256679841177107, 8.712328922720308, 13.814996909608704], "expected_cost_of_repair": [40.47114931719871, 51.33046459914456, 40.711318843807774, 45.181863534426526], "cost_of_transportation": [159, 122], "holding_cost": [2.09295433058343, 1.7599315211094533, 1.7875364660229325], "rejection_cost": [4778879.0, 4778879.0, 4778879.0, 4778879.0]}