{"container_types": 4, "number_of_facilities": 2, "container_quality_level": 5, "time_periods": 30, "number_containers_arriving_to_facility_zero": [[292, 111, 179, 204, 152, 167, 108, 192, 102, 285, 243, 169, 274, 134, 278, 223, 203, 164, 182, 211, 210, 161, 117, 293, 290, 235, 240, 152, 261, 295], [136, 126, 172, 202, 195, 105, 187, 179, 186, 176, 200, 255, 264, 296, 118, 260, 136, 269, 220, 278, 259, 170, 282, 147, 278, 189, 249, 276, 294, 290], [267, 270, 194, 231, 147, 154, 191, 215, 167, 121, 141, 153, 155, 197, 217, 243, 231, 210, 178, 104, 228, 273, 189, 227, 269, 237, 128, 230, 202, 152], [179, 186, 146, 263, 111, 217, 215, 173, 216, 290, 106, 146, 196, 201, 282, 148, 112, 272, 118, 115, 145, 106, 189, 180, 209, 277, 267, 272, 205, 241]], "number_unexpected_containers_at_facilities": [[82, 88, 68], [11, 0, 38], [34, 92, 77], [34, 44, 67]], "number_good_quality_containers_at_facilities": [[26, 3, 0], [78, 56, 35], [72, 10, 40], [10, 93, 19]], "containers_demand_for_clients": [[208, 194, 200, 215, 234, 182, 162, 189, 215, 239, 167, 213, 236, 225, 164, 217, 198, 197, 168, 204, 175, 188, 176, 166, 228, 201, 217, 175, 196, 233], [207, 234, 239, 227, 211, 250, 195, 222, 216, 253, 240, 217, 202, 214, 239, 244, 224, 189, 231, 218, 249, 202, 196, 228, 244, 181, 216, 241, 189, 247], [236, 249, 203, 197, 205, 253, 208, 212, 202, 256, 176, 195, 242, 212, 204, 213, 251, 179, 203, 216, 204, 257, 221, 205, 261, 222, 188, 187, 226, 255], [169, 180, 222, 221, 190, 200, 200, 241, 230, 226, 168, 173, 216, 177, 196, 167, 208, 183, 177, 221, 222, 199, 197, 216, 237, 213, 191, 175, 247, 221]], "transportation_capacity": 531, "probability_original_quality_level": [[6.0, 17.0, 18.0, 11.0, 29.0, 17.0, 2.0], [8.0, 30.0, 5.0, 15.0, 6.0, 31.0, 5.0], [10.0, 46.0, 9.0, 12.0, 8.0, 11.0, 4.0], [8.0, 35.0, 4.0, 27.0, 2.0, 24.0, 0.0]], "number_hours_required_for_inspection": [0.6721987303529349, 0.4208918521004358, 0.8657937903695144, 0.4997794676074766], "number_hours_available_for_inspection": [289, 258, 238], "expected_number_hours_required_for_repair": [1.4610455705995427, 1.3475880712761859, 1.066042951912614, 1.3516583916765086], "number_hours_available_for_repair": [464, 354, 460], "warehouse_capacity_of_facility": [883, 902, 764], "cost_of_inspection": [13.443974607058697, 8.417837042008715, 17.315875807390288, 9.995589352149532], "expected_cost_of_repair": [42.73061202898242, 38.96829172622499, 30.966935670649832, 39.67518145363969], "cost_of_transportation": [111, 122], "holding_cost": [2.53003312167, 1.7143239819071239, 1.2458270149581703], "rejection_cost": [4063835.0, 4063835.0, 4063835.0, 4063835.0]}