{"container_types": 4, "number_of_facilities": 2, "container_quality_level": 5, "time_periods": 30, "number_containers_arriving_to_facility_zero": [[234, 169, 194, 153, 256, 218, 165, 220, 182, 196, 109, 288, 297, 132, 220, 184, 126, 221, 118, 183, 280, 285, 129, 221, 200, 183, 191, 166, 248, 207], [116, 130, 290, 282, 166, 121, 275, 124, 234, 133, 292, 129, 213, 254, 237, 170, 101, 266, 113, 117, 165, 127, 255, 146, 218, 250, 146, 259, 266, 191], [236, 251, 200, 122, 157, 120, 221, 170, 156, 283, 207, 282, 239, 119, 169, 211, 190, 122, 289, 105, 113, 286, 175, 279, 164, 135, 170, 122, 112, 150], [227, 205, 208, 223, 169, 186, 249, 107, 284, 238, 159, 275, 198, 206, 145, 182, 283, 228, 194, 170, 210, 207, 287, 268, 186, 266, 179, 260, 260, 198]], "number_unexpected_containers_at_facilities": [[2, 0, 20], [94, 91, 49], [91, 51, 99], [51, 52, 36]], "number_good_quality_containers_at_facilities": [[13, 89, 79], [28, 64, 47], [45, 37, 0], [72, 99, 12]], "containers_demand_for_clients": [[236, 230, 201, 249, 209, 189, 254, 194, 199, 202, 258, 266, 224, 180, 233, 180, 227, 184, 258, 221, 214, 229, 265, 261, 205, 269, 228, 220, 217, 257], [240, 206, 226, 216, 215, 190, 186, 240, 210, 188, 234, 211, 240, 185, 182, 222, 230, 198, 212, 209, 193, 244, 245, 213, 208, 184, 181, 178, 198, 195], [226, 236, 192, 195, 167, 225, 166, 225, 227, 179, 240, 240, 176, 185, 239, 183, 214, 243, 223, 180, 241, 194, 205, 177, 165, 179, 172, 186, 228, 245], [231, 226, 231, 189, 218, 207, 211, 181, 161, 213, 165, 159, 157, 194, 204, 223, 211, 170, 207, 200, 207, 191, 214, 171, 216, 230, 197, 178, 211, 204]], "transportation_capacity": 486, "probability_original_quality_level": [[9.0, 15.0, 4.0, 12.0, 43.0, 16.0, 1.0], [7.0, 3.0, 22.0, 6.0, 28.0, 31.0, 3.0], [5.0, 13.0, 28.0, 28.0, 10.0, 13.0, 3.0], [10.0, 3.0, 7.0, 20.0, 40.0, 17.0, 3.0]], "number_hours_required_for_inspection": [0.8345853636585551, 0.35783740833475847, 0.9392127696545133, 0.8341777554082898], "number_hours_available_for_inspection": [362, 282, 310], "expected_number_hours_required_for_repair": [1.5161036759001578, 1.646216858845011, 1.3462853333395897, 1.5153546039799226], "number_hours_available_for_repair": [579, 403, 582], "warehouse_capacity_of_facility": [806, 886, 886], "cost_of_inspection": [16.6917072731711, 7.156748166695169, 18.784255393090266, 16.683555108165795], "expected_cost_of_repair": [44.25398581974576, 48.08586326240337, 39.53658340527741, 44.33557590410929], "cost_of_transportation": [115, 78], "holding_cost": [2.2492449362171336, 1.5598063321643527, 1.0785003314696202], "rejection_cost": [3557677.0, 3557677.0, 3557677.0, 3557677.0]}