{"container_types": 4, "number_of_facilities": 2, "container_quality_level": 5, "time_periods": 30, "number_containers_arriving_to_facility_zero": [[185, 246, 268, 189, 150, 187, 221, 103, 254, 112, 257, 165, 149, 226, 115, 236, 216, 244, 186, 117, 204, 136, 163, 115, 114, 195, 154, 268, 262, 165], [221, 223, 161, 259, 166, 286, 286, 163, 235, 179, 185, 291, 156, 249, 277, 213, 293, 222, 200, 195, 181, 200, 156, 287, 254, 105, 225, 206, 131, 147], [142, 203, 267, 108, 185, 135, 107, 272, 207, 100, 109, 124, 233, 194, 207, 281, 202, 108, 239, 242, 243, 260, 298, 163, 203, 264, 221, 277, 194, 296], [116, 102, 147, 264, 179, 194, 261, 170, 251, 118, 205, 218, 255, 218, 172, 251, 257, 275, 289, 173, 205, 178, 223, 253, 187, 119, 218, 179, 170, 215]], "number_unexpected_containers_at_facilities": [[13, 66, 90], [90, 43, 13], [69, 5, 14], [55, 45, 66]], "number_good_quality_containers_at_facilities": [[57, 37, 60], [87, 49, 10], [93, 47, 47], [28, 48, 32]], "containers_demand_for_clients": [[192, 247, 176, 199, 204, 242, 241, 198, 186, 235, 216, 191, 203, 199, 171, 186, 214, 241, 225, 195, 190, 234, 169, 183, 238, 251, 175, 237, 232, 188], [233, 213, 194, 181, 202, 176, 212, 200, 167, 168, 174, 205, 209, 228, 173, 221, 196, 193, 174, 163, 183, 227, 184, 196, 228, 195, 236, 187, 176, 212], [224, 226, 235, 224, 252, 213, 239, 251, 230, 231, 201, 233, 183, 226, 215, 230, 186, 178, 238, 258, 224, 241, 192, 229, 176, 239, 186, 188, 207, 210], [230, 216, 211, 231, 199, 249, 189, 190, 204, 222, 249, 193, 171, 217, 241, 248, 207, 170, 169, 181, 215, 217, 187, 186, 251, 220, 236, 191, 191, 243]], "transportation_capacity": 657, "probability_original_quality_level": [[10.0, 1.0, 27.0, 25.0, 4.0, 31.0, 2.0], [5.0, 18.0, 25.0, 4.0, 18.0, 25.0, 5.0], [7.0, 2.0, 10.0, 5.0, 33.0, 41.0, 2.0], [8.0, 12.0, 9.0, 38.0, 25.0, 8.0, 0.0]], "number_hours_required_for_inspection": [0.9398820334084703, 0.8833364253175546, 0.9951084368165, 0.6335580349799254], "number_hours_available_for_inspection": [401, 309, 367], "expected_number_hours_required_for_repair": [1.4546050962374952, 1.3900714785530783, 1.6442894073500207, 1.3890409357249445], "number_hours_available_for_repair": [513, 392, 522], "warehouse_capacity_of_facility": [914, 859, 770], "cost_of_inspection": [18.797640668169407, 17.66672850635109, 19.902168736329998, 12.671160699598508], "expected_cost_of_repair": [41.82947641372278, 40.75222321146832, 48.27501738942814, 40.58755154144303], "cost_of_transportation": [91, 116], "holding_cost": [2.707128847055444, 2.426840190840566, 1.783757875417977], "rejection_cost": [4942102.0, 4942102.0, 4942102.0, 4942102.0]}