{"container_types": 4, "number_of_facilities": 2, "container_quality_level": 5, "time_periods": 30, "number_containers_arriving_to_facility_zero": [[214, 106, 259, 127, 191, 170, 180, 276, 190, 220, 113, 135, 144, 104, 250, 260, 172, 148, 298, 197, 118, 242, 277, 148, 177, 130, 287, 172, 249, 280], [218, 189, 248, 201, 292, 158, 256, 175, 158, 203, 193, 175, 198, 149, 261, 186, 166, 122, 185, 215, 170, 219, 162, 232, 205, 280, 280, 196, 136, 132], [151, 292, 195, 180, 195, 149, 220, 256, 116, 145, 290, 223, 238, 212, 149, 254, 110, 149, 135, 243, 259, 193, 132, 215, 105, 235, 165, 240, 213, 295], [159, 216, 297, 131, 210, 242, 299, 278, 285, 272, 197, 197, 252, 238, 129, 245, 273, 242, 228, 263, 227, 176, 167, 147, 241, 154, 104, 183, 156, 216]], "number_unexpected_containers_at_facilities": [[59, 24, 47], [50, 79, 79], [90, 0, 94], [95, 82, 71]], "number_good_quality_containers_at_facilities": [[75, 42, 8], [44, 79, 0], [65, 5, 52], [94, 16, 53]], "containers_demand_for_clients": [[249, 241, 215, 198, 209, 269, 185, 216, 260, 194, 254, 248, 250, 217, 196, 202, 264, 229, 207, 258, 202, 242, 227, 228, 236, 187, 219, 233, 263, 271], [169, 175, 213, 216, 169, 167, 205, 223, 237, 163, 168, 198, 209, 220, 178, 175, 191, 163, 232, 219, 166, 192, 175, 219, 218, 163, 172, 209, 190, 233], [175, 213, 196, 216, 190, 244, 226, 250, 246, 237, 209, 248, 209, 172, 177, 237, 223, 189, 193, 229, 241, 210, 195, 218, 203, 248, 246, 231, 240, 233], [182, 176, 243, 170, 219, 228, 172, 182, 248, 220, 222, 228, 211, 208, 180, 230, 191, 208, 224, 235, 217, 177, 248, 213, 244, 170, 176, 249, 207, 186]], "transportation_capacity": 658, "probability_original_quality_level": [[5.0, 21.0, 2.0, 17.0, 44.0, 6.0, 5.0], [10.0, 5.0, 40.0, 2.0, 1.0, 37.0, 5.0], [7.0, 26.0, 11.0, 15.0, 11.0, 30.0, 0.0], [9.0, 15.0, 42.0, 3.0, 5.0, 21.0, 5.0]], "number_hours_required_for_inspection": [0.6552620303262032, 0.4764857869079388, 0.7066696610653255, 0.8583214344856035], "number_hours_available_for_inspection": [238, 246, 310], "expected_number_hours_required_for_repair": [1.4382378890958472, 1.3558898671247703, 1.4660863447391654, 1.177220751133243], "number_hours_available_for_repair": [371, 501, 464], "warehouse_capacity_of_facility": [918, 795, 776], "cost_of_inspection": [13.105240606524065, 9.529715738158776, 14.133393221306509, 17.16642868971207], "expected_cost_of_repair": [42.50342002494726, 39.63072496352797, 43.20153208136528, 33.968541266798546], "cost_of_transportation": [91, 70], "holding_cost": [2.3517034385732822, 2.33054944564212, 1.8252435945172936], "rejection_cost": [4221437.0, 4221437.0, 4221437.0, 4221437.0]}