{"container_types": 4, "number_of_facilities": 2, "container_quality_level": 5, "time_periods": 30, "number_containers_arriving_to_facility_zero": [[296, 275, 140, 130, 261, 228, 228, 193, 171, 134, 138, 232, 272, 141, 131, 176, 155, 228, 121, 163, 192, 273, 246, 125, 137, 281, 211, 192, 201, 167], [273, 256, 111, 110, 215, 115, 132, 141, 189, 263, 288, 194, 136, 150, 118, 205, 249, 186, 158, 233, 214, 199, 259, 277, 299, 111, 226, 197, 194, 251], [285, 248, 240, 244, 123, 297, 103, 131, 130, 116, 241, 245, 284, 298, 259, 221, 276, 285, 263, 188, 129, 128, 214, 219, 140, 255, 113, 282, 275, 280], [150, 134, 182, 211, 120, 146, 127, 219, 242, 285, 218, 222, 238, 129, 162, 279, 258, 180, 201, 245, 115, 209, 204, 195, 202, 150, 183, 145, 161, 273]], "number_unexpected_containers_at_facilities": [[98, 46, 91], [42, 99, 10], [89, 91, 64], [93, 36, 27]], "number_good_quality_containers_at_facilities": [[21, 95, 7], [94, 41, 87], [0, 1, 86], [45, 26, 59]], "containers_demand_for_clients": [[167, 203, 226, 217, 229, 242, 195, 164, 206, 242, 192, 209, 212, 192, 219, 167, 205, 165, 231, 216, 227, 166, 232, 171, 240, 176, 209, 237, 165, 170], [179, 189, 223, 236, 218, 215, 197, 207, 217, 180, 191, 192, 226, 210, 195, 200, 168, 173, 183, 200, 241, 190, 223, 171, 227, 228, 180, 190, 241, 226], [171, 183, 204, 219, 224, 182, 226, 233, 172, 223, 246, 206, 237, 222, 227, 216, 206, 188, 238, 185, 243, 202, 213, 202, 247, 173, 230, 169, 184, 188], [261, 193, 238, 259, 250, 249, 258, 268, 235, 208, 184, 229, 234, 221, 204, 258, 241, 252, 243, 271, 244, 189, 216, 206, 234, 192, 197, 199, 216, 263]], "transportation_capacity": 571, "probability_original_quality_level": [[7.0, 15.0, 15.0, 26.0, 6.0, 27.0, 4.0], [5.0, 34.0, 4.0, 10.0, 9.0, 33.0, 5.0], [9.0, 6.0, 27.0, 27.0, 4.0, 27.0, 0.0], [8.0, 23.0, 11.0, 19.0, 13.0, 22.0, 4.0]], "number_hours_required_for_inspection": [0.8927122451890303, 0.46851618557964325, 0.3837856444684669, 0.6768641473593483], "number_hours_available_for_inspection": [203, 254, 217], "expected_number_hours_required_for_repair": [1.4548694042250765, 1.4214526816249458, 1.4215979337577582, 1.3895396329883067], "number_hours_available_for_repair": [379, 522, 457], "warehouse_capacity_of_facility": [843, 874, 886], "cost_of_inspection": [17.854244903780604, 9.370323711592865, 7.675712889369338, 13.537282947186966], "expected_cost_of_repair": [42.561349324428285, 41.72195040608027, 41.48279498491491, 40.11371702660611], "cost_of_transportation": [100, 71], "holding_cost": [2.713514244395842, 2.079747517063069, 1.9070176591173005], "rejection_cost": [4294702.0, 4294702.0, 4294702.0, 4294702.0]}