{"container_types": 4, "number_of_facilities": 2, "container_quality_level": 5, "time_periods": 30, "number_containers_arriving_to_facility_zero": [[175, 291, 140, 145, 124, 255, 269, 281, 240, 219, 263, 223, 273, 203, 230, 252, 128, 221, 243, 249, 286, 202, 183, 297, 232, 148, 212, 206, 251, 158], [178, 156, 283, 113, 161, 201, 187, 184, 219, 175, 156, 162, 109, 106, 171, 223, 205, 217, 295, 247, 155, 194, 148, 175, 150, 236, 187, 141, 155, 290], [273, 174, 247, 278, 241, 261, 292, 236, 164, 139, 133, 229, 193, 121, 100, 268, 175, 203, 163, 110, 220, 205, 122, 166, 165, 145, 254, 230, 170, 128], [123, 113, 140, 113, 242, 179, 105, 198, 227, 248, 211, 127, 229, 278, 290, 135, 176, 256, 293, 164, 105, 159, 223, 119, 290, 246, 279, 298, 192, 235]], "number_unexpected_containers_at_facilities": [[78, 48, 27], [82, 6, 35], [99, 48, 64], [35, 57, 27]], "number_good_quality_containers_at_facilities": [[44, 97, 9], [37, 19, 43], [33, 9, 31], [93, 3, 94]], "containers_demand_for_clients": [[246, 228, 250, 250, 242, 192, 211, 187, 243, 235, 222, 225, 228, 175, 181, 229, 215, 195, 227, 168, 228, 222, 194, 222, 173, 206, 194, 199, 240, 187], [204, 273, 241, 274, 236, 262, 222, 203, 210, 192, 247, 268, 262, 218, 230, 260, 264, 226, 211, 268, 273, 260, 234, 272, 191, 257, 219, 272, 184, 245], [164, 214, 195, 231, 158, 185, 194, 216, 161, 175, 194, 174, 171, 229, 185, 182, 213, 207, 188, 192, 193, 216, 212, 228, 173, 158, 209, 185, 168, 216], [233, 220, 188, 206, 216, 181, 163, 221, 203, 198, 201, 241, 207, 230, 194, 198, 177, 238, 211, 212, 206, 179, 216, 202, 180, 185, 234, 239, 167, 193]], "transportation_capacity": 570, "probability_original_quality_level": [[8.0, 25.0, 18.0, 9.0, 21.0, 14.0, 5.0], [6.0, 0.0, 16.0, 10.0, 31.0, 35.0, 2.0], [9.0, 5.0, 16.0, 1.0, 47.0, 19.0, 3.0], [8.0, 29.0, 5.0, 15.0, 23.0, 17.0, 3.0]], "number_hours_required_for_inspection": [0.33504462462107626, 0.885511953954259, 0.4430288529775847, 0.44429530653371485], "number_hours_available_for_inspection": [215, 248, 257], "expected_number_hours_required_for_repair": [1.3205463841311098, 1.6666191696036707, 1.5077162461541755, 1.2966812835752484], "number_hours_available_for_repair": [414, 530, 501], "warehouse_capacity_of_facility": [857, 906, 877], "cost_of_inspection": [6.700892492421525, 17.71023907908518, 8.860577059551694, 8.885906130674297], "expected_cost_of_repair": [38.309645599391615, 49.15049204484789, 44.042253149695526, 37.30779184943769], "cost_of_transportation": [83, 88], "holding_cost": [2.7681369405092977, 1.5951841779913538, 1.281651534423502], "rejection_cost": [3719319.0, 3719319.0, 3719319.0, 3719319.0]}