{"container_types": 4, "number_of_facilities": 2, "container_quality_level": 5, "time_periods": 30, "number_containers_arriving_to_facility_zero": [[209, 139, 207, 225, 118, 177, 162, 193, 131, 250, 184, 105, 273, 213, 297, 284, 166, 139, 122, 254, 284, 152, 133, 199, 177, 108, 168, 147, 168, 181], [186, 178, 223, 235, 207, 171, 111, 219, 162, 224, 100, 201, 248, 159, 297, 235, 264, 129, 264, 288, 243, 244, 167, 221, 141, 136, 200, 256, 143, 295], [252, 127, 235, 221, 166, 256, 121, 203, 171, 115, 282, 198, 218, 293, 195, 262, 190, 295, 200, 228, 107, 271, 120, 187, 268, 156, 253, 271, 267, 159], [160, 166, 213, 259, 209, 241, 164, 236, 133, 181, 124, 298, 122, 123, 273, 226, 209, 155, 120, 286, 241, 285, 260, 143, 216, 176, 147, 138, 271, 288]], "number_unexpected_containers_at_facilities": [[28, 76, 72], [25, 24, 13], [92, 9, 22], [70, 42, 82]], "number_good_quality_containers_at_facilities": [[20, 52, 26], [0, 82, 14], [63, 61, 29], [23, 12, 36]], "containers_demand_for_clients": [[179, 244, 223, 241, 230, 206, 229, 196, 180, 244, 243, 242, 201, 212, 245, 178, 236, 172, 237, 211, 172, 197, 228, 183, 178, 240, 202, 222, 173, 234], [182, 156, 190, 183, 161, 178, 222, 159, 222, 211, 221, 166, 160, 163, 180, 219, 161, 165, 218, 227, 190, 171, 210, 178, 189, 223, 173, 160, 183, 170], [204, 186, 209, 227, 211, 179, 172, 203, 218, 181, 175, 199, 222, 195, 185, 201, 210, 209, 251, 243, 169, 247, 231, 204, 182, 216, 237, 214, 194, 245], [189, 177, 248, 243, 224, 180, 242, 227, 242, 197, 253, 244, 206, 228, 220, 225, 192, 250, 212, 224, 176, 241, 193, 233, 191, 188, 222, 236, 188, 209]], "transportation_capacity": 556, "probability_original_quality_level": [[10.0, 22.0, 16.0, 4.0, 30.0, 18.0, 0.0], [6.0, 3.0, 1.0, 47.0, 1.0, 39.0, 3.0], [8.0, 8.0, 18.0, 16.0, 18.0, 27.0, 5.0], [6.0, 12.0, 30.0, 20.0, 7.0, 22.0, 3.0]], "number_hours_required_for_inspection": [0.8486121013125147, 0.8900782292664685, 0.48016825701088756, 0.9419945202220597], "number_hours_available_for_inspection": [380, 335, 337], "expected_number_hours_required_for_repair": [1.4638006030152206, 1.7362432323505306, 1.4906939039764102, 1.424668292190331], "number_hours_available_for_repair": [540, 489, 404], "warehouse_capacity_of_facility": [776, 793, 884], "cost_of_inspection": [16.972242026250296, 17.80156458532937, 9.60336514021775, 18.839890404441192], "expected_cost_of_repair": [42.89533746086788, 51.214720547450526, 43.58582806809111, 41.85347419286822], "cost_of_transportation": [124, 81], "holding_cost": [2.886926464320833, 2.3574953030013517, 1.2236829653352435], "rejection_cost": [4401165.0, 4401165.0, 4401165.0, 4401165.0]}