{"container_types": 4, "number_of_facilities": 2, "container_quality_level": 5, "time_periods": 30, "number_containers_arriving_to_facility_zero": [[103, 281, 143, 255, 283, 190, 159, 200, 287, 237, 258, 250, 225, 233, 132, 197, 167, 107, 273, 207, 183, 166, 106, 262, 173, 285, 212, 249, 123, 293], [135, 264, 287, 116, 202, 263, 120, 285, 285, 296, 116, 190, 178, 112, 109, 205, 158, 237, 240, 171, 296, 261, 252, 145, 265, 263, 261, 277, 229, 228], [268, 102, 233, 189, 214, 115, 264, 201, 187, 186, 231, 171, 221, 279, 160, 147, 241, 295, 180, 252, 207, 104, 237, 252, 211, 266, 147, 111, 233, 216], [266, 279, 105, 294, 109, 237, 140, 264, 162, 287, 249, 270, 110, 183, 110, 189, 118, 209, 199, 121, 290, 116, 201, 133, 204, 242, 109, 266, 181, 132]], "number_unexpected_containers_at_facilities": [[32, 31, 18], [64, 55, 43], [14, 21, 64], [3, 49, 97]], "number_good_quality_containers_at_facilities": [[18, 61, 18], [72, 21, 27], [68, 69, 66], [84, 59, 51]], "containers_demand_for_clients": [[216, 239, 243, 176, 207, 211, 223, 168, 198, 214, 175, 237, 178, 182, 207, 239, 190, 182, 236, 206, 175, 180, 176, 205, 169, 236, 231, 172, 174, 169], [245, 175, 248, 229, 188, 174, 235, 206, 240, 182, 197, 205, 190, 253, 200, 213, 242, 233, 219, 191, 232, 238, 219, 250, 204, 190, 247, 212, 232, 213], [234, 199, 211, 244, 200, 192, 213, 263, 186, 257, 229, 238, 243, 186, 194, 205, 217, 212, 243, 219, 217, 230, 249, 213, 207, 191, 264, 240, 261, 228], [221, 209, 199, 244, 180, 211, 195, 242, 176, 213, 253, 238, 239, 222, 249, 204, 249, 199, 177, 226, 224, 234, 205, 217, 175, 185, 223, 200, 239, 208]], "transportation_capacity": 630, "probability_original_quality_level": [[8.0, 11.0, 23.0, 13.0, 23.0, 18.0, 4.0], [5.0, 8.0, 11.0, 29.0, 23.0, 19.0, 5.0], [5.0, 5.0, 19.0, 10.0, 27.0, 29.0, 5.0], [7.0, 3.0, 5.0, 16.0, 39.0, 28.0, 2.0]], "number_hours_required_for_inspection": [0.37155170541635274, 0.9081035657623956, 0.9498007972839653, 0.6187178952154265], "number_hours_available_for_inspection": [315, 310, 346], "expected_number_hours_required_for_repair": [1.439210780150883, 1.4828426922805233, 1.6215027678267242, 1.7146964410128107], "number_hours_available_for_repair": [429, 600, 436], "warehouse_capacity_of_facility": [924, 889, 814], "cost_of_inspection": [7.431034108327054, 18.16207131524791, 18.996015945679304, 12.37435790430853], "expected_cost_of_repair": [42.36524114404665, 43.79966768310325, 47.94291217280799, 50.33457582722414], "cost_of_transportation": [70, 155], "holding_cost": [2.5551793739531474, 1.6087664637341141, 1.0052095188622758], "rejection_cost": [5007677.0, 5007677.0, 5007677.0, 5007677.0]}