{"container_types": 4, "number_of_facilities": 2, "container_quality_level": 5, "time_periods": 30, "number_containers_arriving_to_facility_zero": [[270, 198, 242, 203, 122, 210, 159, 240, 126, 137, 238, 215, 227, 154, 168, 231, 142, 176, 113, 213, 127, 227, 183, 119, 156, 120, 104, 155, 265, 126], [121, 128, 173, 201, 147, 293, 293, 221, 193, 227, 170, 235, 248, 102, 296, 190, 267, 212, 126, 252, 298, 180, 292, 185, 155, 139, 125, 250, 146, 287], [272, 146, 212, 234, 165, 107, 129, 234, 162, 102, 287, 231, 121, 141, 198, 171, 268, 245, 201, 232, 186, 222, 252, 227, 215, 181, 233, 175, 132, 106], [115, 236, 226, 147, 148, 242, 268, 213, 237, 163, 138, 258, 162, 289, 272, 163, 113, 198, 107, 204, 136, 209, 121, 166, 224, 189, 108, 109, 250, 277]], "number_unexpected_containers_at_facilities": [[22, 59, 49], [58, 83, 56], [81, 7, 12], [44, 98, 28]], "number_good_quality_containers_at_facilities": [[13, 74, 98], [41, 58, 21], [5, 68, 20], [79, 58, 65]], "containers_demand_for_clients": [[170, 215, 196, 230, 212, 186, 200, 193, 183, 241, 214, 193, 203, 209, 209, 231, 196, 186, 189, 216, 179, 166, 177, 162, 185, 175, 206, 206, 175, 183], [225, 184, 215, 170, 169, 205, 179, 196, 195, 164, 224, 184, 153, 186, 170, 185, 204, 195, 152, 193, 213, 189, 175, 204, 169, 151, 166, 170, 205, 221], [250, 238, 246, 226, 172, 239, 228, 182, 221, 220, 249, 196, 188, 195, 244, 175, 204, 210, 177, 183, 191, 234, 231, 252, 247, 217, 175, 200, 256, 173], [188, 210, 190, 232, 162, 195, 174, 217, 211, 212, 236, 191, 234, 208, 180, 186, 213, 214, 224, 228, 227, 175, 181, 180, 172, 198, 173, 221, 188, 162]], "transportation_capacity": 473, "probability_original_quality_level": [[8.0, 1.0, 7.0, 34.0, 21.0, 29.0, 0.0], [8.0, 25.0, 7.0, 25.0, 4.0, 26.0, 5.0], [9.0, 21.0, 11.0, 24.0, 4.0, 26.0, 5.0], [6.0, 0.0, 13.0, 28.0, 12.0, 39.0, 2.0]], "number_hours_required_for_inspection": [0.5899137649829692, 0.5497661902307633, 0.5972136910452034, 0.5688455988450464], "number_hours_available_for_inspection": [246, 242, 273], "expected_number_hours_required_for_repair": [1.6247235279934478, 1.3086845867158758, 1.3854558076334933, 1.673118727207575], "number_hours_available_for_repair": [507, 379, 552], "warehouse_capacity_of_facility": [757, 809, 754], "cost_of_inspection": [11.798275299659384, 10.995323804615268, 11.944273820904067, 11.376911976900928], "expected_cost_of_repair": [47.64201619353247, 37.82453639907212, 40.57938576126276, 49.33668187081516], "cost_of_transportation": [66, 153], "holding_cost": [2.4261537880928863, 1.6958952429659817, 1.080862020993817], "rejection_cost": [3987283.0, 3987283.0, 3987283.0, 3987283.0]}