{"container_types": 4, "number_of_facilities": 2, "container_quality_level": 5, "time_periods": 30, "number_containers_arriving_to_facility_zero": [[208, 267, 257, 278, 256, 282, 270, 247, 174, 259, 277, 187, 229, 190, 111, 125, 172, 282, 216, 244, 211, 139, 281, 137, 171, 214, 183, 172, 263, 184], [151, 175, 133, 264, 275, 139, 215, 161, 199, 223, 195, 233, 205, 152, 213, 253, 214, 148, 108, 153, 104, 261, 285, 264, 145, 145, 183, 243, 204, 148], [148, 158, 286, 228, 234, 126, 293, 284, 257, 173, 253, 285, 208, 298, 242, 290, 197, 126, 181, 143, 203, 275, 299, 185, 244, 174, 155, 200, 154, 128], [233, 220, 240, 218, 198, 170, 228, 283, 235, 204, 163, 204, 160, 294, 199, 276, 155, 147, 147, 298, 213, 135, 158, 257, 151, 251, 130, 100, 102, 154]], "number_unexpected_containers_at_facilities": [[50, 37, 26], [41, 45, 6], [77, 32, 13], [10, 13, 14]], "number_good_quality_containers_at_facilities": [[33, 47, 93], [56, 57, 96], [80, 94, 40], [19, 78, 66]], "containers_demand_for_clients": [[218, 205, 241, 220, 202, 235, 181, 227, 242, 214, 193, 239, 199, 180, 176, 184, 207, 220, 234, 173, 243, 172, 222, 171, 167, 228, 207, 189, 232, 203], [185, 222, 250, 241, 209, 199, 207, 197, 197, 225, 185, 181, 268, 194, 213, 249, 237, 248, 209, 258, 191, 185, 234, 200, 200, 243, 242, 249, 192, 258], [172, 230, 206, 215, 241, 176, 204, 187, 174, 233, 167, 204, 233, 235, 177, 198, 186, 183, 192, 176, 169, 238, 188, 215, 229, 201, 234, 209, 202, 177], [214, 237, 250, 269, 197, 237, 212, 250, 252, 263, 183, 241, 210, 224, 241, 257, 250, 216, 207, 233, 218, 214, 192, 217, 223, 192, 184, 231, 203, 259]], "transportation_capacity": 603, "probability_original_quality_level": [[5.0, 11.0, 16.0, 23.0, 12.0, 32.0, 1.0], [9.0, 0.0, 9.0, 30.0, 24.0, 26.0, 2.0], [5.0, 26.0, 2.0, 39.0, 10.0, 15.0, 3.0], [5.0, 34.0, 6.0, 19.0, 17.0, 15.0, 4.0]], "number_hours_required_for_inspection": [0.7232224545390562, 0.9932315780831099, 0.6095416139826013, 0.4476821220463465], "number_hours_available_for_inspection": [242, 301, 333], "expected_number_hours_required_for_repair": [1.576980064992617, 1.6226939815155448, 1.406567942687156, 1.2621229693779772], "number_hours_available_for_repair": [410, 488, 416], "warehouse_capacity_of_facility": [798, 840, 889], "cost_of_inspection": [14.464449090781123, 19.864631561662197, 12.190832279652026, 8.95364244092693], "expected_cost_of_repair": [46.39308616472437, 46.92534210664858, 41.45057360986855, 36.92674412676279], "cost_of_transportation": [110, 114], "holding_cost": [2.728524171746587, 1.894802631531656, 1.072494919473912], "rejection_cost": [4182223.0, 4182223.0, 4182223.0, 4182223.0]}