{"container_types": 4, "number_of_facilities": 2, "container_quality_level": 9, "time_periods": 30, "number_containers_arriving_to_facility_zero": [[170, 182, 298, 153, 108, 270, 260, 194, 228, 124, 113, 116, 112, 179, 101, 110, 221, 193, 149, 153, 182, 105, 134, 198, 204, 176, 178, 239, 256, 128], [176, 265, 274, 268, 270, 222, 103, 219, 214, 191, 269, 171, 203, 118, 220, 272, 182, 207, 287, 154, 223, 229, 180, 299, 231, 281, 228, 161, 268, 156], [262, 299, 201, 131, 208, 189, 213, 172, 230, 277, 166, 142, 166, 200, 176, 142, 213, 129, 220, 166, 125, 240, 208, 106, 149, 199, 186, 275, 202, 192], [208, 297, 108, 104, 201, 160, 185, 203, 206, 292, 244, 240, 248, 295, 223, 108, 279, 201, 170, 133, 132, 136, 254, 195, 212, 208, 188, 123, 244, 227]], "number_unexpected_containers_at_facilities": [[78, 99, 96], [21, 50, 78], [46, 53, 80], [30, 59, 14]], "number_good_quality_containers_at_facilities": [[50, 20, 75], [9, 8, 89], [48, 62, 68], [0, 66, 36]], "containers_demand_for_clients": [[171, 215, 236, 186, 189, 208, 166, 233, 188, 218, 238, 178, 247, 170, 211, 179, 228, 239, 167, 187, 205, 173, 245, 194, 187, 214, 168, 198, 191, 173], [215, 152, 165, 168, 156, 210, 189, 224, 188, 215, 203, 206, 187, 220, 171, 218, 171, 210, 201, 174, 215, 151, 206, 173, 165, 198, 222, 218, 153, 169], [249, 259, 238, 268, 203, 235, 256, 193, 209, 188, 206, 231, 215, 271, 211, 248, 211, 181, 226, 221, 242, 216, 242, 225, 270, 219, 225, 254, 217, 255], [219, 164, 170, 220, 177, 225, 184, 237, 222, 232, 209, 171, 171, 184, 203, 185, 222, 197, 167, 177, 187, 193, 202, 167, 200, 224, 223, 167, 232, 211]], "transportation_capacity": 568, "probability_original_quality_level": [[7.0, 8.0, 15.0, 13.0, 13.0, 2.0, 13.0, 11.0, 2.0, 16.0, 0.0], [9.0, 15.0, 19.0, 14.0, 9.0, 10.0, 2.0, 4.0, 8.0, 9.0, 1.0], [9.0, 8.0, 10.0, 20.0, 13.0, 18.0, 1.0, 9.0, 0.0, 8.0, 4.0], [5.0, 5.0, 12.0, 12.0, 7.0, 14.0, 6.0, 14.0, 2.0, 18.0, 5.0]], "number_hours_required_for_inspection": [0.7133972348075118, 0.7827886121632128, 0.7264508007691836, 0.6161671927557031], "number_hours_available_for_inspection": [346, 269, 337], "expected_number_hours_required_for_repair": [1.9757322100792747, 1.7083380005876319, 1.7555336268195376, 2.0106662810405647], "number_hours_available_for_repair": [667, 518, 530], "warehouse_capacity_of_facility": [901, 847, 819], "cost_of_inspection": [14.267944696150236, 15.655772243264256, 14.529016015383672, 12.32334385511406], "expected_cost_of_repair": [58.070644718784116, 49.599573254122475, 51.64943796435153, 59.57846838909315], "cost_of_transportation": [96, 145], "holding_cost": [2.51811195650785, 2.1977029803331707, 1.08786016346453], "rejection_cost": [300.0, 300.0, 300.0, 300.0]}