{"container_types": 4, "number_of_facilities": 2, "container_quality_level": 9, "time_periods": 30, "number_containers_arriving_to_facility_zero": [[142, 203, 200, 221, 142, 204, 199, 178, 235, 142, 170, 121, 266, 176, 295, 279, 274, 177, 214, 211, 266, 258, 157, 261, 286, 287, 269, 194, 172, 247], [143, 116, 193, 244, 192, 230, 271, 197, 188, 214, 112, 104, 113, 254, 214, 252, 173, 158, 182, 298, 196, 117, 130, 239, 176, 109, 228, 136, 215, 262], [267, 195, 240, 249, 156, 288, 100, 154, 234, 291, 262, 185, 216, 269, 191, 190, 126, 190, 271, 210, 293, 112, 201, 163, 179, 261, 134, 177, 164, 132], [161, 268, 182, 226, 232, 278, 209, 166, 262, 103, 179, 245, 104, 171, 194, 224, 242, 137, 214, 210, 290, 250, 263, 122, 185, 290, 208, 282, 223, 103]], "number_unexpected_containers_at_facilities": [[20, 24, 27], [80, 54, 65], [33, 46, 88], [67, 40, 17]], "number_good_quality_containers_at_facilities": [[9, 6, 80], [74, 56, 51], [79, 82, 5], [65, 90, 27]], "containers_demand_for_clients": [[241, 228, 220, 196, 229, 243, 238, 252, 205, 227, 209, 179, 196, 237, 220, 210, 190, 200, 215, 211, 257, 242, 236, 194, 253, 230, 190, 250, 214, 208], [244, 177, 199, 249, 244, 190, 216, 221, 217, 247, 226, 259, 254, 192, 184, 237, 214, 254, 234, 197, 187, 220, 180, 237, 212, 244, 245, 263, 250, 252], [177, 238, 174, 231, 227, 177, 228, 217, 180, 186, 169, 204, 196, 200, 211, 195, 218, 235, 199, 194, 188, 174, 224, 234, 193, 176, 163, 195, 229, 216], [239, 219, 210, 224, 210, 177, 252, 247, 180, 202, 181, 230, 247, 214, 194, 191, 235, 217, 171, 176, 243, 197, 239, 210, 172, 228, 253, 225, 210, 202]], "transportation_capacity": 538, "probability_original_quality_level": [[10.0, 0.0, 21.0, 9.0, 1.0, 3.0, 23.0, 16.0, 0.0, 15.0, 2.0], [6.0, 6.0, 14.0, 7.0, 13.0, 17.0, 8.0, 18.0, 4.0, 7.0, 0.0], [7.0, 3.0, 7.0, 19.0, 0.0, 7.0, 23.0, 14.0, 10.0, 7.0, 3.0], [6.0, 8.0, 11.0, 20.0, 4.0, 14.0, 14.0, 8.0, 1.0, 14.0, 0.0]], "number_hours_required_for_inspection": [0.847942547192288, 0.7273213211190472, 0.3637660828786418, 0.4506194445480645], "number_hours_available_for_inspection": [295, 298, 281], "expected_number_hours_required_for_repair": [2.1194690764203026, 2.0110692357235447, 2.1007735441110404, 2.0496210618649444], "number_hours_available_for_repair": [854, 780, 780], "warehouse_capacity_of_facility": [931, 912, 771], "cost_of_inspection": [16.95885094384576, 14.546426422380945, 7.275321657572836, 9.01238889096129], "expected_cost_of_repair": [61.743796563781615, 59.722719118106035, 62.125195872569165, 60.88523937943534], "cost_of_transportation": [153, 152], "holding_cost": [2.46358225439923, 2.0574402293375615, 1.0438735570612927], "rejection_cost": [300.0, 300.0, 300.0, 300.0]}