{"container_types": 4, "number_of_facilities": 2, "container_quality_level": 9, "time_periods": 30, "number_containers_arriving_to_facility_zero": [[122, 223, 134, 126, 119, 269, 226, 250, 258, 289, 211, 217, 220, 234, 112, 189, 139, 232, 131, 125, 239, 175, 165, 272, 230, 221, 259, 252, 195, 207], [264, 196, 246, 259, 177, 111, 138, 146, 181, 103, 151, 225, 174, 182, 280, 203, 104, 168, 112, 126, 278, 204, 260, 161, 175, 142, 185, 243, 129, 115], [259, 226, 294, 141, 134, 104, 292, 285, 227, 170, 161, 292, 136, 168, 139, 135, 149, 173, 193, 120, 166, 235, 219, 255, 240, 157, 207, 116, 196, 161], [105, 134, 241, 145, 229, 283, 119, 195, 278, 156, 155, 262, 278, 182, 259, 168, 233, 149, 114, 263, 148, 107, 162, 120, 173, 183, 109, 107, 296, 180]], "number_unexpected_containers_at_facilities": [[71, 3, 16], [46, 81, 84], [85, 32, 35], [46, 9, 71]], "number_good_quality_containers_at_facilities": [[2, 83, 36], [39, 47, 25], [35, 29, 34], [74, 10, 38]], "containers_demand_for_clients": [[170, 199, 191, 206, 223, 204, 212, 173, 171, 220, 179, 200, 204, 161, 177, 189, 165, 173, 167, 229, 206, 218, 216, 153, 162, 194, 188, 203, 204, 173], [179, 203, 225, 167, 181, 198, 179, 240, 227, 232, 172, 189, 224, 180, 231, 242, 204, 178, 244, 214, 204, 237, 239, 248, 194, 241, 247, 185, 176, 187], [218, 230, 209, 227, 171, 227, 184, 178, 179, 209, 209, 173, 184, 174, 170, 179, 213, 166, 217, 202, 170, 195, 199, 200, 228, 169, 214, 171, 166, 193], [164, 237, 236, 184, 199, 169, 213, 217, 171, 239, 224, 192, 210, 161, 193, 179, 187, 225, 183, 190, 211, 234, 239, 226, 165, 174, 179, 169, 212, 212]], "transportation_capacity": 456, "probability_original_quality_level": [[5.0, 0.0, 3.0, 12.0, 12.0, 17.0, 22.0, 7.0, 4.0, 18.0, 0.0], [9.0, 0.0, 1.0, 2.0, 17.0, 6.0, 22.0, 22.0, 9.0, 8.0, 4.0], [6.0, 0.0, 12.0, 11.0, 17.0, 14.0, 16.0, 0.0, 3.0, 19.0, 2.0], [5.0, 15.0, 11.0, 1.0, 0.0, 12.0, 21.0, 5.0, 12.0, 18.0, 0.0]], "number_hours_required_for_inspection": [0.8016112635710688, 0.46757054236630496, 0.9470162232173666, 0.5048691464146536], "number_hours_available_for_inspection": [235, 321, 249], "expected_number_hours_required_for_repair": [2.304301565961772, 2.335259854314017, 2.1128243452714206, 2.3131785671427934], "number_hours_available_for_repair": [760, 681, 697], "warehouse_capacity_of_facility": [856, 744, 780], "cost_of_inspection": [16.032225271421375, 9.351410847326099, 18.94032446434733, 10.097382928293072], "expected_cost_of_repair": [68.61356851063948, 69.077189745232, 62.56178912498697, 68.62500348199067], "cost_of_transportation": [66, 154], "holding_cost": [2.3050944299918386, 2.2567136676584885, 1.0365284660596235], "rejection_cost": [300.0, 300.0, 300.0, 300.0]}