{"container_types": 4, "number_of_facilities": 2, "container_quality_level": 9, "time_periods": 30, "number_containers_arriving_to_facility_zero": [[251, 129, 271, 291, 281, 187, 291, 236, 286, 186, 264, 247, 104, 170, 232, 101, 177, 249, 213, 122, 138, 215, 299, 102, 263, 140, 290, 173, 103, 239], [290, 188, 256, 298, 249, 104, 220, 191, 255, 103, 285, 237, 100, 288, 164, 228, 215, 146, 169, 296, 291, 206, 123, 109, 150, 107, 236, 166, 141, 255], [285, 214, 156, 290, 249, 158, 127, 275, 200, 288, 158, 119, 205, 203, 119, 252, 264, 146, 135, 171, 123, 271, 269, 121, 208, 220, 285, 252, 196, 158], [240, 265, 290, 270, 193, 161, 200, 201, 260, 261, 119, 262, 113, 251, 224, 132, 255, 288, 290, 253, 159, 147, 220, 145, 146, 292, 294, 185, 114, 274]], "number_unexpected_containers_at_facilities": [[80, 53, 79], [79, 48, 71], [5, 64, 39], [51, 50, 62]], "number_good_quality_containers_at_facilities": [[24, 9, 82], [90, 36, 23], [39, 67, 28], [73, 93, 89]], "containers_demand_for_clients": [[230, 185, 214, 184, 234, 232, 249, 263, 214, 217, 193, 261, 197, 211, 229, 249, 200, 218, 228, 253, 184, 251, 194, 212, 274, 196, 233, 255, 252, 219], [231, 214, 239, 248, 256, 251, 175, 195, 238, 178, 259, 203, 232, 176, 193, 200, 255, 214, 191, 226, 250, 244, 260, 208, 240, 216, 232, 239, 176, 218], [201, 240, 186, 179, 212, 213, 250, 173, 204, 250, 246, 244, 180, 195, 213, 205, 180, 239, 185, 238, 183, 174, 248, 225, 200, 195, 181, 195, 218, 207], [176, 232, 189, 190, 209, 201, 210, 232, 197, 232, 233, 186, 186, 187, 208, 171, 252, 240, 213, 173, 243, 226, 227, 249, 242, 177, 240, 231, 185, 241]], "transportation_capacity": 605, "probability_original_quality_level": [[5.0, 14.0, 10.0, 4.0, 9.0, 9.0, 9.0, 12.0, 13.0, 15.0, 0.0], [8.0, 4.0, 3.0, 7.0, 0.0, 0.0, 18.0, 19.0, 18.0, 23.0, 0.0], [6.0, 12.0, 7.0, 0.0, 13.0, 15.0, 7.0, 13.0, 5.0, 17.0, 5.0], [8.0, 15.0, 17.0, 19.0, 0.0, 13.0, 1.0, 2.0, 1.0, 19.0, 5.0]], "number_hours_required_for_inspection": [0.6939066395367038, 0.9883965056191178, 0.4883289068633229, 0.853402301752493], "number_hours_available_for_inspection": [386, 289, 332], "expected_number_hours_required_for_repair": [2.1408691795456396, 2.511133523809326, 2.048552354909841, 1.7371295704618321], "number_hours_available_for_repair": [893, 665, 626], "warehouse_capacity_of_facility": [843, 900, 821], "cost_of_inspection": [13.878132790734076, 19.767930112382356, 9.766578137266459, 17.06804603504986], "expected_cost_of_repair": [63.48816015343566, 73.87259593371454, 60.65069679024957, 51.102894752211924], "cost_of_transportation": [118, 131], "holding_cost": [2.3702686476778116, 1.6404321047765649, 1.6979025670424894], "rejection_cost": [300.0, 300.0, 300.0, 300.0]}