{"container_types": 4, "number_of_facilities": 2, "container_quality_level": 9, "time_periods": 30, "number_containers_arriving_to_facility_zero": [[149, 248, 243, 298, 265, 286, 106, 171, 243, 210, 221, 173, 122, 156, 291, 204, 128, 210, 114, 288, 232, 172, 120, 113, 175, 112, 144, 153, 120, 147], [100, 256, 161, 283, 224, 111, 159, 217, 110, 246, 165, 112, 213, 193, 207, 105, 194, 287, 220, 257, 242, 235, 224, 179, 124, 273, 113, 212, 234, 203], [112, 220, 274, 295, 171, 156, 261, 162, 158, 214, 165, 297, 132, 160, 118, 237, 146, 162, 196, 196, 275, 101, 120, 108, 264, 246, 141, 295, 106, 240], [139, 199, 250, 280, 187, 241, 264, 269, 248, 111, 202, 100, 269, 248, 280, 272, 281, 224, 203, 284, 160, 137, 279, 206, 221, 268, 156, 278, 174, 209]], "number_unexpected_containers_at_facilities": [[42, 85, 93], [13, 65, 85], [48, 49, 69], [63, 66, 79]], "number_good_quality_containers_at_facilities": [[11, 91, 8], [83, 64, 32], [3, 19, 36], [19, 88, 37]], "containers_demand_for_clients": [[233, 241, 262, 204, 265, 274, 277, 205, 199, 227, 200, 203, 204, 214, 220, 225, 230, 241, 259, 241, 263, 271, 208, 247, 256, 222, 274, 240, 213, 246], [173, 162, 160, 231, 214, 202, 174, 182, 181, 213, 183, 159, 158, 186, 207, 186, 191, 189, 168, 180, 165, 186, 203, 162, 183, 217, 162, 217, 226, 168], [222, 245, 224, 205, 191, 224, 194, 169, 165, 242, 179, 213, 199, 238, 171, 205, 183, 172, 176, 201, 172, 203, 185, 189, 217, 194, 203, 192, 233, 215], [236, 200, 204, 228, 183, 178, 211, 232, 174, 164, 232, 160, 229, 214, 185, 185, 171, 178, 208, 216, 211, 213, 202, 217, 189, 205, 175, 181, 171, 171]], "transportation_capacity": 605, "probability_original_quality_level": [[8.0, 2.0, 12.0, 6.0, 31.0, 0.0, 0.0, 22.0, 0.0, 15.0, 4.0], [8.0, 6.0, 11.0, 16.0, 5.0, 10.0, 16.0, 6.0, 14.0, 7.0, 1.0], [8.0, 6.0, 3.0, 8.0, 7.0, 13.0, 12.0, 15.0, 5.0, 19.0, 4.0], [9.0, 15.0, 3.0, 15.0, 16.0, 6.0, 9.0, 4.0, 1.0, 20.0, 2.0]], "number_hours_required_for_inspection": [0.5322152319909726, 0.3743186491506938, 0.6224267318888619, 0.7680016361688529], "number_hours_available_for_inspection": [221, 204, 271], "expected_number_hours_required_for_repair": [2.017870446721673, 1.9996438347302308, 2.202745737685535, 1.9268388935558294], "number_hours_available_for_repair": [758, 596, 825], "warehouse_capacity_of_facility": [796, 863, 830], "cost_of_inspection": [10.644304639819453, 7.486372983013876, 12.448534637777238, 15.360032723377056], "expected_cost_of_repair": [59.70742003395304, 58.49306509885313, 64.55213625703874, 56.64016648538573], "cost_of_transportation": [94, 139], "holding_cost": [2.827557918966715, 2.202896363264429, 1.1792251552775883], "rejection_cost": [300.0, 300.0, 300.0, 300.0]}