{"container_types": 4, "number_of_facilities": 2, "container_quality_level": 9, "time_periods": 30, "number_containers_arriving_to_facility_zero": [[197, 266, 286, 168, 252, 246, 146, 299, 205, 131, 209, 129, 245, 148, 262, 236, 263, 266, 216, 274, 105, 226, 235, 217, 112, 144, 121, 151, 235, 158], [288, 150, 263, 138, 234, 108, 116, 224, 227, 125, 143, 151, 205, 175, 245, 248, 177, 199, 216, 299, 172, 184, 190, 112, 261, 176, 211, 245, 256, 239], [176, 147, 264, 156, 145, 241, 130, 289, 178, 167, 152, 104, 231, 128, 291, 165, 223, 212, 277, 255, 245, 289, 202, 257, 111, 255, 133, 100, 112, 144], [120, 170, 273, 260, 274, 282, 290, 200, 217, 165, 227, 191, 154, 185, 208, 141, 131, 161, 275, 198, 234, 181, 281, 123, 175, 116, 143, 225, 228, 187]], "number_unexpected_containers_at_facilities": [[89, 9, 50], [51, 66, 99], [62, 22, 37], [85, 19, 45]], "number_good_quality_containers_at_facilities": [[47, 39, 92], [34, 74, 14], [16, 51, 70], [70, 62, 50]], "containers_demand_for_clients": [[197, 173, 196, 244, 209, 215, 201, 210, 217, 214, 199, 212, 212, 187, 171, 188, 243, 227, 197, 238, 245, 233, 248, 246, 176, 240, 187, 188, 188, 190], [236, 206, 196, 251, 196, 254, 232, 230, 211, 219, 199, 203, 245, 210, 238, 221, 203, 252, 241, 248, 202, 175, 179, 234, 212, 212, 237, 238, 257, 212], [249, 246, 200, 221, 225, 202, 219, 170, 197, 179, 210, 173, 238, 182, 195, 247, 197, 179, 231, 220, 246, 184, 191, 216, 199, 220, 214, 235, 241, 196], [211, 162, 200, 169, 169, 170, 227, 240, 175, 182, 187, 165, 163, 231, 181, 162, 181, 218, 172, 234, 221, 164, 204, 197, 169, 185, 167, 195, 178, 165]], "transportation_capacity": 494, "probability_original_quality_level": [[10.0, 2.0, 12.0, 7.0, 12.0, 5.0, 9.0, 13.0, 10.0, 17.0, 3.0], [6.0, 3.0, 11.0, 5.0, 14.0, 13.0, 15.0, 2.0, 12.0, 16.0, 3.0], [8.0, 7.0, 9.0, 16.0, 14.0, 4.0, 7.0, 13.0, 6.0, 16.0, 0.0], [6.0, 24.0, 7.0, 16.0, 16.0, 11.0, 8.0, 2.0, 0.0, 8.0, 2.0]], "number_hours_required_for_inspection": [0.8968647696917056, 0.6556354014497937, 0.9133958631240255, 0.37316235667741204], "number_hours_available_for_inspection": [285, 292, 312], "expected_number_hours_required_for_repair": [2.1990336271677196, 2.183809129680963, 2.0776524803634913, 1.63046848188474], "number_hours_available_for_repair": [780, 762, 829], "warehouse_capacity_of_facility": [815, 862, 770], "cost_of_inspection": [17.937295393834113, 13.112708028995874, 18.26791726248051, 7.463247133548241], "expected_cost_of_repair": [64.67454854716911, 64.40307579239726, 60.86311435642476, 47.983774403025784], "cost_of_transportation": [118, 140], "holding_cost": [2.7676555916728502, 2.238989151375503, 1.324267413960991], "rejection_cost": [300.0, 300.0, 300.0, 300.0]}