{"container_types": 4, "number_of_facilities": 2, "container_quality_level": 9, "time_periods": 30, "number_containers_arriving_to_facility_zero": [[208, 278, 263, 220, 207, 111, 295, 264, 280, 231, 260, 276, 194, 172, 262, 163, 241, 269, 128, 240, 279, 160, 224, 124, 200, 295, 150, 189, 165, 174], [184, 137, 263, 160, 159, 299, 144, 110, 277, 208, 147, 164, 283, 160, 176, 215, 252, 106, 201, 246, 101, 223, 113, 111, 178, 154, 290, 267, 124, 128], [189, 239, 186, 287, 109, 232, 147, 290, 161, 214, 190, 274, 103, 260, 235, 192, 182, 175, 215, 172, 264, 207, 251, 112, 204, 131, 159, 111, 172, 260], [193, 229, 206, 288, 235, 286, 127, 108, 296, 257, 277, 236, 109, 285, 229, 235, 206, 167, 143, 286, 124, 165, 113, 145, 274, 251, 138, 262, 139, 136]], "number_unexpected_containers_at_facilities": [[19, 29, 88], [68, 9, 7], [80, 66, 95], [45, 23, 10]], "number_good_quality_containers_at_facilities": [[2, 80, 5], [39, 89, 67], [52, 29, 62], [26, 24, 16]], "containers_demand_for_clients": [[193, 207, 225, 216, 189, 223, 211, 195, 200, 178, 213, 231, 171, 174, 239, 216, 216, 234, 247, 196, 185, 217, 218, 207, 168, 226, 202, 181, 240, 242], [213, 221, 206, 262, 243, 203, 233, 180, 211, 234, 251, 247, 181, 237, 235, 228, 258, 262, 201, 228, 230, 234, 266, 185, 237, 230, 239, 223, 240, 242], [220, 173, 167, 233, 189, 194, 209, 188, 224, 168, 172, 164, 179, 229, 221, 213, 224, 230, 210, 203, 201, 206, 167, 232, 184, 226, 192, 158, 185, 231], [178, 236, 194, 169, 204, 202, 213, 221, 227, 193, 178, 182, 186, 225, 234, 219, 205, 230, 250, 232, 213, 210, 197, 204, 196, 194, 240, 195, 193, 177]], "transportation_capacity": 463, "probability_original_quality_level": [[10.0, 1.0, 21.0, 8.0, 5.0, 25.0, 7.0, 3.0, 12.0, 7.0, 1.0], [10.0, 5.0, 12.0, 12.0, 17.0, 4.0, 7.0, 1.0, 12.0, 15.0, 5.0], [10.0, 10.0, 17.0, 8.0, 3.0, 7.0, 17.0, 9.0, 3.0, 13.0, 3.0], [10.0, 8.0, 11.0, 7.0, 2.0, 12.0, 11.0, 2.0, 14.0, 21.0, 2.0]], "number_hours_required_for_inspection": [0.550398780178962, 0.6024115724956474, 0.7983943726910833, 0.8634955507035432], "number_hours_available_for_inspection": [276, 279, 238], "expected_number_hours_required_for_repair": [1.8918851699880574, 1.91944856853421, 1.8574249546489314, 2.1136242279720423], "number_hours_available_for_repair": [748, 763, 618], "warehouse_capacity_of_facility": [764, 803, 815], "cost_of_inspection": [11.00797560357924, 12.048231449912947, 15.967887453821666, 17.269911014070864], "expected_cost_of_repair": [55.370997030735865, 56.10192575106348, 54.31535259931733, 61.96156222267008], "cost_of_transportation": [84, 160], "holding_cost": [2.0657546068705654, 2.1744716142230525, 1.5088826369793233], "rejection_cost": [300.0, 300.0, 300.0, 300.0]}