{"container_types": 4, "number_of_facilities": 2, "container_quality_level": 9, "time_periods": 30, "number_containers_arriving_to_facility_zero": [[143, 162, 187, 263, 231, 216, 174, 253, 289, 244, 221, 130, 230, 200, 241, 225, 203, 165, 192, 189, 297, 109, 167, 252, 139, 131, 232, 243, 283, 263], [140, 254, 249, 257, 153, 173, 123, 172, 293, 118, 204, 128, 261, 209, 113, 277, 179, 137, 235, 205, 122, 289, 259, 183, 262, 179, 159, 207, 217, 140], [246, 123, 100, 230, 194, 217, 164, 114, 223, 221, 184, 232, 255, 216, 155, 221, 298, 285, 156, 265, 104, 266, 267, 200, 196, 270, 160, 107, 200, 216], [232, 271, 254, 277, 145, 127, 258, 142, 192, 148, 188, 246, 153, 113, 204, 262, 242, 292, 240, 255, 276, 261, 196, 281, 191, 113, 110, 149, 133, 227]], "number_unexpected_containers_at_facilities": [[91, 30, 18], [71, 61, 17], [0, 20, 43], [1, 45, 14]], "number_good_quality_containers_at_facilities": [[34, 60, 59], [92, 91, 7], [74, 16, 83], [65, 52, 36]], "containers_demand_for_clients": [[200, 186, 177, 225, 179, 245, 213, 232, 203, 178, 181, 236, 205, 195, 216, 253, 180, 170, 225, 190, 177, 209, 239, 250, 201, 198, 214, 232, 250, 217], [228, 255, 219, 195, 246, 179, 205, 211, 249, 211, 184, 218, 195, 178, 215, 204, 253, 246, 214, 245, 256, 246, 204, 220, 196, 241, 209, 221, 186, 247], [227, 237, 232, 171, 194, 180, 204, 204, 241, 174, 178, 207, 226, 246, 174, 178, 228, 178, 181, 184, 197, 178, 206, 169, 222, 205, 200, 202, 222, 205], [184, 241, 186, 248, 182, 229, 186, 183, 244, 226, 181, 245, 225, 222, 185, 192, 168, 176, 173, 219, 176, 223, 171, 237, 207, 214, 234, 250, 184, 235]], "transportation_capacity": 600, "probability_original_quality_level": [[7.0, 0.0, 18.0, 10.0, 8.0, 16.0, 5.0, 6.0, 19.0, 9.0, 2.0], [6.0, 5.0, 4.0, 19.0, 6.0, 12.0, 18.0, 3.0, 13.0, 9.0, 5.0], [10.0, 10.0, 2.0, 19.0, 11.0, 6.0, 12.0, 7.0, 1.0, 18.0, 4.0], [8.0, 12.0, 14.0, 13.0, 1.0, 14.0, 0.0, 0.0, 15.0, 19.0, 4.0]], "number_hours_required_for_inspection": [0.36651768126264617, 0.46847527664948424, 0.836210413686896, 0.7266662460491784], "number_hours_available_for_inspection": [208, 210, 246], "expected_number_hours_required_for_repair": [2.045420581945202, 1.9985256535276452, 1.9241332569383467, 1.9759246298137754], "number_hours_available_for_repair": [588, 658, 801], "warehouse_capacity_of_facility": [908, 825, 808], "cost_of_inspection": [7.330353625252924, 9.369505532989685, 16.72420827373792, 14.533324920983567], "expected_cost_of_repair": [60.513027458189526, 58.86388271381154, 56.67471363630205, 57.86962426488104], "cost_of_transportation": [118, 135], "holding_cost": [2.229221925028093, 1.725063814026507, 1.8589747093073952], "rejection_cost": [300.0, 300.0, 300.0, 300.0]}