{"container_types": 4, "number_of_facilities": 2, "container_quality_level": 9, "time_periods": 30, "number_containers_arriving_to_facility_zero": [[271, 129, 233, 283, 190, 126, 118, 186, 133, 293, 117, 245, 243, 234, 234, 293, 123, 201, 260, 151, 223, 257, 190, 250, 201, 222, 272, 123, 268, 207], [116, 135, 244, 206, 156, 134, 271, 226, 104, 224, 254, 256, 208, 168, 245, 201, 160, 205, 207, 170, 286, 161, 279, 104, 290, 173, 230, 168, 147, 113], [148, 294, 254, 255, 231, 148, 134, 116, 228, 155, 140, 288, 213, 104, 216, 152, 180, 211, 169, 251, 145, 212, 205, 167, 205, 223, 226, 266, 197, 292], [160, 281, 278, 175, 228, 160, 173, 151, 144, 233, 177, 279, 103, 122, 284, 289, 228, 107, 153, 179, 226, 205, 156, 144, 105, 233, 111, 216, 253, 158]], "number_unexpected_containers_at_facilities": [[33, 92, 81], [88, 56, 76], [34, 49, 95], [2, 17, 82]], "number_good_quality_containers_at_facilities": [[80, 80, 92], [76, 4, 74], [46, 89, 45], [94, 80, 64]], "containers_demand_for_clients": [[164, 181, 237, 201, 234, 239, 181, 206, 187, 161, 219, 224, 171, 225, 199, 171, 184, 222, 186, 220, 196, 193, 170, 200, 218, 162, 194, 161, 228, 224], [212, 196, 258, 208, 228, 198, 245, 210, 224, 184, 221, 234, 227, 196, 232, 224, 216, 191, 264, 209, 254, 235, 246, 260, 180, 229, 259, 263, 198, 246], [184, 204, 194, 211, 174, 235, 166, 228, 213, 172, 198, 169, 236, 193, 247, 200, 210, 192, 237, 177, 243, 205, 168, 213, 217, 240, 199, 232, 210, 230], [179, 229, 222, 189, 177, 249, 205, 170, 222, 185, 188, 225, 251, 242, 204, 226, 240, 228, 180, 248, 225, 253, 199, 229, 217, 173, 192, 183, 186, 185]], "transportation_capacity": 635, "probability_original_quality_level": [[8.0, 16.0, 5.0, 4.0, 4.0, 20.0, 7.0, 11.0, 16.0, 6.0, 3.0], [6.0, 14.0, 5.0, 14.0, 8.0, 5.0, 8.0, 5.0, 12.0, 19.0, 4.0], [5.0, 9.0, 16.0, 13.0, 16.0, 5.0, 9.0, 11.0, 3.0, 8.0, 5.0], [10.0, 5.0, 9.0, 15.0, 8.0, 16.0, 10.0, 0.0, 3.0, 19.0, 5.0]], "number_hours_required_for_inspection": [0.8566462369472244, 0.864302039864674, 0.4035073452398052, 0.533335417608449], "number_hours_available_for_inspection": [307, 266, 274], "expected_number_hours_required_for_repair": [2.0008174578304643, 2.0385185725258532, 1.7873533261362433, 1.9117890325432598], "number_hours_available_for_repair": [710, 777, 572], "warehouse_capacity_of_facility": [829, 822, 903], "cost_of_inspection": [17.13292473894449, 17.28604079729348, 8.070146904796104, 10.666708352168982], "expected_cost_of_repair": [59.14237140286433, 60.137459208125456, 52.80715533229912, 56.304175165063555], "cost_of_transportation": [80, 92], "holding_cost": [2.693725072286983, 2.126782564907427, 1.431306899520703], "rejection_cost": [300.0, 300.0, 300.0, 300.0]}