{"container_types": 4, "number_of_facilities": 2, "container_quality_level": 9, "time_periods": 30, "number_containers_arriving_to_facility_zero": [[240, 106, 113, 296, 156, 130, 156, 174, 231, 176, 268, 115, 117, 273, 137, 214, 174, 264, 201, 183, 118, 282, 219, 128, 281, 201, 104, 213, 234, 237], [215, 177, 116, 204, 210, 200, 293, 265, 282, 227, 238, 205, 234, 104, 179, 103, 260, 189, 152, 223, 115, 106, 247, 136, 273, 147, 156, 148, 160, 185], [235, 209, 242, 200, 275, 103, 299, 216, 265, 282, 255, 238, 225, 116, 273, 209, 231, 128, 274, 275, 133, 270, 182, 179, 261, 139, 261, 137, 214, 180], [156, 267, 152, 289, 288, 235, 292, 100, 195, 168, 100, 195, 167, 160, 154, 103, 185, 298, 218, 112, 113, 140, 271, 146, 256, 227, 128, 116, 207, 259]], "number_unexpected_containers_at_facilities": [[38, 47, 96], [17, 62, 74], [43, 18, 60], [88, 96, 56]], "number_good_quality_containers_at_facilities": [[17, 40, 13], [74, 51, 80], [28, 21, 20], [2, 46, 24]], "containers_demand_for_clients": [[196, 163, 232, 185, 216, 185, 207, 160, 164, 162, 212, 177, 228, 220, 222, 235, 212, 236, 214, 179, 226, 188, 173, 184, 196, 192, 207, 190, 171, 205], [230, 188, 172, 215, 200, 162, 190, 198, 228, 206, 183, 220, 160, 166, 187, 209, 212, 193, 162, 198, 234, 212, 165, 170, 177, 165, 190, 177, 177, 190], [236, 228, 194, 205, 201, 184, 203, 236, 209, 216, 231, 238, 235, 215, 233, 243, 199, 216, 230, 188, 162, 164, 182, 203, 177, 176, 185, 179, 206, 236], [206, 211, 241, 245, 231, 221, 203, 221, 221, 207, 191, 198, 208, 259, 249, 216, 253, 218, 197, 220, 186, 241, 222, 233, 220, 249, 254, 261, 247, 237]], "transportation_capacity": 580, "probability_original_quality_level": [[7.0, 5.0, 13.0, 8.0, 1.0, 14.0, 18.0, 13.0, 7.0, 14.0, 0.0], [9.0, 2.0, 13.0, 11.0, 19.0, 1.0, 3.0, 6.0, 13.0, 18.0, 5.0], [9.0, 1.0, 0.0, 17.0, 15.0, 10.0, 11.0, 8.0, 12.0, 15.0, 2.0], [7.0, 7.0, 6.0, 12.0, 5.0, 17.0, 15.0, 8.0, 12.0, 8.0, 3.0]], "number_hours_required_for_inspection": [0.9907987124061937, 0.8918698202696348, 0.5769807237186185, 0.8319118542484664], "number_hours_available_for_inspection": [305, 305, 281], "expected_number_hours_required_for_repair": [2.228114214456551, 2.001366509645348, 2.2112462598255433, 2.076637382763569], "number_hours_available_for_repair": [782, 855, 771], "warehouse_capacity_of_facility": [764, 790, 824], "cost_of_inspection": [19.815974248123872, 17.837396405392695, 11.539614474372371, 16.638237084969326], "expected_cost_of_repair": [65.52123255994653, 58.89909040193592, 65.26207110648599, 60.91831531871906], "cost_of_transportation": [63, 147], "holding_cost": [2.510903092834287, 2.0448884778539345, 1.9155001702380288], "rejection_cost": [300.0, 300.0, 300.0, 300.0]}