{"container_types": 4, "number_of_facilities": 2, "container_quality_level": 9, "time_periods": 30, "number_containers_arriving_to_facility_zero": [[172, 236, 275, 150, 270, 275, 105, 190, 168, 277, 175, 167, 170, 279, 108, 211, 118, 176, 159, 135, 289, 256, 295, 295, 151, 101, 258, 280, 244, 140], [231, 118, 284, 102, 290, 151, 138, 231, 214, 162, 227, 190, 159, 246, 237, 226, 244, 134, 233, 117, 149, 174, 146, 115, 240, 118, 160, 132, 240, 292], [174, 114, 214, 213, 282, 219, 259, 181, 150, 151, 121, 165, 109, 210, 275, 228, 260, 195, 280, 281, 161, 118, 249, 265, 104, 215, 165, 289, 131, 137], [271, 154, 189, 203, 177, 216, 198, 169, 191, 114, 263, 270, 145, 214, 250, 155, 270, 122, 110, 249, 146, 270, 172, 135, 241, 202, 234, 258, 188, 156]], "number_unexpected_containers_at_facilities": [[63, 29, 28], [23, 76, 75], [52, 81, 67], [58, 82, 53]], "number_good_quality_containers_at_facilities": [[80, 55, 25], [65, 88, 23], [86, 73, 26], [29, 9, 16]], "containers_demand_for_clients": [[228, 209, 186, 171, 192, 213, 186, 232, 176, 193, 185, 193, 175, 238, 242, 229, 232, 240, 217, 193, 201, 193, 198, 224, 191, 208, 176, 169, 222, 229], [178, 201, 235, 241, 194, 220, 191, 211, 254, 244, 224, 241, 205, 225, 195, 237, 209, 246, 251, 251, 247, 209, 180, 194, 216, 233, 171, 211, 205, 216], [237, 212, 165, 229, 202, 195, 170, 182, 218, 227, 208, 197, 161, 171, 178, 220, 205, 195, 182, 200, 174, 181, 169, 191, 185, 215, 179, 194, 208, 228], [185, 251, 174, 218, 242, 226, 221, 187, 171, 243, 171, 224, 171, 182, 191, 240, 168, 220, 239, 169, 238, 172, 187, 179, 235, 191, 228, 227, 245, 183]], "transportation_capacity": 463, "probability_original_quality_level": [[9.0, 3.0, 10.0, 2.0, 2.0, 20.0, 20.0, 16.0, 8.0, 5.0, 5.0], [9.0, 13.0, 1.0, 6.0, 6.0, 13.0, 14.0, 7.0, 14.0, 17.0, 0.0], [5.0, 8.0, 8.0, 0.0, 15.0, 0.0, 15.0, 4.0, 19.0, 21.0, 5.0], [6.0, 0.0, 7.0, 8.0, 15.0, 17.0, 0.0, 20.0, 11.0, 15.0, 1.0]], "number_hours_required_for_inspection": [0.7431298707630444, 0.9418732030405533, 0.4411980532117312, 0.9392364376629313], "number_hours_available_for_inspection": [278, 363, 324], "expected_number_hours_required_for_repair": [2.057117055368337, 2.2894522141231564, 2.240763812365915, 2.34332512554648], "number_hours_available_for_repair": [859, 826, 777], "warehouse_capacity_of_facility": [874, 894, 833], "cost_of_inspection": [14.862597415260888, 18.837464060811065, 8.823961064234624, 18.784728753258626], "expected_cost_of_repair": [60.56617904729869, 66.95683478106186, 66.68745181288784, 69.63547663144462], "cost_of_transportation": [157, 80], "holding_cost": [2.064125650368086, 1.5745237524093276, 1.1533430628835388], "rejection_cost": [300.0, 300.0, 300.0, 300.0]}