{"container_types": 4, "number_of_facilities": 2, "container_quality_level": 9, "time_periods": 30, "number_containers_arriving_to_facility_zero": [[117, 180, 196, 169, 186, 181, 144, 114, 275, 167, 287, 198, 281, 191, 171, 245, 151, 160, 231, 282, 264, 163, 139, 158, 155, 288, 167, 241, 268, 221], [107, 109, 157, 235, 193, 295, 158, 251, 244, 131, 151, 259, 245, 212, 117, 256, 124, 272, 158, 128, 268, 123, 208, 177, 114, 105, 201, 263, 155, 282], [284, 243, 197, 129, 221, 125, 102, 146, 115, 178, 198, 248, 137, 215, 216, 277, 154, 295, 201, 132, 156, 163, 272, 109, 282, 141, 172, 264, 119, 112], [164, 208, 161, 111, 208, 175, 116, 132, 270, 155, 164, 283, 100, 147, 123, 127, 262, 225, 186, 220, 171, 289, 141, 190, 175, 285, 120, 103, 121, 133]], "number_unexpected_containers_at_facilities": [[37, 51, 39], [60, 4, 72], [97, 63, 47], [53, 85, 32]], "number_good_quality_containers_at_facilities": [[67, 50, 15], [86, 16, 98], [81, 44, 60], [8, 58, 73]], "containers_demand_for_clients": [[199, 160, 184, 206, 212, 219, 181, 170, 158, 160, 196, 204, 148, 172, 207, 220, 169, 213, 185, 174, 148, 204, 176, 179, 163, 212, 167, 212, 216, 217], [211, 206, 202, 182, 178, 215, 206, 179, 204, 205, 248, 191, 172, 228, 183, 193, 208, 220, 203, 225, 192, 178, 176, 201, 225, 237, 216, 191, 194, 199], [225, 171, 200, 214, 206, 206, 168, 203, 200, 230, 211, 216, 209, 183, 229, 206, 216, 196, 172, 176, 239, 173, 210, 228, 164, 232, 170, 215, 192, 194], [172, 188, 198, 168, 201, 221, 178, 181, 235, 186, 191, 231, 230, 191, 234, 178, 216, 197, 192, 229, 181, 205, 177, 195, 192, 201, 235, 173, 220, 225]], "transportation_capacity": 435, "probability_original_quality_level": [[7.0, 11.0, 13.0, 11.0, 0.0, 18.0, 3.0, 11.0, 15.0, 6.0, 5.0], [6.0, 14.0, 10.0, 1.0, 12.0, 7.0, 3.0, 17.0, 13.0, 16.0, 1.0], [6.0, 5.0, 0.0, 8.0, 18.0, 13.0, 15.0, 8.0, 2.0, 20.0, 5.0], [8.0, 16.0, 14.0, 9.0, 11.0, 15.0, 3.0, 1.0, 8.0, 13.0, 2.0]], "number_hours_required_for_inspection": [0.8884807554997702, 0.854735875655362, 0.5898950907733621, 0.533466846379316], "number_hours_available_for_inspection": [328, 244, 299], "expected_number_hours_required_for_repair": [1.9296173407473816, 2.162873332685069, 2.1908095530749727, 1.8071802832205932], "number_hours_available_for_repair": [685, 650, 779], "warehouse_capacity_of_facility": [718, 833, 856], "cost_of_inspection": [17.769615109995406, 17.09471751310724, 11.797901815467242, 10.669336927586318], "expected_cost_of_repair": [57.14653168657249, 63.69366548700169, 64.6217860652868, 53.21985427532844], "cost_of_transportation": [140, 73], "holding_cost": [2.548501746447583, 2.213348690297021, 1.1603978931838217], "rejection_cost": [300.0, 300.0, 300.0, 300.0]}