{"container_types": 4, "number_of_facilities": 2, "container_quality_level": 9, "time_periods": 30, "number_containers_arriving_to_facility_zero": [[203, 181, 285, 287, 106, 104, 156, 115, 110, 179, 225, 172, 260, 260, 250, 243, 225, 231, 288, 208, 152, 299, 225, 284, 139, 259, 195, 232, 136, 247], [172, 113, 224, 145, 186, 233, 106, 137, 160, 228, 257, 213, 224, 123, 294, 191, 111, 107, 103, 221, 208, 278, 169, 199, 185, 196, 262, 200, 237, 216], [245, 117, 245, 211, 222, 197, 143, 157, 165, 257, 178, 298, 246, 143, 112, 130, 210, 214, 149, 114, 264, 203, 277, 233, 195, 245, 191, 172, 182, 108], [113, 219, 169, 268, 248, 160, 248, 187, 147, 296, 160, 122, 138, 111, 129, 294, 167, 123, 232, 231, 289, 225, 232, 242, 103, 208, 112, 294, 217, 113]], "number_unexpected_containers_at_facilities": [[86, 58, 90], [38, 43, 22], [56, 98, 76], [51, 16, 20]], "number_good_quality_containers_at_facilities": [[31, 62, 82], [4, 81, 44], [86, 11, 60], [25, 97, 40]], "containers_demand_for_clients": [[171, 239, 185, 176, 231, 216, 194, 225, 211, 174, 229, 187, 217, 208, 237, 218, 236, 202, 182, 208, 205, 191, 235, 221, 174, 183, 221, 198, 162, 185], [185, 203, 216, 181, 201, 248, 236, 258, 227, 199, 259, 184, 259, 191, 203, 199, 241, 238, 249, 241, 187, 264, 211, 186, 261, 195, 237, 253, 177, 235], [201, 162, 186, 205, 212, 235, 167, 169, 158, 177, 183, 232, 166, 227, 184, 169, 222, 215, 189, 179, 200, 164, 170, 229, 199, 164, 196, 172, 162, 233], [230, 194, 165, 242, 191, 223, 190, 224, 204, 238, 193, 236, 201, 225, 222, 171, 176, 197, 167, 182, 186, 206, 189, 214, 215, 229, 215, 195, 212, 227]], "transportation_capacity": 454, "probability_original_quality_level": [[9.0, 3.0, 12.0, 10.0, 18.0, 15.0, 10.0, 2.0, 8.0, 13.0, 0.0], [6.0, 21.0, 0.0, 2.0, 4.0, 2.0, 16.0, 8.0, 26.0, 15.0, 0.0], [8.0, 12.0, 9.0, 6.0, 3.0, 4.0, 11.0, 3.0, 19.0, 21.0, 4.0], [9.0, 12.0, 10.0, 16.0, 14.0, 3.0, 19.0, 11.0, 0.0, 4.0, 2.0]], "number_hours_required_for_inspection": [0.6909549373745149, 0.9050398973580934, 0.7633891839291833, 0.4412619392353146], "number_hours_available_for_inspection": [327, 328, 300], "expected_number_hours_required_for_repair": [2.0236294788397, 2.27699675426381, 2.177460842469223, 1.7303897222116953], "number_hours_available_for_repair": [577, 607, 824], "warehouse_capacity_of_facility": [850, 805, 808], "cost_of_inspection": [13.819098747490298, 18.10079794716187, 15.267783678583665, 8.825238784706292], "expected_cost_of_repair": [59.0130443849171, 67.16443930787493, 63.80700956123128, 50.15289303032893], "cost_of_transportation": [115, 159], "holding_cost": [2.7074487286531954, 2.0989028240878693, 1.4300046615873152], "rejection_cost": [300.0, 300.0, 300.0, 300.0]}