{"container_types": 4, "number_of_facilities": 2, "container_quality_level": 9, "time_periods": 30, "number_containers_arriving_to_facility_zero": [[212, 167, 207, 243, 161, 156, 127, 145, 121, 229, 242, 132, 183, 116, 260, 260, 292, 125, 283, 144, 188, 271, 245, 225, 126, 124, 148, 162, 230, 249], [222, 120, 100, 163, 133, 244, 220, 220, 124, 127, 146, 165, 238, 248, 168, 179, 102, 122, 211, 195, 109, 208, 237, 243, 238, 230, 248, 110, 211, 118], [246, 187, 263, 144, 254, 196, 239, 259, 293, 138, 255, 219, 205, 212, 224, 107, 222, 273, 123, 115, 236, 255, 112, 105, 106, 283, 166, 248, 144, 127], [211, 249, 286, 123, 264, 181, 235, 138, 258, 111, 173, 174, 216, 284, 271, 239, 226, 116, 286, 297, 229, 134, 244, 243, 248, 243, 175, 294, 164, 221]], "number_unexpected_containers_at_facilities": [[61, 92, 33], [42, 79, 51], [90, 16, 80], [99, 59, 48]], "number_good_quality_containers_at_facilities": [[85, 79, 98], [78, 97, 19], [34, 98, 25], [44, 33, 77]], "containers_demand_for_clients": [[191, 230, 252, 243, 274, 265, 274, 273, 218, 247, 240, 258, 249, 193, 249, 253, 220, 252, 270, 193, 265, 232, 250, 215, 257, 255, 252, 188, 234, 248], [170, 191, 188, 174, 231, 166, 246, 243, 169, 213, 219, 223, 244, 189, 172, 187, 191, 218, 213, 201, 171, 222, 221, 239, 247, 192, 221, 210, 240, 217], [162, 161, 219, 215, 179, 216, 225, 188, 189, 229, 175, 225, 227, 208, 176, 154, 184, 190, 212, 186, 189, 163, 183, 163, 205, 155, 218, 219, 207, 173], [215, 239, 206, 189, 194, 208, 187, 249, 222, 215, 250, 238, 183, 171, 171, 203, 235, 240, 219, 175, 227, 246, 194, 215, 245, 234, 218, 175, 228, 216]], "transportation_capacity": 616, "probability_original_quality_level": [[7.0, 1.0, 15.0, 15.0, 0.0, 15.0, 16.0, 19.0, 7.0, 5.0, 0.0], [5.0, 7.0, 18.0, 13.0, 20.0, 4.0, 9.0, 8.0, 2.0, 11.0, 3.0], [6.0, 1.0, 7.0, 13.0, 17.0, 15.0, 9.0, 15.0, 0.0, 14.0, 3.0], [6.0, 19.0, 12.0, 18.0, 8.0, 0.0, 13.0, 7.0, 7.0, 8.0, 2.0]], "number_hours_required_for_inspection": [0.8295964736849191, 0.6426899438582976, 0.8887412922655382, 0.7583820442364758], "number_hours_available_for_inspection": [309, 307, 327], "expected_number_hours_required_for_repair": [2.0959792329389493, 1.8123446733194628, 2.1545238926759964, 1.7511527771489295], "number_hours_available_for_repair": [555, 622, 665], "warehouse_capacity_of_facility": [859, 807, 785], "cost_of_inspection": [16.591929473698382, 12.853798877165952, 17.774825845310765, 15.167640884729517], "expected_cost_of_repair": [61.984312601329854, 53.817051257301884, 63.535980590078964, 51.38198852427442], "cost_of_transportation": [159, 162], "holding_cost": [2.8014928105277535, 2.1098231147236333, 1.9704511836402068], "rejection_cost": [300.0, 300.0, 300.0, 300.0]}