{"container_types": 4, "number_of_facilities": 2, "container_quality_level": 9, "time_periods": 30, "number_containers_arriving_to_facility_zero": [[139, 283, 203, 193, 131, 126, 104, 163, 295, 269, 296, 147, 137, 158, 123, 255, 243, 191, 253, 128, 216, 266, 225, 198, 154, 178, 293, 110, 196, 242], [284, 162, 195, 238, 263, 219, 114, 163, 153, 195, 293, 104, 173, 213, 134, 114, 196, 299, 278, 229, 237, 214, 243, 175, 235, 276, 250, 106, 165, 102], [207, 233, 142, 159, 162, 269, 139, 117, 193, 144, 269, 165, 282, 295, 269, 119, 299, 122, 219, 273, 117, 141, 295, 282, 177, 113, 284, 139, 200, 224], [190, 290, 272, 218, 204, 187, 245, 138, 197, 251, 177, 221, 284, 274, 282, 256, 181, 229, 101, 268, 267, 101, 278, 145, 272, 124, 229, 257, 209, 183]], "number_unexpected_containers_at_facilities": [[47, 47, 56], [50, 61, 30], [38, 58, 2], [4, 62, 62]], "number_good_quality_containers_at_facilities": [[37, 58, 16], [32, 38, 27], [14, 37, 58], [43, 49, 73]], "containers_demand_for_clients": [[249, 227, 219, 237, 207, 256, 247, 256, 215, 205, 252, 224, 213, 230, 232, 250, 271, 209, 225, 224, 213, 245, 212, 221, 225, 240, 197, 264, 214, 231], [233, 237, 190, 237, 222, 217, 219, 207, 222, 221, 170, 199, 215, 186, 242, 174, 191, 205, 238, 164, 190, 201, 236, 196, 196, 207, 164, 167, 194, 245], [243, 178, 196, 183, 217, 187, 175, 200, 236, 169, 173, 184, 179, 198, 178, 180, 175, 209, 240, 179, 238, 197, 198, 204, 232, 195, 200, 189, 170, 237], [168, 168, 191, 247, 170, 239, 249, 168, 175, 175, 237, 173, 174, 241, 226, 184, 170, 202, 215, 223, 174, 185, 202, 223, 231, 167, 176, 176, 192, 237]], "transportation_capacity": 648, "probability_original_quality_level": [[6.0, 21.0, 1.0, 14.0, 8.0, 5.0, 2.0, 22.0, 12.0, 5.0, 4.0], [10.0, 4.0, 2.0, 3.0, 1.0, 15.0, 13.0, 1.0, 19.0, 29.0, 3.0], [6.0, 9.0, 12.0, 3.0, 10.0, 23.0, 3.0, 7.0, 19.0, 7.0, 1.0], [8.0, 16.0, 17.0, 10.0, 6.0, 17.0, 2.0, 0.0, 16.0, 7.0, 1.0]], "number_hours_required_for_inspection": [0.4963161664187722, 0.9908252432070855, 0.829244485370813, 0.38800765721803043], "number_hours_available_for_inspection": [316, 295, 311], "expected_number_hours_required_for_repair": [1.955174562350155, 2.432111182688225, 2.070208918026046, 1.8666546705013736], "number_hours_available_for_repair": [866, 672, 674], "warehouse_capacity_of_facility": [838, 821, 920], "cost_of_inspection": [9.926323328375444, 19.81650486414171, 16.58488970741626, 7.760153144360609], "expected_cost_of_repair": [57.58449124517714, 71.08581972331484, 61.14970579517692, 54.411126717830065], "cost_of_transportation": [66, 151], "holding_cost": [2.773959978753649, 2.127127871932378, 1.5579325049642765], "rejection_cost": [300.0, 300.0, 300.0, 300.0]}