{"container_types": 4, "number_of_facilities": 2, "container_quality_level": 9, "time_periods": 30, "number_containers_arriving_to_facility_zero": [[259, 249, 274, 245, 138, 193, 158, 204, 286, 253, 289, 180, 134, 271, 286, 158, 219, 160, 222, 230, 110, 223, 219, 199, 195, 118, 172, 255, 216, 247], [218, 178, 110, 104, 256, 166, 254, 228, 258, 210, 131, 101, 185, 112, 209, 249, 200, 185, 108, 229, 164, 259, 290, 159, 120, 275, 164, 142, 266, 205], [244, 278, 289, 182, 113, 200, 276, 246, 193, 113, 103, 259, 233, 176, 280, 141, 264, 257, 102, 187, 108, 198, 183, 207, 198, 283, 288, 281, 285, 229], [161, 167, 290, 195, 176, 134, 236, 116, 118, 184, 240, 232, 166, 143, 117, 114, 222, 268, 290, 119, 275, 227, 258, 257, 158, 219, 234, 134, 275, 119]], "number_unexpected_containers_at_facilities": [[55, 8, 75], [30, 57, 59], [7, 38, 78], [23, 99, 60]], "number_good_quality_containers_at_facilities": [[88, 52, 21], [84, 99, 86], [38, 73, 58], [96, 63, 98]], "containers_demand_for_clients": [[229, 178, 184, 208, 233, 222, 249, 194, 244, 197, 202, 214, 208, 211, 245, 224, 214, 197, 179, 184, 181, 221, 240, 232, 200, 178, 231, 239, 186, 176], [221, 185, 243, 230, 242, 179, 245, 202, 185, 238, 236, 233, 256, 230, 245, 228, 242, 263, 206, 239, 196, 218, 224, 256, 241, 235, 225, 208, 235, 230], [230, 207, 185, 241, 206, 220, 229, 231, 233, 218, 167, 213, 220, 232, 194, 193, 174, 179, 204, 228, 240, 215, 198, 188, 219, 244, 168, 239, 189, 232], [183, 211, 218, 219, 263, 179, 208, 262, 184, 228, 224, 222, 216, 209, 199, 180, 220, 253, 185, 193, 238, 215, 233, 265, 235, 243, 251, 258, 198, 226]], "transportation_capacity": 626, "probability_original_quality_level": [[7.0, 23.0, 5.0, 7.0, 16.0, 12.0, 1.0, 12.0, 8.0, 6.0, 3.0], [6.0, 2.0, 6.0, 21.0, 13.0, 1.0, 11.0, 5.0, 13.0, 17.0, 5.0], [7.0, 0.0, 18.0, 20.0, 6.0, 17.0, 2.0, 4.0, 9.0, 17.0, 0.0], [5.0, 12.0, 14.0, 15.0, 12.0, 2.0, 9.0, 5.0, 16.0, 8.0, 2.0]], "number_hours_required_for_inspection": [0.9402782509002782, 0.9407461927703423, 0.5759967029214201, 0.36547725762250904], "number_hours_available_for_inspection": [290, 249, 279], "expected_number_hours_required_for_repair": [1.7810262154330774, 2.1030033376207125, 2.095544765059845, 1.8936971982028503], "number_hours_available_for_repair": [758, 784, 696], "warehouse_capacity_of_facility": [807, 844, 929], "cost_of_inspection": [18.805565018005563, 18.814923855406846, 11.519934058428403, 7.30954515245018], "expected_cost_of_repair": [52.545422482286604, 62.28442221146361, 61.773473138139835, 55.825937846118656], "cost_of_transportation": [90, 137], "holding_cost": [2.112317743566571, 1.8875007413675913, 1.5784251250388497], "rejection_cost": [300.0, 300.0, 300.0, 300.0]}