{"container_types": 4, "number_of_facilities": 2, "container_quality_level": 9, "time_periods": 30, "number_containers_arriving_to_facility_zero": [[154, 281, 277, 147, 269, 286, 268, 246, 218, 152, 180, 291, 143, 260, 264, 110, 204, 224, 249, 208, 204, 208, 108, 105, 235, 189, 261, 216, 140, 251], [104, 137, 153, 115, 149, 113, 225, 122, 270, 168, 263, 292, 230, 243, 298, 217, 184, 238, 134, 191, 115, 164, 275, 244, 192, 135, 161, 285, 113, 232], [227, 238, 187, 177, 204, 184, 119, 157, 173, 218, 275, 147, 230, 167, 293, 120, 184, 113, 174, 205, 289, 219, 233, 187, 294, 150, 275, 100, 257, 262], [158, 119, 208, 250, 298, 266, 225, 168, 107, 290, 122, 291, 184, 159, 264, 269, 152, 149, 116, 213, 107, 268, 146, 252, 226, 244, 226, 124, 165, 162]], "number_unexpected_containers_at_facilities": [[60, 63, 80], [60, 40, 45], [30, 13, 88], [22, 22, 50]], "number_good_quality_containers_at_facilities": [[96, 3, 75], [47, 52, 89], [83, 43, 4], [74, 56, 24]], "containers_demand_for_clients": [[182, 187, 179, 241, 232, 184, 212, 242, 183, 205, 241, 198, 241, 189, 193, 218, 204, 229, 167, 239, 201, 173, 177, 170, 210, 183, 224, 192, 205, 176], [208, 180, 250, 236, 227, 191, 268, 203, 204, 231, 246, 191, 212, 245, 245, 245, 235, 242, 251, 184, 227, 188, 222, 251, 261, 261, 185, 241, 234, 197], [209, 233, 220, 169, 213, 219, 219, 225, 179, 199, 211, 243, 228, 242, 228, 216, 235, 175, 210, 199, 194, 228, 238, 216, 224, 234, 170, 205, 223, 196], [231, 202, 215, 225, 169, 197, 236, 197, 207, 222, 190, 245, 224, 247, 243, 221, 204, 189, 182, 192, 234, 249, 212, 233, 201, 241, 218, 208, 202, 237]], "transportation_capacity": 514, "probability_original_quality_level": [[7.0, 13.0, 1.0, 16.0, 5.0, 16.0, 12.0, 5.0, 11.0, 12.0, 2.0], [6.0, 4.0, 14.0, 18.0, 11.0, 6.0, 16.0, 0.0, 14.0, 8.0, 3.0], [8.0, 16.0, 3.0, 14.0, 6.0, 6.0, 7.0, 16.0, 5.0, 17.0, 2.0], [9.0, 8.0, 12.0, 8.0, 3.0, 13.0, 10.0, 8.0, 16.0, 8.0, 5.0]], "number_hours_required_for_inspection": [0.4892606568207463, 0.626375931975789, 0.5660905793952412, 0.5776659252246811], "number_hours_available_for_inspection": [190, 214, 246], "expected_number_hours_required_for_repair": [2.100684684857039, 1.9806835280376902, 2.0465262858835533, 2.01616449042217], "number_hours_available_for_repair": [790, 780, 755], "warehouse_capacity_of_facility": [819, 919, 926], "cost_of_inspection": [9.785213136414926, 12.52751863951578, 11.321811587904824, 11.553318504493621], "expected_cost_of_repair": [61.90117746056155, 58.73119090066837, 59.91294676032532, 59.09419901600177], "cost_of_transportation": [116, 141], "holding_cost": [2.103622119886278, 2.4556573460932403, 1.6917755306177933], "rejection_cost": [300.0, 300.0, 300.0, 300.0]}