{"container_types": 4, "number_of_facilities": 2, "container_quality_level": 9, "time_periods": 30, "number_containers_arriving_to_facility_zero": [[237, 183, 181, 225, 226, 274, 215, 165, 263, 291, 212, 274, 210, 291, 177, 214, 274, 137, 158, 241, 171, 297, 188, 258, 242, 222, 235, 151, 103, 181], [262, 290, 225, 252, 213, 169, 125, 119, 105, 122, 104, 257, 163, 268, 107, 152, 265, 221, 180, 219, 140, 136, 287, 135, 284, 261, 114, 299, 130, 146], [111, 169, 163, 193, 181, 288, 196, 129, 184, 269, 190, 155, 105, 175, 299, 280, 275, 186, 248, 209, 181, 244, 291, 170, 107, 224, 144, 158, 262, 171], [170, 225, 260, 142, 106, 241, 205, 153, 118, 231, 290, 151, 104, 268, 293, 181, 154, 108, 241, 107, 167, 103, 122, 209, 177, 197, 252, 181, 250, 113]], "number_unexpected_containers_at_facilities": [[55, 70, 45], [22, 14, 58], [20, 11, 84], [34, 57, 45]], "number_good_quality_containers_at_facilities": [[93, 2, 75], [93, 17, 98], [68, 76, 39], [58, 2, 65]], "containers_demand_for_clients": [[156, 163, 180, 223, 170, 204, 171, 188, 209, 161, 225, 209, 205, 156, 220, 227, 182, 179, 204, 173, 198, 153, 215, 194, 168, 227, 158, 210, 164, 177], [182, 267, 230, 214, 198, 193, 271, 229, 242, 196, 209, 182, 221, 191, 254, 213, 263, 204, 206, 260, 242, 225, 187, 201, 258, 261, 232, 205, 235, 224], [202, 181, 219, 219, 200, 166, 165, 186, 162, 164, 181, 161, 205, 228, 196, 216, 235, 188, 224, 237, 165, 235, 240, 182, 176, 186, 187, 221, 176, 186], [231, 170, 245, 176, 170, 189, 181, 200, 239, 224, 226, 230, 182, 181, 210, 240, 166, 194, 232, 182, 185, 198, 249, 199, 231, 189, 210, 247, 184, 193]], "transportation_capacity": 509, "probability_original_quality_level": [[6.0, 3.0, 3.0, 19.0, 4.0, 10.0, 0.0, 17.0, 13.0, 22.0, 3.0], [6.0, 14.0, 13.0, 14.0, 0.0, 4.0, 16.0, 14.0, 8.0, 10.0, 1.0], [6.0, 10.0, 4.0, 4.0, 20.0, 10.0, 15.0, 5.0, 14.0, 10.0, 2.0], [7.0, 6.0, 1.0, 3.0, 12.0, 10.0, 12.0, 16.0, 8.0, 22.0, 3.0]], "number_hours_required_for_inspection": [0.9552708729013267, 0.45153590545213923, 0.5146641426120789, 0.6933321907122677], "number_hours_available_for_inspection": [308, 316, 323], "expected_number_hours_required_for_repair": [2.3316581936085754, 2.017335733972636, 2.1653869095438365, 2.3134275779302675], "number_hours_available_for_repair": [619, 894, 665], "warehouse_capacity_of_facility": [826, 816, 829], "cost_of_inspection": [19.105417458026533, 9.030718109042784, 10.293282852241578, 13.866643814245354], "expected_cost_of_repair": [68.95061695529563, 59.88740777712094, 64.09589561832338, 68.20804446362095], "cost_of_transportation": [78, 93], "holding_cost": [2.8387233937909224, 1.9780110721471598, 1.577355890435959], "rejection_cost": [300.0, 300.0, 300.0, 300.0]}