{"container_types": 4, "number_of_facilities": 2, "container_quality_level": 9, "time_periods": 30, "number_containers_arriving_to_facility_zero": [[245, 219, 143, 201, 165, 146, 175, 101, 174, 269, 206, 290, 214, 188, 111, 188, 172, 234, 164, 277, 200, 216, 123, 106, 259, 130, 241, 219, 159, 165], [259, 227, 205, 293, 137, 223, 231, 100, 185, 160, 266, 168, 219, 139, 198, 134, 108, 255, 121, 256, 181, 209, 133, 202, 202, 135, 237, 277, 199, 168], [179, 246, 213, 299, 299, 277, 221, 252, 139, 182, 144, 181, 242, 284, 288, 213, 166, 154, 150, 204, 146, 122, 123, 258, 177, 266, 264, 256, 118, 195], [246, 141, 145, 134, 233, 165, 173, 250, 284, 137, 227, 208, 126, 292, 263, 107, 242, 201, 258, 266, 293, 133, 209, 189, 121, 240, 173, 171, 218, 277]], "number_unexpected_containers_at_facilities": [[83, 7, 86], [1, 35, 86], [57, 30, 63], [74, 99, 42]], "number_good_quality_containers_at_facilities": [[32, 56, 40], [56, 64, 45], [39, 24, 20], [72, 72, 71]], "containers_demand_for_clients": [[197, 223, 222, 230, 203, 245, 179, 243, 223, 237, 189, 238, 198, 214, 230, 249, 228, 260, 215, 245, 234, 233, 224, 231, 226, 233, 228, 176, 189, 182], [176, 239, 211, 228, 169, 199, 182, 229, 166, 235, 191, 201, 226, 171, 215, 167, 179, 224, 201, 220, 184, 226, 172, 198, 193, 171, 171, 166, 199, 233], [182, 234, 239, 211, 202, 212, 220, 225, 235, 227, 164, 182, 176, 185, 221, 180, 178, 206, 192, 173, 231, 236, 168, 242, 184, 220, 218, 183, 203, 237], [251, 179, 202, 224, 259, 238, 204, 249, 208, 209, 199, 207, 256, 219, 246, 252, 196, 196, 251, 226, 196, 185, 185, 221, 253, 200, 185, 254, 216, 207]], "transportation_capacity": 548, "probability_original_quality_level": [[6.0, 5.0, 17.0, 15.0, 2.0, 2.0, 11.0, 18.0, 10.0, 10.0, 4.0], [7.0, 8.0, 7.0, 8.0, 4.0, 5.0, 15.0, 15.0, 11.0, 19.0, 1.0], [5.0, 16.0, 11.0, 4.0, 5.0, 9.0, 14.0, 5.0, 12.0, 18.0, 1.0], [9.0, 1.0, 6.0, 15.0, 4.0, 1.0, 15.0, 20.0, 23.0, 5.0, 1.0]], "number_hours_required_for_inspection": [0.8907448370913594, 0.81256460547472, 0.3482976460519345, 0.6484248603979856], "number_hours_available_for_inspection": [276, 326, 278], "expected_number_hours_required_for_repair": [2.02060232102915, 2.3151027500877777, 2.2006451880750033, 2.3391302370181664], "number_hours_available_for_repair": [782, 773, 754], "warehouse_capacity_of_facility": [827, 898, 881], "cost_of_inspection": [17.814896741827187, 16.2512921094944, 6.9659529210386895, 12.968497207959713], "expected_cost_of_repair": [59.72014205721558, 68.16629795065913, 65.12038246999971, 68.37413884343506], "cost_of_transportation": [100, 128], "holding_cost": [2.6846048777207687, 1.6419896004240884, 1.2843892984208267], "rejection_cost": [300.0, 300.0, 300.0, 300.0]}