{"container_types": 4, "number_of_facilities": 2, "container_quality_level": 9, "time_periods": 30, "number_containers_arriving_to_facility_zero": [[202, 109, 122, 290, 204, 181, 284, 215, 132, 127, 252, 225, 165, 296, 194, 193, 158, 143, 127, 210, 112, 149, 122, 281, 262, 158, 164, 134, 265, 181], [201, 160, 171, 129, 171, 243, 291, 242, 238, 259, 222, 242, 144, 217, 236, 260, 108, 193, 182, 233, 211, 260, 127, 298, 211, 238, 280, 162, 169, 195], [175, 115, 206, 158, 114, 224, 191, 241, 262, 136, 179, 101, 240, 123, 269, 148, 187, 269, 222, 137, 298, 285, 152, 186, 170, 224, 212, 235, 175, 196], [230, 298, 204, 292, 214, 116, 235, 246, 199, 213, 221, 237, 141, 208, 166, 165, 138, 266, 223, 239, 195, 192, 235, 212, 190, 137, 203, 126, 299, 245]], "number_unexpected_containers_at_facilities": [[62, 15, 22], [76, 91, 36], [11, 38, 64], [75, 88, 26]], "number_good_quality_containers_at_facilities": [[5, 16, 33], [62, 93, 41], [56, 54, 70], [68, 35, 86]], "containers_demand_for_clients": [[238, 210, 252, 253, 212, 257, 224, 225, 237, 252, 260, 247, 199, 186, 253, 240, 222, 192, 259, 224, 247, 201, 238, 255, 187, 234, 257, 213, 183, 259], [229, 219, 171, 196, 172, 217, 187, 189, 216, 212, 173, 172, 214, 175, 188, 230, 202, 186, 187, 215, 155, 191, 175, 198, 200, 177, 159, 194, 214, 214], [221, 222, 194, 222, 191, 200, 228, 196, 206, 265, 180, 220, 179, 228, 186, 181, 254, 219, 254, 208, 260, 260, 252, 242, 241, 207, 227, 179, 245, 210], [217, 163, 209, 172, 235, 185, 209, 222, 196, 241, 180, 205, 214, 196, 228, 212, 209, 197, 215, 211, 170, 172, 179, 228, 212, 174, 215, 185, 165, 210]], "transportation_capacity": 657, "probability_original_quality_level": [[5.0, 13.0, 13.0, 11.0, 8.0, 10.0, 3.0, 14.0, 7.0, 12.0, 4.0], [8.0, 15.0, 8.0, 6.0, 3.0, 5.0, 4.0, 13.0, 17.0, 18.0, 3.0], [10.0, 10.0, 14.0, 15.0, 13.0, 0.0, 6.0, 13.0, 7.0, 10.0, 2.0], [6.0, 13.0, 16.0, 8.0, 5.0, 3.0, 6.0, 11.0, 15.0, 15.0, 2.0]], "number_hours_required_for_inspection": [0.9034645449758649, 0.6881637231568833, 0.4746846504137738, 0.5945666734056169], "number_hours_available_for_inspection": [238, 283, 274], "expected_number_hours_required_for_repair": [1.9142412855047806, 2.14993660570058, 1.8363030057575527, 2.035524281567986], "number_hours_available_for_repair": [753, 561, 644], "warehouse_capacity_of_facility": [824, 905, 911], "cost_of_inspection": [18.0692908995173, 13.763274463137666, 9.493693008275475, 11.891333468112338], "expected_cost_of_repair": [56.83395551609661, 63.06177875381101, 53.76248983781793, 60.42410496592509], "cost_of_transportation": [142, 71], "holding_cost": [2.5659989120391904, 2.155548622604091, 1.8977842393477748], "rejection_cost": [300.0, 300.0, 300.0, 300.0]}