{"container_types": 4, "number_of_facilities": 2, "container_quality_level": 9, "time_periods": 7, "number_containers_arriving_to_facility_zero": [[134, 297, 180, 104, 191, 193, 271], [130, 270, 120, 227, 169, 131, 125], [272, 211, 275, 192, 208, 157, 266], [215, 146, 220, 150, 114, 234, 205]], "number_unexpected_containers_at_facilities": [[18, 65, 51], [31, 66, 9], [34, 86, 54], [70, 49, 10]], "number_good_quality_containers_at_facilities": [[21, 57, 47], [74, 85, 87], [41, 73, 22], [69, 70, 39]], "containers_demand_for_clients": [[265, 204, 270, 266, 185, 210, 185], [254, 227, 250, 261, 277, 271, 250], [260, 230, 221, 204, 216, 254, 258], [272, 218, 261, 293, 283, 249, 243]], "transportation_capacity": 536, "probability_original_quality_level": [[10.0, 11.0, 3.0, 6.0, 10.0, 8.0, 10.0, 13.0, 11.0, 16.0, 2.0], [7.0, 1.0, 11.0, 12.0, 5.0, 15.0, 16.0, 2.0, 21.0, 9.0, 1.0], [7.0, 4.0, 8.0, 16.0, 10.0, 13.0, 4.0, 13.0, 14.0, 11.0, 0.0], [6.0, 14.0, 4.0, 9.0, 7.0, 4.0, 17.0, 14.0, 8.0, 17.0, 0.0]], "number_hours_required_for_inspection": [0.534434677916772, 0.8888365833677768, 0.970983917469599, 0.8244657217828539], "number_hours_available_for_inspection": [402, 336, 349], "expected_number_hours_required_for_repair": [2.1555018063180706, 2.1612086641461494, 2.158843686717071, 2.1878138148280173], "number_hours_available_for_repair": [904, 909, 878], "warehouse_capacity_of_facility": [988, 917, 987], "cost_of_inspection": [10.68869355833544, 17.776731667355538, 19.41967834939198, 16.48931443565708], "expected_cost_of_repair": [63.39574454435882, 64.10936279476978, 63.404386378306924, 64.48252513276209], "cost_of_transportation": [63, 126], "holding_cost": [2.0288311987513272, 1.645364978388364, 1.9692439529609513], "rejection_cost": [613793.0, 613793.0, 613793.0, 613793.0]}