{"container_types": 4, "number_of_facilities": 2, "container_quality_level": 9, "time_periods": 7, "number_containers_arriving_to_facility_zero": [[226, 236, 194, 278, 229, 256, 291], [141, 253, 120, 282, 231, 198, 110], [187, 134, 100, 207, 258, 207, 220], [261, 164, 206, 291, 285, 107, 228]], "number_unexpected_containers_at_facilities": [[65, 92, 68], [25, 66, 84], [82, 10, 7], [73, 97, 6]], "number_good_quality_containers_at_facilities": [[80, 26, 76], [12, 67, 97], [49, 12, 75], [2, 42, 88]], "containers_demand_for_clients": [[293, 232, 286, 223, 278, 305, 316], [264, 247, 330, 254, 324, 318, 292], [215, 284, 261, 263, 277, 215, 283], [205, 214, 207, 216, 241, 261, 206]], "transportation_capacity": 669, "probability_original_quality_level": [[10.0, 12.0, 6.0, 5.0, 2.0, 4.0, 11.0, 13.0, 13.0, 19.0, 5.0], [8.0, 15.0, 13.0, 3.0, 15.0, 14.0, 4.0, 8.0, 1.0, 17.0, 2.0], [6.0, 7.0, 17.0, 9.0, 11.0, 8.0, 8.0, 0.0, 13.0, 20.0, 1.0], [7.0, 15.0, 13.0, 2.0, 17.0, 12.0, 17.0, 0.0, 8.0, 9.0, 0.0]], "number_hours_required_for_inspection": [0.6406368591630553, 0.6705554164324828, 0.49778945828131993, 0.6328138392581165], "number_hours_available_for_inspection": [274, 259, 258], "expected_number_hours_required_for_repair": [2.108847597376151, 1.902360428286562, 2.149477684269624, 1.9460798231282126], "number_hours_available_for_repair": [893, 972, 745], "warehouse_capacity_of_facility": [973, 939, 1093], "cost_of_inspection": [12.812737183261106, 13.411108328649657, 9.955789165626399, 12.65627678516233], "expected_cost_of_repair": [62.22124567202578, 55.6812087371754, 63.67426705248983, 57.09106453944434], "cost_of_transportation": [142, 141], "holding_cost": [2.9847857131153304, 2.3763837324948303, 1.7846362223540766], "rejection_cost": [837603.0, 837603.0, 837603.0, 837603.0]}