{"container_types": 4, "number_of_facilities": 2, "container_quality_level": 9, "time_periods": 7, "number_containers_arriving_to_facility_zero": [[139, 126, 204, 249, 112, 215, 163], [140, 107, 132, 259, 263, 207, 103], [250, 298, 115, 161, 278, 281, 151], [182, 214, 177, 281, 171, 237, 116]], "number_unexpected_containers_at_facilities": [[80, 7, 94], [68, 42, 38], [81, 56, 9], [71, 81, 89]], "number_good_quality_containers_at_facilities": [[4, 33, 37], [95, 54, 17], [6, 25, 70], [45, 92, 89]], "containers_demand_for_clients": [[212, 218, 262, 269, 255, 242, 261], [200, 179, 171, 207, 221, 240, 233], [184, 192, 217, 259, 199, 199, 200], [252, 237, 271, 270, 304, 231, 296]], "transportation_capacity": 531, "probability_original_quality_level": [[10.0, 0.0, 2.0, 18.0, 5.0, 8.0, 22.0, 7.0, 5.0, 20.0, 3.0], [10.0, 6.0, 14.0, 15.0, 10.0, 8.0, 15.0, 3.0, 4.0, 10.0, 5.0], [5.0, 1.0, 22.0, 11.0, 6.0, 17.0, 3.0, 2.0, 18.0, 11.0, 4.0], [8.0, 4.0, 3.0, 5.0, 13.0, 13.0, 15.0, 16.0, 6.0, 16.0, 1.0]], "number_hours_required_for_inspection": [0.8055874096745335, 0.7826877243720188, 0.5449891826751063, 0.519823247436947], "number_hours_available_for_inspection": [317, 317, 246], "expected_number_hours_required_for_repair": [2.2185740666633866, 1.7850882590451043, 2.01848533606332, 2.236841813861865], "number_hours_available_for_repair": [834, 682, 740], "warehouse_capacity_of_facility": [929, 850, 887], "cost_of_inspection": [16.11174819349067, 15.653754487440377, 10.899783653502126, 10.39646494873894], "expected_cost_of_repair": [64.94784195437235, 52.19362196683282, 60.00832902159628, 65.59779752777469], "cost_of_transportation": [65, 131], "holding_cost": [2.762865183303334, 1.7675410278446346, 1.050993188437917], "rejection_cost": [613907.0, 613907.0, 613907.0, 613907.0]}