{"container_types": 4, "number_of_facilities": 2, "container_quality_level": 9, "time_periods": 7, "number_containers_arriving_to_facility_zero": [[208, 123, 122, 227, 235, 209, 149], [196, 241, 150, 276, 103, 142, 268], [209, 228, 224, 283, 254, 125, 197], [249, 231, 293, 150, 244, 248, 159]], "number_unexpected_containers_at_facilities": [[71, 4, 91], [93, 83, 75], [8, 87, 6], [70, 23, 99]], "number_good_quality_containers_at_facilities": [[85, 57, 79], [50, 6, 30], [25, 37, 47], [5, 76, 57]], "containers_demand_for_clients": [[317, 272, 254, 231, 250, 219, 288], [284, 204, 250, 265, 197, 235, 230], [276, 215, 264, 201, 267, 274, 261], [262, 287, 223, 228, 266, 200, 197]], "transportation_capacity": 554, "probability_original_quality_level": [[8.0, 7.0, 1.0, 0.0, 3.0, 16.0, 17.0, 10.0, 12.0, 24.0, 2.0], [6.0, 10.0, 0.0, 20.0, 25.0, 5.0, 3.0, 4.0, 18.0, 5.0, 4.0], [7.0, 6.0, 4.0, 13.0, 13.0, 18.0, 2.0, 9.0, 8.0, 18.0, 2.0], [9.0, 12.0, 4.0, 4.0, 19.0, 12.0, 10.0, 8.0, 16.0, 5.0, 1.0]], "number_hours_required_for_inspection": [0.8397124249428544, 0.4104792227834751, 0.7622004179046712, 0.3350213979659718], "number_hours_available_for_inspection": [268, 253, 335], "expected_number_hours_required_for_repair": [2.4590752851815876, 1.9713926024440827, 2.1238201068710953, 2.001466526559068], "number_hours_available_for_repair": [727, 853, 1027], "warehouse_capacity_of_facility": [1082, 945, 1059], "cost_of_inspection": [16.794248498857087, 8.209584455669502, 15.244008358093424, 6.700427959319436], "expected_cost_of_repair": [72.43908997443307, 58.38340577233888, 62.761637161681705, 58.83123094652617], "cost_of_transportation": [62, 119], "holding_cost": [2.9852407376764853, 2.391090008545932, 1.0975607333822457], "rejection_cost": [625413.0, 625413.0, 625413.0, 625413.0]}