{"container_types": 4, "number_of_facilities": 2, "container_quality_level": 9, "time_periods": 7, "number_containers_arriving_to_facility_zero": [[157, 205, 261, 284, 108, 248, 166], [159, 251, 128, 162, 102, 154, 150], [241, 242, 115, 147, 146, 256, 100], [167, 187, 143, 229, 235, 104, 261]], "number_unexpected_containers_at_facilities": [[21, 27, 18], [57, 79, 74], [72, 62, 0], [96, 53, 92]], "number_good_quality_containers_at_facilities": [[13, 82, 5], [31, 68, 92], [18, 15, 51], [95, 40, 83]], "containers_demand_for_clients": [[263, 275, 242, 208, 228, 275, 209], [196, 220, 190, 246, 265, 194, 219], [244, 233, 214, 185, 178, 212, 254], [213, 242, 167, 227, 237, 197, 213]], "transportation_capacity": 671, "probability_original_quality_level": [[5.0, 19.0, 8.0, 16.0, 13.0, 11.0, 10.0, 9.0, 0.0, 5.0, 4.0], [7.0, 6.0, 0.0, 14.0, 20.0, 18.0, 0.0, 5.0, 19.0, 6.0, 5.0], [9.0, 6.0, 8.0, 12.0, 13.0, 13.0, 2.0, 7.0, 11.0, 16.0, 3.0], [6.0, 13.0, 17.0, 16.0, 3.0, 1.0, 11.0, 12.0, 10.0, 7.0, 4.0]], "number_hours_required_for_inspection": [0.8525442651440536, 0.49526305016895156, 0.44624625479996943, 0.897475419790531], "number_hours_available_for_inspection": [297, 338, 271], "expected_number_hours_required_for_repair": [1.6436226719190157, 2.003211919687888, 2.007212995802769, 1.870186029175475], "number_hours_available_for_repair": [796, 564, 780], "warehouse_capacity_of_facility": [971, 869, 819], "cost_of_inspection": [17.05088530288107, 9.905261003379032, 8.924925095999388, 17.94950839581062], "expected_cost_of_repair": [48.32916557864887, 59.11237946235639, 58.80594580999459, 55.23187920635993], "cost_of_transportation": [157, 169], "holding_cost": [2.272491223422553, 1.733360134384092, 1.2467596715406999], "rejection_cost": [914528.0, 914528.0, 914528.0, 914528.0]}