{"container_types": 4, "number_of_facilities": 2, "container_quality_level": 9, "time_periods": 7, "number_containers_arriving_to_facility_zero": [[235, 114, 185, 175, 256, 231, 148], [276, 202, 275, 159, 290, 293, 117], [139, 269, 255, 197, 181, 210, 116], [165, 167, 212, 253, 152, 122, 268]], "number_unexpected_containers_at_facilities": [[11, 11, 11], [34, 59, 4], [25, 88, 82], [65, 52, 85]], "number_good_quality_containers_at_facilities": [[9, 9, 74], [60, 37, 19], [32, 95, 91], [6, 78, 64]], "containers_demand_for_clients": [[207, 207, 247, 287, 216, 279, 232], [182, 200, 181, 225, 184, 180, 172], [241, 310, 230, 269, 221, 309, 247], [233, 238, 290, 303, 269, 280, 237]], "transportation_capacity": 714, "probability_original_quality_level": [[9.0, 5.0, 11.0, 13.0, 10.0, 6.0, 9.0, 7.0, 9.0, 16.0, 5.0], [9.0, 14.0, 18.0, 0.0, 17.0, 1.0, 16.0, 2.0, 12.0, 10.0, 1.0], [8.0, 6.0, 10.0, 4.0, 7.0, 15.0, 15.0, 8.0, 4.0, 23.0, 0.0], [5.0, 2.0, 15.0, 4.0, 16.0, 6.0, 9.0, 15.0, 15.0, 9.0, 4.0]], "number_hours_required_for_inspection": [0.5610375757861064, 0.8842659638180732, 0.6480821605118972, 0.7928793135849149], "number_hours_available_for_inspection": [342, 301, 389], "expected_number_hours_required_for_repair": [1.9951298096043757, 1.902228859169142, 2.282319467169167, 2.180203803732915], "number_hours_available_for_repair": [811, 773, 877], "warehouse_capacity_of_facility": [871, 1015, 877], "cost_of_inspection": [11.220751515722128, 17.685319276361465, 12.961643210237943, 15.857586271698299], "expected_cost_of_repair": [58.75526542453456, 55.915992219426954, 67.04820580088168, 64.49029680382954], "cost_of_transportation": [146, 140], "holding_cost": [2.58319600023394, 2.4338475480137713, 1.6302470953090566], "rejection_cost": [883309.0, 883309.0, 883309.0, 883309.0]}