{"container_types": 4, "number_of_facilities": 2, "container_quality_level": 9, "time_periods": 7, "number_containers_arriving_to_facility_zero": [[100, 116, 201, 105, 234, 145, 113], [161, 282, 160, 123, 109, 141, 298], [276, 157, 113, 227, 153, 218, 133], [192, 193, 234, 209, 185, 108, 290]], "number_unexpected_containers_at_facilities": [[17, 5, 24], [57, 16, 59], [17, 42, 84], [67, 7, 62]], "number_good_quality_containers_at_facilities": [[73, 47, 51], [50, 49, 42], [40, 18, 10], [70, 82, 39]], "containers_demand_for_clients": [[207, 240, 220, 270, 261, 237, 230], [199, 172, 205, 149, 149, 192, 147], [179, 244, 190, 219, 210, 224, 232], [234, 214, 214, 200, 219, 229, 173]], "transportation_capacity": 495, "probability_original_quality_level": [[5.0, 16.0, 4.0, 7.0, 13.0, 9.0, 10.0, 11.0, 13.0, 12.0, 0.0], [7.0, 8.0, 8.0, 9.0, 20.0, 10.0, 0.0, 11.0, 2.0, 23.0, 2.0], [7.0, 19.0, 2.0, 11.0, 9.0, 14.0, 0.0, 15.0, 1.0, 18.0, 4.0], [9.0, 15.0, 0.0, 5.0, 15.0, 14.0, 3.0, 17.0, 2.0, 19.0, 1.0]], "number_hours_required_for_inspection": [0.888088109298135, 0.3980915364756601, 0.85025041541112, 0.5393878801844255], "number_hours_available_for_inspection": [277, 302, 326], "expected_number_hours_required_for_repair": [2.132130754036466, 2.111400678860606, 2.0011705760501814, 2.083595477405966], "number_hours_available_for_repair": [750, 677, 733], "warehouse_capacity_of_facility": [820, 931, 817], "cost_of_inspection": [17.7617621859627, 7.961830729513202, 17.0050083082224, 10.78775760368851], "expected_cost_of_repair": [62.983139582670354, 62.5139312738748, 59.098082362793846, 60.91470788870107], "cost_of_transportation": [98, 159], "holding_cost": [2.1744572799756536, 2.1903273499542104, 1.5011235038560413], "rejection_cost": [678412.0, 678412.0, 678412.0, 678412.0]}