{"container_types": 4, "number_of_facilities": 2, "container_quality_level": 9, "time_periods": 7, "number_containers_arriving_to_facility_zero": [[253, 201, 210, 197, 189, 114, 120], [137, 188, 145, 263, 187, 181, 227], [234, 230, 147, 107, 294, 261, 209], [270, 159, 229, 289, 263, 126, 199]], "number_unexpected_containers_at_facilities": [[31, 4, 8], [63, 47, 81], [12, 20, 89], [42, 48, 55]], "number_good_quality_containers_at_facilities": [[53, 99, 5], [74, 77, 1], [98, 11, 93], [36, 24, 48]], "containers_demand_for_clients": [[237, 297, 218, 304, 293, 267, 233], [214, 172, 240, 201, 242, 245, 216], [252, 192, 205, 245, 228, 214, 268], [239, 294, 291, 229, 252, 300, 213]], "transportation_capacity": 702, "probability_original_quality_level": [[8.0, 6.0, 8.0, 14.0, 13.0, 14.0, 14.0, 12.0, 0.0, 8.0, 3.0], [7.0, 6.0, 3.0, 12.0, 7.0, 4.0, 2.0, 16.0, 18.0, 22.0, 3.0], [8.0, 2.0, 14.0, 11.0, 13.0, 9.0, 13.0, 8.0, 15.0, 7.0, 0.0], [7.0, 6.0, 15.0, 7.0, 12.0, 7.0, 9.0, 16.0, 2.0, 15.0, 4.0]], "number_hours_required_for_inspection": [0.7728343016367081, 0.8725825080404245, 0.38214687569962835, 0.5712020280107214], "number_hours_available_for_inspection": [256, 259, 336], "expected_number_hours_required_for_repair": [1.860489216341166, 2.373338595610786, 2.1174215464416926, 1.9752147635173105], "number_hours_available_for_repair": [708, 743, 691], "warehouse_capacity_of_facility": [973, 1048, 1048], "cost_of_inspection": [15.456686032734162, 17.45165016080849, 7.6429375139925675, 11.424040560214427], "expected_cost_of_repair": [54.99901422029181, 70.37998993542577, 61.96034095555402, 57.96423355882524], "cost_of_transportation": [156, 114], "holding_cost": [2.903952509105211, 1.912265935881913, 1.9311447628301401], "rejection_cost": [931457.0, 931457.0, 931457.0, 931457.0]}