{"container_types": 4, "number_of_facilities": 2, "container_quality_level": 9, "time_periods": 7, "number_containers_arriving_to_facility_zero": [[129, 124, 151, 123, 255, 299, 214], [261, 291, 290, 233, 121, 215, 222], [209, 233, 183, 204, 145, 149, 177], [109, 144, 227, 129, 181, 242, 171]], "number_unexpected_containers_at_facilities": [[83, 42, 63], [24, 30, 22], [31, 13, 7], [30, 13, 33]], "number_good_quality_containers_at_facilities": [[10, 66, 80], [36, 48, 92], [89, 56, 60], [29, 59, 44]], "containers_demand_for_clients": [[218, 232, 201, 164, 208, 177, 180], [234, 211, 204, 276, 208, 272, 219], [233, 239, 260, 282, 281, 307, 230], [264, 245, 240, 233, 193, 185, 250]], "transportation_capacity": 673, "probability_original_quality_level": [[7.0, 18.0, 19.0, 0.0, 3.0, 1.0, 13.0, 19.0, 1.0, 14.0, 5.0], [10.0, 17.0, 10.0, 3.0, 5.0, 20.0, 1.0, 8.0, 11.0, 12.0, 3.0], [9.0, 14.0, 16.0, 9.0, 9.0, 4.0, 7.0, 9.0, 2.0, 21.0, 0.0], [10.0, 16.0, 4.0, 4.0, 7.0, 1.0, 15.0, 18.0, 11.0, 11.0, 3.0]], "number_hours_required_for_inspection": [0.4265291112206293, 0.6901126910322156, 0.3810147316742923, 0.40331196577099165], "number_hours_available_for_inspection": [257, 218, 215], "expected_number_hours_required_for_repair": [1.8037094973072254, 1.8768902656899524, 1.9768269202984283, 2.0907567180450126], "number_hours_available_for_repair": [695, 753, 810], "warehouse_capacity_of_facility": [1006, 880, 957], "cost_of_inspection": [8.530582224412587, 13.802253820644312, 7.6202946334858455, 8.066239315419834], "expected_cost_of_repair": [53.24115751974236, 54.33853736946528, 58.012891734291415, 61.10494481742574], "cost_of_transportation": [98, 120], "holding_cost": [2.548435803310812, 1.934814364762894, 1.031379392542044], "rejection_cost": [696277.0, 696277.0, 696277.0, 696277.0]}