{"container_types": 4, "number_of_facilities": 2, "container_quality_level": 9, "time_periods": 7, "number_containers_arriving_to_facility_zero": [[207, 245, 289, 191, 198, 129, 120], [179, 156, 179, 175, 135, 262, 287], [288, 131, 263, 296, 243, 215, 104], [197, 192, 209, 257, 188, 235, 128]], "number_unexpected_containers_at_facilities": [[74, 45, 90], [29, 6, 42], [16, 87, 62], [26, 53, 10]], "number_good_quality_containers_at_facilities": [[44, 16, 29], [99, 53, 2], [12, 14, 33], [61, 51, 61]], "containers_demand_for_clients": [[264, 248, 262, 228, 280, 239, 233], [260, 276, 244, 199, 226, 243, 233], [191, 212, 254, 212, 259, 183, 208], [220, 296, 254, 228, 203, 203, 266]], "transportation_capacity": 516, "probability_original_quality_level": [[9.0, 0.0, 8.0, 7.0, 12.0, 13.0, 16.0, 16.0, 0.0, 18.0, 1.0], [5.0, 16.0, 14.0, 0.0, 2.0, 17.0, 15.0, 14.0, 9.0, 8.0, 0.0], [8.0, 1.0, 20.0, 12.0, 2.0, 0.0, 12.0, 16.0, 2.0, 24.0, 3.0], [10.0, 1.0, 15.0, 11.0, 14.0, 13.0, 10.0, 1.0, 13.0, 10.0, 2.0]], "number_hours_required_for_inspection": [0.7481111126413579, 0.9583070431505379, 0.7783714084336925, 0.8977519952038946], "number_hours_available_for_inspection": [372, 393, 335], "expected_number_hours_required_for_repair": [2.2032554641564905, 2.1286519668544246, 2.1453465261479705, 2.0070547614278933], "number_hours_available_for_repair": [868, 835, 1019], "warehouse_capacity_of_facility": [903, 999, 933], "cost_of_inspection": [14.962222252827157, 19.16614086301076, 15.56742816867385, 17.955039904077893], "expected_cost_of_repair": [64.89907930307578, 63.12624138440579, 63.52215979402425, 58.586060154015925], "cost_of_transportation": [64, 126], "holding_cost": [2.4633028042011595, 1.5001753854176858, 1.1928587614666184], "rejection_cost": [583421.0, 583421.0, 583421.0, 583421.0]}