{"container_types": 4, "number_of_facilities": 2, "container_quality_level": 9, "time_periods": 7, "number_containers_arriving_to_facility_zero": [[102, 222, 230, 260, 104, 144, 277], [199, 138, 161, 139, 241, 251, 159], [298, 158, 111, 229, 211, 229, 269], [208, 170, 297, 155, 268, 206, 282]], "number_unexpected_containers_at_facilities": [[57, 33, 84], [67, 26, 52], [55, 40, 82], [98, 84, 34]], "number_good_quality_containers_at_facilities": [[75, 80, 34], [64, 32, 23], [84, 37, 48], [80, 46, 29]], "containers_demand_for_clients": [[319, 285, 289, 260, 307, 266, 257], [198, 265, 219, 207, 251, 207, 264], [206, 209, 191, 221, 264, 216, 221], [250, 280, 298, 223, 217, 311, 262]], "transportation_capacity": 697, "probability_original_quality_level": [[5.0, 11.0, 3.0, 5.0, 2.0, 11.0, 14.0, 11.0, 15.0, 21.0, 2.0], [8.0, 8.0, 12.0, 15.0, 7.0, 13.0, 10.0, 3.0, 7.0, 15.0, 2.0], [8.0, 16.0, 5.0, 16.0, 1.0, 15.0, 0.0, 1.0, 20.0, 18.0, 0.0], [10.0, 9.0, 10.0, 10.0, 6.0, 3.0, 10.0, 17.0, 1.0, 22.0, 2.0]], "number_hours_required_for_inspection": [0.6482107093811548, 0.9015306863616425, 0.6818907212915714, 0.596493268640661], "number_hours_available_for_inspection": [299, 377, 322], "expected_number_hours_required_for_repair": [2.3601287329868126, 1.9348573601441896, 2.0587246930820067, 2.1062964136237396], "number_hours_available_for_repair": [971, 832, 794], "warehouse_capacity_of_facility": [1081, 1103, 969], "cost_of_inspection": [12.964214187623096, 18.03061372723285, 13.637814425831428, 11.92986537281322], "expected_cost_of_repair": [69.93729672454201, 56.80255142557258, 60.379745636769584, 61.955292284708214], "cost_of_transportation": [114, 155], "holding_cost": [2.2098395702697085, 2.1716047263546283, 1.830785292454778], "rejection_cost": [919131.0, 919131.0, 919131.0, 919131.0]}