{"container_types": 4, "number_of_facilities": 2, "container_quality_level": 9, "time_periods": 7, "number_containers_arriving_to_facility_zero": [[169, 264, 136, 245, 176, 124, 199], [108, 199, 267, 242, 241, 106, 289], [269, 207, 160, 173, 269, 252, 165], [234, 219, 291, 185, 277, 141, 244]], "number_unexpected_containers_at_facilities": [[35, 11, 6], [50, 41, 61], [67, 67, 70], [77, 19, 13]], "number_good_quality_containers_at_facilities": [[44, 17, 37], [92, 99, 81], [49, 39, 97], [52, 17, 61]], "containers_demand_for_clients": [[293, 219, 255, 258, 222, 291, 262], [228, 198, 204, 210, 174, 233, 231], [299, 308, 265, 305, 224, 269, 264], [257, 243, 278, 294, 255, 317, 286]], "transportation_capacity": 653, "probability_original_quality_level": [[7.0, 0.0, 10.0, 4.0, 16.0, 15.0, 15.0, 16.0, 10.0, 6.0, 1.0], [9.0, 14.0, 5.0, 17.0, 17.0, 2.0, 16.0, 1.0, 0.0, 17.0, 2.0], [9.0, 8.0, 17.0, 10.0, 17.0, 3.0, 12.0, 15.0, 2.0, 4.0, 3.0], [9.0, 11.0, 5.0, 10.0, 11.0, 9.0, 15.0, 7.0, 9.0, 13.0, 1.0]], "number_hours_required_for_inspection": [0.5507866888255961, 0.47661201690744004, 0.460328521021298, 0.436409056476079], "number_hours_available_for_inspection": [211, 232, 224], "expected_number_hours_required_for_repair": [2.1580071656314637, 1.874034756053776, 1.7632487823864835, 2.030190969246458], "number_hours_available_for_repair": [962, 760, 928], "warehouse_capacity_of_facility": [1036, 1056, 934], "cost_of_inspection": [11.015733776511922, 9.532240338148801, 9.20657042042596, 8.72818112952158], "expected_cost_of_repair": [63.985045001502385, 54.99411612497332, 51.277467908021805, 59.84402236595945], "cost_of_transportation": [133, 114], "holding_cost": [2.2578395023300817, 1.5914374578363517, 1.7043616384684095], "rejection_cost": [749004.0, 749004.0, 749004.0, 749004.0]}