{"container_types": 4, "number_of_facilities": 2, "container_quality_level": 9, "time_periods": 7, "number_containers_arriving_to_facility_zero": [[107, 184, 155, 199, 222, 169, 248], [103, 299, 141, 232, 263, 141, 152], [287, 294, 284, 242, 224, 126, 265], [137, 172, 210, 194, 268, 163, 285]], "number_unexpected_containers_at_facilities": [[67, 38, 77], [68, 92, 53], [19, 49, 49], [19, 55, 65]], "number_good_quality_containers_at_facilities": [[62, 2, 93], [93, 49, 79], [74, 65, 71], [23, 15, 70]], "containers_demand_for_clients": [[221, 207, 250, 283, 240, 246, 232], [220, 263, 188, 191, 201, 242, 193], [252, 248, 244, 254, 236, 234, 239], [291, 253, 305, 344, 236, 244, 305]], "transportation_capacity": 655, "probability_original_quality_level": [[10.0, 11.0, 9.0, 4.0, 22.0, 10.0, 11.0, 0.0, 10.0, 10.0, 3.0], [5.0, 6.0, 12.0, 16.0, 7.0, 14.0, 7.0, 4.0, 10.0, 18.0, 1.0], [7.0, 2.0, 20.0, 11.0, 9.0, 8.0, 16.0, 2.0, 8.0, 16.0, 1.0], [7.0, 21.0, 1.0, 7.0, 11.0, 7.0, 12.0, 7.0, 3.0, 20.0, 4.0]], "number_hours_required_for_inspection": [0.7659433330376911, 0.8332403751343397, 0.6901534234001327, 0.33450212792623985], "number_hours_available_for_inspection": [319, 272, 310], "expected_number_hours_required_for_repair": [1.8054712254847567, 2.1154515421912223, 2.011668272141774, 1.9948979323952925], "number_hours_available_for_repair": [954, 744, 908], "warehouse_capacity_of_facility": [1015, 943, 969], "cost_of_inspection": [15.318866660753823, 16.664807502686795, 13.803068468002655, 6.690042558524797], "expected_cost_of_repair": [52.879724590761356, 62.818383747457595, 59.330379897482246, 58.80293549040305], "cost_of_transportation": [124, 91], "holding_cost": [2.1264874544567927, 2.079074659120701, 1.7967424047430307], "rejection_cost": [716148.0, 716148.0, 716148.0, 716148.0]}