{"container_types": 4, "number_of_facilities": 2, "container_quality_level": 9, "time_periods": 7, "number_containers_arriving_to_facility_zero": [[155, 249, 268, 216, 176, 234, 157], [125, 266, 193, 153, 263, 178, 188], [200, 215, 299, 122, 184, 179, 256], [234, 240, 286, 139, 222, 172, 192]], "number_unexpected_containers_at_facilities": [[85, 68, 57], [38, 18, 17], [54, 85, 61], [25, 28, 83]], "number_good_quality_containers_at_facilities": [[38, 33, 16], [48, 81, 36], [68, 86, 62], [41, 49, 80]], "containers_demand_for_clients": [[273, 216, 301, 221, 263, 255, 274], [260, 248, 233, 290, 232, 284, 220], [260, 213, 200, 262, 239, 230, 267], [312, 227, 278, 251, 256, 217, 316]], "transportation_capacity": 599, "probability_original_quality_level": [[6.0, 19.0, 1.0, 9.0, 8.0, 3.0, 5.0, 22.0, 3.0, 19.0, 5.0], [8.0, 14.0, 4.0, 0.0, 7.0, 7.0, 17.0, 15.0, 16.0, 8.0, 4.0], [6.0, 21.0, 2.0, 21.0, 0.0, 17.0, 4.0, 11.0, 5.0, 11.0, 2.0], [9.0, 13.0, 14.0, 2.0, 10.0, 3.0, 13.0, 0.0, 19.0, 17.0, 0.0]], "number_hours_required_for_inspection": [0.6903366102097831, 0.7510210581765295, 0.4973153489626725, 0.7595529456619755], "number_hours_available_for_inspection": [400, 393, 320], "expected_number_hours_required_for_repair": [2.038898692700109, 2.085329355532423, 1.834954816635035, 2.137667061855814], "number_hours_available_for_repair": [787, 702, 984], "warehouse_capacity_of_facility": [1012, 1094, 1083], "cost_of_inspection": [13.806732204195661, 15.02042116353059, 9.94630697925345, 15.19105891323951], "expected_cost_of_repair": [60.43375574775144, 61.60980491635682, 54.26297888349946, 62.564107374740814], "cost_of_transportation": [118, 116], "holding_cost": [2.7137953432254776, 1.8418013541956808, 1.7066421337388822], "rejection_cost": [658677.0, 658677.0, 658677.0, 658677.0]}