{"container_types": 4, "number_of_facilities": 2, "container_quality_level": 9, "time_periods": 7, "number_containers_arriving_to_facility_zero": [[211, 155, 111, 278, 227, 199, 194], [122, 206, 236, 277, 290, 261, 179], [112, 283, 105, 188, 166, 263, 164], [239, 187, 203, 295, 151, 131, 106]], "number_unexpected_containers_at_facilities": [[89, 64, 2], [91, 6, 80], [80, 50, 79], [5, 0, 96]], "number_good_quality_containers_at_facilities": [[68, 72, 1], [98, 71, 29], [23, 70, 87], [64, 28, 64]], "containers_demand_for_clients": [[187, 216, 255, 217, 189, 217, 238], [263, 205, 236, 251, 284, 246, 267], [237, 228, 315, 230, 283, 237, 309], [262, 278, 203, 209, 245, 224, 256]], "transportation_capacity": 614, "probability_original_quality_level": [[6.0, 4.0, 13.0, 13.0, 10.0, 13.0, 8.0, 14.0, 9.0, 10.0, 0.0], [5.0, 10.0, 3.0, 8.0, 19.0, 6.0, 14.0, 8.0, 13.0, 12.0, 2.0], [10.0, 4.0, 8.0, 0.0, 18.0, 18.0, 2.0, 5.0, 5.0, 27.0, 3.0], [5.0, 10.0, 1.0, 17.0, 11.0, 2.0, 15.0, 17.0, 5.0, 12.0, 5.0]], "number_hours_required_for_inspection": [0.6331354922484693, 0.6698088986241224, 0.671395136334908, 0.5279109102527197], "number_hours_available_for_inspection": [286, 345, 363], "expected_number_hours_required_for_repair": [2.1219267520145677, 2.1852376730974497, 2.1967101472170736, 2.102834518228986], "number_hours_available_for_repair": [827, 884, 903], "warehouse_capacity_of_facility": [951, 955, 904], "cost_of_inspection": [12.662709844969386, 13.396177972482448, 13.42790272669816, 10.558218205054395], "expected_cost_of_repair": [62.82787649960885, 64.83349621670104, 64.19302192214126, 62.34326570124936], "cost_of_transportation": [156, 121], "holding_cost": [2.6589767690058994, 1.7080830345083808, 1.1450171913038218], "rejection_cost": [804839.0, 804839.0, 804839.0, 804839.0]}