{"container_types": 4, "number_of_facilities": 2, "container_quality_level": 9, "time_periods": 7, "number_containers_arriving_to_facility_zero": [[127, 110, 111, 293, 166, 294, 129], [124, 277, 113, 242, 260, 179, 149], [280, 221, 258, 138, 226, 213, 268], [269, 275, 151, 151, 171, 238, 267]], "number_unexpected_containers_at_facilities": [[64, 78, 99], [85, 33, 48], [37, 7, 12], [5, 12, 30]], "number_good_quality_containers_at_facilities": [[31, 4, 49], [11, 80, 26], [76, 25, 83], [98, 7, 20]], "containers_demand_for_clients": [[272, 264, 236, 264, 250, 239, 201], [252, 188, 223, 250, 237, 232, 249], [260, 255, 185, 269, 263, 232, 235], [271, 231, 224, 294, 303, 275, 292]], "transportation_capacity": 649, "probability_original_quality_level": [[10.0, 9.0, 12.0, 12.0, 8.0, 8.0, 10.0, 13.0, 5.0, 11.0, 2.0], [7.0, 10.0, 8.0, 2.0, 15.0, 6.0, 14.0, 15.0, 5.0, 15.0, 3.0], [6.0, 4.0, 16.0, 20.0, 3.0, 1.0, 7.0, 20.0, 0.0, 21.0, 2.0], [9.0, 4.0, 5.0, 17.0, 15.0, 12.0, 1.0, 17.0, 8.0, 10.0, 2.0]], "number_hours_required_for_inspection": [0.8209548804778564, 0.782107576344354, 0.7149357786328011, 0.9209857825979699], "number_hours_available_for_inspection": [379, 362, 439], "expected_number_hours_required_for_repair": [1.8896453876738029, 2.0579319943019008, 2.070296709261085, 2.0199666866608257], "number_hours_available_for_repair": [786, 943, 841], "warehouse_capacity_of_facility": [992, 1016, 1009], "cost_of_inspection": [16.419097609557127, 15.64215152688708, 14.298715572656022, 18.4197156519594], "expected_cost_of_repair": [55.48822421272426, 60.91950085206543, 61.4120692680095, 59.00694864610371], "cost_of_transportation": [160, 97], "holding_cost": [2.1247019176036597, 2.0788576425170406, 1.1394500269520513], "rejection_cost": [865890.0, 865890.0, 865890.0, 865890.0]}