{"container_types": 4, "number_of_facilities": 2, "container_quality_level": 9, "time_periods": 7, "number_containers_arriving_to_facility_zero": [[294, 120, 130, 236, 217, 236, 119], [299, 111, 264, 254, 120, 153, 224], [255, 221, 276, 212, 193, 248, 195], [109, 114, 216, 107, 287, 250, 133]], "number_unexpected_containers_at_facilities": [[41, 18, 49], [22, 45, 85], [34, 4, 51], [20, 82, 95]], "number_good_quality_containers_at_facilities": [[81, 94, 83], [6, 90, 70], [74, 34, 11], [33, 30, 53]], "containers_demand_for_clients": [[224, 190, 211, 177, 231, 212, 257], [282, 261, 254, 239, 205, 246, 292], [282, 255, 273, 287, 282, 280, 253], [304, 278, 302, 286, 239, 270, 220]], "transportation_capacity": 555, "probability_original_quality_level": [[5.0, 2.0, 10.0, 12.0, 23.0, 14.0, 22.0, 0.0, 3.0, 4.0, 5.0], [5.0, 11.0, 1.0, 0.0, 11.0, 16.0, 11.0, 11.0, 12.0, 19.0, 3.0], [9.0, 14.0, 15.0, 9.0, 14.0, 0.0, 1.0, 0.0, 14.0, 20.0, 4.0], [5.0, 9.0, 10.0, 6.0, 12.0, 5.0, 16.0, 15.0, 11.0, 6.0, 5.0]], "number_hours_required_for_inspection": [0.6097751492366731, 0.7721473916558104, 0.3928662503488545, 0.9763589745927993], "number_hours_available_for_inspection": [367, 373, 391], "expected_number_hours_required_for_repair": [1.8466210148037876, 2.356728004300066, 1.8851078600411364, 2.0069276109799925], "number_hours_available_for_repair": [689, 717, 849], "warehouse_capacity_of_facility": [968, 998, 947], "cost_of_inspection": [12.195502984733462, 15.442947833116207, 7.8573250069770895, 19.527179491855986], "expected_cost_of_repair": [54.477632039143856, 70.10181177447707, 54.7660286100823, 59.52138777486928], "cost_of_transportation": [67, 99], "holding_cost": [2.0932946459265827, 2.0203794947287204, 1.7220515276206476], "rejection_cost": [527459.0, 527459.0, 527459.0, 527459.0]}