{"container_types": 4, "number_of_facilities": 2, "container_quality_level": 9, "time_periods": 7, "number_containers_arriving_to_facility_zero": [[284, 287, 143, 293, 152, 252, 230], [146, 149, 264, 147, 212, 198, 278], [256, 109, 254, 117, 280, 282, 201], [132, 199, 193, 136, 223, 107, 232]], "number_unexpected_containers_at_facilities": [[33, 25, 90], [37, 3, 52], [74, 38, 11], [72, 45, 42]], "number_good_quality_containers_at_facilities": [[69, 88, 83], [9, 91, 56], [73, 82, 75], [44, 27, 16]], "containers_demand_for_clients": [[218, 220, 199, 207, 207, 211, 246], [309, 302, 333, 234, 304, 342, 243], [277, 212, 234, 210, 266, 206, 228], [280, 226, 225, 272, 256, 243, 284]], "transportation_capacity": 640, "probability_original_quality_level": [[7.0, 14.0, 16.0, 3.0, 5.0, 6.0, 12.0, 3.0, 11.0, 20.0, 3.0], [10.0, 3.0, 13.0, 14.0, 1.0, 3.0, 14.0, 11.0, 11.0, 15.0, 5.0], [5.0, 7.0, 8.0, 10.0, 21.0, 12.0, 5.0, 9.0, 8.0, 13.0, 2.0], [5.0, 11.0, 2.0, 17.0, 4.0, 15.0, 11.0, 12.0, 8.0, 13.0, 2.0]], "number_hours_required_for_inspection": [0.7997241658242983, 0.5517723177259787, 0.5740155156415732, 0.7715148518809357], "number_hours_available_for_inspection": [303, 339, 383], "expected_number_hours_required_for_repair": [1.9822869846438764, 2.0474610487862708, 2.0116352694913515, 2.08489449839087], "number_hours_available_for_repair": [795, 980, 806], "warehouse_capacity_of_facility": [1035, 1022, 1071], "cost_of_inspection": [15.994483316485965, 11.035446354519573, 11.480310312831463, 15.430297037618715], "expected_cost_of_repair": [58.294007164181785, 59.806679528829584, 59.68537809415965, 62.007531782694244], "cost_of_transportation": [72, 75], "holding_cost": [2.1775390645061985, 2.2990795244246356, 1.6558115708972125], "rejection_cost": [495154.0, 495154.0, 495154.0, 495154.0]}