{"container_types": 4, "number_of_facilities": 2, "container_quality_level": 9, "time_periods": 7, "number_containers_arriving_to_facility_zero": [[107, 247, 285, 240, 126, 211, 141], [246, 156, 248, 161, 211, 250, 167], [114, 291, 114, 163, 299, 207, 197], [108, 175, 179, 265, 287, 152, 257]], "number_unexpected_containers_at_facilities": [[65, 39, 2], [31, 38, 15], [85, 10, 61], [27, 21, 68]], "number_good_quality_containers_at_facilities": [[42, 31, 53], [90, 25, 18], [95, 13, 30], [35, 75, 54]], "containers_demand_for_clients": [[238, 251, 286, 245, 256, 230, 230], [201, 184, 262, 190, 206, 214, 261], [211, 212, 198, 248, 208, 230, 238], [281, 211, 271, 217, 266, 271, 226]], "transportation_capacity": 525, "probability_original_quality_level": [[6.0, 19.0, 3.0, 8.0, 13.0, 11.0, 4.0, 10.0, 10.0, 12.0, 4.0], [8.0, 21.0, 18.0, 10.0, 0.0, 13.0, 16.0, 0.0, 5.0, 7.0, 2.0], [6.0, 8.0, 9.0, 16.0, 13.0, 7.0, 11.0, 6.0, 3.0, 17.0, 4.0], [7.0, 13.0, 10.0, 2.0, 14.0, 8.0, 3.0, 14.0, 10.0, 14.0, 5.0]], "number_hours_required_for_inspection": [0.8939493727725814, 0.8363304177831566, 0.678858691100753, 0.453744547276063], "number_hours_available_for_inspection": [312, 314, 340], "expected_number_hours_required_for_repair": [1.9426576408165794, 1.723121805888181, 1.9556819831908083, 2.069133915744478], "number_hours_available_for_repair": [783, 861, 805], "warehouse_capacity_of_facility": [869, 874, 932], "cost_of_inspection": [17.87898745545163, 16.72660835566313, 13.57717382201506, 9.07489094552126], "expected_cost_of_repair": [57.63230076606212, 50.58618156237254, 57.47144530560132, 61.035154017317325], "cost_of_transportation": [134, 83], "holding_cost": [2.519437856154865, 1.7556261663885802, 1.9899376913974782], "rejection_cost": [633502.0, 633502.0, 633502.0, 633502.0]}