{"container_types": 4, "number_of_facilities": 2, "container_quality_level": 9, "time_periods": 7, "number_containers_arriving_to_facility_zero": [[296, 287, 155, 146, 128, 271, 138], [268, 113, 282, 248, 185, 101, 262], [295, 162, 153, 111, 287, 205, 171], [163, 190, 216, 238, 271, 293, 209]], "number_unexpected_containers_at_facilities": [[20, 22, 99], [44, 31, 64], [41, 30, 70], [52, 38, 12]], "number_good_quality_containers_at_facilities": [[24, 61, 26], [90, 5, 85], [14, 69, 74], [58, 58, 97]], "containers_demand_for_clients": [[283, 263, 316, 317, 221, 219, 261], [202, 286, 240, 269, 277, 256, 193], [273, 254, 233, 237, 235, 220, 208], [256, 231, 225, 236, 267, 254, 267]], "transportation_capacity": 722, "probability_original_quality_level": [[10.0, 14.0, 2.0, 15.0, 3.0, 13.0, 2.0, 0.0, 24.0, 17.0, 0.0], [9.0, 8.0, 17.0, 9.0, 0.0, 4.0, 10.0, 17.0, 7.0, 19.0, 0.0], [10.0, 7.0, 1.0, 19.0, 18.0, 1.0, 26.0, 2.0, 9.0, 7.0, 0.0], [7.0, 16.0, 5.0, 7.0, 17.0, 16.0, 0.0, 13.0, 5.0, 14.0, 0.0]], "number_hours_required_for_inspection": [0.4778842299106417, 0.7957664276070512, 0.9474490363966105, 0.862417899051778], "number_hours_available_for_inspection": [352, 413, 414], "expected_number_hours_required_for_repair": [2.1190984385215965, 2.180375173454291, 2.0632739840552374, 2.0517564648670152], "number_hours_available_for_repair": [812, 812, 722], "warehouse_capacity_of_facility": [1097, 968, 1059], "cost_of_inspection": [9.557684598212834, 15.915328552141023, 18.94898072793221, 17.24835798103556], "expected_cost_of_repair": [62.400056184157904, 63.62381425425317, 60.723601815751096, 60.34749319778445], "cost_of_transportation": [95, 77], "holding_cost": [2.078280311448724, 2.1798555941069626, 1.264752705984789], "rejection_cost": [625121.0, 625121.0, 625121.0, 625121.0]}