{"container_types": 4, "number_of_facilities": 2, "container_quality_level": 9, "time_periods": 30, "number_containers_arriving_to_facility_zero": [[215, 249, 136, 245, 208, 223, 173, 240, 183, 261, 259, 205, 108, 210, 103, 195, 274, 169, 189, 269, 274, 202, 261, 145, 172, 144, 237, 229, 214, 113], [169, 277, 206, 114, 184, 142, 269, 251, 298, 155, 116, 272, 219, 176, 186, 253, 151, 193, 232, 294, 160, 214, 199, 252, 296, 287, 225, 150, 102, 263], [201, 256, 263, 218, 113, 141, 224, 109, 188, 125, 201, 171, 127, 227, 283, 134, 264, 231, 248, 219, 252, 111, 165, 247, 219, 182, 263, 289, 293, 204], [105, 191, 207, 247, 224, 240, 103, 207, 298, 184, 235, 241, 137, 120, 126, 219, 150, 222, 205, 112, 205, 296, 244, 127, 254, 178, 260, 204, 281, 161]], "number_unexpected_containers_at_facilities": [[92, 72, 85], [39, 6, 73], [96, 34, 47], [41, 91, 98]], "number_good_quality_containers_at_facilities": [[88, 93, 19], [0, 45, 60], [35, 51, 50], [25, 25, 77]], "containers_demand_for_clients": [[177, 210, 248, 235, 185, 227, 180, 182, 221, 241, 211, 175, 238, 228, 189, 198, 221, 204, 234, 200, 220, 228, 229, 170, 225, 244, 204, 206, 217, 173], [180, 223, 240, 207, 180, 229, 215, 223, 260, 228, 200, 241, 236, 240, 176, 248, 194, 215, 228, 192, 248, 219, 215, 258, 199, 208, 187, 204, 209, 249], [241, 200, 193, 209, 218, 236, 212, 255, 192, 188, 213, 209, 257, 249, 212, 228, 249, 217, 185, 221, 179, 197, 186, 193, 241, 176, 181, 184, 189, 175], [173, 186, 194, 182, 200, 189, 258, 245, 176, 250, 186, 237, 189, 254, 190, 221, 172, 203, 227, 240, 202, 212, 237, 251, 220, 240, 184, 258, 247, 230]], "transportation_capacity": 504, "probability_original_quality_level": [[10.0, 9.0, 14.0, 6.0, 4.0, 15.0, 5.0, 9.0, 17.0, 11.0, 0.0], [6.0, 8.0, 1.0, 10.0, 9.0, 19.0, 15.0, 10.0, 1.0, 17.0, 4.0], [10.0, 13.0, 13.0, 0.0, 13.0, 14.0, 0.0, 4.0, 11.0, 17.0, 5.0], [10.0, 10.0, 12.0, 4.0, 10.0, 5.0, 11.0, 12.0, 7.0, 15.0, 4.0]], "number_hours_required_for_inspection": [0.343007566797465, 0.9067551382993934, 0.6281401295903632, 0.8069773733003723], "number_hours_available_for_inspection": [342, 330, 255], "expected_number_hours_required_for_repair": [2.095642995043878, 2.104172960262056, 1.9399750879965023, 1.9784206221318674], "number_hours_available_for_repair": [844, 841, 770], "warehouse_capacity_of_facility": [869, 793, 785], "cost_of_inspection": [6.8601513359493005, 18.135102765987867, 12.562802591807266, 16.139547466007446], "expected_cost_of_repair": [61.703599469180766, 62.02850208203605, 57.19681115370911, 58.190683930102516], "cost_of_transportation": [84, 128], "holding_cost": [2.3461624906991534, 1.964604843747599, 1.966018301147651], "rejection_cost": [4272750.0, 4272750.0, 4272750.0, 4272750.0]}