{"container_types": 4, "number_of_facilities": 2, "container_quality_level": 9, "time_periods": 30, "number_containers_arriving_to_facility_zero": [[118, 239, 200, 138, 143, 287, 237, 231, 196, 100, 212, 260, 209, 134, 219, 206, 118, 208, 161, 250, 248, 299, 287, 132, 206, 131, 202, 262, 159, 286], [130, 141, 204, 134, 146, 151, 152, 157, 295, 173, 246, 207, 292, 104, 153, 147, 101, 242, 264, 283, 164, 241, 199, 299, 120, 113, 235, 175, 186, 103], [127, 287, 285, 216, 117, 175, 241, 266, 167, 217, 262, 197, 114, 231, 294, 162, 190, 201, 172, 132, 190, 194, 230, 124, 250, 232, 115, 195, 281, 124], [243, 250, 258, 287, 175, 216, 167, 287, 249, 150, 158, 130, 228, 188, 198, 118, 101, 299, 288, 116, 275, 265, 173, 227, 179, 266, 267, 224, 237, 255]], "number_unexpected_containers_at_facilities": [[1, 28, 41], [58, 72, 6], [77, 13, 36], [71, 36, 27]], "number_good_quality_containers_at_facilities": [[18, 15, 63], [31, 37, 93], [8, 71, 54], [37, 53, 91]], "containers_demand_for_clients": [[269, 191, 201, 201, 216, 192, 243, 197, 251, 234, 193, 215, 240, 236, 227, 221, 201, 238, 231, 251, 215, 231, 195, 268, 189, 228, 230, 190, 252, 208], [191, 173, 200, 189, 239, 238, 243, 190, 221, 206, 207, 248, 188, 212, 214, 228, 234, 180, 220, 197, 239, 187, 210, 222, 177, 184, 167, 201, 231, 236], [166, 218, 225, 194, 201, 220, 208, 227, 173, 171, 232, 219, 197, 165, 168, 176, 156, 207, 190, 232, 170, 175, 165, 174, 228, 165, 233, 177, 179, 169], [228, 172, 207, 199, 241, 239, 242, 240, 188, 209, 247, 243, 227, 192, 212, 205, 212, 198, 231, 214, 214, 182, 240, 235, 173, 226, 227, 217, 175, 248]], "transportation_capacity": 474, "probability_original_quality_level": [[7.0, 16.0, 8.0, 8.0, 3.0, 2.0, 1.0, 19.0, 12.0, 22.0, 2.0], [8.0, 13.0, 16.0, 18.0, 7.0, 1.0, 0.0, 5.0, 21.0, 11.0, 0.0], [8.0, 15.0, 0.0, 6.0, 8.0, 12.0, 11.0, 13.0, 9.0, 15.0, 3.0], [5.0, 9.0, 0.0, 17.0, 8.0, 13.0, 10.0, 5.0, 10.0, 21.0, 2.0]], "number_hours_required_for_inspection": [0.5984387826489784, 0.6305094786925162, 0.7898125359765746, 0.568747117740663], "number_hours_available_for_inspection": [251, 223, 283], "expected_number_hours_required_for_repair": [2.238801525190924, 1.9651112948453429, 2.114200086635519, 2.2136722280815633], "number_hours_available_for_repair": [756, 749, 615], "warehouse_capacity_of_facility": [825, 880, 807], "cost_of_inspection": [11.968775652979568, 12.610189573850324, 15.796250719531493, 11.37494235481326], "expected_cost_of_repair": [66.07495846600517, 57.43509709834438, 62.23253779755737, 65.889640597785], "cost_of_transportation": [155, 166], "holding_cost": [2.560211443468201, 1.9631716044364524, 1.4421631900561127], "rejection_cost": [4623392.0, 4623392.0, 4623392.0, 4623392.0]}