{"container_types": 4, "number_of_facilities": 2, "container_quality_level": 9, "time_periods": 30, "number_containers_arriving_to_facility_zero": [[211, 261, 290, 102, 267, 292, 146, 183, 274, 192, 257, 295, 155, 207, 115, 134, 102, 141, 285, 242, 159, 161, 123, 206, 165, 180, 137, 167, 223, 142], [142, 110, 288, 236, 211, 113, 137, 263, 171, 150, 123, 164, 266, 143, 155, 145, 141, 110, 159, 278, 249, 231, 227, 146, 126, 116, 268, 185, 124, 162], [184, 166, 219, 220, 166, 262, 166, 113, 159, 249, 119, 196, 280, 212, 146, 291, 123, 145, 100, 210, 189, 285, 159, 107, 173, 211, 152, 261, 138, 226], [272, 294, 270, 281, 193, 262, 172, 175, 103, 292, 118, 129, 285, 285, 294, 248, 234, 128, 271, 215, 200, 211, 296, 149, 141, 167, 258, 148, 162, 237]], "number_unexpected_containers_at_facilities": [[51, 63, 30], [75, 80, 54], [21, 65, 55], [6, 32, 1]], "number_good_quality_containers_at_facilities": [[46, 8, 49], [91, 83, 41], [84, 64, 17], [37, 17, 39]], "containers_demand_for_clients": [[208, 222, 212, 238, 244, 246, 224, 177, 208, 191, 232, 199, 239, 195, 261, 246, 231, 243, 242, 207, 224, 248, 219, 189, 251, 206, 218, 190, 234, 191], [174, 241, 201, 231, 225, 164, 181, 190, 205, 162, 226, 169, 181, 227, 172, 164, 182, 241, 165, 191, 237, 187, 201, 220, 167, 163, 184, 187, 186, 214], [182, 202, 182, 180, 203, 215, 207, 217, 170, 194, 199, 158, 218, 185, 192, 197, 153, 228, 210, 157, 221, 179, 225, 223, 203, 213, 186, 203, 177, 183], [198, 235, 205, 209, 223, 229, 218, 174, 234, 160, 200, 216, 232, 183, 234, 195, 221, 229, 163, 167, 184, 199, 186, 158, 168, 193, 229, 161, 224, 163]], "transportation_capacity": 501, "probability_original_quality_level": [[9.0, 0.0, 6.0, 3.0, 21.0, 16.0, 20.0, 11.0, 6.0, 5.0, 3.0], [6.0, 10.0, 14.0, 10.0, 15.0, 13.0, 16.0, 1.0, 1.0, 10.0, 4.0], [7.0, 3.0, 17.0, 15.0, 5.0, 3.0, 17.0, 3.0, 12.0, 14.0, 4.0], [8.0, 8.0, 7.0, 9.0, 20.0, 3.0, 1.0, 10.0, 9.0, 22.0, 3.0]], "number_hours_required_for_inspection": [0.9004584445325357, 0.5427933533410148, 0.6955591880495746, 0.4646533170372637], "number_hours_available_for_inspection": [278, 250, 292], "expected_number_hours_required_for_repair": [2.015773330262906, 1.7855310576105494, 2.0295957662536734, 2.120922924586907], "number_hours_available_for_repair": [673, 635, 708], "warehouse_capacity_of_facility": [782, 826, 754], "cost_of_inspection": [18.009168890650713, 10.855867066820295, 13.911183760991491, 9.293066340745273], "expected_cost_of_repair": [59.0384522149782, 52.76120278670409, 60.01195659921873, 62.20580885758707], "cost_of_transportation": [112, 135], "holding_cost": [2.8354379846163225, 1.9574059384209337, 1.8330112650744637], "rejection_cost": [4383185.0, 4383185.0, 4383185.0, 4383185.0]}