{"container_types": 4, "number_of_facilities": 2, "container_quality_level": 9, "time_periods": 30, "number_containers_arriving_to_facility_zero": [[145, 278, 262, 166, 285, 264, 157, 261, 133, 128, 266, 280, 115, 102, 263, 278, 291, 102, 131, 187, 252, 160, 204, 207, 123, 290, 271, 101, 219, 150], [199, 161, 225, 174, 178, 261, 256, 154, 276, 270, 190, 283, 202, 280, 270, 123, 139, 104, 159, 130, 200, 233, 101, 280, 160, 185, 199, 240, 140, 175], [288, 282, 179, 297, 123, 200, 268, 173, 299, 179, 200, 239, 192, 243, 278, 187, 143, 202, 103, 215, 257, 283, 229, 275, 123, 113, 282, 183, 172, 131], [109, 142, 243, 251, 284, 271, 218, 170, 260, 216, 178, 264, 120, 239, 194, 172, 298, 175, 188, 103, 296, 131, 223, 158, 170, 221, 119, 111, 146, 297]], "number_unexpected_containers_at_facilities": [[38, 26, 79], [44, 48, 58], [42, 72, 54], [65, 91, 38]], "number_good_quality_containers_at_facilities": [[25, 11, 10], [1, 48, 29], [80, 78, 43], [18, 88, 80]], "containers_demand_for_clients": [[219, 238, 246, 217, 170, 229, 191, 195, 241, 227, 251, 236, 175, 186, 173, 223, 204, 233, 229, 189, 173, 215, 220, 230, 224, 170, 226, 178, 173, 177], [183, 223, 203, 218, 227, 216, 218, 243, 209, 236, 185, 247, 214, 222, 207, 215, 210, 235, 246, 174, 221, 183, 229, 217, 215, 235, 243, 189, 199, 243], [189, 176, 182, 214, 190, 191, 245, 198, 200, 215, 205, 230, 206, 171, 197, 212, 165, 194, 179, 232, 208, 188, 186, 220, 207, 164, 175, 238, 220, 240], [267, 259, 192, 236, 179, 190, 194, 218, 263, 259, 195, 243, 239, 226, 212, 225, 209, 225, 264, 208, 250, 183, 261, 202, 227, 235, 184, 190, 186, 206]], "transportation_capacity": 582, "probability_original_quality_level": [[9.0, 16.0, 0.0, 6.0, 5.0, 1.0, 17.0, 13.0, 14.0, 18.0, 1.0], [8.0, 10.0, 2.0, 18.0, 4.0, 16.0, 0.0, 1.0, 19.0, 22.0, 0.0], [8.0, 5.0, 1.0, 17.0, 17.0, 15.0, 3.0, 11.0, 1.0, 18.0, 4.0], [5.0, 10.0, 12.0, 2.0, 16.0, 1.0, 11.0, 2.0, 18.0, 23.0, 0.0]], "number_hours_required_for_inspection": [0.5822951036865902, 0.972951037569469, 0.8851215895178055, 0.9473254724403684], "number_hours_available_for_inspection": [299, 347, 400], "expected_number_hours_required_for_repair": [2.2654378759973035, 2.198748222330291, 2.041751247504526, 2.341585012835044], "number_hours_available_for_repair": [824, 840, 865], "warehouse_capacity_of_facility": [799, 877, 796], "cost_of_inspection": [11.645902073731804, 19.45902075138938, 17.70243179035611, 18.94650944880737], "expected_cost_of_repair": [66.5081433364181, 64.7172660430125, 59.69395892352266, 69.52736877845494], "cost_of_transportation": [75, 92], "holding_cost": [2.247300736699531, 1.602768274060753, 1.4748515785897607], "rejection_cost": [3616783.0, 3616783.0, 3616783.0, 3616783.0]}