{"container_types": 4, "number_of_facilities": 2, "container_quality_level": 9, "time_periods": 30, "number_containers_arriving_to_facility_zero": [[267, 264, 236, 272, 289, 241, 175, 126, 196, 283, 204, 174, 249, 114, 283, 214, 292, 177, 232, 254, 207, 161, 201, 109, 102, 103, 233, 286, 132, 146], [272, 117, 202, 152, 290, 120, 213, 219, 256, 271, 247, 166, 273, 120, 266, 124, 119, 199, 222, 126, 140, 197, 172, 253, 187, 118, 189, 297, 181, 244], [187, 253, 269, 193, 171, 175, 114, 149, 211, 140, 235, 121, 194, 169, 273, 255, 176, 116, 121, 127, 187, 285, 105, 100, 125, 298, 152, 182, 113, 135], [249, 164, 177, 178, 261, 218, 191, 203, 163, 213, 283, 149, 177, 299, 291, 286, 245, 142, 138, 157, 227, 123, 186, 162, 136, 230, 119, 162, 130, 189]], "number_unexpected_containers_at_facilities": [[73, 47, 96], [64, 56, 7], [61, 85, 48], [56, 20, 72]], "number_good_quality_containers_at_facilities": [[36, 39, 84], [68, 35, 37], [28, 14, 46], [90, 43, 36]], "containers_demand_for_clients": [[179, 223, 202, 242, 170, 177, 200, 235, 166, 238, 166, 216, 190, 164, 182, 164, 219, 225, 181, 220, 175, 245, 217, 186, 232, 243, 195, 194, 210, 216], [188, 226, 188, 257, 261, 219, 244, 187, 256, 187, 222, 206, 234, 217, 254, 229, 186, 197, 222, 185, 229, 253, 239, 258, 189, 192, 183, 256, 250, 239], [200, 234, 216, 184, 229, 190, 170, 243, 198, 194, 177, 192, 202, 187, 243, 225, 184, 229, 242, 191, 169, 231, 229, 228, 168, 229, 184, 186, 218, 222], [205, 185, 164, 181, 196, 208, 220, 217, 202, 172, 153, 184, 201, 185, 162, 178, 193, 202, 202, 186, 178, 221, 207, 218, 153, 213, 181, 156, 151, 184]], "transportation_capacity": 522, "probability_original_quality_level": [[5.0, 3.0, 2.0, 9.0, 12.0, 5.0, 15.0, 14.0, 18.0, 14.0, 3.0], [8.0, 1.0, 6.0, 8.0, 2.0, 6.0, 17.0, 19.0, 10.0, 20.0, 3.0], [7.0, 12.0, 22.0, 9.0, 9.0, 2.0, 1.0, 6.0, 16.0, 12.0, 4.0], [10.0, 16.0, 4.0, 12.0, 8.0, 9.0, 8.0, 8.0, 10.0, 15.0, 0.0]], "number_hours_required_for_inspection": [0.7556780028990729, 0.43718335533471225, 0.8899290611666013, 0.6159650681834362], "number_hours_available_for_inspection": [326, 226, 235], "expected_number_hours_required_for_repair": [2.4023845101820416, 2.377801690109851, 1.856721460428671, 2.0557532191927974], "number_hours_available_for_repair": [752, 778, 761], "warehouse_capacity_of_facility": [869, 873, 828], "cost_of_inspection": [15.11356005798146, 8.743667106694245, 17.798581223332025, 12.319301363668725], "expected_cost_of_repair": [71.18172379186979, 69.8544811965432, 54.76938371659591, 59.722037862041226], "cost_of_transportation": [153, 76], "holding_cost": [2.864489098186188, 2.1868495749422077, 1.0477275598493314], "rejection_cost": [4778977.0, 4778977.0, 4778977.0, 4778977.0]}