{"container_types": 4, "number_of_facilities": 2, "container_quality_level": 9, "time_periods": 30, "number_containers_arriving_to_facility_zero": [[110, 280, 227, 240, 108, 138, 273, 130, 120, 169, 117, 201, 257, 215, 207, 296, 269, 116, 137, 290, 299, 221, 297, 105, 131, 145, 103, 203, 203, 146], [185, 143, 271, 244, 190, 116, 282, 229, 105, 255, 256, 128, 248, 142, 165, 219, 147, 264, 162, 174, 125, 195, 211, 256, 209, 242, 246, 142, 274, 206], [134, 129, 218, 281, 294, 280, 257, 221, 130, 191, 103, 214, 162, 127, 268, 203, 121, 108, 259, 270, 296, 275, 217, 273, 217, 192, 121, 119, 164, 225], [229, 294, 113, 154, 216, 245, 152, 260, 192, 115, 267, 297, 242, 246, 115, 265, 122, 237, 147, 148, 207, 254, 144, 188, 276, 268, 101, 231, 251, 210]], "number_unexpected_containers_at_facilities": [[97, 26, 4], [72, 39, 73], [71, 42, 20], [28, 65, 69]], "number_good_quality_containers_at_facilities": [[96, 28, 11], [29, 78, 56], [27, 44, 19], [45, 99, 64]], "containers_demand_for_clients": [[180, 223, 189, 252, 216, 196, 223, 246, 212, 251, 218, 204, 198, 217, 232, 225, 201, 200, 225, 188, 216, 200, 209, 246, 245, 202, 224, 174, 217, 200], [169, 174, 234, 218, 172, 199, 208, 230, 232, 194, 198, 218, 188, 191, 236, 207, 232, 168, 179, 192, 226, 168, 165, 169, 231, 201, 238, 220, 185, 175], [190, 197, 179, 198, 248, 170, 207, 193, 173, 248, 185, 203, 227, 180, 191, 224, 179, 254, 245, 227, 170, 253, 185, 210, 200, 205, 248, 171, 236, 240], [232, 230, 212, 227, 222, 246, 185, 219, 242, 182, 226, 179, 204, 179, 237, 188, 229, 205, 195, 243, 184, 217, 178, 194, 206, 223, 190, 207, 228, 207]], "transportation_capacity": 619, "probability_original_quality_level": [[5.0, 8.0, 13.0, 17.0, 13.0, 1.0, 3.0, 13.0, 8.0, 19.0, 0.0], [8.0, 17.0, 1.0, 9.0, 12.0, 20.0, 12.0, 1.0, 3.0, 16.0, 1.0], [5.0, 15.0, 9.0, 3.0, 4.0, 16.0, 16.0, 5.0, 3.0, 24.0, 0.0], [5.0, 6.0, 12.0, 13.0, 7.0, 9.0, 16.0, 6.0, 3.0, 21.0, 2.0]], "number_hours_required_for_inspection": [0.39239288137520023, 0.7388635018495466, 0.9022043144605799, 0.8918503500017103], "number_hours_available_for_inspection": [260, 252, 370], "expected_number_hours_required_for_repair": [2.1196715785656743, 1.938644208618647, 2.1891793968900037, 2.1355793707875184], "number_hours_available_for_repair": [822, 679, 799], "warehouse_capacity_of_facility": [755, 833, 915], "cost_of_inspection": [7.847857627504005, 14.777270036990933, 18.0440862892116, 17.837007000034205], "expected_cost_of_repair": [62.96765057371164, 57.09987796427147, 64.76874895705565, 63.105245107997305], "cost_of_transportation": [90, 150], "holding_cost": [2.8886104646738078, 2.2444050126894286, 1.2402632701541463], "rejection_cost": [5136579.0, 5136579.0, 5136579.0, 5136579.0]}