{"container_types": 4, "number_of_facilities": 2, "container_quality_level": 9, "time_periods": 30, "number_containers_arriving_to_facility_zero": [[268, 119, 293, 176, 188, 103, 145, 232, 174, 131, 153, 111, 153, 215, 265, 270, 219, 244, 245, 102, 167, 105, 175, 236, 275, 140, 105, 124, 138, 288], [233, 159, 293, 137, 295, 117, 129, 211, 129, 233, 192, 228, 241, 214, 285, 209, 106, 111, 167, 198, 257, 290, 199, 237, 179, 171, 193, 204, 172, 272], [108, 244, 179, 177, 273, 177, 108, 118, 149, 100, 212, 205, 210, 121, 208, 181, 250, 146, 176, 286, 280, 181, 158, 210, 228, 227, 286, 226, 118, 248], [186, 216, 184, 157, 142, 152, 115, 211, 148, 294, 187, 217, 196, 184, 262, 286, 116, 109, 282, 297, 161, 173, 163, 228, 128, 182, 210, 240, 274, 141]], "number_unexpected_containers_at_facilities": [[62, 5, 66], [88, 75, 55], [75, 92, 59], [22, 20, 68]], "number_good_quality_containers_at_facilities": [[45, 29, 67], [0, 81, 46], [73, 8, 49], [61, 58, 88]], "containers_demand_for_clients": [[167, 205, 179, 190, 227, 208, 220, 212, 242, 199, 176, 186, 173, 230, 215, 193, 214, 244, 171, 177, 171, 209, 179, 245, 215, 227, 181, 225, 184, 203], [201, 166, 188, 190, 162, 192, 198, 160, 176, 185, 217, 185, 223, 227, 232, 203, 202, 229, 200, 201, 160, 155, 215, 194, 189, 217, 181, 210, 214, 219], [230, 239, 180, 233, 209, 244, 234, 242, 187, 187, 242, 189, 178, 225, 208, 176, 239, 254, 252, 186, 192, 224, 172, 211, 176, 237, 170, 208, 212, 228], [220, 176, 219, 179, 177, 243, 189, 206, 225, 235, 231, 166, 175, 178, 221, 180, 240, 166, 170, 184, 185, 244, 177, 212, 168, 208, 223, 208, 164, 180]], "transportation_capacity": 449, "probability_original_quality_level": [[5.0, 7.0, 11.0, 16.0, 13.0, 12.0, 13.0, 3.0, 8.0, 11.0, 1.0], [10.0, 5.0, 0.0, 1.0, 10.0, 16.0, 14.0, 16.0, 5.0, 19.0, 4.0], [10.0, 7.0, 14.0, 22.0, 2.0, 6.0, 11.0, 8.0, 6.0, 13.0, 1.0], [8.0, 14.0, 17.0, 5.0, 10.0, 2.0, 11.0, 13.0, 13.0, 4.0, 3.0]], "number_hours_required_for_inspection": [0.7085665200196326, 0.6930538124226366, 0.7429017734612439, 0.5915352010305206], "number_hours_available_for_inspection": [230, 316, 227], "expected_number_hours_required_for_repair": [1.9502175570390075, 2.2874100415777083, 1.8708394266434478, 1.8559592632158017], "number_hours_available_for_repair": [782, 733, 612], "warehouse_capacity_of_facility": [843, 843, 883], "cost_of_inspection": [14.171330400392652, 13.861076248452733, 14.858035469224877, 11.830704020610412], "expected_cost_of_repair": [57.72018815406724, 67.34690523531778, 55.03115763948114, 54.421965808419685], "cost_of_transportation": [107, 84], "holding_cost": [2.2097592876831897, 1.5580014627401266, 1.608424543752252], "rejection_cost": [3527750.0, 3527750.0, 3527750.0, 3527750.0]}