{"container_types": 4, "number_of_facilities": 2, "container_quality_level": 9, "time_periods": 30, "number_containers_arriving_to_facility_zero": [[218, 141, 299, 225, 132, 143, 291, 180, 110, 215, 194, 102, 122, 240, 225, 268, 294, 237, 189, 186, 105, 157, 245, 168, 259, 147, 178, 284, 189, 241], [263, 122, 102, 157, 270, 163, 184, 200, 178, 133, 273, 227, 210, 112, 177, 162, 143, 127, 266, 134, 102, 292, 179, 229, 285, 257, 163, 274, 120, 238], [240, 278, 249, 278, 207, 106, 154, 115, 205, 165, 193, 143, 118, 236, 180, 135, 133, 169, 115, 231, 143, 226, 119, 174, 120, 161, 120, 261, 257, 152], [100, 182, 117, 188, 261, 246, 184, 288, 288, 184, 244, 141, 261, 173, 244, 209, 153, 255, 283, 200, 289, 144, 153, 297, 153, 148, 297, 158, 231, 238]], "number_unexpected_containers_at_facilities": [[98, 13, 99], [49, 32, 59], [6, 94, 50], [46, 99, 27]], "number_good_quality_containers_at_facilities": [[85, 58, 36], [49, 33, 50], [75, 78, 58], [20, 20, 39]], "containers_demand_for_clients": [[240, 240, 236, 253, 188, 224, 184, 211, 180, 178, 217, 231, 259, 259, 248, 213, 196, 186, 220, 211, 201, 243, 204, 254, 190, 243, 186, 227, 248, 177], [208, 176, 226, 172, 212, 233, 245, 246, 207, 172, 215, 198, 224, 189, 218, 170, 221, 170, 173, 177, 204, 200, 187, 187, 199, 195, 246, 221, 240, 213], [164, 162, 161, 174, 191, 224, 223, 161, 235, 161, 198, 191, 227, 211, 219, 219, 218, 189, 217, 195, 160, 237, 213, 179, 190, 196, 196, 225, 220, 224], [218, 203, 192, 173, 162, 175, 168, 164, 162, 199, 160, 172, 155, 161, 201, 160, 166, 185, 213, 188, 168, 199, 153, 219, 229, 174, 173, 220, 175, 206]], "transportation_capacity": 506, "probability_original_quality_level": [[8.0, 5.0, 8.0, 17.0, 5.0, 19.0, 13.0, 3.0, 0.0, 19.0, 3.0], [5.0, 12.0, 1.0, 0.0, 7.0, 14.0, 13.0, 10.0, 14.0, 22.0, 2.0], [5.0, 19.0, 14.0, 7.0, 1.0, 7.0, 11.0, 15.0, 14.0, 6.0, 1.0], [10.0, 20.0, 10.0, 1.0, 6.0, 4.0, 1.0, 4.0, 18.0, 26.0, 0.0]], "number_hours_required_for_inspection": [0.9175940816724988, 0.846647955403535, 0.40414999640343086, 0.3393814783155816], "number_hours_available_for_inspection": [287, 283, 252], "expected_number_hours_required_for_repair": [2.0190620608645595, 2.3684327332124187, 1.995401481419826, 2.135468453506192], "number_hours_available_for_repair": [861, 810, 635], "warehouse_capacity_of_facility": [890, 841, 801], "cost_of_inspection": [18.351881633449977, 16.9329591080707, 8.082999928068617, 6.787629566311631], "expected_cost_of_repair": [59.25355624240687, 70.31195405867884, 59.12009104939356, 62.67564716999177], "cost_of_transportation": [152, 86], "holding_cost": [2.617935543352051, 2.0839666353419366, 1.8418719072484733], "rejection_cost": [4818894.0, 4818894.0, 4818894.0, 4818894.0]}