{"container_types": 4, "number_of_facilities": 2, "container_quality_level": 9, "time_periods": 30, "number_containers_arriving_to_facility_zero": [[118, 126, 146, 118, 252, 152, 194, 226, 182, 118, 142, 142, 218, 106, 291, 241, 114, 159, 280, 110, 265, 112, 171, 149, 176, 227, 116, 103, 213, 118], [253, 292, 148, 109, 216, 231, 149, 218, 105, 222, 206, 278, 279, 148, 242, 269, 112, 267, 153, 241, 123, 265, 206, 140, 120, 177, 270, 190, 133, 138], [141, 162, 264, 242, 102, 158, 103, 120, 196, 137, 126, 279, 138, 267, 246, 179, 158, 209, 161, 218, 234, 180, 159, 113, 206, 185, 251, 187, 238, 247], [182, 189, 244, 239, 115, 262, 117, 119, 244, 200, 259, 232, 122, 170, 184, 277, 289, 282, 154, 143, 235, 135, 165, 232, 117, 292, 250, 290, 134, 160]], "number_unexpected_containers_at_facilities": [[45, 40, 8], [20, 63, 76], [55, 27, 98], [64, 9, 53]], "number_good_quality_containers_at_facilities": [[69, 13, 21], [11, 75, 73], [19, 9, 35], [16, 64, 86]], "containers_demand_for_clients": [[241, 178, 244, 192, 245, 224, 203, 203, 211, 190, 171, 218, 217, 199, 197, 231, 217, 222, 215, 229, 179, 233, 220, 222, 236, 184, 181, 250, 213, 191], [207, 185, 211, 188, 180, 204, 156, 169, 171, 143, 149, 191, 169, 175, 164, 154, 142, 159, 175, 188, 201, 189, 210, 152, 185, 149, 198, 188, 199, 144], [191, 169, 197, 224, 195, 223, 215, 191, 192, 184, 200, 245, 170, 173, 200, 237, 225, 185, 223, 196, 227, 232, 175, 219, 213, 225, 172, 223, 167, 225], [185, 203, 167, 173, 170, 206, 213, 173, 202, 158, 223, 223, 163, 232, 223, 198, 212, 176, 193, 212, 225, 202, 214, 168, 158, 192, 195, 190, 185, 213]], "transportation_capacity": 526, "probability_original_quality_level": [[7.0, 7.0, 8.0, 13.0, 14.0, 9.0, 3.0, 16.0, 8.0, 10.0, 5.0], [5.0, 12.0, 9.0, 11.0, 8.0, 5.0, 8.0, 6.0, 27.0, 7.0, 2.0], [8.0, 12.0, 14.0, 12.0, 4.0, 3.0, 7.0, 11.0, 9.0, 20.0, 0.0], [5.0, 11.0, 4.0, 16.0, 15.0, 17.0, 1.0, 14.0, 1.0, 16.0, 0.0]], "number_hours_required_for_inspection": [0.43790510733487414, 0.9994737825119457, 0.7252011597572331, 0.47731181110958226], "number_hours_available_for_inspection": [210, 225, 228], "expected_number_hours_required_for_repair": [1.9998249810333737, 2.0500336437770663, 2.0681293220353973, 2.081794629120998], "number_hours_available_for_repair": [544, 588, 540], "warehouse_capacity_of_facility": [831, 756, 804], "cost_of_inspection": [8.758102146697484, 19.989475650238916, 14.504023195144661, 9.546236222191645], "expected_cost_of_repair": [58.66975729793467, 60.759354794282935, 60.59035449876462, 61.863446448420056], "cost_of_transportation": [136, 123], "holding_cost": [2.897417117560054, 2.3290639609142114, 1.3124000201728165], "rejection_cost": [4488437.0, 4488437.0, 4488437.0, 4488437.0]}