{"container_types": 4, "number_of_facilities": 2, "container_quality_level": 9, "time_periods": 30, "number_containers_arriving_to_facility_zero": [[141, 246, 294, 236, 274, 290, 164, 138, 106, 286, 160, 234, 140, 170, 296, 224, 293, 187, 146, 244, 188, 285, 121, 266, 198, 204, 190, 128, 170, 203], [282, 287, 212, 249, 116, 128, 125, 192, 261, 174, 258, 200, 233, 237, 167, 295, 160, 203, 124, 200, 227, 136, 247, 174, 241, 109, 289, 228, 110, 126], [128, 275, 210, 272, 180, 148, 140, 106, 167, 189, 146, 141, 270, 223, 223, 168, 121, 246, 189, 267, 117, 270, 161, 180, 187, 169, 177, 181, 290, 136], [262, 115, 195, 263, 179, 211, 247, 117, 209, 130, 298, 284, 185, 212, 121, 137, 180, 139, 299, 289, 123, 287, 210, 169, 238, 287, 126, 137, 235, 220]], "number_unexpected_containers_at_facilities": [[33, 77, 98], [71, 0, 49], [24, 36, 69], [19, 30, 7]], "number_good_quality_containers_at_facilities": [[91, 9, 21], [66, 71, 4], [81, 28, 0], [80, 45, 60]], "containers_demand_for_clients": [[173, 181, 218, 184, 212, 222, 250, 217, 233, 176, 181, 188, 173, 203, 243, 245, 185, 191, 201, 180, 184, 248, 220, 242, 242, 173, 201, 173, 209, 245], [260, 220, 233, 219, 202, 222, 260, 188, 251, 193, 231, 224, 217, 261, 233, 252, 206, 210, 183, 234, 237, 214, 251, 178, 246, 247, 238, 248, 255, 226], [189, 175, 188, 246, 193, 214, 201, 236, 215, 215, 236, 232, 185, 204, 215, 182, 185, 223, 201, 244, 195, 228, 214, 247, 217, 200, 225, 221, 184, 234], [196, 200, 231, 183, 185, 227, 162, 197, 225, 203, 220, 175, 182, 212, 188, 205, 158, 214, 162, 162, 175, 201, 185, 184, 202, 164, 221, 207, 161, 158]], "transportation_capacity": 486, "probability_original_quality_level": [[5.0, 4.0, 6.0, 19.0, 2.0, 7.0, 21.0, 16.0, 11.0, 5.0, 4.0], [6.0, 12.0, 6.0, 27.0, 11.0, 2.0, 6.0, 2.0, 11.0, 16.0, 1.0], [10.0, 5.0, 12.0, 5.0, 7.0, 5.0, 14.0, 15.0, 15.0, 8.0, 4.0], [5.0, 15.0, 10.0, 17.0, 16.0, 13.0, 2.0, 1.0, 2.0, 15.0, 4.0]], "number_hours_required_for_inspection": [0.634872055217191, 0.5431895015072049, 0.89079316022306, 0.6848642877025555], "number_hours_available_for_inspection": [285, 279, 300], "expected_number_hours_required_for_repair": [2.158251206414101, 1.9870214283153593, 2.070219189557763, 1.7903912905623043], "number_hours_available_for_repair": [581, 730, 626], "warehouse_capacity_of_facility": [892, 874, 785], "cost_of_inspection": [12.69744110434382, 10.863790030144099, 17.8158632044612, 13.697285754051109], "expected_cost_of_repair": [63.910983790196596, 58.50756863732351, 60.53123517902737, 52.92199875078206], "cost_of_transportation": [127, 74], "holding_cost": [2.7822859654260945, 1.616252631260212, 1.4664689089643468], "rejection_cost": [4130518.0, 4130518.0, 4130518.0, 4130518.0]}