{"container_types": 4, "number_of_facilities": 2, "container_quality_level": 9, "time_periods": 30, "number_containers_arriving_to_facility_zero": [[288, 235, 135, 205, 107, 234, 187, 124, 256, 114, 197, 195, 223, 180, 175, 196, 248, 208, 247, 287, 187, 284, 153, 287, 266, 162, 225, 204, 133, 128], [183, 161, 275, 244, 228, 159, 239, 106, 298, 119, 104, 229, 273, 134, 191, 122, 122, 278, 280, 291, 258, 181, 249, 137, 200, 183, 195, 171, 297, 197], [276, 202, 151, 169, 117, 124, 287, 212, 248, 191, 106, 212, 115, 186, 144, 186, 283, 135, 200, 180, 110, 248, 211, 110, 115, 292, 118, 174, 251, 194], [218, 206, 272, 276, 293, 195, 109, 134, 147, 172, 121, 212, 275, 143, 268, 239, 209, 159, 142, 153, 239, 210, 210, 183, 116, 216, 107, 237, 208, 238]], "number_unexpected_containers_at_facilities": [[83, 76, 64], [24, 42, 41], [38, 35, 41], [27, 4, 91]], "number_good_quality_containers_at_facilities": [[54, 45, 66], [0, 35, 37], [74, 79, 83], [81, 34, 96]], "containers_demand_for_clients": [[213, 233, 170, 221, 238, 170, 241, 223, 194, 174, 207, 173, 234, 200, 169, 197, 225, 188, 175, 197, 193, 204, 207, 232, 221, 196, 208, 189, 175, 214], [201, 198, 246, 191, 233, 185, 246, 244, 227, 238, 230, 206, 184, 174, 187, 179, 232, 249, 244, 226, 228, 197, 216, 247, 191, 190, 240, 235, 218, 214], [185, 233, 229, 217, 168, 231, 232, 210, 181, 232, 184, 172, 245, 170, 223, 175, 238, 200, 227, 171, 204, 231, 211, 172, 195, 248, 194, 211, 246, 178], [183, 222, 231, 217, 194, 200, 195, 170, 201, 196, 179, 189, 233, 208, 165, 170, 210, 173, 166, 168, 162, 203, 209, 175, 169, 194, 175, 163, 170, 220]], "transportation_capacity": 441, "probability_original_quality_level": [[5.0, 9.0, 13.0, 9.0, 12.0, 11.0, 6.0, 10.0, 16.0, 4.0, 5.0], [7.0, 3.0, 14.0, 9.0, 11.0, 8.0, 10.0, 9.0, 6.0, 18.0, 5.0], [8.0, 2.0, 1.0, 17.0, 6.0, 17.0, 15.0, 14.0, 3.0, 12.0, 5.0], [10.0, 7.0, 11.0, 16.0, 18.0, 11.0, 0.0, 5.0, 0.0, 19.0, 3.0]], "number_hours_required_for_inspection": [0.49107168358084713, 0.392867228725362, 0.731701452087311, 0.9673058636192231], "number_hours_available_for_inspection": [287, 308, 290], "expected_number_hours_required_for_repair": [1.9236922482994334, 2.0769983096026046, 2.0742708028316104, 1.8668385403062313], "number_hours_available_for_repair": [556, 674, 704], "warehouse_capacity_of_facility": [866, 790, 884], "cost_of_inspection": [9.821433671616942, 7.85734457450724, 14.634029041746219, 19.34611727238446], "expected_cost_of_repair": [56.95860589022501, 61.16056700415913, 61.30720983555472, 54.81172528473471], "cost_of_transportation": [137, 111], "holding_cost": [2.18919360374473, 1.7294607842699374, 1.9336138308790944], "rejection_cost": [4059652.0, 4059652.0, 4059652.0, 4059652.0]}