{"container_types": 4, "number_of_facilities": 2, "container_quality_level": 9, "time_periods": 30, "number_containers_arriving_to_facility_zero": [[272, 275, 221, 119, 199, 170, 254, 199, 282, 287, 261, 261, 228, 162, 157, 122, 115, 129, 113, 132, 278, 143, 147, 122, 195, 175, 251, 270, 214, 296], [159, 282, 200, 161, 290, 285, 238, 205, 233, 293, 179, 275, 146, 155, 182, 257, 264, 228, 247, 253, 176, 265, 269, 109, 287, 108, 255, 153, 132, 202], [105, 116, 215, 208, 102, 192, 198, 241, 150, 204, 137, 190, 135, 271, 139, 159, 216, 207, 177, 208, 267, 238, 259, 153, 115, 116, 120, 182, 287, 198], [182, 244, 209, 248, 263, 103, 212, 146, 123, 121, 190, 101, 178, 252, 154, 249, 266, 299, 169, 161, 140, 263, 198, 292, 101, 143, 256, 183, 195, 233]], "number_unexpected_containers_at_facilities": [[49, 58, 7], [30, 35, 91], [2, 3, 1], [36, 19, 38]], "number_good_quality_containers_at_facilities": [[43, 67, 27], [31, 34, 73], [20, 42, 19], [54, 10, 82]], "containers_demand_for_clients": [[206, 206, 209, 220, 198, 199, 229, 204, 193, 177, 172, 227, 204, 218, 167, 170, 197, 218, 217, 174, 192, 233, 201, 210, 232, 214, 182, 216, 229, 189], [207, 213, 209, 170, 172, 213, 236, 243, 200, 230, 241, 205, 240, 200, 231, 197, 233, 241, 213, 184, 232, 189, 187, 203, 200, 240, 239, 218, 247, 183], [200, 241, 270, 189, 200, 259, 269, 222, 245, 203, 230, 190, 266, 196, 191, 226, 264, 227, 194, 227, 215, 236, 186, 186, 203, 211, 182, 239, 218, 208], [166, 167, 209, 175, 155, 168, 181, 164, 205, 164, 206, 182, 176, 201, 176, 151, 187, 162, 217, 199, 217, 210, 159, 173, 196, 167, 167, 160, 167, 162]], "transportation_capacity": 483, "probability_original_quality_level": [[8.0, 6.0, 6.0, 18.0, 10.0, 11.0, 10.0, 5.0, 7.0, 18.0, 1.0], [7.0, 19.0, 6.0, 11.0, 1.0, 2.0, 17.0, 17.0, 13.0, 6.0, 1.0], [9.0, 11.0, 16.0, 13.0, 1.0, 6.0, 15.0, 10.0, 3.0, 13.0, 3.0], [10.0, 12.0, 12.0, 17.0, 17.0, 6.0, 4.0, 6.0, 0.0, 15.0, 1.0]], "number_hours_required_for_inspection": [0.8581858330073039, 0.8293768863128069, 0.42131725403964343, 0.629569668291564], "number_hours_available_for_inspection": [253, 259, 279], "expected_number_hours_required_for_repair": [2.1281523896641947, 1.9728092252449219, 1.8704607046120598, 1.7797397601446008], "number_hours_available_for_repair": [574, 730, 776], "warehouse_capacity_of_facility": [792, 894, 831], "cost_of_inspection": [17.16371666014608, 16.587537726256137, 8.426345080792869, 12.59139336583128], "expected_cost_of_repair": [62.64523418080083, 58.21439445035421, 54.78922235529312, 52.20168222642038], "cost_of_transportation": [111, 127], "holding_cost": [2.1609076160782097, 1.5717666893771192, 1.9639359991236767], "rejection_cost": [3992013.0, 3992013.0, 3992013.0, 3992013.0]}