{"container_types": 4, "number_of_facilities": 2, "container_quality_level": 9, "time_periods": 30, "number_containers_arriving_to_facility_zero": [[257, 175, 263, 250, 158, 223, 184, 157, 249, 111, 181, 280, 101, 169, 115, 189, 173, 220, 116, 155, 108, 223, 232, 182, 177, 117, 121, 212, 149, 101], [259, 114, 222, 137, 137, 128, 116, 130, 223, 227, 108, 286, 257, 293, 250, 232, 232, 241, 275, 118, 104, 136, 249, 225, 131, 293, 243, 100, 163, 291], [218, 130, 250, 130, 188, 171, 170, 262, 127, 257, 130, 129, 189, 267, 218, 295, 212, 144, 258, 156, 110, 147, 275, 297, 105, 156, 117, 283, 235, 147], [252, 179, 228, 204, 202, 147, 191, 119, 237, 266, 161, 181, 211, 246, 153, 247, 269, 271, 215, 135, 233, 198, 284, 224, 132, 254, 259, 192, 248, 244]], "number_unexpected_containers_at_facilities": [[58, 67, 77], [58, 65, 97], [54, 70, 43], [77, 34, 24]], "number_good_quality_containers_at_facilities": [[88, 12, 88], [94, 31, 0], [67, 36, 80], [87, 32, 20]], "containers_demand_for_clients": [[203, 236, 243, 231, 245, 221, 234, 201, 236, 244, 261, 185, 221, 249, 246, 250, 219, 236, 185, 256, 213, 246, 197, 193, 264, 221, 254, 203, 227, 202], [184, 218, 217, 188, 214, 188, 207, 194, 180, 227, 186, 165, 154, 192, 157, 168, 170, 177, 195, 225, 215, 211, 196, 215, 174, 212, 224, 161, 226, 190], [201, 213, 192, 183, 188, 212, 207, 175, 180, 237, 218, 241, 224, 197, 206, 229, 175, 178, 237, 235, 213, 198, 213, 198, 182, 244, 227, 237, 227, 180], [235, 165, 170, 169, 200, 233, 241, 168, 211, 209, 200, 165, 192, 188, 166, 169, 197, 224, 225, 215, 185, 201, 164, 235, 225, 231, 193, 174, 170, 178]], "transportation_capacity": 601, "probability_original_quality_level": [[10.0, 13.0, 5.0, 10.0, 17.0, 5.0, 11.0, 0.0, 13.0, 11.0, 5.0], [9.0, 12.0, 15.0, 3.0, 5.0, 12.0, 14.0, 10.0, 4.0, 11.0, 5.0], [8.0, 9.0, 6.0, 13.0, 12.0, 25.0, 14.0, 5.0, 4.0, 4.0, 0.0], [6.0, 5.0, 3.0, 17.0, 24.0, 3.0, 1.0, 2.0, 14.0, 23.0, 2.0]], "number_hours_required_for_inspection": [0.6138157916241485, 0.6437531996538516, 0.6243569139780083, 0.5969159352775381], "number_hours_available_for_inspection": [299, 268, 295], "expected_number_hours_required_for_repair": [1.8658802523226186, 1.8419808924787429, 1.8712578575978245, 2.212881618049006], "number_hours_available_for_repair": [547, 628, 632], "warehouse_capacity_of_facility": [779, 764, 862], "cost_of_inspection": [12.276315832482968, 12.875063993077031, 12.487138279560167, 11.938318705550762], "expected_cost_of_repair": [54.474483117072225, 54.209044668901115, 54.99103197157138, 65.18848393853405], "cost_of_transportation": [64, 145], "holding_cost": [2.9056914446119233, 1.5670034364773548, 1.5573753069371585], "rejection_cost": [4783804.0, 4783804.0, 4783804.0, 4783804.0]}