{"container_types": 4, "number_of_facilities": 2, "container_quality_level": 9, "time_periods": 30, "number_containers_arriving_to_facility_zero": [[169, 103, 141, 276, 256, 274, 106, 199, 201, 207, 126, 126, 224, 282, 183, 277, 214, 166, 110, 255, 163, 225, 132, 246, 295, 129, 206, 223, 153, 128], [100, 120, 185, 183, 237, 179, 179, 195, 128, 260, 234, 191, 228, 290, 280, 168, 123, 142, 288, 128, 148, 160, 188, 294, 158, 226, 180, 116, 160, 143], [273, 189, 244, 285, 119, 152, 112, 185, 213, 266, 113, 213, 228, 278, 248, 173, 202, 262, 171, 288, 247, 175, 150, 284, 118, 106, 185, 276, 177, 283], [112, 145, 160, 119, 227, 147, 292, 254, 167, 239, 283, 281, 175, 171, 162, 195, 172, 109, 151, 251, 267, 284, 241, 270, 164, 240, 137, 100, 214, 141]], "number_unexpected_containers_at_facilities": [[86, 44, 18], [28, 22, 79], [67, 25, 60], [17, 98, 55]], "number_good_quality_containers_at_facilities": [[81, 86, 82], [62, 85, 44], [87, 8, 46], [49, 46, 73]], "containers_demand_for_clients": [[244, 244, 196, 193, 234, 168, 204, 197, 167, 231, 165, 234, 185, 173, 198, 182, 169, 184, 168, 229, 200, 227, 236, 243, 233, 185, 165, 195, 229, 174], [217, 192, 197, 171, 191, 184, 209, 217, 236, 192, 213, 189, 210, 165, 238, 219, 190, 225, 242, 215, 243, 171, 215, 199, 194, 231, 198, 183, 233, 187], [227, 210, 223, 189, 182, 186, 181, 164, 178, 175, 235, 222, 233, 189, 187, 189, 216, 222, 228, 193, 211, 200, 228, 162, 204, 230, 191, 231, 160, 227], [226, 218, 252, 241, 192, 210, 234, 207, 252, 192, 250, 252, 220, 229, 255, 208, 233, 247, 247, 231, 191, 243, 234, 205, 182, 198, 184, 215, 178, 250]], "transportation_capacity": 654, "probability_original_quality_level": [[6.0, 8.0, 12.0, 3.0, 4.0, 13.0, 13.0, 10.0, 11.0, 15.0, 5.0], [5.0, 16.0, 10.0, 20.0, 0.0, 7.0, 4.0, 19.0, 5.0, 13.0, 1.0], [9.0, 12.0, 13.0, 12.0, 3.0, 11.0, 12.0, 3.0, 10.0, 10.0, 5.0], [6.0, 7.0, 3.0, 16.0, 15.0, 18.0, 9.0, 3.0, 11.0, 7.0, 5.0]], "number_hours_required_for_inspection": [0.47941750603687083, 0.9426750071409223, 0.7329544449872938, 0.35246216407446745], "number_hours_available_for_inspection": [211, 301, 244], "expected_number_hours_required_for_repair": [2.047030687373724, 1.9962183530750315, 1.824655426743294, 1.930690496577198], "number_hours_available_for_repair": [554, 753, 652], "warehouse_capacity_of_facility": [906, 814, 813], "cost_of_inspection": [9.588350120737417, 18.853500142818447, 14.659088899745875, 7.049243281489349], "expected_cost_of_repair": [60.534063930607445, 59.13164634221656, 53.32184825399856, 56.89499439855295], "cost_of_transportation": [123, 110], "holding_cost": [2.660893700645381, 2.2977131331397755, 1.9078458417159248], "rejection_cost": [5031711.0, 5031711.0, 5031711.0, 5031711.0]}