{"container_types": 4, "number_of_facilities": 2, "container_quality_level": 9, "time_periods": 30, "number_containers_arriving_to_facility_zero": [[220, 111, 114, 204, 285, 233, 274, 241, 125, 191, 105, 210, 295, 158, 114, 108, 250, 289, 205, 175, 244, 152, 152, 115, 233, 124, 208, 116, 156, 150], [121, 232, 106, 141, 252, 201, 191, 224, 248, 287, 232, 141, 202, 288, 116, 256, 180, 191, 165, 292, 266, 116, 277, 220, 262, 274, 129, 141, 205, 193], [185, 222, 161, 218, 252, 132, 249, 208, 103, 299, 171, 239, 222, 251, 123, 121, 299, 248, 185, 220, 103, 239, 190, 117, 257, 149, 150, 294, 287, 154], [160, 194, 240, 285, 169, 268, 233, 119, 190, 137, 188, 284, 205, 100, 293, 131, 290, 124, 204, 260, 209, 281, 118, 210, 110, 235, 113, 206, 160, 149]], "number_unexpected_containers_at_facilities": [[91, 55, 67], [50, 9, 43], [0, 86, 10], [92, 48, 21]], "number_good_quality_containers_at_facilities": [[69, 81, 73], [67, 24, 18], [95, 17, 83], [63, 9, 17]], "containers_demand_for_clients": [[197, 224, 188, 200, 215, 238, 229, 177, 230, 206, 216, 164, 216, 239, 168, 163, 176, 233, 176, 190, 200, 230, 231, 217, 213, 229, 165, 207, 190, 203], [182, 194, 185, 225, 217, 234, 170, 218, 163, 193, 192, 188, 235, 163, 187, 206, 161, 192, 206, 231, 173, 162, 222, 193, 218, 163, 170, 234, 178, 183], [198, 239, 178, 229, 242, 224, 203, 247, 185, 247, 238, 190, 169, 244, 185, 253, 247, 174, 194, 234, 195, 249, 205, 190, 190, 212, 253, 236, 250, 191], [247, 179, 216, 186, 213, 175, 214, 246, 175, 181, 172, 238, 219, 223, 244, 206, 234, 191, 176, 253, 201, 226, 214, 182, 208, 177, 235, 197, 237, 208]], "transportation_capacity": 474, "probability_original_quality_level": [[7.0, 23.0, 6.0, 8.0, 14.0, 7.0, 7.0, 17.0, 1.0, 7.0, 3.0], [7.0, 4.0, 5.0, 21.0, 9.0, 2.0, 1.0, 17.0, 15.0, 18.0, 1.0], [10.0, 1.0, 8.0, 10.0, 18.0, 2.0, 16.0, 7.0, 5.0, 18.0, 5.0], [6.0, 8.0, 11.0, 17.0, 9.0, 24.0, 0.0, 9.0, 7.0, 6.0, 3.0]], "number_hours_required_for_inspection": [0.41316537978921924, 0.9671915649158513, 0.6364703355843745, 0.784944506543841], "number_hours_available_for_inspection": [298, 297, 323], "expected_number_hours_required_for_repair": [1.7639580971415507, 2.2727324613803126, 2.028466131548459, 1.8687164333686912], "number_hours_available_for_repair": [622, 692, 736], "warehouse_capacity_of_facility": [828, 780, 859], "cost_of_inspection": [8.263307595784385, 19.343831298317028, 12.72940671168749, 15.69889013087682], "expected_cost_of_repair": [52.03952652468238, 67.17615610617742, 59.18492983957305, 55.056638729366306], "cost_of_transportation": [82, 81], "holding_cost": [2.47834573554179, 2.3199171390094775, 1.4395455373175166], "rejection_cost": [3472786.0, 3472786.0, 3472786.0, 3472786.0]}