{"container_types": 4, "number_of_facilities": 2, "container_quality_level": 9, "time_periods": 30, "number_containers_arriving_to_facility_zero": [[174, 276, 255, 193, 153, 229, 196, 294, 296, 178, 298, 251, 132, 120, 207, 167, 108, 221, 292, 278, 135, 175, 197, 241, 283, 250, 265, 257, 148, 155], [234, 257, 202, 251, 133, 131, 230, 289, 139, 168, 106, 153, 243, 218, 237, 294, 161, 254, 243, 112, 154, 127, 143, 154, 289, 285, 159, 105, 218, 143], [262, 275, 206, 128, 196, 158, 210, 136, 232, 170, 133, 222, 283, 169, 297, 157, 203, 220, 149, 284, 257, 123, 254, 273, 295, 173, 110, 273, 294, 235], [182, 204, 248, 240, 228, 120, 132, 185, 219, 189, 129, 173, 134, 283, 183, 274, 243, 257, 149, 159, 235, 258, 110, 132, 161, 136, 121, 203, 170, 141]], "number_unexpected_containers_at_facilities": [[46, 57, 75], [92, 36, 63], [13, 54, 28], [78, 19, 95]], "number_good_quality_containers_at_facilities": [[33, 65, 40], [72, 30, 30], [80, 45, 79], [94, 33, 76]], "containers_demand_for_clients": [[188, 178, 188, 171, 165, 168, 212, 227, 163, 210, 175, 195, 207, 208, 232, 167, 220, 222, 233, 228, 233, 191, 222, 216, 179, 184, 196, 231, 234, 185], [267, 262, 240, 193, 235, 247, 194, 199, 201, 230, 238, 256, 211, 254, 252, 196, 196, 204, 248, 216, 200, 203, 183, 199, 193, 246, 257, 264, 206, 201], [184, 232, 217, 200, 181, 177, 167, 186, 217, 173, 168, 192, 184, 169, 212, 191, 242, 192, 190, 213, 176, 165, 189, 171, 209, 208, 169, 225, 164, 242], [190, 206, 180, 209, 185, 227, 182, 230, 259, 197, 209, 198, 216, 198, 184, 245, 232, 178, 187, 235, 247, 191, 252, 178, 230, 259, 243, 222, 202, 245]], "transportation_capacity": 474, "probability_original_quality_level": [[7.0, 3.0, 16.0, 0.0, 10.0, 22.0, 7.0, 0.0, 22.0, 13.0, 0.0], [8.0, 10.0, 8.0, 19.0, 3.0, 0.0, 9.0, 0.0, 14.0, 28.0, 1.0], [7.0, 11.0, 9.0, 9.0, 17.0, 16.0, 11.0, 3.0, 4.0, 9.0, 4.0], [8.0, 0.0, 22.0, 6.0, 17.0, 1.0, 9.0, 10.0, 5.0, 21.0, 1.0]], "number_hours_required_for_inspection": [0.6683628782940699, 0.7902885356527529, 0.8450142596774498, 0.6747189361047753], "number_hours_available_for_inspection": [269, 374, 302], "expected_number_hours_required_for_repair": [2.229486914026804, 2.1519034739573373, 1.8240797925884396, 2.0445256535889977], "number_hours_available_for_repair": [709, 630, 686], "warehouse_capacity_of_facility": [915, 854, 792], "cost_of_inspection": [13.367257565881399, 15.805770713055058, 16.900285193548996, 13.494378722095506], "expected_cost_of_repair": [66.00492922218213, 62.98247881787114, 53.60614525095811, 60.247840757364344], "cost_of_transportation": [131, 140], "holding_cost": [2.807945266404848, 1.8762405588804771, 1.5564729607199346], "rejection_cost": [4430773.0, 4430773.0, 4430773.0, 4430773.0]}