{"container_types": 4, "number_of_facilities": 2, "container_quality_level": 9, "time_periods": 30, "number_containers_arriving_to_facility_zero": [[104, 179, 155, 138, 100, 146, 170, 133, 101, 107, 290, 169, 243, 107, 104, 134, 120, 284, 135, 122, 167, 223, 219, 279, 119, 155, 283, 211, 115, 181], [146, 196, 194, 195, 235, 292, 279, 225, 133, 209, 173, 281, 258, 204, 226, 107, 292, 166, 173, 266, 100, 266, 167, 219, 115, 273, 147, 216, 146, 164], [219, 179, 261, 280, 162, 238, 101, 202, 271, 230, 256, 280, 232, 111, 185, 297, 298, 212, 274, 298, 292, 141, 212, 298, 122, 208, 155, 194, 200, 213], [163, 229, 151, 215, 149, 288, 266, 131, 268, 278, 226, 122, 232, 181, 284, 191, 107, 281, 287, 277, 185, 112, 260, 246, 104, 236, 260, 169, 109, 174]], "number_unexpected_containers_at_facilities": [[36, 46, 83], [33, 97, 38], [88, 8, 97], [75, 44, 58]], "number_good_quality_containers_at_facilities": [[27, 39, 7], [22, 2, 57], [3, 4, 67], [96, 51, 44]], "containers_demand_for_clients": [[236, 206, 226, 251, 205, 201, 244, 206, 252, 245, 208, 227, 203, 226, 222, 208, 201, 229, 180, 256, 225, 213, 184, 204, 222, 211, 184, 227, 204, 184], [199, 178, 162, 157, 139, 167, 147, 183, 186, 151, 170, 179, 192, 170, 155, 175, 174, 176, 153, 192, 194, 146, 192, 187, 139, 153, 184, 206, 170, 162], [169, 178, 172, 225, 243, 178, 229, 227, 219, 231, 215, 223, 232, 230, 208, 226, 235, 246, 194, 173, 228, 246, 228, 171, 191, 200, 236, 170, 189, 235], [255, 253, 185, 231, 261, 183, 249, 237, 220, 205, 191, 233, 254, 193, 242, 266, 236, 229, 203, 260, 257, 196, 242, 221, 255, 204, 194, 257, 265, 243]], "transportation_capacity": 518, "probability_original_quality_level": [[9.0, 13.0, 9.0, 12.0, 12.0, 12.0, 5.0, 1.0, 10.0, 14.0, 3.0], [5.0, 16.0, 11.0, 22.0, 10.0, 7.0, 12.0, 0.0, 3.0, 11.0, 3.0], [5.0, 11.0, 12.0, 13.0, 4.0, 10.0, 13.0, 4.0, 6.0, 18.0, 4.0], [7.0, 6.0, 15.0, 13.0, 12.0, 8.0, 4.0, 15.0, 10.0, 6.0, 4.0]], "number_hours_required_for_inspection": [0.9164913625086301, 0.5483063389769235, 0.8156979157684178, 0.8055838452579461], "number_hours_available_for_inspection": [357, 321, 264], "expected_number_hours_required_for_repair": [1.8905441787994912, 1.7447273558398542, 2.0538310611611075, 1.9465192388059827], "number_hours_available_for_repair": [622, 657, 577], "warehouse_capacity_of_facility": [902, 858, 769], "cost_of_inspection": [18.329827250172603, 10.96612677953847, 16.313958315368357, 16.111676905158923], "expected_cost_of_repair": [55.46578105473904, 51.652374687443356, 60.67893032852989, 57.05372604879966], "cost_of_transportation": [142, 138], "holding_cost": [2.718813075978276, 2.296516018550882, 1.2367626567348937], "rejection_cost": [4628245.0, 4628245.0, 4628245.0, 4628245.0]}