{"container_types": 4, "number_of_facilities": 2, "container_quality_level": 9, "time_periods": 30, "number_containers_arriving_to_facility_zero": [[182, 161, 272, 279, 290, 176, 118, 246, 264, 269, 282, 205, 148, 192, 144, 182, 136, 161, 288, 275, 187, 226, 191, 245, 157, 132, 275, 277, 238, 210], [210, 292, 191, 251, 210, 112, 296, 168, 250, 295, 116, 217, 225, 170, 165, 277, 250, 106, 155, 207, 121, 288, 287, 157, 159, 274, 292, 203, 200, 287], [271, 248, 105, 287, 240, 285, 264, 102, 216, 166, 128, 145, 249, 265, 177, 119, 293, 211, 194, 194, 171, 124, 154, 162, 255, 275, 216, 147, 255, 260], [184, 232, 207, 173, 129, 152, 254, 223, 130, 288, 215, 251, 193, 104, 207, 152, 291, 299, 147, 276, 123, 180, 162, 205, 190, 229, 146, 146, 224, 118]], "number_unexpected_containers_at_facilities": [[82, 6, 26], [82, 40, 0], [65, 33, 15], [72, 2, 53]], "number_good_quality_containers_at_facilities": [[71, 37, 49], [94, 99, 12], [69, 83, 46], [9, 35, 41]], "containers_demand_for_clients": [[202, 201, 202, 181, 199, 198, 192, 179, 229, 188, 217, 202, 233, 181, 235, 189, 201, 229, 181, 225, 186, 235, 240, 197, 218, 214, 225, 212, 211, 217], [197, 251, 229, 243, 187, 231, 183, 186, 239, 223, 203, 227, 200, 245, 193, 230, 208, 212, 186, 224, 235, 245, 206, 189, 180, 261, 241, 265, 191, 223], [183, 222, 263, 219, 211, 268, 236, 211, 219, 203, 254, 218, 210, 220, 204, 262, 223, 242, 263, 204, 215, 237, 248, 255, 244, 266, 222, 212, 238, 204], [189, 248, 185, 202, 239, 228, 185, 238, 204, 229, 218, 194, 184, 231, 204, 189, 256, 219, 255, 182, 184, 199, 218, 198, 217, 200, 201, 251, 196, 244]], "transportation_capacity": 615, "probability_original_quality_level": [[9.0, 6.0, 7.0, 13.0, 6.0, 8.0, 19.0, 17.0, 6.0, 5.0, 4.0], [10.0, 6.0, 9.0, 5.0, 13.0, 18.0, 2.0, 5.0, 18.0, 9.0, 5.0], [7.0, 6.0, 17.0, 19.0, 12.0, 11.0, 8.0, 5.0, 2.0, 12.0, 1.0], [5.0, 2.0, 12.0, 15.0, 20.0, 10.0, 5.0, 14.0, 1.0, 14.0, 2.0]], "number_hours_required_for_inspection": [0.6635400093803462, 0.6842944229543764, 0.9605296728895961, 0.6848109279504003], "number_hours_available_for_inspection": [272, 261, 284], "expected_number_hours_required_for_repair": [1.9844025879442837, 2.0011402207313087, 1.9275115415724242, 2.02221800929677], "number_hours_available_for_repair": [598, 689, 772], "warehouse_capacity_of_facility": [906, 880, 888], "cost_of_inspection": [13.270800187606923, 13.685888459087527, 19.210593457791923, 13.696218559008006], "expected_cost_of_repair": [58.04008929828633, 58.049488178801305, 56.42623289781595, 60.01082293452311], "cost_of_transportation": [110, 88], "holding_cost": [2.3266059027937036, 2.3697148047885443, 1.8247776403365554], "rejection_cost": [4644720.0, 4644720.0, 4644720.0, 4644720.0]}