{"container_types": 4, "number_of_facilities": 2, "container_quality_level": 9, "time_periods": 30, "number_containers_arriving_to_facility_zero": [[160, 273, 160, 198, 287, 185, 274, 207, 155, 298, 121, 109, 155, 150, 257, 229, 279, 145, 180, 141, 205, 242, 246, 213, 201, 104, 245, 208, 290, 182], [149, 131, 272, 190, 286, 111, 214, 146, 123, 109, 182, 241, 219, 102, 222, 161, 191, 185, 280, 177, 240, 110, 287, 127, 226, 156, 295, 251, 147, 222], [245, 292, 159, 208, 151, 236, 135, 186, 258, 155, 238, 281, 113, 287, 266, 144, 153, 248, 239, 129, 101, 244, 140, 293, 150, 195, 244, 246, 154, 237], [235, 155, 238, 109, 254, 131, 102, 235, 226, 119, 182, 106, 282, 175, 190, 277, 191, 256, 244, 193, 221, 101, 268, 132, 231, 149, 237, 174, 200, 275]], "number_unexpected_containers_at_facilities": [[89, 88, 68], [25, 35, 88], [97, 66, 64], [95, 81, 65]], "number_good_quality_containers_at_facilities": [[52, 1, 21], [66, 31, 15], [75, 57, 98], [61, 89, 51]], "containers_demand_for_clients": [[215, 169, 236, 235, 202, 182, 201, 174, 173, 250, 221, 172, 204, 200, 231, 222, 205, 246, 204, 233, 237, 174, 216, 203, 218, 181, 248, 178, 170, 239], [197, 175, 229, 214, 186, 254, 209, 233, 239, 182, 240, 230, 219, 192, 200, 221, 214, 187, 253, 245, 216, 216, 196, 182, 226, 177, 218, 185, 182, 236], [173, 191, 181, 201, 184, 239, 186, 168, 204, 234, 195, 196, 184, 162, 234, 184, 199, 202, 209, 203, 178, 172, 161, 193, 202, 166, 235, 219, 213, 163], [209, 184, 214, 201, 176, 221, 240, 208, 259, 180, 194, 198, 222, 219, 218, 184, 199, 190, 228, 236, 250, 250, 212, 254, 222, 203, 255, 226, 242, 217]], "transportation_capacity": 630, "probability_original_quality_level": [[10.0, 15.0, 10.0, 15.0, 7.0, 2.0, 0.0, 9.0, 9.0, 20.0, 3.0], [10.0, 17.0, 6.0, 9.0, 5.0, 6.0, 17.0, 12.0, 10.0, 5.0, 3.0], [10.0, 10.0, 7.0, 17.0, 12.0, 5.0, 4.0, 14.0, 6.0, 11.0, 4.0], [9.0, 11.0, 11.0, 3.0, 10.0, 14.0, 4.0, 18.0, 11.0, 7.0, 2.0]], "number_hours_required_for_inspection": [0.5689092391180002, 0.8106129890235239, 0.6356957411521116, 0.39590273892580446], "number_hours_available_for_inspection": [295, 295, 292], "expected_number_hours_required_for_repair": [1.9165062043544492, 1.8841389131610047, 1.9411621307203208, 1.9316421368698178], "number_hours_available_for_repair": [694, 540, 602], "warehouse_capacity_of_facility": [893, 836, 764], "cost_of_inspection": [11.378184782360004, 16.212259780470475, 12.71391482304223, 7.9180547785160895], "expected_cost_of_repair": [55.79833049893355, 54.590855026660655, 56.994474090467, 56.93663484350559], "cost_of_transportation": [100, 105], "holding_cost": [2.6140245215346143, 1.6295630313161955, 1.948406955691801], "rejection_cost": [4321611.0, 4321611.0, 4321611.0, 4321611.0]}