{"container_types": 4, "number_of_facilities": 2, "container_quality_level": 9, "time_periods": 30, "number_containers_arriving_to_facility_zero": [[201, 255, 158, 234, 132, 131, 145, 172, 111, 170, 242, 289, 203, 235, 109, 261, 120, 252, 211, 207, 153, 100, 163, 140, 206, 148, 118, 184, 179, 231], [201, 136, 129, 103, 217, 206, 151, 122, 168, 257, 206, 133, 219, 234, 104, 230, 236, 167, 252, 283, 156, 238, 200, 299, 255, 177, 143, 298, 115, 167], [167, 264, 206, 258, 203, 140, 266, 156, 187, 265, 283, 225, 126, 113, 155, 183, 290, 189, 101, 213, 150, 215, 132, 135, 144, 285, 113, 237, 111, 143], [257, 128, 180, 195, 279, 121, 208, 198, 235, 106, 146, 201, 147, 189, 187, 103, 141, 264, 212, 127, 202, 143, 175, 211, 275, 196, 128, 245, 260, 191]], "number_unexpected_containers_at_facilities": [[2, 46, 15], [66, 70, 52], [50, 52, 7], [98, 20, 34]], "number_good_quality_containers_at_facilities": [[2, 91, 14], [72, 90, 29], [90, 19, 83], [99, 61, 39]], "containers_demand_for_clients": [[162, 175, 183, 207, 176, 169, 232, 223, 194, 166, 233, 183, 201, 178, 178, 165, 210, 161, 212, 230, 187, 182, 168, 210, 227, 234, 190, 237, 178, 192], [213, 157, 155, 196, 151, 192, 208, 181, 171, 188, 153, 173, 214, 210, 205, 182, 188, 194, 185, 165, 200, 186, 217, 180, 181, 194, 173, 212, 218, 190], [217, 205, 201, 205, 230, 180, 207, 220, 216, 184, 202, 195, 189, 196, 212, 225, 222, 219, 170, 239, 203, 210, 182, 196, 209, 219, 214, 240, 234, 173], [206, 237, 232, 168, 188, 164, 226, 194, 161, 228, 186, 163, 225, 194, 171, 215, 185, 201, 196, 168, 217, 179, 220, 186, 195, 162, 235, 228, 177, 230]], "transportation_capacity": 581, "probability_original_quality_level": [[10.0, 0.0, 21.0, 3.0, 16.0, 4.0, 20.0, 19.0, 2.0, 5.0, 0.0], [9.0, 16.0, 15.0, 0.0, 6.0, 8.0, 20.0, 16.0, 2.0, 6.0, 2.0], [7.0, 5.0, 7.0, 13.0, 8.0, 6.0, 15.0, 15.0, 7.0, 16.0, 1.0], [10.0, 12.0, 4.0, 5.0, 13.0, 0.0, 16.0, 1.0, 16.0, 23.0, 0.0]], "number_hours_required_for_inspection": [0.6493392405352735, 0.8106512838573541, 0.5753662450856031, 0.46821769985618256], "number_hours_available_for_inspection": [215, 223, 231], "expected_number_hours_required_for_repair": [2.006013640937492, 1.847804215397603, 2.2024794498135525, 2.2182248911753364], "number_hours_available_for_repair": [755, 683, 563], "warehouse_capacity_of_facility": [818, 782, 866], "cost_of_inspection": [12.986784810705469, 16.21302567714708, 11.507324901712062, 9.36435399712365], "expected_cost_of_repair": [58.95311721479064, 54.40151799631582, 64.960578945894, 64.631021732577], "cost_of_transportation": [112, 80], "holding_cost": [2.002322193707346, 2.053637348071759, 1.5387828656989342], "rejection_cost": [4023007.0, 4023007.0, 4023007.0, 4023007.0]}