{"container_types": 4, "number_of_facilities": 2, "container_quality_level": 5, "time_periods": 30, "number_containers_arriving_to_facility_zero": [[249, 230, 119, 207, 290, 163, 139, 299, 244, 222, 232, 267, 161, 125, 227, 232, 185, 239, 228, 257, 271, 158, 248, 110, 109, 127, 112, 264, 224, 105], [108, 170, 156, 268, 200, 245, 185, 173, 226, 191, 265, 215, 111, 210, 297, 139, 131, 148, 170, 198, 250, 177, 198, 189, 291, 297, 122, 173, 104, 262], [177, 122, 189, 272, 191, 237, 151, 200, 280, 109, 201, 104, 240, 160, 232, 197, 197, 124, 260, 160, 247, 130, 181, 255, 283, 237, 141, 139, 227, 242], [215, 212, 228, 218, 136, 108, 136, 232, 290, 217, 118, 291, 155, 218, 271, 269, 117, 210, 119, 147, 162, 226, 125, 292, 293, 192, 182, 233, 230, 229]], "number_unexpected_containers_at_facilities": [[53, 86, 36], [53, 3, 70], [73, 65, 21], [87, 32, 69]], "number_good_quality_containers_at_facilities": [[85, 71, 22], [9, 14, 75], [14, 6, 88], [95, 36, 74]], "containers_demand_for_clients": [[246, 232, 175, 175, 248, 247, 187, 218, 236, 203, 172, 216, 182, 227, 207, 182, 200, 254, 218, 214, 185, 178, 221, 242, 255, 174, 216, 179, 257, 236], [215, 210, 238, 180, 186, 188, 233, 204, 200, 235, 238, 197, 249, 184, 227, 234, 227, 212, 214, 224, 222, 246, 220, 176, 222, 213, 216, 195, 179, 236], [193, 220, 170, 197, 242, 226, 175, 231, 183, 232, 211, 168, 239, 231, 198, 234, 209, 240, 234, 187, 173, 184, 224, 198, 186, 209, 206, 181, 164, 163], [229, 219, 171, 210, 191, 183, 190, 242, 235, 176, 240, 173, 174, 190, 206, 200, 224, 215, 179, 219, 223, 167, 183, 239, 196, 213, 216, 243, 182, 229]], "transportation_capacity": 451, "probability_original_quality_level": [[6.0, 23.0, 1.0, 4.0, 28.0, 34.0, 4.0], [9.0, 15.0, 9.0, 17.0, 9.0, 36.0, 5.0], [6.0, 7.0, 0.0, 14.0, 47.0, 26.0, 0.0], [6.0, 7.0, 1.0, 15.0, 35.0, 34.0, 2.0]], "number_hours_required_for_inspection": [0.7486013226568035, 0.9153258684744827, 0.3436402241568756, 0.6394073115280486], "number_hours_available_for_inspection": [238, 280, 309], "expected_number_hours_required_for_repair": [1.5015406211219098, 1.4497305167009633, 1.7465459540392323, 1.6996572777988914], "number_hours_available_for_repair": [635, 586, 497], "warehouse_capacity_of_facility": [804, 852, 757], "cost_of_inspection": [14.972026453136069, 18.306517369489654, 6.872804483137513, 12.788146230560972], "expected_cost_of_repair": [44.16898986353199, 42.2919156318708, 51.712150357755945, 50.263301751933234], "cost_of_transportation": [63, 95], "holding_cost": [2.6074123638426308, 1.8551555884626776, 1.7610971155578925], "rejection_cost": [500.0, 500.0, 500.0, 500.0]}