{"container_types": 4, "number_of_facilities": 2, "container_quality_level": 5, "time_periods": 30, "number_containers_arriving_to_facility_zero": [[179, 288, 122, 255, 228, 182, 179, 185, 118, 223, 268, 140, 214, 114, 230, 273, 142, 192, 196, 245, 173, 251, 116, 246, 267, 117, 194, 111, 107, 284], [140, 218, 276, 203, 183, 164, 293, 232, 208, 174, 238, 222, 115, 128, 175, 177, 198, 248, 291, 244, 296, 190, 176, 120, 100, 269, 180, 275, 136, 190], [277, 108, 158, 164, 289, 255, 289, 212, 171, 184, 100, 253, 281, 211, 272, 145, 203, 130, 193, 273, 121, 100, 156, 296, 221, 162, 202, 248, 183, 177], [197, 124, 101, 234, 157, 211, 222, 100, 257, 250, 166, 116, 254, 158, 184, 165, 120, 256, 291, 242, 176, 204, 250, 103, 285, 202, 278, 230, 201, 196]], "number_unexpected_containers_at_facilities": [[32, 84, 62], [10, 48, 23], [14, 55, 97], [52, 97, 72]], "number_good_quality_containers_at_facilities": [[85, 2, 45], [93, 25, 88], [7, 9, 46], [82, 28, 36]], "containers_demand_for_clients": [[235, 246, 209, 212, 225, 226, 248, 205, 178, 208, 218, 194, 184, 244, 247, 195, 217, 218, 236, 233, 173, 187, 247, 218, 181, 220, 226, 225, 222, 172], [172, 235, 170, 166, 207, 182, 191, 222, 203, 206, 167, 214, 176, 170, 225, 226, 244, 174, 196, 215, 199, 241, 170, 235, 227, 183, 184, 219, 208, 227], [171, 227, 205, 176, 208, 191, 175, 197, 182, 236, 234, 196, 218, 221, 251, 248, 198, 221, 216, 246, 175, 194, 241, 195, 173, 190, 183, 208, 180, 245], [226, 176, 238, 209, 169, 197, 243, 198, 217, 206, 232, 172, 239, 213, 169, 238, 248, 194, 227, 236, 167, 169, 215, 245, 215, 211, 231, 185, 248, 201]], "transportation_capacity": 486, "probability_original_quality_level": [[5.0, 31.0, 5.0, 5.0, 24.0, 29.0, 1.0], [10.0, 21.0, 5.0, 7.0, 38.0, 14.0, 5.0], [6.0, 13.0, 21.0, 16.0, 17.0, 24.0, 3.0], [8.0, 7.0, 14.0, 8.0, 29.0, 32.0, 2.0]], "number_hours_required_for_inspection": [0.6070395686114428, 0.4218601884731426, 0.4647193813136727, 0.8765363845713694], "number_hours_available_for_inspection": [225, 247, 235], "expected_number_hours_required_for_repair": [1.4195249894187243, 1.441784415104334, 1.4683483011754124, 1.5952083198760403], "number_hours_available_for_repair": [506, 478, 444], "warehouse_capacity_of_facility": [822, 798, 880], "cost_of_inspection": [12.140791372228856, 8.437203769462853, 9.294387626273453, 17.530727691427387], "expected_cost_of_repair": [42.015154739566604, 41.68399676459099, 42.952021039293555, 46.838050106771554], "cost_of_transportation": [132, 161], "holding_cost": [2.481813597984721, 1.8024466566232213, 1.1911176016277054], "rejection_cost": [500.0, 500.0, 500.0, 500.0]}