{"container_types": 4, "number_of_facilities": 2, "container_quality_level": 5, "time_periods": 30, "number_containers_arriving_to_facility_zero": [[235, 274, 101, 237, 183, 257, 297, 163, 281, 208, 172, 238, 106, 207, 248, 108, 150, 285, 117, 162, 121, 238, 209, 122, 252, 234, 254, 104, 285, 255], [173, 293, 178, 293, 207, 169, 245, 110, 163, 198, 190, 171, 160, 254, 218, 180, 252, 150, 135, 169, 158, 248, 128, 102, 203, 184, 251, 269, 156, 177], [235, 271, 254, 119, 244, 261, 196, 195, 174, 191, 270, 236, 264, 290, 243, 236, 293, 259, 117, 130, 127, 135, 267, 148, 209, 283, 118, 211, 207, 137], [223, 290, 219, 283, 152, 211, 151, 272, 131, 278, 180, 282, 171, 224, 193, 115, 146, 229, 260, 134, 251, 118, 105, 172, 237, 267, 100, 214, 293, 101]], "number_unexpected_containers_at_facilities": [[33, 20, 29], [3, 56, 40], [68, 21, 79], [63, 74, 71]], "number_good_quality_containers_at_facilities": [[95, 7, 5], [13, 27, 90], [55, 87, 19], [88, 30, 46]], "containers_demand_for_clients": [[173, 179, 184, 215, 249, 218, 187, 221, 226, 187, 233, 181, 235, 251, 213, 188, 195, 217, 240, 207, 237, 170, 182, 181, 205, 188, 238, 208, 221, 191], [184, 193, 225, 181, 226, 207, 180, 195, 179, 201, 225, 228, 193, 211, 171, 235, 236, 247, 225, 190, 233, 213, 245, 173, 217, 206, 247, 232, 220, 199], [160, 166, 162, 238, 238, 233, 199, 228, 236, 237, 175, 213, 210, 170, 199, 237, 209, 168, 176, 208, 187, 233, 230, 191, 202, 218, 208, 229, 207, 170], [186, 232, 193, 255, 241, 228, 264, 253, 263, 237, 211, 245, 245, 214, 199, 214, 253, 203, 228, 197, 258, 191, 250, 229, 231, 229, 263, 251, 220, 224]], "transportation_capacity": 581, "probability_original_quality_level": [[7.0, 12.0, 17.0, 18.0, 24.0, 21.0, 1.0], [5.0, 9.0, 17.0, 24.0, 33.0, 8.0, 4.0], [8.0, 18.0, 13.0, 23.0, 11.0, 22.0, 5.0], [8.0, 45.0, 7.0, 3.0, 2.0, 34.0, 1.0]], "number_hours_required_for_inspection": [0.41036216842032297, 0.35999630204346467, 0.8317324909177289, 0.7453048521029483], "number_hours_available_for_inspection": [281, 213, 206], "expected_number_hours_required_for_repair": [1.4504630304720558, 1.43914021337091, 1.290164258244243, 1.2316835207884183], "number_hours_available_for_repair": [453, 510, 418], "warehouse_capacity_of_facility": [759, 845, 862], "cost_of_inspection": [8.20724336840646, 7.199926040869293, 16.63464981835458, 14.906097042058965], "expected_cost_of_repair": [42.71205316551695, 42.29795525132351, 37.68273426591038, 36.13886917170999], "cost_of_transportation": [137, 94], "holding_cost": [2.1430422161633933, 2.230295166956504, 1.1034234113255437], "rejection_cost": [500.0, 500.0, 500.0, 500.0]}