{"container_types": 4, "number_of_facilities": 2, "container_quality_level": 5, "time_periods": 30, "number_containers_arriving_to_facility_zero": [[138, 237, 256, 260, 202, 270, 117, 136, 199, 125, 266, 127, 159, 181, 262, 149, 263, 194, 143, 276, 159, 252, 129, 297, 110, 215, 237, 276, 280, 241], [113, 132, 283, 170, 248, 168, 295, 163, 111, 124, 178, 286, 272, 146, 104, 159, 239, 146, 178, 105, 275, 235, 254, 203, 183, 282, 125, 180, 193, 264], [264, 137, 168, 198, 279, 269, 223, 127, 268, 282, 121, 236, 152, 154, 100, 186, 245, 204, 100, 210, 142, 276, 213, 213, 298, 255, 127, 163, 245, 249], [100, 291, 139, 240, 130, 217, 151, 201, 280, 237, 258, 156, 148, 141, 228, 125, 128, 156, 165, 274, 296, 159, 237, 150, 152, 221, 195, 243, 276, 233]], "number_unexpected_containers_at_facilities": [[88, 12, 84], [74, 69, 87], [51, 37, 56], [83, 88, 56]], "number_good_quality_containers_at_facilities": [[72, 81, 9], [93, 82, 38], [91, 96, 30], [81, 39, 5]], "containers_demand_for_clients": [[188, 175, 247, 211, 208, 247, 204, 198, 183, 216, 211, 218, 250, 168, 194, 245, 194, 186, 215, 237, 218, 211, 198, 242, 195, 177, 178, 239, 173, 235], [199, 202, 217, 187, 205, 248, 180, 203, 205, 204, 210, 213, 209, 178, 182, 198, 202, 224, 257, 178, 206, 248, 243, 210, 240, 243, 212, 200, 189, 245], [204, 207, 220, 206, 245, 212, 244, 173, 243, 248, 240, 240, 194, 216, 185, 174, 183, 208, 232, 228, 202, 210, 212, 211, 236, 183, 220, 201, 213, 225], [197, 252, 176, 183, 229, 179, 173, 243, 244, 207, 178, 199, 240, 213, 194, 253, 236, 257, 256, 206, 225, 231, 202, 185, 206, 238, 186, 196, 257, 236]], "transportation_capacity": 665, "probability_original_quality_level": [[7.0, 7.0, 25.0, 16.0, 13.0, 30.0, 2.0], [10.0, 11.0, 14.0, 10.0, 11.0, 41.0, 3.0], [7.0, 20.0, 13.0, 21.0, 27.0, 7.0, 5.0], [6.0, 33.0, 10.0, 36.0, 8.0, 5.0, 2.0]], "number_hours_required_for_inspection": [0.7731715788142359, 0.8636902936955615, 0.4098435562898874, 0.5702417579009605], "number_hours_available_for_inspection": [306, 240, 324], "expected_number_hours_required_for_repair": [1.5593405894126853, 1.5702805809463138, 1.312017828595277, 1.2484599063281752], "number_hours_available_for_repair": [400, 427, 523], "warehouse_capacity_of_facility": [767, 854, 769], "cost_of_inspection": [15.46343157628472, 17.27380587391123, 8.196871125797747, 11.40483515801921], "expected_cost_of_repair": [45.453615790703296, 45.45154451835069, 38.064980107977775, 36.736284643008545], "cost_of_transportation": [108, 77], "holding_cost": [2.9537849305726924, 2.313457310039185, 1.9691417209767466], "rejection_cost": [500.0, 500.0, 500.0, 500.0]}