{"container_types": 4, "number_of_facilities": 2, "container_quality_level": 5, "time_periods": 30, "number_containers_arriving_to_facility_zero": [[116, 269, 247, 150, 178, 172, 211, 107, 112, 128, 211, 296, 249, 283, 126, 130, 143, 234, 283, 100, 208, 176, 108, 257, 214, 241, 294, 281, 137, 266], [290, 274, 111, 145, 287, 101, 177, 283, 289, 185, 213, 195, 128, 114, 275, 165, 244, 120, 205, 208, 265, 291, 109, 245, 186, 101, 278, 281, 259, 195], [209, 102, 203, 271, 118, 267, 267, 147, 181, 203, 288, 220, 155, 104, 128, 148, 151, 113, 196, 272, 107, 204, 136, 117, 269, 148, 195, 209, 174, 210], [289, 139, 156, 216, 239, 204, 162, 206, 141, 282, 143, 221, 249, 290, 120, 288, 274, 226, 170, 155, 233, 142, 278, 263, 198, 237, 187, 100, 165, 136]], "number_unexpected_containers_at_facilities": [[68, 29, 90], [95, 85, 94], [21, 98, 77], [41, 62, 25]], "number_good_quality_containers_at_facilities": [[12, 55, 34], [87, 63, 0], [10, 63, 56], [48, 71, 71]], "containers_demand_for_clients": [[240, 192, 184, 235, 234, 172, 191, 200, 220, 180, 189, 224, 218, 182, 175, 199, 238, 215, 231, 220, 189, 218, 184, 186, 199, 228, 247, 190, 208, 254], [232, 230, 224, 201, 185, 186, 194, 200, 184, 196, 231, 172, 167, 185, 190, 209, 199, 242, 190, 204, 245, 203, 225, 202, 220, 219, 198, 189, 191, 184], [251, 207, 230, 232, 243, 192, 245, 243, 218, 216, 176, 237, 262, 219, 202, 226, 237, 243, 194, 236, 189, 230, 179, 229, 226, 235, 254, 258, 218, 211], [166, 188, 209, 218, 208, 190, 198, 211, 185, 217, 205, 197, 230, 196, 177, 157, 216, 162, 213, 228, 232, 188, 230, 208, 175, 204, 191, 224, 200, 222]], "transportation_capacity": 552, "probability_original_quality_level": [[8.0, 6.0, 25.0, 22.0, 22.0, 13.0, 4.0], [8.0, 11.0, 6.0, 26.0, 21.0, 27.0, 1.0], [7.0, 26.0, 20.0, 3.0, 15.0, 25.0, 4.0], [10.0, 19.0, 18.0, 19.0, 15.0, 17.0, 2.0]], "number_hours_required_for_inspection": [0.9653756594274563, 0.5402453220575787, 0.7796670968934991, 0.5983119812224574], "number_hours_available_for_inspection": [357, 326, 283], "expected_number_hours_required_for_repair": [1.4080704555234995, 1.5603528529217172, 1.4143957023132139, 1.2569243835174861], "number_hours_available_for_repair": [523, 492, 525], "warehouse_capacity_of_facility": [857, 896, 754], "cost_of_inspection": [19.307513188549127, 10.804906441151573, 15.593341937869983, 11.966239624449148], "expected_cost_of_repair": [41.090465931536, 45.675350051138004, 41.15793749309323, 36.428209403844896], "cost_of_transportation": [117, 92], "holding_cost": [2.2008765093118523, 1.9259709923116564, 1.8326996683566072], "rejection_cost": [500.0, 500.0, 500.0, 500.0]}