{"container_types": 4, "number_of_facilities": 2, "container_quality_level": 5, "time_periods": 30, "number_containers_arriving_to_facility_zero": [[277, 275, 157, 190, 294, 104, 139, 200, 211, 239, 120, 266, 201, 163, 130, 119, 119, 202, 283, 179, 112, 105, 291, 215, 276, 155, 292, 196, 204, 127], [286, 215, 283, 278, 229, 226, 295, 258, 291, 284, 168, 192, 226, 143, 213, 112, 173, 140, 290, 257, 201, 185, 211, 140, 281, 280, 135, 159, 184, 215], [170, 199, 295, 146, 194, 237, 297, 105, 114, 264, 245, 179, 247, 218, 132, 281, 283, 145, 161, 243, 176, 118, 104, 246, 195, 264, 261, 193, 202, 287], [259, 218, 274, 217, 196, 117, 182, 111, 185, 264, 129, 190, 255, 133, 165, 197, 116, 209, 108, 132, 202, 296, 259, 177, 262, 209, 196, 227, 285, 111]], "number_unexpected_containers_at_facilities": [[60, 79, 77], [9, 21, 64], [87, 44, 37], [31, 41, 3]], "number_good_quality_containers_at_facilities": [[76, 64, 68], [76, 65, 26], [14, 27, 92], [94, 58, 79]], "containers_demand_for_clients": [[180, 235, 178, 204, 164, 197, 217, 220, 231, 234, 244, 177, 190, 192, 177, 185, 200, 203, 222, 208, 168, 184, 206, 186, 204, 174, 210, 174, 239, 194], [224, 230, 185, 179, 241, 193, 193, 215, 187, 244, 238, 175, 202, 185, 215, 174, 216, 245, 226, 173, 244, 199, 213, 206, 228, 177, 230, 181, 242, 240], [215, 239, 234, 196, 230, 245, 184, 198, 186, 271, 222, 184, 196, 265, 226, 190, 182, 191, 212, 265, 202, 184, 206, 181, 236, 213, 230, 238, 235, 187], [191, 225, 186, 242, 238, 203, 223, 231, 187, 223, 179, 182, 243, 254, 196, 191, 217, 228, 187, 176, 235, 243, 185, 212, 229, 234, 186, 240, 195, 215]], "transportation_capacity": 613, "probability_original_quality_level": [[7.0, 25.0, 23.0, 23.0, 12.0, 5.0, 5.0], [6.0, 30.0, 2.0, 19.0, 6.0, 37.0, 0.0], [7.0, 22.0, 14.0, 8.0, 21.0, 24.0, 4.0], [7.0, 23.0, 0.0, 18.0, 23.0, 24.0, 5.0]], "number_hours_required_for_inspection": [0.412629337121106, 0.4346686833129417, 0.9190345120306368, 0.8314947606259532], "number_hours_available_for_inspection": [238, 278, 269], "expected_number_hours_required_for_repair": [1.1809399049931075, 1.4573049067681523, 1.389996929162065, 1.4813151089156498], "number_hours_available_for_repair": [395, 392, 537], "warehouse_capacity_of_facility": [902, 792, 837], "cost_of_inspection": [8.25258674242212, 8.693373666258834, 18.380690240612736, 16.629895212519063], "expected_cost_of_repair": [34.627403622704634, 42.77741884118279, 40.56108654594332, 43.52542765862387], "cost_of_transportation": [121, 105], "holding_cost": [2.135294640257941, 1.9240392791047767, 1.5890906792249884], "rejection_cost": [500.0, 500.0, 500.0, 500.0]}