{"container_types": 4, "number_of_facilities": 2, "container_quality_level": 5, "time_periods": 30, "number_containers_arriving_to_facility_zero": [[139, 257, 210, 249, 288, 144, 172, 228, 243, 250, 144, 129, 293, 115, 247, 128, 134, 111, 166, 195, 144, 197, 285, 299, 260, 136, 289, 183, 261, 265], [176, 168, 225, 259, 203, 169, 192, 196, 182, 128, 290, 205, 160, 121, 230, 244, 187, 196, 214, 262, 123, 152, 146, 241, 237, 213, 276, 291, 126, 214], [111, 183, 255, 134, 265, 258, 259, 254, 251, 155, 102, 268, 259, 142, 160, 187, 105, 239, 103, 233, 134, 180, 293, 175, 278, 100, 152, 293, 213, 154], [219, 242, 231, 134, 277, 127, 183, 136, 122, 190, 235, 177, 197, 185, 136, 120, 141, 150, 279, 296, 193, 295, 176, 250, 180, 297, 218, 180, 167, 194]], "number_unexpected_containers_at_facilities": [[63, 30, 66], [9, 81, 71], [67, 12, 94], [92, 51, 10]], "number_good_quality_containers_at_facilities": [[82, 23, 86], [20, 40, 90], [29, 75, 3], [44, 65, 88]], "containers_demand_for_clients": [[168, 223, 176, 192, 214, 182, 219, 226, 206, 217, 167, 193, 209, 185, 242, 181, 234, 241, 183, 177, 227, 220, 213, 176, 207, 212, 182, 182, 234, 210], [208, 245, 255, 250, 219, 241, 239, 206, 240, 256, 218, 255, 221, 183, 222, 221, 234, 179, 238, 226, 223, 247, 237, 175, 258, 184, 236, 183, 222, 211], [194, 246, 200, 197, 169, 212, 177, 212, 240, 221, 189, 247, 196, 215, 186, 187, 240, 223, 223, 245, 203, 227, 180, 243, 220, 240, 208, 188, 212, 185], [214, 236, 180, 168, 241, 183, 244, 227, 219, 190, 208, 219, 241, 180, 199, 195, 212, 243, 186, 176, 208, 229, 165, 195, 242, 181, 183, 195, 204, 184]], "transportation_capacity": 481, "probability_original_quality_level": [[8.0, 22.0, 17.0, 12.0, 16.0, 23.0, 2.0], [8.0, 3.0, 26.0, 20.0, 24.0, 18.0, 1.0], [8.0, 19.0, 13.0, 10.0, 12.0, 38.0, 0.0], [10.0, 24.0, 15.0, 2.0, 31.0, 13.0, 5.0]], "number_hours_required_for_inspection": [0.9109873974687, 0.9084383874969102, 0.41766217411982287, 0.9111162176262362], "number_hours_available_for_inspection": [267, 373, 349], "expected_number_hours_required_for_repair": [1.3303404738550426, 1.487428598908472, 1.5928632059008663, 1.2873399072110387], "number_hours_available_for_repair": [513, 402, 460], "warehouse_capacity_of_facility": [826, 920, 919], "cost_of_inspection": [18.219747949374, 18.168767749938205, 8.353243482396458, 18.222324352524723], "expected_cost_of_repair": [38.91272729617772, 43.44638802480716, 46.34273922975607, 37.31730515312567], "cost_of_transportation": [120, 139], "holding_cost": [2.7816889583299735, 1.6050994358694433, 1.6945391128620844], "rejection_cost": [500.0, 500.0, 500.0, 500.0]}