{"container_types": 4, "number_of_facilities": 2, "container_quality_level": 5, "time_periods": 30, "number_containers_arriving_to_facility_zero": [[160, 167, 133, 217, 165, 262, 208, 201, 265, 235, 248, 290, 198, 167, 265, 229, 280, 108, 292, 145, 292, 158, 220, 201, 191, 218, 102, 100, 219, 246], [257, 220, 238, 141, 155, 109, 127, 182, 105, 215, 183, 157, 184, 231, 134, 100, 282, 229, 199, 154, 116, 182, 167, 212, 273, 298, 107, 230, 156, 185], [116, 278, 116, 174, 246, 299, 206, 193, 286, 119, 161, 240, 200, 217, 188, 141, 254, 120, 202, 294, 249, 147, 223, 252, 273, 287, 202, 295, 228, 168], [230, 124, 267, 206, 214, 299, 197, 105, 271, 200, 272, 214, 268, 288, 274, 266, 223, 182, 236, 290, 176, 184, 124, 159, 212, 261, 194, 191, 251, 235]], "number_unexpected_containers_at_facilities": [[38, 58, 59], [22, 53, 43], [64, 83, 42], [52, 77, 52]], "number_good_quality_containers_at_facilities": [[83, 80, 27], [8, 79, 3], [12, 40, 31], [57, 28, 64]], "containers_demand_for_clients": [[220, 199, 225, 274, 254, 209, 269, 226, 192, 227, 263, 218, 248, 270, 241, 232, 190, 198, 241, 222, 186, 187, 275, 187, 252, 233, 212, 203, 229, 236], [201, 250, 176, 210, 239, 250, 219, 198, 195, 186, 222, 216, 222, 216, 176, 258, 173, 242, 258, 215, 238, 200, 230, 179, 247, 247, 194, 257, 238, 232], [174, 221, 174, 221, 159, 195, 174, 209, 167, 161, 197, 218, 223, 166, 160, 190, 156, 201, 221, 183, 169, 211, 219, 202, 212, 196, 161, 177, 178, 216], [226, 261, 183, 256, 225, 208, 222, 193, 178, 254, 265, 183, 180, 243, 202, 188, 237, 260, 185, 179, 202, 223, 191, 254, 190, 265, 218, 221, 253, 255]], "transportation_capacity": 617, "probability_original_quality_level": [[9.0, 23.0, 13.0, 10.0, 11.0, 32.0, 2.0], [7.0, 7.0, 4.0, 11.0, 39.0, 32.0, 0.0], [9.0, 15.0, 11.0, 14.0, 26.0, 24.0, 1.0], [7.0, 4.0, 28.0, 11.0, 18.0, 31.0, 1.0]], "number_hours_required_for_inspection": [0.5422559737357427, 0.4868908197174972, 0.5574052974987711, 0.527532244868262], "number_hours_available_for_inspection": [222, 184, 248], "expected_number_hours_required_for_repair": [1.388463139025091, 1.6375246093444207, 1.4802124810882662, 1.5880148132569416], "number_hours_available_for_repair": [513, 514, 585], "warehouse_capacity_of_facility": [822, 877, 792], "cost_of_inspection": [10.845119474714854, 9.737816394349943, 11.148105949975422, 10.55064489736524], "expected_cost_of_repair": [40.58240895047807, 47.774818895008856, 43.0073762289952, 46.48383506516088], "cost_of_transportation": [105, 111], "holding_cost": [2.908744803549644, 1.58789015235769, 1.0970720062556865], "rejection_cost": [500.0, 500.0, 500.0, 500.0]}