{"container_types": 4, "number_of_facilities": 2, "container_quality_level": 5, "time_periods": 30, "number_containers_arriving_to_facility_zero": [[135, 152, 143, 290, 205, 241, 136, 251, 201, 225, 157, 160, 269, 259, 151, 216, 256, 277, 292, 258, 154, 278, 278, 226, 219, 143, 126, 242, 248, 235], [209, 103, 195, 289, 275, 264, 170, 299, 118, 155, 223, 123, 231, 252, 160, 299, 135, 130, 171, 190, 108, 208, 237, 202, 276, 175, 172, 267, 215, 270], [262, 149, 249, 195, 125, 230, 265, 177, 295, 254, 106, 119, 292, 238, 119, 151, 268, 225, 121, 100, 102, 257, 180, 285, 123, 108, 288, 239, 254, 165], [211, 126, 103, 127, 213, 132, 137, 138, 266, 271, 275, 108, 193, 118, 153, 263, 167, 113, 127, 274, 148, 112, 288, 254, 259, 208, 294, 287, 135, 203]], "number_unexpected_containers_at_facilities": [[25, 27, 9], [38, 33, 62], [37, 70, 61], [42, 48, 91]], "number_good_quality_containers_at_facilities": [[11, 9, 78], [12, 93, 53], [1, 6, 41], [7, 82, 77]], "containers_demand_for_clients": [[218, 209, 172, 222, 173, 197, 239, 165, 235, 187, 185, 175, 240, 201, 196, 163, 223, 215, 193, 197, 187, 163, 234, 226, 209, 200, 200, 173, 169, 224], [211, 253, 228, 226, 191, 249, 242, 260, 218, 238, 182, 245, 176, 261, 250, 195, 194, 202, 188, 177, 231, 210, 255, 194, 258, 250, 245, 219, 207, 237], [176, 224, 228, 249, 188, 176, 182, 227, 213, 239, 213, 223, 187, 250, 223, 225, 213, 231, 212, 224, 206, 217, 226, 182, 180, 187, 191, 177, 182, 244], [204, 168, 172, 175, 186, 233, 186, 226, 212, 221, 215, 233, 184, 238, 229, 216, 231, 208, 243, 194, 237, 235, 216, 172, 227, 194, 236, 234, 227, 199]], "transportation_capacity": 519, "probability_original_quality_level": [[8.0, 17.0, 10.0, 28.0, 24.0, 10.0, 3.0], [9.0, 4.0, 39.0, 5.0, 12.0, 28.0, 3.0], [8.0, 9.0, 8.0, 25.0, 22.0, 28.0, 0.0], [7.0, 15.0, 23.0, 23.0, 9.0, 20.0, 3.0]], "number_hours_required_for_inspection": [0.7210116194376865, 0.511124236366614, 0.9586116559884261, 0.5084889555740816], "number_hours_available_for_inspection": [303, 249, 322], "expected_number_hours_required_for_repair": [1.3492120373730514, 1.3621681881164531, 1.5930766050241045, 1.3509473873589377], "number_hours_available_for_repair": [445, 502, 390], "warehouse_capacity_of_facility": [898, 805, 899], "cost_of_inspection": [14.420232388753732, 10.22248472733228, 19.17223311976852, 10.169779111481631], "expected_cost_of_repair": [39.65745172243861, 39.30677159169762, 46.71760984775609, 39.80022942673704], "cost_of_transportation": [124, 107], "holding_cost": [2.6355908862341786, 1.7207211163129679, 1.3186260611155998], "rejection_cost": [500.0, 500.0, 500.0, 500.0]}