{"container_types": 4, "number_of_facilities": 2, "container_quality_level": 5, "time_periods": 30, "number_containers_arriving_to_facility_zero": [[235, 247, 143, 186, 194, 285, 275, 127, 104, 291, 137, 246, 232, 135, 123, 197, 138, 180, 287, 220, 238, 127, 293, 149, 217, 201, 288, 261, 260, 285], [221, 214, 228, 238, 220, 210, 121, 266, 289, 269, 267, 246, 277, 115, 100, 249, 186, 114, 138, 162, 117, 175, 141, 144, 149, 255, 251, 131, 279, 233], [165, 126, 236, 155, 185, 174, 210, 224, 282, 172, 225, 135, 122, 168, 292, 177, 255, 136, 171, 106, 237, 135, 182, 183, 189, 290, 183, 255, 224, 198], [237, 112, 270, 144, 244, 248, 216, 223, 100, 256, 206, 281, 130, 135, 249, 222, 129, 266, 188, 206, 214, 152, 197, 211, 237, 257, 137, 116, 293, 209]], "number_unexpected_containers_at_facilities": [[61, 39, 13], [2, 58, 8], [12, 63, 87], [54, 24, 90]], "number_good_quality_containers_at_facilities": [[13, 29, 8], [56, 84, 41], [17, 76, 26], [69, 17, 31]], "containers_demand_for_clients": [[199, 222, 175, 243, 187, 249, 194, 226, 192, 240, 236, 203, 191, 224, 178, 219, 197, 210, 225, 221, 227, 241, 237, 229, 237, 217, 248, 219, 207, 226], [234, 250, 219, 242, 184, 222, 172, 217, 226, 244, 253, 187, 238, 184, 194, 251, 202, 234, 248, 250, 206, 172, 246, 257, 256, 198, 172, 196, 174, 194], [242, 226, 167, 220, 228, 215, 220, 218, 174, 197, 243, 199, 226, 238, 238, 222, 182, 185, 195, 171, 192, 183, 248, 244, 188, 179, 201, 224, 232, 200], [194, 190, 232, 219, 210, 167, 181, 196, 207, 166, 223, 222, 229, 235, 197, 201, 217, 171, 228, 186, 181, 202, 224, 234, 240, 192, 204, 187, 167, 182]], "transportation_capacity": 546, "probability_original_quality_level": [[9.0, 28.0, 8.0, 20.0, 16.0, 19.0, 0.0], [6.0, 11.0, 21.0, 24.0, 21.0, 12.0, 5.0], [5.0, 39.0, 29.0, 8.0, 1.0, 13.0, 5.0], [7.0, 22.0, 17.0, 17.0, 11.0, 25.0, 1.0]], "number_hours_required_for_inspection": [0.48533724581003007, 0.5007053800147335, 0.7996942134009709, 0.5508869283094082], "number_hours_available_for_inspection": [209, 249, 276], "expected_number_hours_required_for_repair": [1.3847971791516733, 1.3348687292451402, 1.0500013920544338, 1.396057708386825], "number_hours_available_for_repair": [437, 347, 484], "warehouse_capacity_of_facility": [772, 789, 793], "cost_of_inspection": [9.706744916200602, 10.01410760029467, 15.993884268019418, 11.017738566188164], "expected_cost_of_repair": [40.53751347825516, 38.8731949498161, 30.83000404636981, 40.87776497635794], "cost_of_transportation": [114, 117], "holding_cost": [2.1935495962142535, 2.0228329387618267, 1.5107571134017963], "rejection_cost": [500.0, 500.0, 500.0, 500.0]}