{"container_types": 4, "number_of_facilities": 2, "container_quality_level": 5, "time_periods": 30, "number_containers_arriving_to_facility_zero": [[281, 187, 178, 263, 126, 211, 200, 155, 264, 215, 160, 179, 209, 137, 123, 210, 113, 129, 159, 276, 273, 269, 243, 224, 159, 190, 218, 107, 220, 164], [192, 209, 153, 207, 189, 145, 104, 286, 170, 295, 188, 220, 234, 154, 125, 235, 157, 166, 276, 283, 127, 165, 111, 248, 239, 140, 183, 180, 205, 149], [127, 210, 248, 142, 204, 275, 174, 131, 263, 297, 287, 269, 275, 191, 177, 194, 156, 149, 298, 168, 157, 165, 261, 118, 187, 143, 156, 182, 239, 108], [209, 256, 169, 226, 129, 134, 245, 206, 190, 256, 298, 216, 158, 215, 128, 212, 286, 212, 248, 115, 141, 134, 286, 219, 131, 226, 137, 192, 168, 240]], "number_unexpected_containers_at_facilities": [[95, 51, 25], [89, 55, 60], [42, 49, 73], [56, 20, 73]], "number_good_quality_containers_at_facilities": [[80, 57, 68], [57, 15, 39], [71, 42, 59], [1, 83, 62]], "containers_demand_for_clients": [[171, 244, 228, 230, 184, 197, 221, 217, 195, 220, 209, 215, 204, 221, 209, 239, 203, 206, 170, 209, 210, 198, 192, 179, 181, 205, 168, 212, 171, 173], [226, 215, 200, 216, 211, 199, 173, 189, 175, 167, 217, 232, 235, 245, 236, 186, 180, 214, 189, 232, 221, 170, 241, 176, 179, 226, 238, 231, 220, 189], [189, 171, 212, 166, 234, 179, 219, 162, 212, 172, 201, 187, 201, 175, 165, 162, 189, 166, 212, 225, 217, 164, 194, 162, 195, 166, 211, 214, 203, 197], [208, 211, 216, 208, 194, 199, 199, 227, 245, 245, 245, 224, 201, 186, 206, 209, 198, 188, 231, 176, 199, 219, 219, 183, 188, 206, 228, 216, 200, 248]], "transportation_capacity": 606, "probability_original_quality_level": [[7.0, 11.0, 5.0, 32.0, 28.0, 17.0, 0.0], [5.0, 25.0, 13.0, 18.0, 24.0, 13.0, 2.0], [6.0, 22.0, 1.0, 25.0, 30.0, 13.0, 3.0], [9.0, 18.0, 9.0, 23.0, 25.0, 12.0, 4.0]], "number_hours_required_for_inspection": [0.7741822160321311, 0.46752299774668715, 0.5369872740176831, 0.9452256823769247], "number_hours_available_for_inspection": [247, 333, 324], "expected_number_hours_required_for_repair": [1.6060439650486946, 1.3506363428480594, 1.3144337193720785, 1.3209231617288555], "number_hours_available_for_repair": [405, 543, 489], "warehouse_capacity_of_facility": [786, 854, 903], "cost_of_inspection": [15.483644320642622, 9.350459954933743, 10.739745480353662, 18.904513647538494], "expected_cost_of_repair": [46.868341354259066, 39.58897808815713, 38.28338206216881, 37.98235202183617], "cost_of_transportation": [136, 98], "holding_cost": [2.046611667798744, 1.7277926344877805, 1.6712341783785516], "rejection_cost": [500.0, 500.0, 500.0, 500.0]}