{"container_types": 4, "number_of_facilities": 2, "container_quality_level": 5, "time_periods": 30, "number_containers_arriving_to_facility_zero": [[100, 267, 277, 289, 116, 175, 116, 197, 209, 217, 263, 163, 199, 130, 145, 267, 131, 107, 286, 231, 184, 126, 177, 245, 113, 282, 185, 275, 267, 125], [256, 203, 107, 164, 161, 289, 195, 241, 226, 218, 280, 119, 293, 267, 262, 292, 194, 104, 190, 178, 118, 257, 219, 134, 149, 182, 176, 283, 117, 125], [214, 246, 133, 215, 238, 209, 282, 245, 175, 231, 209, 266, 236, 244, 155, 231, 246, 169, 287, 297, 163, 207, 253, 146, 214, 259, 191, 168, 292, 295], [101, 187, 131, 117, 147, 279, 129, 138, 184, 147, 166, 227, 248, 172, 186, 265, 224, 179, 241, 163, 168, 129, 212, 254, 194, 155, 167, 176, 249, 180]], "number_unexpected_containers_at_facilities": [[86, 71, 82], [15, 56, 11], [44, 87, 36], [81, 26, 51]], "number_good_quality_containers_at_facilities": [[8, 40, 24], [46, 5, 45], [13, 66, 89], [20, 22, 7]], "containers_demand_for_clients": [[206, 192, 183, 213, 225, 201, 154, 187, 196, 194, 164, 168, 192, 154, 215, 183, 196, 192, 167, 156, 161, 170, 162, 201, 220, 156, 220, 165, 168, 208], [223, 190, 179, 201, 220, 168, 178, 209, 193, 210, 204, 201, 245, 244, 179, 214, 240, 178, 214, 173, 191, 245, 164, 205, 177, 194, 223, 207, 195, 180], [205, 174, 215, 188, 191, 213, 226, 229, 194, 173, 239, 201, 242, 195, 201, 207, 195, 215, 196, 187, 230, 198, 213, 231, 223, 223, 231, 228, 200, 165], [214, 264, 221, 225, 239, 280, 258, 246, 280, 268, 269, 273, 229, 241, 190, 272, 278, 207, 249, 249, 193, 218, 237, 206, 223, 199, 206, 247, 241, 255]], "transportation_capacity": 546, "probability_original_quality_level": [[8.0, 2.0, 23.0, 22.0, 27.0, 13.0, 5.0], [10.0, 20.0, 2.0, 31.0, 33.0, 3.0, 1.0], [5.0, 31.0, 7.0, 16.0, 19.0, 21.0, 1.0], [10.0, 27.0, 6.0, 1.0, 33.0, 22.0, 1.0]], "number_hours_required_for_inspection": [0.8813091840234712, 0.9074873044774928, 0.3347120116194535, 0.8033816949766502], "number_hours_available_for_inspection": [308, 341, 252], "expected_number_hours_required_for_repair": [1.445344941952429, 1.3926639562088605, 1.3843451990470148, 1.3647921563999443], "number_hours_available_for_repair": [490, 441, 385], "warehouse_capacity_of_facility": [758, 915, 838], "cost_of_inspection": [17.626183680469424, 18.149746089549858, 6.69424023238907, 16.067633899533003], "expected_cost_of_repair": [42.47242590329608, 40.330667483168924, 40.54729146236014, 39.87735788872522], "cost_of_transportation": [64, 142], "holding_cost": [2.120913974851387, 2.359350932075441, 1.6455290027937732], "rejection_cost": [500.0, 500.0, 500.0, 500.0]}