{"container_types": 4, "number_of_facilities": 2, "container_quality_level": 5, "time_periods": 30, "number_containers_arriving_to_facility_zero": [[237, 274, 188, 248, 215, 298, 253, 182, 131, 202, 209, 227, 244, 112, 179, 202, 251, 281, 104, 291, 124, 240, 232, 177, 215, 213, 240, 216, 194, 295], [146, 294, 211, 291, 105, 246, 259, 227, 222, 269, 106, 283, 160, 156, 136, 183, 176, 109, 201, 253, 276, 143, 123, 119, 192, 201, 190, 214, 117, 122], [137, 272, 245, 217, 252, 219, 148, 182, 134, 215, 263, 276, 132, 143, 146, 204, 273, 173, 223, 138, 244, 248, 110, 190, 109, 226, 155, 249, 158, 219], [104, 253, 191, 262, 111, 155, 135, 277, 190, 103, 184, 265, 243, 197, 228, 161, 249, 196, 153, 251, 118, 287, 245, 274, 294, 235, 273, 143, 184, 253]], "number_unexpected_containers_at_facilities": [[25, 75, 53], [1, 82, 88], [68, 78, 27], [84, 91, 5]], "number_good_quality_containers_at_facilities": [[0, 43, 77], [42, 88, 62], [55, 44, 86], [86, 29, 17]], "containers_demand_for_clients": [[218, 252, 246, 192, 243, 177, 200, 229, 228, 224, 228, 189, 215, 214, 232, 246, 184, 221, 199, 202, 184, 179, 186, 245, 195, 244, 199, 181, 173, 181], [268, 258, 220, 215, 267, 238, 256, 210, 214, 234, 239, 268, 266, 235, 254, 223, 179, 259, 251, 181, 202, 192, 233, 238, 248, 232, 192, 189, 248, 247], [191, 174, 182, 228, 171, 183, 232, 219, 198, 174, 212, 229, 207, 205, 217, 213, 232, 241, 211, 202, 220, 198, 182, 166, 180, 202, 171, 171, 225, 186], [216, 229, 236, 226, 196, 172, 178, 207, 235, 230, 185, 245, 179, 249, 188, 220, 209, 247, 232, 199, 228, 205, 186, 242, 167, 220, 203, 173, 247, 175]], "transportation_capacity": 489, "probability_original_quality_level": [[9.0, 24.0, 26.0, 2.0, 19.0, 16.0, 4.0], [5.0, 4.0, 25.0, 14.0, 24.0, 26.0, 2.0], [6.0, 22.0, 0.0, 30.0, 7.0, 32.0, 3.0], [7.0, 33.0, 13.0, 33.0, 5.0, 7.0, 2.0]], "number_hours_required_for_inspection": [0.920064951531344, 0.8772182235654943, 0.500192520393616, 0.59609282836121], "number_hours_available_for_inspection": [253, 324, 290], "expected_number_hours_required_for_repair": [1.336690202014212, 1.5956301359195495, 1.4356330342716381, 1.2057551007736165], "number_hours_available_for_repair": [484, 460, 429], "warehouse_capacity_of_facility": [785, 792, 825], "cost_of_inspection": [18.40129903062688, 17.544364471309887, 10.003850407872319, 11.9218565672242], "expected_cost_of_repair": [39.02998175988728, 47.15833168378867, 41.91811416344984, 35.25549863418984], "cost_of_transportation": [67, 96], "holding_cost": [2.655864833694742, 2.0824316498426936, 1.3835804274490946], "rejection_cost": [500.0, 500.0, 500.0, 500.0]}