{"container_types": 4, "number_of_facilities": 2, "container_quality_level": 5, "time_periods": 30, "number_containers_arriving_to_facility_zero": [[220, 115, 118, 125, 241, 142, 258, 285, 192, 264, 241, 124, 248, 177, 181, 163, 210, 262, 179, 124, 288, 164, 157, 239, 121, 188, 129, 265, 242, 140], [233, 211, 217, 224, 118, 217, 200, 267, 211, 154, 101, 164, 103, 265, 123, 289, 126, 226, 256, 150, 131, 259, 278, 277, 114, 170, 296, 148, 200, 184], [169, 232, 123, 220, 110, 169, 271, 120, 287, 127, 191, 204, 271, 224, 225, 286, 215, 214, 265, 171, 287, 174, 101, 179, 170, 280, 293, 281, 145, 239], [295, 247, 242, 175, 260, 191, 137, 226, 268, 254, 205, 128, 129, 280, 199, 187, 193, 218, 195, 137, 107, 176, 218, 285, 254, 238, 185, 117, 262, 219]], "number_unexpected_containers_at_facilities": [[3, 23, 93], [84, 80, 65], [77, 85, 14], [20, 63, 81]], "number_good_quality_containers_at_facilities": [[12, 76, 43], [47, 21, 77], [18, 83, 9], [76, 63, 39]], "containers_demand_for_clients": [[176, 250, 184, 210, 197, 185, 240, 228, 204, 193, 220, 204, 229, 232, 222, 246, 247, 244, 192, 179, 178, 258, 217, 206, 221, 212, 192, 210, 183, 215], [201, 195, 173, 218, 234, 233, 230, 197, 235, 210, 218, 219, 205, 166, 238, 203, 171, 206, 189, 202, 209, 182, 171, 165, 195, 165, 192, 236, 212, 166], [203, 206, 186, 173, 244, 234, 242, 249, 231, 181, 210, 229, 226, 212, 178, 211, 199, 241, 223, 219, 222, 218, 192, 196, 239, 241, 243, 196, 187, 242], [228, 256, 216, 206, 174, 202, 231, 231, 249, 195, 195, 244, 177, 188, 235, 218, 176, 239, 205, 246, 181, 192, 229, 191, 218, 210, 238, 198, 249, 198]], "transportation_capacity": 634, "probability_original_quality_level": [[8.0, 14.0, 31.0, 0.0, 1.0, 41.0, 5.0], [5.0, 3.0, 24.0, 43.0, 10.0, 13.0, 2.0], [7.0, 26.0, 26.0, 0.0, 28.0, 10.0, 3.0], [8.0, 15.0, 8.0, 21.0, 31.0, 12.0, 5.0]], "number_hours_required_for_inspection": [0.3791048144182474, 0.33745748429878836, 0.5475649776962014, 0.818467021984218], "number_hours_available_for_inspection": [182, 199, 229], "expected_number_hours_required_for_repair": [1.4143617024392952, 1.3837439106546188, 1.3177654576408122, 1.496105234015606], "number_hours_available_for_repair": [522, 474, 533], "warehouse_capacity_of_facility": [828, 828, 800], "cost_of_inspection": [7.582096288364948, 6.749149685975767, 10.951299553924027, 16.369340439684358], "expected_cost_of_repair": [41.32601915463486, 40.824534796899755, 38.7292352383262, 43.57260161575353], "cost_of_transportation": [68, 110], "holding_cost": [2.687392334862624, 1.8045791767604258, 1.7708774484648675], "rejection_cost": [500.0, 500.0, 500.0, 500.0]}