{"container_types": 4, "number_of_facilities": 2, "container_quality_level": 5, "time_periods": 30, "number_containers_arriving_to_facility_zero": [[130, 210, 286, 215, 181, 112, 165, 166, 272, 231, 115, 288, 152, 189, 120, 244, 280, 108, 105, 128, 111, 208, 187, 138, 228, 227, 200, 129, 218, 134], [245, 127, 229, 181, 183, 212, 185, 107, 165, 127, 252, 273, 274, 299, 261, 125, 214, 234, 208, 139, 242, 123, 238, 144, 131, 166, 134, 294, 191, 183], [232, 254, 222, 262, 243, 298, 204, 176, 297, 164, 268, 263, 190, 104, 200, 278, 271, 236, 269, 141, 204, 135, 267, 261, 163, 247, 148, 208, 226, 144], [167, 200, 143, 281, 200, 187, 109, 115, 209, 106, 224, 223, 251, 103, 220, 247, 122, 205, 234, 202, 196, 260, 220, 268, 151, 260, 170, 263, 267, 108]], "number_unexpected_containers_at_facilities": [[6, 85, 19], [54, 44, 46], [17, 82, 96], [57, 25, 33]], "number_good_quality_containers_at_facilities": [[57, 85, 77], [82, 30, 25], [16, 13, 54], [70, 15, 76]], "containers_demand_for_clients": [[228, 203, 193, 215, 238, 174, 227, 230, 215, 188, 188, 230, 194, 176, 228, 240, 235, 182, 239, 173, 237, 198, 205, 197, 232, 234, 168, 195, 193, 193], [204, 187, 183, 200, 229, 178, 160, 165, 223, 190, 205, 171, 173, 172, 220, 203, 226, 168, 210, 202, 222, 189, 203, 154, 172, 166, 220, 177, 155, 187], [211, 218, 164, 216, 188, 206, 196, 243, 168, 178, 219, 166, 179, 233, 214, 232, 187, 192, 213, 180, 196, 198, 169, 240, 174, 206, 236, 184, 236, 198], [219, 234, 215, 211, 232, 190, 229, 209, 219, 187, 248, 268, 219, 267, 233, 188, 256, 263, 233, 199, 273, 270, 202, 209, 236, 235, 195, 253, 213, 272]], "transportation_capacity": 602, "probability_original_quality_level": [[8.0, 30.0, 25.0, 11.0, 13.0, 10.0, 3.0], [9.0, 0.0, 8.0, 20.0, 34.0, 28.0, 1.0], [10.0, 21.0, 10.0, 0.0, 40.0, 18.0, 1.0], [10.0, 30.0, 14.0, 1.0, 42.0, 3.0, 0.0]], "number_hours_required_for_inspection": [0.6660335386421311, 0.391628318402698, 0.9529803156526497, 0.7612363370888868], "number_hours_available_for_inspection": [323, 283, 276], "expected_number_hours_required_for_repair": [1.1520956621974674, 1.6586152531369611, 1.3813852116484495, 1.320375042576981], "number_hours_available_for_repair": [375, 401, 403], "warehouse_capacity_of_facility": [858, 792, 874], "cost_of_inspection": [13.320670772842622, 7.832566368053961, 19.059606313052996, 15.224726741777737], "expected_cost_of_repair": [33.47756252466068, 48.679475339216516, 40.429058793696825, 38.23132131213488], "cost_of_transportation": [129, 155], "holding_cost": [2.545812637825483, 2.176587008818542, 1.7824614399432672], "rejection_cost": [500.0, 500.0, 500.0, 500.0]}