{"container_types": 4, "number_of_facilities": 2, "container_quality_level": 5, "time_periods": 30, "number_containers_arriving_to_facility_zero": [[105, 110, 231, 270, 285, 254, 144, 144, 206, 197, 126, 283, 112, 221, 103, 154, 101, 296, 178, 111, 117, 298, 195, 138, 244, 109, 270, 132, 115, 275], [223, 261, 213, 192, 246, 157, 273, 284, 171, 239, 219, 143, 189, 232, 105, 224, 158, 196, 287, 281, 105, 237, 113, 279, 184, 113, 261, 238, 160, 143], [296, 154, 136, 183, 199, 144, 161, 282, 106, 144, 130, 182, 135, 123, 217, 160, 268, 209, 116, 209, 102, 161, 257, 150, 285, 267, 132, 258, 278, 121], [212, 123, 231, 295, 144, 135, 106, 235, 258, 117, 214, 104, 110, 296, 117, 269, 286, 172, 241, 103, 103, 208, 186, 186, 166, 171, 218, 214, 274, 293]], "number_unexpected_containers_at_facilities": [[70, 54, 89], [87, 16, 18], [73, 47, 95], [1, 66, 16]], "number_good_quality_containers_at_facilities": [[7, 10, 66], [36, 98, 74], [20, 94, 98], [26, 52, 98]], "containers_demand_for_clients": [[219, 231, 160, 194, 238, 169, 194, 212, 225, 165, 225, 233, 175, 223, 199, 177, 165, 213, 206, 192, 186, 229, 221, 202, 184, 241, 222, 240, 182, 235], [203, 174, 210, 185, 194, 159, 178, 161, 190, 189, 222, 190, 221, 161, 203, 186, 203, 219, 211, 221, 212, 179, 192, 210, 229, 196, 169, 230, 160, 223], [184, 191, 187, 203, 250, 216, 194, 185, 230, 244, 213, 222, 248, 176, 255, 183, 236, 214, 200, 246, 241, 229, 253, 182, 233, 209, 226, 180, 176, 201], [165, 191, 205, 233, 208, 186, 160, 206, 168, 181, 197, 211, 213, 230, 162, 172, 169, 226, 176, 237, 160, 212, 195, 188, 233, 193, 179, 220, 179, 190]], "transportation_capacity": 510, "probability_original_quality_level": [[10.0, 22.0, 20.0, 20.0, 13.0, 15.0, 0.0], [6.0, 5.0, 28.0, 19.0, 21.0, 19.0, 2.0], [6.0, 20.0, 20.0, 15.0, 22.0, 13.0, 4.0], [6.0, 32.0, 24.0, 3.0, 17.0, 16.0, 2.0]], "number_hours_required_for_inspection": [0.6870577290047746, 0.7315150213883537, 0.7867810291092934, 0.41973437645851586], "number_hours_available_for_inspection": [252, 224, 264], "expected_number_hours_required_for_repair": [1.3293272270346876, 1.443022412812344, 1.2868794777844037, 1.2606153724907374], "number_hours_available_for_repair": [354, 456, 326], "warehouse_capacity_of_facility": [823, 872, 779], "cost_of_inspection": [13.741154580095492, 14.630300427767073, 15.735620582185867, 8.394687529170318], "expected_cost_of_repair": [38.11491316232742, 42.59288465194881, 37.46068614068862, 36.892717282560014], "cost_of_transportation": [118, 158], "holding_cost": [2.9608781890660536, 1.9546002999172831, 1.552580958841646], "rejection_cost": [500.0, 500.0, 500.0, 500.0]}