{"container_types": 4, "number_of_facilities": 2, "container_quality_level": 5, "time_periods": 30, "number_containers_arriving_to_facility_zero": [[214, 176, 153, 187, 214, 172, 229, 144, 190, 248, 297, 126, 208, 139, 239, 117, 168, 101, 114, 177, 141, 275, 170, 133, 275, 112, 148, 113, 272, 143], [187, 290, 115, 294, 175, 292, 254, 102, 129, 146, 224, 163, 129, 218, 246, 243, 276, 109, 154, 231, 285, 286, 294, 104, 198, 249, 260, 114, 218, 157], [191, 263, 157, 227, 196, 200, 229, 160, 168, 159, 188, 184, 196, 178, 287, 226, 276, 201, 151, 226, 171, 198, 175, 170, 260, 193, 235, 126, 182, 150], [169, 148, 198, 250, 103, 262, 204, 234, 276, 122, 220, 229, 141, 229, 246, 164, 107, 264, 218, 146, 253, 203, 179, 236, 121, 120, 262, 280, 292, 151]], "number_unexpected_containers_at_facilities": [[60, 31, 39], [69, 25, 3], [15, 1, 77], [14, 3, 60]], "number_good_quality_containers_at_facilities": [[30, 90, 15], [55, 56, 23], [45, 13, 5], [81, 9, 7]], "containers_demand_for_clients": [[167, 191, 245, 228, 200, 182, 221, 206, 231, 180, 193, 238, 245, 207, 207, 242, 238, 198, 246, 234, 189, 178, 228, 208, 203, 182, 208, 219, 198, 207], [192, 224, 166, 222, 210, 158, 178, 202, 215, 162, 217, 220, 195, 194, 202, 173, 212, 203, 215, 199, 207, 195, 182, 180, 183, 165, 193, 163, 169, 223], [171, 242, 243, 224, 189, 232, 222, 243, 195, 186, 248, 176, 220, 241, 210, 192, 224, 193, 193, 191, 177, 241, 216, 177, 236, 217, 244, 212, 218, 184], [223, 180, 194, 240, 182, 167, 179, 234, 207, 208, 196, 175, 231, 241, 236, 208, 165, 179, 199, 172, 188, 164, 208, 207, 230, 215, 209, 210, 168, 223]], "transportation_capacity": 516, "probability_original_quality_level": [[10.0, 10.0, 19.0, 2.0, 1.0, 53.0, 5.0], [6.0, 9.0, 18.0, 19.0, 27.0, 16.0, 5.0], [7.0, 16.0, 16.0, 23.0, 29.0, 7.0, 2.0], [7.0, 46.0, 2.0, 12.0, 6.0, 24.0, 3.0]], "number_hours_required_for_inspection": [0.9249169092948153, 0.8185477223841908, 0.7415781935900898, 0.8668690626484797], "number_hours_available_for_inspection": [323, 400, 339], "expected_number_hours_required_for_repair": [1.666724742315303, 1.4646314618188496, 1.4257203185102452, 1.2621617198181247], "number_hours_available_for_repair": [367, 497, 483], "warehouse_capacity_of_facility": [756, 801, 878], "cost_of_inspection": [18.498338185896305, 16.370954447683815, 14.831563871801796, 17.337381252969596], "expected_cost_of_repair": [48.14039833203521, 43.021154249229376, 41.471020914934186, 37.164261690585356], "cost_of_transportation": [115, 84], "holding_cost": [2.963560578545616, 1.6105319056696243, 1.6104557730970757], "rejection_cost": [500.0, 500.0, 500.0, 500.0]}