{"container_types": 4, "number_of_facilities": 2, "container_quality_level": 5, "time_periods": 30, "number_containers_arriving_to_facility_zero": [[214, 237, 223, 113, 272, 283, 248, 129, 292, 261, 172, 171, 204, 105, 209, 123, 180, 242, 281, 203, 291, 149, 194, 138, 182, 279, 181, 278, 220, 161], [199, 221, 287, 295, 267, 284, 130, 250, 100, 207, 285, 168, 246, 284, 192, 131, 290, 188, 277, 161, 197, 198, 292, 174, 245, 285, 147, 238, 293, 290], [179, 215, 181, 288, 133, 138, 151, 285, 149, 147, 131, 285, 249, 272, 206, 179, 283, 152, 258, 262, 221, 130, 237, 294, 170, 240, 262, 238, 123, 286], [234, 127, 261, 162, 292, 189, 234, 156, 238, 175, 198, 123, 284, 295, 108, 121, 103, 281, 245, 198, 261, 276, 288, 277, 104, 259, 286, 192, 104, 211]], "number_unexpected_containers_at_facilities": [[90, 38, 82], [65, 45, 62], [88, 52, 4], [16, 23, 95]], "number_good_quality_containers_at_facilities": [[45, 1, 37], [64, 79, 22], [34, 38, 37], [48, 65, 67]], "containers_demand_for_clients": [[233, 237, 242, 196, 213, 214, 253, 254, 223, 246, 195, 191, 239, 253, 254, 188, 184, 206, 248, 215, 240, 182, 193, 261, 193, 252, 220, 218, 255, 176], [188, 234, 258, 201, 199, 180, 177, 227, 231, 212, 246, 190, 175, 209, 215, 237, 227, 201, 228, 185, 241, 253, 236, 256, 241, 230, 187, 185, 182, 184], [247, 278, 240, 234, 232, 202, 258, 259, 208, 252, 248, 252, 280, 244, 191, 192, 237, 210, 233, 248, 205, 243, 222, 206, 267, 268, 284, 239, 252, 238], [177, 196, 181, 183, 189, 229, 239, 248, 183, 225, 235, 231, 224, 226, 214, 228, 246, 222, 233, 225, 198, 203, 248, 223, 227, 208, 230, 189, 198, 240]], "transportation_capacity": 496, "probability_original_quality_level": [[10.0, 25.0, 32.0, 14.0, 15.0, 4.0, 0.0], [5.0, 14.0, 16.0, 2.0, 24.0, 35.0, 4.0], [5.0, 7.0, 5.0, 22.0, 12.0, 45.0, 4.0], [9.0, 33.0, 14.0, 26.0, 7.0, 10.0, 1.0]], "number_hours_required_for_inspection": [0.9847506724444592, 0.42411925092485, 0.9796935409584026, 0.9889691679884494], "number_hours_available_for_inspection": [426, 411, 406], "expected_number_hours_required_for_repair": [1.2063832089116173, 1.5392363448910096, 1.7708081426007498, 1.2335231284849246], "number_hours_available_for_repair": [568, 419, 439], "warehouse_capacity_of_facility": [863, 895, 874], "cost_of_inspection": [19.695013448889185, 8.482385018497, 19.59387081916805, 19.779383359768985], "expected_cost_of_repair": [34.93730284215089, 45.20195942480319, 52.153384247217325, 35.27245818771834], "cost_of_transportation": [112, 143], "holding_cost": [2.1671862659153853, 2.280145116773777, 1.4246373990703185], "rejection_cost": [500.0, 500.0, 500.0, 500.0]}