{"container_types": 4, "number_of_facilities": 2, "container_quality_level": 5, "time_periods": 30, "number_containers_arriving_to_facility_zero": [[205, 176, 196, 148, 129, 276, 242, 127, 107, 105, 278, 265, 104, 160, 161, 116, 229, 151, 218, 243, 231, 153, 137, 261, 186, 111, 125, 233, 196, 204], [231, 266, 204, 177, 250, 197, 164, 268, 212, 274, 282, 262, 182, 205, 161, 151, 210, 154, 188, 142, 245, 284, 254, 253, 276, 285, 144, 118, 141, 247], [178, 282, 264, 102, 189, 258, 267, 128, 126, 107, 224, 206, 262, 261, 108, 182, 298, 229, 174, 150, 126, 152, 127, 202, 273, 118, 112, 224, 129, 139], [196, 247, 128, 261, 166, 226, 229, 191, 125, 146, 283, 226, 144, 144, 252, 236, 165, 126, 225, 163, 166, 280, 178, 228, 226, 241, 141, 214, 256, 293]], "number_unexpected_containers_at_facilities": [[28, 36, 25], [45, 30, 89], [94, 16, 56], [51, 48, 63]], "number_good_quality_containers_at_facilities": [[31, 36, 94], [78, 33, 92], [74, 12, 54], [32, 50, 79]], "containers_demand_for_clients": [[234, 172, 204, 216, 254, 245, 215, 204, 199, 195, 239, 246, 175, 197, 209, 215, 254, 200, 184, 176, 213, 241, 230, 224, 172, 182, 204, 206, 228, 246], [205, 158, 217, 202, 193, 170, 157, 155, 167, 198, 168, 220, 152, 204, 220, 189, 155, 176, 168, 154, 201, 160, 177, 202, 179, 198, 197, 191, 204, 195], [270, 265, 216, 264, 230, 246, 220, 214, 255, 215, 237, 213, 259, 237, 213, 183, 250, 249, 262, 186, 252, 192, 243, 240, 205, 200, 202, 240, 243, 245], [159, 186, 224, 234, 221, 167, 180, 217, 195, 159, 196, 207, 215, 203, 208, 233, 158, 184, 175, 168, 174, 192, 183, 187, 218, 210, 219, 192, 173, 162]], "transportation_capacity": 564, "probability_original_quality_level": [[6.0, 37.0, 4.0, 21.0, 27.0, 4.0, 1.0], [8.0, 25.0, 16.0, 26.0, 2.0, 21.0, 2.0], [6.0, 27.0, 18.0, 16.0, 20.0, 12.0, 1.0], [10.0, 24.0, 10.0, 8.0, 20.0, 23.0, 5.0]], "number_hours_required_for_inspection": [0.6296157460961093, 0.5319283900536321, 0.6450285387614997, 0.6086067284277834], "number_hours_available_for_inspection": [251, 264, 247], "expected_number_hours_required_for_repair": [1.2697872347577306, 1.3510088736143697, 1.3706463528454982, 1.3555715395351193], "number_hours_available_for_repair": [416, 452, 452], "warehouse_capacity_of_facility": [803, 781, 827], "cost_of_inspection": [12.592314921922185, 10.638567801072643, 12.900570775229994, 12.172134568555668], "expected_cost_of_repair": [37.12095838475028, 39.06536897027771, 40.12377689527503, 39.52822887052266], "cost_of_transportation": [69, 104], "holding_cost": [2.3781271017189343, 2.201467774388068, 1.6724521736970728], "rejection_cost": [500.0, 500.0, 500.0, 500.0]}