{"container_types": 4, "number_of_facilities": 2, "container_quality_level": 5, "time_periods": 30, "number_containers_arriving_to_facility_zero": [[137, 159, 222, 289, 102, 239, 188, 238, 169, 191, 295, 152, 161, 268, 179, 116, 257, 168, 185, 170, 295, 146, 224, 215, 197, 263, 164, 292, 220, 142], [215, 238, 270, 144, 102, 149, 211, 264, 145, 262, 289, 255, 113, 145, 285, 117, 223, 227, 270, 126, 251, 131, 177, 162, 239, 179, 208, 222, 260, 168], [104, 119, 200, 258, 251, 298, 273, 264, 202, 256, 162, 155, 251, 156, 191, 247, 268, 139, 175, 167, 180, 230, 263, 198, 193, 227, 123, 236, 184, 275], [251, 182, 115, 212, 299, 150, 202, 138, 269, 148, 275, 274, 202, 236, 197, 186, 150, 264, 286, 181, 128, 231, 177, 127, 218, 253, 179, 128, 233, 254]], "number_unexpected_containers_at_facilities": [[4, 68, 25], [1, 6, 39], [41, 66, 77], [2, 72, 19]], "number_good_quality_containers_at_facilities": [[61, 62, 20], [75, 13, 57], [39, 30, 56], [68, 53, 54]], "containers_demand_for_clients": [[229, 246, 237, 177, 210, 218, 252, 243, 170, 206, 188, 193, 245, 208, 234, 229, 188, 226, 238, 182, 234, 214, 190, 213, 246, 200, 243, 213, 229, 201], [218, 176, 249, 214, 173, 170, 191, 182, 189, 174, 174, 185, 234, 239, 178, 217, 231, 185, 199, 187, 222, 227, 231, 177, 225, 233, 217, 213, 227, 210], [188, 190, 220, 213, 179, 182, 187, 206, 177, 200, 202, 243, 227, 191, 178, 184, 246, 238, 175, 168, 171, 191, 240, 216, 194, 170, 213, 227, 186, 206], [223, 193, 259, 200, 244, 204, 247, 251, 198, 251, 224, 220, 246, 206, 248, 248, 245, 260, 188, 220, 199, 206, 229, 257, 186, 239, 204, 232, 240, 237]], "transportation_capacity": 671, "probability_original_quality_level": [[8.0, 25.0, 17.0, 11.0, 12.0, 25.0, 2.0], [10.0, 8.0, 18.0, 25.0, 12.0, 22.0, 5.0], [10.0, 22.0, 18.0, 19.0, 9.0, 22.0, 0.0], [8.0, 8.0, 0.0, 25.0, 31.0, 25.0, 3.0]], "number_hours_required_for_inspection": [0.6336167182096232, 0.4872792045631803, 0.39213141333111246, 0.6327887678521243], "number_hours_available_for_inspection": [192, 272, 225], "expected_number_hours_required_for_repair": [1.3739038202107559, 1.4619854703551116, 1.3874719565310736, 1.551845059659997], "number_hours_available_for_repair": [495, 417, 551], "warehouse_capacity_of_facility": [865, 856, 842], "cost_of_inspection": [12.672334364192464, 9.745584091263606, 7.842628266622249, 12.655775357042486], "expected_cost_of_repair": [39.91101531008861, 42.27052296781972, 39.802323835714425, 45.13415492072062], "cost_of_transportation": [68, 160], "holding_cost": [2.0468523700978913, 1.96349148329663, 1.0417975715653047], "rejection_cost": [500.0, 500.0, 500.0, 500.0]}