{"container_types": 4, "number_of_facilities": 2, "container_quality_level": 9, "time_periods": 14, "number_containers_arriving_to_facility_zero": [[289, 194, 165, 198, 198, 227, 119, 294, 283, 128, 230, 158, 232, 256], [199, 261, 257, 217, 278, 259, 275, 146, 154, 186, 259, 274, 263, 192], [194, 258, 181, 190, 137, 172, 115, 201, 171, 157, 211, 249, 187, 112], [140, 126, 105, 199, 265, 235, 182, 256, 126, 117, 130, 279, 186, 269]], "number_unexpected_containers_at_facilities": [[4, 92, 54], [63, 72, 38], [61, 53, 82], [52, 13, 41]], "number_good_quality_containers_at_facilities": [[43, 37, 37], [55, 55, 70], [71, 11, 70], [48, 10, 47]], "containers_demand_for_clients": [[169, 237, 187, 173, 191, 171, 218, 232, 194, 180, 222, 201, 235, 165], [223, 247, 228, 238, 256, 265, 255, 227, 269, 191, 220, 193, 271, 193], [225, 207, 254, 232, 210, 213, 299, 257, 250, 250, 280, 268, 252, 246], [213, 195, 182, 245, 182, 195, 206, 180, 238, 213, 201, 239, 173, 173]], "transportation_capacity": 509, "probability_original_quality_level": [[9.0, 11.0, 16.0, 10.0, 1.0, 11.0, 14.0, 16.0, 6.0, 4.0, 2.0], [6.0, 12.0, 7.0, 8.0, 18.0, 10.0, 3.0, 16.0, 7.0, 12.0, 1.0], [7.0, 5.0, 15.0, 12.0, 3.0, 14.0, 10.0, 9.0, 14.0, 7.0, 4.0], [9.0, 20.0, 0.0, 8.0, 5.0, 7.0, 19.0, 8.0, 12.0, 7.0, 5.0]], "number_hours_required_for_inspection": [0.45870525767367526, 0.9570280646264654, 0.6342405434655478, 0.8325212047409415], "number_hours_available_for_inspection": [307, 333, 281], "expected_number_hours_required_for_repair": [1.8983312947469484, 2.100776519028832, 2.010053703082885, 1.9240869984592948], "number_hours_available_for_repair": [819, 792, 641], "warehouse_capacity_of_facility": [825, 841, 920], "cost_of_inspection": [9.174105153473505, 19.14056129252931, 12.684810869310956, 16.65042409481883], "expected_cost_of_repair": [55.66863590976076, 61.82534873876729, 59.12313212105414, 56.70318037512975], "cost_of_transportation": [101, 93], "holding_cost": [2.196064833663516, 1.8952126851222255, 1.7285444581853802], "rejection_cost": [500.0, 500.0, 500.0, 500.0]}