{"container_types": 4, "number_of_facilities": 2, "container_quality_level": 9, "time_periods": 14, "number_containers_arriving_to_facility_zero": [[232, 174, 127, 235, 186, 185, 205, 296, 246, 186, 219, 274, 168, 234], [164, 113, 106, 253, 155, 239, 168, 153, 167, 206, 256, 161, 239, 161], [104, 245, 184, 130, 222, 116, 235, 206, 124, 115, 136, 184, 297, 172], [282, 218, 240, 136, 271, 252, 244, 137, 283, 116, 237, 272, 133, 129]], "number_unexpected_containers_at_facilities": [[77, 30, 87], [65, 77, 5], [23, 20, 62], [43, 13, 84]], "number_good_quality_containers_at_facilities": [[42, 73, 29], [30, 60, 96], [60, 39, 86], [24, 1, 79]], "containers_demand_for_clients": [[237, 203, 227, 233, 235, 237, 252, 227, 189, 194, 188, 235, 198, 190], [245, 203, 194, 260, 256, 236, 231, 240, 271, 242, 200, 259, 227, 232], [183, 227, 191, 235, 229, 231, 180, 196, 215, 245, 206, 220, 170, 216], [220, 194, 216, 203, 172, 236, 218, 195, 169, 177, 199, 168, 216, 213]], "transportation_capacity": 596, "probability_original_quality_level": [[10.0, 16.0, 1.0, 13.0, 11.0, 4.0, 19.0, 2.0, 1.0, 22.0, 1.0], [9.0, 2.0, 21.0, 14.0, 3.0, 0.0, 5.0, 20.0, 15.0, 9.0, 2.0], [10.0, 4.0, 21.0, 17.0, 4.0, 0.0, 8.0, 12.0, 0.0, 20.0, 4.0], [10.0, 0.0, 9.0, 3.0, 9.0, 0.0, 20.0, 10.0, 13.0, 26.0, 0.0]], "number_hours_required_for_inspection": [0.6990691879767972, 0.6429452471805012, 0.6796185834607554, 0.40852513842631843], "number_hours_available_for_inspection": [307, 259, 216], "expected_number_hours_required_for_repair": [1.9541046211583588, 2.0860486237476876, 1.8702142340490684, 2.4525101453320564], "number_hours_available_for_repair": [870, 920, 617], "warehouse_capacity_of_facility": [942, 813, 913], "cost_of_inspection": [13.981383759535944, 12.858904943610023, 13.592371669215108, 8.170502768526369], "expected_cost_of_repair": [57.42444675335004, 60.801239776759395, 55.03137111502529, 72.41425023132005], "cost_of_transportation": [69, 74], "holding_cost": [2.3175811773975368, 2.3473753840805536, 1.3797157558881539], "rejection_cost": [500.0, 500.0, 500.0, 500.0]}