{"container_types": 4, "number_of_facilities": 2, "container_quality_level": 9, "time_periods": 14, "number_containers_arriving_to_facility_zero": [[200, 153, 128, 222, 172, 141, 291, 279, 144, 209, 100, 218, 118, 154], [266, 297, 211, 160, 145, 104, 191, 178, 263, 157, 242, 224, 242, 275], [102, 226, 145, 126, 230, 139, 129, 293, 153, 267, 280, 168, 276, 169], [252, 140, 228, 107, 204, 200, 236, 280, 227, 211, 208, 205, 164, 118]], "number_unexpected_containers_at_facilities": [[88, 47, 81], [16, 35, 96], [98, 68, 0], [80, 66, 56]], "number_good_quality_containers_at_facilities": [[59, 69, 22], [82, 59, 89], [88, 33, 5], [18, 89, 35]], "containers_demand_for_clients": [[212, 229, 207, 220, 201, 240, 228, 266, 211, 207, 213, 182, 220, 215], [198, 215, 227, 189, 191, 216, 205, 214, 231, 177, 190, 189, 235, 225], [216, 260, 267, 281, 241, 282, 284, 273, 202, 225, 199, 208, 234, 195], [238, 183, 201, 219, 243, 187, 172, 215, 214, 252, 233, 218, 217, 199]], "transportation_capacity": 576, "probability_original_quality_level": [[7.0, 16.0, 16.0, 3.0, 1.0, 3.0, 2.0, 8.0, 18.0, 23.0, 3.0], [6.0, 10.0, 23.0, 13.0, 15.0, 1.0, 12.0, 2.0, 9.0, 4.0, 5.0], [6.0, 1.0, 10.0, 18.0, 12.0, 25.0, 1.0, 15.0, 4.0, 5.0, 3.0], [6.0, 5.0, 4.0, 0.0, 14.0, 6.0, 20.0, 0.0, 25.0, 20.0, 0.0]], "number_hours_required_for_inspection": [0.814089200548988, 0.677101776881951, 0.7709589023647622, 0.9937525881361922], "number_hours_available_for_inspection": [321, 376, 353], "expected_number_hours_required_for_repair": [2.15540071287941, 1.6361611838872308, 1.9533563739557647, 2.4563088868372227], "number_hours_available_for_repair": [677, 774, 725], "warehouse_capacity_of_facility": [906, 953, 923], "cost_of_inspection": [16.28178401097976, 13.54203553763902, 15.419178047295244, 19.875051762723842], "expected_cost_of_repair": [63.6823099150718, 48.46079767902314, 57.469199660032444, 72.78222642416969], "cost_of_transportation": [84, 72], "holding_cost": [2.2154766680459126, 1.7015438518654271, 1.2229720323107085], "rejection_cost": [500.0, 500.0, 500.0, 500.0]}