{"container_types": 4, "number_of_facilities": 2, "container_quality_level": 9, "time_periods": 14, "number_containers_arriving_to_facility_zero": [[236, 297, 229, 144, 189, 297, 164, 277, 242, 232, 277, 263, 127, 206], [261, 244, 156, 236, 251, 127, 283, 122, 172, 275, 278, 268, 244, 116], [117, 239, 170, 189, 211, 249, 172, 147, 273, 264, 251, 276, 136, 261], [288, 282, 163, 268, 120, 105, 238, 129, 135, 273, 260, 190, 167, 137]], "number_unexpected_containers_at_facilities": [[62, 78, 0], [13, 84, 30], [69, 1, 77], [11, 57, 69]], "number_good_quality_containers_at_facilities": [[48, 77, 4], [33, 29, 70], [0, 33, 87], [76, 42, 31]], "containers_demand_for_clients": [[230, 229, 182, 245, 217, 243, 248, 253, 198, 221, 257, 207, 202, 258], [291, 286, 213, 294, 215, 273, 293, 249, 217, 230, 238, 260, 207, 278], [245, 233, 270, 239, 237, 208, 201, 243, 239, 246, 199, 226, 200, 241], [217, 212, 248, 214, 217, 192, 224, 232, 194, 185, 257, 274, 202, 239]], "transportation_capacity": 589, "probability_original_quality_level": [[6.0, 13.0, 12.0, 11.0, 9.0, 8.0, 5.0, 21.0, 2.0, 10.0, 3.0], [10.0, 0.0, 6.0, 16.0, 6.0, 10.0, 3.0, 15.0, 15.0, 16.0, 3.0], [6.0, 9.0, 12.0, 13.0, 9.0, 6.0, 6.0, 5.0, 11.0, 21.0, 2.0], [8.0, 1.0, 6.0, 18.0, 1.0, 3.0, 16.0, 9.0, 22.0, 15.0, 1.0]], "number_hours_required_for_inspection": [0.5375453217286638, 0.9839089185050421, 0.9908305055208878, 0.972276133029987], "number_hours_available_for_inspection": [461, 372, 400], "expected_number_hours_required_for_repair": [1.930214090181779, 2.297671059008355, 2.07865298921192, 2.3640680277688357], "number_hours_available_for_repair": [723, 756, 794], "warehouse_capacity_of_facility": [901, 840, 843], "cost_of_inspection": [10.750906434573276, 19.67817837010084, 19.816610110417756, 19.445522660599742], "expected_cost_of_repair": [57.26667333433999, 67.45599939597096, 61.72667588718268, 69.33010516685822], "cost_of_transportation": [110, 154], "holding_cost": [2.8205307345583224, 2.239599510536311, 1.17584805999592], "rejection_cost": [500.0, 500.0, 500.0, 500.0]}