{"container_types": 4, "number_of_facilities": 2, "container_quality_level": 9, "time_periods": 14, "number_containers_arriving_to_facility_zero": [[105, 202, 220, 168, 218, 264, 228, 201, 294, 251, 117, 143, 107, 214], [196, 141, 220, 211, 274, 157, 247, 288, 203, 162, 147, 122, 189, 202], [268, 283, 263, 187, 267, 258, 143, 261, 133, 250, 236, 237, 287, 227], [120, 117, 219, 133, 221, 193, 176, 124, 111, 120, 116, 125, 123, 299]], "number_unexpected_containers_at_facilities": [[44, 24, 10], [22, 89, 47], [29, 24, 42], [74, 9, 0]], "number_good_quality_containers_at_facilities": [[50, 10, 30], [91, 28, 11], [74, 78, 5], [7, 12, 78]], "containers_demand_for_clients": [[160, 140, 181, 184, 169, 162, 191, 183, 144, 149, 156, 185, 200, 141], [180, 204, 241, 219, 201, 217, 243, 210, 169, 176, 220, 215, 197, 212], [217, 239, 217, 208, 184, 227, 249, 229, 257, 201, 190, 198, 201, 204], [212, 220, 289, 229, 274, 291, 211, 289, 293, 291, 243, 230, 290, 212]], "transportation_capacity": 599, "probability_original_quality_level": [[6.0, 11.0, 9.0, 16.0, 4.0, 8.0, 8.0, 15.0, 3.0, 17.0, 3.0], [10.0, 8.0, 10.0, 19.0, 5.0, 9.0, 15.0, 9.0, 5.0, 7.0, 3.0], [10.0, 10.0, 1.0, 6.0, 18.0, 17.0, 9.0, 1.0, 18.0, 8.0, 2.0], [9.0, 12.0, 3.0, 1.0, 17.0, 13.0, 1.0, 7.0, 15.0, 17.0, 5.0]], "number_hours_required_for_inspection": [0.9596271723569744, 0.7181195232116515, 0.8012495392889147, 0.4892108456798586], "number_hours_available_for_inspection": [311, 347, 281], "expected_number_hours_required_for_repair": [2.0359884642950665, 1.8000706826904709, 2.0870969717212287, 2.087701524698031], "number_hours_available_for_repair": [755, 687, 743], "warehouse_capacity_of_facility": [774, 767, 782], "cost_of_inspection": [19.19254344713949, 14.36239046423303, 16.024990785778293, 9.784216913597172], "expected_cost_of_repair": [60.2524355409826, 52.88509428527226, 60.95503409286317, 61.33621981545104], "cost_of_transportation": [129, 123], "holding_cost": [2.3879114295719495, 2.1565849714963443, 1.321829370898275], "rejection_cost": [500.0, 500.0, 500.0, 500.0]}