{"container_types": 4, "number_of_facilities": 2, "container_quality_level": 9, "time_periods": 14, "number_containers_arriving_to_facility_zero": [[254, 283, 168, 279, 213, 258, 257, 291, 140, 166, 130, 227, 269, 187], [255, 266, 189, 210, 267, 165, 108, 287, 110, 147, 202, 215, 125, 296], [106, 231, 266, 185, 202, 182, 274, 164, 210, 292, 178, 291, 205, 299], [134, 278, 245, 162, 268, 118, 247, 114, 247, 182, 233, 124, 178, 142]], "number_unexpected_containers_at_facilities": [[30, 69, 33], [94, 12, 40], [40, 69, 13], [22, 93, 38]], "number_good_quality_containers_at_facilities": [[81, 59, 75], [99, 64, 57], [12, 2, 23], [65, 93, 26]], "containers_demand_for_clients": [[214, 242, 237, 228, 184, 227, 250, 250, 202, 178, 207, 238, 222, 242], [241, 276, 258, 199, 214, 261, 204, 269, 220, 262, 240, 257, 294, 244], [188, 199, 191, 251, 266, 265, 191, 235, 234, 239, 232, 214, 250, 184], [265, 273, 208, 255, 253, 258, 274, 196, 208, 259, 189, 271, 215, 273]], "transportation_capacity": 600, "probability_original_quality_level": [[8.0, 2.0, 1.0, 15.0, 9.0, 15.0, 17.0, 10.0, 7.0, 14.0, 2.0], [8.0, 20.0, 0.0, 0.0, 0.0, 5.0, 14.0, 6.0, 14.0, 28.0, 5.0], [6.0, 20.0, 4.0, 2.0, 4.0, 17.0, 3.0, 8.0, 16.0, 17.0, 3.0], [5.0, 15.0, 15.0, 10.0, 5.0, 2.0, 5.0, 9.0, 9.0, 20.0, 5.0]], "number_hours_required_for_inspection": [0.5739987726390186, 0.5594165156157359, 0.8665784938434319, 0.7649368280701092], "number_hours_available_for_inspection": [288, 254, 375], "expected_number_hours_required_for_repair": [2.1727484670513943, 2.270001609624968, 2.0809352941358927, 1.9786721731633259], "number_hours_available_for_repair": [964, 894, 914], "warehouse_capacity_of_facility": [995, 858, 926], "cost_of_inspection": [11.479975452780371, 11.188330312314719, 17.331569876868638, 15.298736561402183], "expected_cost_of_repair": [63.60434789759518, 66.86917628863878, 61.581908019403926, 58.70788072661654], "cost_of_transportation": [83, 114], "holding_cost": [2.774664744197948, 1.8008490281013079, 1.9896989748576457], "rejection_cost": [500.0, 500.0, 500.0, 500.0]}