{"container_types": 4, "number_of_facilities": 2, "container_quality_level": 9, "time_periods": 14, "number_containers_arriving_to_facility_zero": [[140, 121, 227, 259, 108, 132, 291, 245, 271, 256, 170, 180, 220, 185], [139, 235, 270, 254, 142, 130, 208, 279, 228, 279, 186, 295, 187, 185], [179, 201, 287, 290, 240, 109, 216, 161, 267, 260, 267, 207, 252, 202], [153, 162, 137, 286, 206, 144, 103, 295, 179, 282, 282, 174, 144, 115]], "number_unexpected_containers_at_facilities": [[72, 80, 72], [29, 12, 75], [35, 60, 87], [15, 72, 62]], "number_good_quality_containers_at_facilities": [[90, 12, 1], [83, 94, 94], [11, 51, 16], [74, 78, 7]], "containers_demand_for_clients": [[194, 197, 193, 202, 230, 246, 214, 212, 227, 172, 181, 219, 231, 239], [235, 239, 227, 243, 239, 258, 201, 238, 230, 202, 206, 217, 181, 250], [199, 280, 194, 277, 235, 268, 211, 248, 207, 278, 280, 196, 226, 242], [258, 255, 199, 283, 220, 232, 279, 230, 221, 288, 253, 245, 245, 253]], "transportation_capacity": 515, "probability_original_quality_level": [[8.0, 12.0, 14.0, 11.0, 7.0, 4.0, 2.0, 15.0, 12.0, 13.0, 2.0], [8.0, 4.0, 0.0, 17.0, 22.0, 3.0, 28.0, 3.0, 8.0, 6.0, 1.0], [9.0, 6.0, 1.0, 15.0, 0.0, 11.0, 15.0, 15.0, 15.0, 12.0, 1.0], [5.0, 5.0, 13.0, 16.0, 15.0, 6.0, 6.0, 5.0, 6.0, 20.0, 3.0]], "number_hours_required_for_inspection": [0.514787571698092, 0.5347432244089789, 0.38369747812210786, 0.4915979358717025], "number_hours_available_for_inspection": [203, 201, 198], "expected_number_hours_required_for_repair": [1.9758170278340834, 2.0645009043848295, 2.2592132705819608, 1.989246824571834], "number_hours_available_for_repair": [650, 806, 648], "warehouse_capacity_of_facility": [925, 986, 922], "cost_of_inspection": [10.29575143396184, 10.69486448817958, 7.673949562442157, 9.83195871743405], "expected_cost_of_repair": [57.80886951686596, 60.8462945754828, 66.01050802251312, 59.09926226896787], "cost_of_transportation": [125, 146], "holding_cost": [2.2864394991037438, 2.362315871694725, 1.7334585176217465], "rejection_cost": [500.0, 500.0, 500.0, 500.0]}