{"container_types": 4, "number_of_facilities": 2, "container_quality_level": 9, "time_periods": 14, "number_containers_arriving_to_facility_zero": [[134, 131, 183, 100, 292, 118, 198, 206, 211, 118, 141, 195, 108, 198], [254, 245, 240, 123, 250, 274, 146, 234, 132, 193, 168, 290, 233, 249], [288, 130, 176, 242, 123, 240, 187, 263, 252, 223, 280, 296, 125, 120], [123, 214, 215, 120, 189, 249, 290, 125, 111, 213, 206, 217, 144, 151]], "number_unexpected_containers_at_facilities": [[89, 63, 28], [0, 92, 46], [79, 4, 51], [40, 42, 26]], "number_good_quality_containers_at_facilities": [[57, 74, 76], [68, 59, 81], [2, 73, 60], [62, 55, 49]], "containers_demand_for_clients": [[207, 163, 185, 237, 173, 178, 241, 225, 216, 187, 224, 223, 241, 240], [177, 201, 195, 169, 207, 162, 223, 196, 209, 222, 222, 165, 221, 218], [235, 240, 202, 214, 240, 210, 268, 247, 193, 197, 220, 234, 229, 264], [223, 269, 260, 192, 274, 262, 210, 273, 225, 234, 196, 212, 230, 266]], "transportation_capacity": 593, "probability_original_quality_level": [[9.0, 4.0, 18.0, 0.0, 11.0, 2.0, 7.0, 19.0, 12.0, 14.0, 4.0], [5.0, 17.0, 4.0, 0.0, 18.0, 13.0, 8.0, 21.0, 7.0, 6.0, 1.0], [7.0, 12.0, 7.0, 5.0, 16.0, 8.0, 6.0, 7.0, 12.0, 17.0, 3.0], [5.0, 1.0, 8.0, 20.0, 2.0, 16.0, 6.0, 12.0, 5.0, 21.0, 4.0]], "number_hours_required_for_inspection": [0.5331554299804414, 0.9005345360644171, 0.6637907293409192, 0.8327401915752797], "number_hours_available_for_inspection": [361, 354, 336], "expected_number_hours_required_for_repair": [2.0570576592672523, 2.0838580117032572, 2.092498711839973, 2.173917085491573], "number_hours_available_for_repair": [735, 652, 882], "warehouse_capacity_of_facility": [860, 887, 834], "cost_of_inspection": [10.663108599608828, 18.01069072128834, 13.275814586818385, 16.654803831505593], "expected_cost_of_repair": [60.41540358891914, 61.63773761589063, 61.936308111502804, 64.45828063488679], "cost_of_transportation": [145, 105], "holding_cost": [2.3230873527520233, 1.5535305312771766, 1.6986839043596573], "rejection_cost": [500.0, 500.0, 500.0, 500.0]}