{"container_types": 4, "number_of_facilities": 2, "container_quality_level": 9, "time_periods": 14, "number_containers_arriving_to_facility_zero": [[261, 138, 194, 234, 232, 274, 183, 250, 172, 103, 236, 101, 195, 256], [122, 248, 112, 185, 132, 284, 263, 187, 276, 214, 282, 118, 198, 275], [264, 162, 182, 103, 232, 146, 171, 107, 157, 214, 142, 100, 281, 238], [267, 142, 111, 174, 197, 294, 199, 126, 229, 298, 146, 274, 285, 242]], "number_unexpected_containers_at_facilities": [[18, 0, 76], [82, 66, 58], [27, 40, 68], [29, 72, 76]], "number_good_quality_containers_at_facilities": [[8, 50, 36], [48, 10, 30], [53, 19, 83], [90, 28, 0]], "containers_demand_for_clients": [[217, 187, 242, 228, 250, 211, 225, 216, 213, 206, 234, 199, 259, 280], [249, 225, 246, 177, 214, 172, 254, 203, 208, 204, 219, 201, 220, 178], [251, 195, 226, 205, 195, 198, 229, 181, 239, 270, 212, 252, 237, 184], [217, 203, 183, 201, 233, 224, 185, 208, 192, 199, 208, 208, 223, 207]], "transportation_capacity": 549, "probability_original_quality_level": [[9.0, 11.0, 16.0, 12.0, 4.0, 6.0, 18.0, 8.0, 8.0, 7.0, 1.0], [9.0, 17.0, 15.0, 19.0, 7.0, 8.0, 4.0, 3.0, 0.0, 16.0, 2.0], [9.0, 8.0, 2.0, 16.0, 5.0, 13.0, 16.0, 13.0, 9.0, 4.0, 5.0], [10.0, 18.0, 10.0, 0.0, 23.0, 3.0, 9.0, 8.0, 10.0, 6.0, 3.0]], "number_hours_required_for_inspection": [0.5112049967294844, 0.5080882298439023, 0.6411453768830714, 0.5662251153779991], "number_hours_available_for_inspection": [230, 286, 236], "expected_number_hours_required_for_repair": [1.8428359240566112, 1.6990048874208923, 1.9797714097158834, 1.7946915681286653], "number_hours_available_for_repair": [516, 652, 737], "warehouse_capacity_of_facility": [832, 949, 931], "cost_of_inspection": [10.224099934589688, 10.161764596878047, 12.822907537661427, 11.324502307559982], "expected_cost_of_repair": [53.85000179211391, 49.55918244885672, 57.79203876681218, 52.620139376923014], "cost_of_transportation": [90, 110], "holding_cost": [2.3880134046174204, 2.4035665043865984, 1.6901772060031133], "rejection_cost": [500.0, 500.0, 500.0, 500.0]}