{"container_types": 4, "number_of_facilities": 2, "container_quality_level": 9, "time_periods": 14, "number_containers_arriving_to_facility_zero": [[284, 114, 295, 228, 232, 124, 281, 129, 161, 176, 160, 101, 167, 179], [154, 168, 109, 145, 181, 250, 274, 294, 162, 197, 281, 261, 153, 188], [144, 289, 275, 210, 226, 219, 223, 233, 172, 269, 116, 161, 155, 149], [151, 116, 240, 280, 147, 105, 190, 247, 258, 117, 278, 247, 196, 192]], "number_unexpected_containers_at_facilities": [[55, 88, 57], [83, 40, 39], [9, 58, 98], [5, 48, 58]], "number_good_quality_containers_at_facilities": [[84, 19, 74], [59, 55, 65], [76, 86, 30], [95, 79, 60]], "containers_demand_for_clients": [[263, 196, 253, 180, 187, 209, 181, 246, 232, 206, 248, 207, 203, 227], [206, 189, 177, 201, 203, 253, 195, 231, 191, 214, 232, 228, 195, 188], [182, 246, 241, 185, 197, 223, 264, 220, 237, 267, 240, 200, 234, 265], [200, 242, 240, 270, 205, 251, 211, 240, 264, 239, 233, 224, 228, 271]], "transportation_capacity": 511, "probability_original_quality_level": [[10.0, 15.0, 20.0, 10.0, 6.0, 12.0, 8.0, 4.0, 1.0, 9.0, 5.0], [6.0, 8.0, 7.0, 10.0, 4.0, 15.0, 17.0, 9.0, 4.0, 16.0, 4.0], [8.0, 7.0, 2.0, 21.0, 19.0, 13.0, 6.0, 10.0, 6.0, 4.0, 4.0], [6.0, 7.0, 13.0, 16.0, 4.0, 8.0, 10.0, 5.0, 9.0, 17.0, 5.0]], "number_hours_required_for_inspection": [0.5325508666641211, 0.8429439984999348, 0.941240894764123, 0.6481006395168454], "number_hours_available_for_inspection": [372, 286, 352], "expected_number_hours_required_for_repair": [1.6231379552595677, 2.0792352531781133, 1.8086067366017398, 2.0154642724021405], "number_hours_available_for_repair": [633, 599, 645], "warehouse_capacity_of_facility": [825, 955, 927], "cost_of_inspection": [10.651017333282422, 16.858879969998696, 18.82481789528246, 12.962012790336907], "expected_cost_of_repair": [46.77649032719542, 61.59949204178335, 52.86107078652681, 59.47209111170316], "cost_of_transportation": [155, 142], "holding_cost": [2.3988215718666863, 1.748305954756292, 1.8512260109861602], "rejection_cost": [500.0, 500.0, 500.0, 500.0]}