{"container_types": 4, "number_of_facilities": 2, "container_quality_level": 9, "time_periods": 14, "number_containers_arriving_to_facility_zero": [[216, 170, 148, 183, 193, 263, 258, 122, 289, 257, 284, 172, 103, 229], [287, 116, 152, 213, 172, 200, 256, 222, 146, 127, 124, 276, 286, 299], [135, 134, 167, 155, 155, 158, 251, 289, 290, 257, 192, 260, 208, 185], [126, 269, 118, 207, 283, 141, 135, 279, 169, 120, 163, 297, 244, 199]], "number_unexpected_containers_at_facilities": [[50, 55, 48], [28, 38, 43], [3, 33, 73], [6, 14, 1]], "number_good_quality_containers_at_facilities": [[50, 49, 48], [95, 37, 5], [76, 46, 22], [59, 14, 48]], "containers_demand_for_clients": [[176, 221, 211, 184, 217, 241, 200, 210, 171, 183, 179, 194, 197, 242], [211, 248, 244, 254, 219, 183, 270, 241, 193, 223, 221, 182, 221, 220], [208, 219, 205, 217, 194, 184, 233, 225, 267, 187, 208, 267, 192, 207], [234, 204, 255, 253, 182, 212, 190, 237, 195, 217, 258, 253, 238, 184]], "transportation_capacity": 595, "probability_original_quality_level": [[9.0, 12.0, 13.0, 17.0, 3.0, 12.0, 5.0, 18.0, 1.0, 10.0, 0.0], [6.0, 15.0, 17.0, 7.0, 14.0, 6.0, 5.0, 0.0, 18.0, 8.0, 4.0], [7.0, 4.0, 1.0, 18.0, 2.0, 26.0, 0.0, 3.0, 16.0, 22.0, 1.0], [10.0, 3.0, 14.0, 4.0, 14.0, 11.0, 11.0, 9.0, 10.0, 14.0, 0.0]], "number_hours_required_for_inspection": [0.5735543992178267, 0.7547098479103485, 0.38858804238526257, 0.7626370621050914], "number_hours_available_for_inspection": [260, 318, 312], "expected_number_hours_required_for_repair": [1.8913273928968932, 1.833037987369924, 2.3091933125378366, 2.1163404876064518], "number_hours_available_for_repair": [643, 625, 606], "warehouse_capacity_of_facility": [811, 895, 944], "cost_of_inspection": [11.471087984356533, 15.094196958206968, 7.771760847705251, 15.252741242101829], "expected_cost_of_repair": [55.55858719747455, 54.17093313722301, 68.09618747780621, 62.30814108208552], "cost_of_transportation": [141, 146], "holding_cost": [2.186127146872746, 2.0421293322315615, 1.1535638445053635], "rejection_cost": [500.0, 500.0, 500.0, 500.0]}