{"container_types": 4, "number_of_facilities": 2, "container_quality_level": 9, "time_periods": 14, "number_containers_arriving_to_facility_zero": [[222, 169, 289, 206, 276, 211, 236, 209, 144, 202, 227, 213, 155, 239], [234, 239, 117, 298, 288, 289, 268, 162, 185, 194, 284, 161, 223, 142], [273, 298, 195, 130, 201, 249, 213, 106, 144, 126, 132, 155, 288, 115], [177, 255, 103, 104, 221, 168, 101, 163, 173, 284, 220, 224, 107, 271]], "number_unexpected_containers_at_facilities": [[94, 55, 39], [73, 41, 36], [23, 20, 45], [69, 66, 32]], "number_good_quality_containers_at_facilities": [[52, 23, 89], [77, 82, 67], [96, 24, 12], [13, 21, 95]], "containers_demand_for_clients": [[225, 168, 184, 238, 195, 203, 234, 192, 228, 232, 233, 168, 212, 165], [253, 264, 223, 195, 277, 210, 247, 274, 257, 211, 232, 235, 281, 240], [288, 235, 230, 230, 241, 277, 271, 253, 236, 269, 281, 281, 268, 267], [241, 222, 197, 179, 215, 225, 224, 163, 165, 166, 171, 204, 202, 164]], "transportation_capacity": 483, "probability_original_quality_level": [[9.0, 16.0, 4.0, 3.0, 17.0, 15.0, 0.0, 14.0, 14.0, 5.0, 3.0], [6.0, 18.0, 3.0, 14.0, 1.0, 18.0, 6.0, 17.0, 4.0, 11.0, 2.0], [6.0, 23.0, 0.0, 7.0, 13.0, 13.0, 9.0, 13.0, 1.0, 12.0, 3.0], [7.0, 10.0, 14.0, 10.0, 1.0, 5.0, 16.0, 4.0, 13.0, 18.0, 2.0]], "number_hours_required_for_inspection": [0.40221005597731874, 0.7678894051219645, 0.7911954617121204, 0.4147135150399883], "number_hours_available_for_inspection": [256, 269, 240], "expected_number_hours_required_for_repair": [1.9687955223972284, 1.9281090660518974, 1.8998497973156683, 2.0681247995827574], "number_hours_available_for_repair": [646, 876, 646], "warehouse_capacity_of_facility": [941, 847, 964], "cost_of_inspection": [8.044201119546376, 15.35778810243929, 15.823909234242407, 8.294270300799766], "expected_cost_of_repair": [57.62248325021311, 56.735645621069736, 55.97443303454371, 60.99633529234799], "cost_of_transportation": [122, 135], "holding_cost": [2.203636458446179, 2.206338244326247, 1.6804388986270444], "rejection_cost": [500.0, 500.0, 500.0, 500.0]}