{"container_types": 4, "number_of_facilities": 2, "container_quality_level": 9, "time_periods": 14, "number_containers_arriving_to_facility_zero": [[204, 225, 259, 132, 293, 109, 235, 275, 102, 153, 172, 110, 246, 183], [218, 106, 192, 209, 294, 250, 285, 249, 252, 204, 216, 182, 113, 219], [178, 127, 190, 254, 265, 267, 281, 242, 253, 264, 255, 285, 287, 202], [189, 244, 256, 206, 150, 289, 148, 164, 248, 180, 252, 174, 153, 190]], "number_unexpected_containers_at_facilities": [[53, 7, 69], [17, 94, 25], [92, 28, 14], [32, 1, 93]], "number_good_quality_containers_at_facilities": [[0, 15, 31], [1, 58, 57], [8, 43, 13], [32, 11, 89]], "containers_demand_for_clients": [[251, 262, 249, 211, 254, 249, 212, 205, 252, 217, 194, 230, 194, 253], [245, 217, 221, 181, 196, 193, 237, 220, 219, 200, 200, 206, 245, 196], [220, 209, 209, 244, 227, 203, 215, 249, 208, 258, 214, 259, 185, 264], [205, 279, 233, 233, 281, 282, 211, 301, 289, 275, 237, 258, 298, 272]], "transportation_capacity": 577, "probability_original_quality_level": [[6.0, 1.0, 10.0, 2.0, 3.0, 21.0, 13.0, 15.0, 8.0, 20.0, 1.0], [8.0, 6.0, 10.0, 1.0, 24.0, 7.0, 25.0, 3.0, 11.0, 5.0, 0.0], [6.0, 3.0, 0.0, 18.0, 0.0, 16.0, 17.0, 16.0, 14.0, 10.0, 0.0], [8.0, 10.0, 1.0, 19.0, 3.0, 4.0, 7.0, 7.0, 13.0, 23.0, 5.0]], "number_hours_required_for_inspection": [0.3574206490977032, 0.963703235869452, 0.6825825177595909, 0.48690124820062436], "number_hours_available_for_inspection": [242, 293, 291], "expected_number_hours_required_for_repair": [2.3706464176606072, 2.0784518164238563, 2.323782644108631, 2.180330931026834], "number_hours_available_for_repair": [728, 777, 781], "warehouse_capacity_of_facility": [887, 987, 907], "cost_of_inspection": [7.148412981954064, 19.274064717389038, 13.651650355191817, 9.738024964012487], "expected_cost_of_repair": [70.4536703827801, 61.00207210165042, 68.57391772716642, 63.89154913611051], "cost_of_transportation": [136, 153], "holding_cost": [2.4990979323777496, 1.5296836566751582, 1.700703146761588], "rejection_cost": [500.0, 500.0, 500.0, 500.0]}