{"container_types": 4, "number_of_facilities": 2, "container_quality_level": 9, "time_periods": 14, "number_containers_arriving_to_facility_zero": [[170, 242, 200, 161, 239, 165, 190, 265, 274, 174, 192, 198, 113, 125], [229, 163, 163, 238, 136, 250, 282, 203, 169, 110, 285, 219, 235, 172], [224, 236, 162, 165, 294, 193, 160, 135, 210, 186, 214, 275, 199, 252], [293, 255, 245, 218, 228, 193, 179, 254, 230, 268, 204, 213, 286, 112]], "number_unexpected_containers_at_facilities": [[99, 27, 41], [34, 3, 45], [71, 25, 27], [27, 39, 69]], "number_good_quality_containers_at_facilities": [[38, 57, 42], [54, 7, 52], [37, 52, 38], [82, 10, 81]], "containers_demand_for_clients": [[199, 250, 266, 215, 229, 284, 215, 234, 289, 290, 245, 207, 268, 221], [214, 243, 242, 255, 257, 215, 228, 242, 253, 206, 225, 211, 238, 230], [241, 235, 232, 244, 233, 179, 222, 226, 194, 217, 248, 253, 178, 242], [200, 233, 205, 256, 201, 202, 211, 251, 263, 254, 238, 194, 260, 242]], "transportation_capacity": 560, "probability_original_quality_level": [[7.0, 3.0, 7.0, 4.0, 21.0, 4.0, 9.0, 12.0, 16.0, 12.0, 5.0], [9.0, 10.0, 2.0, 18.0, 16.0, 4.0, 10.0, 7.0, 4.0, 20.0, 0.0], [7.0, 12.0, 0.0, 20.0, 1.0, 22.0, 15.0, 6.0, 4.0, 12.0, 1.0], [9.0, 8.0, 10.0, 18.0, 3.0, 6.0, 8.0, 18.0, 11.0, 7.0, 2.0]], "number_hours_required_for_inspection": [0.589820527417411, 0.8755444360792605, 0.9391713070192491, 0.7763382148088996], "number_hours_available_for_inspection": [301, 369, 412], "expected_number_hours_required_for_repair": [2.1615906944471863, 2.0502563424737623, 2.031377609763025, 2.0197290429548955], "number_hours_available_for_repair": [801, 924, 872], "warehouse_capacity_of_facility": [819, 817, 910], "cost_of_inspection": [11.79641054834822, 17.51088872158521, 18.783426140384982, 15.526764296177992], "expected_cost_of_repair": [64.14521533388255, 59.97016410339634, 60.00826378573613, 59.308364562494006], "cost_of_transportation": [75, 97], "holding_cost": [2.2521442859811724, 1.7760632036803834, 1.676855596922308], "rejection_cost": [500.0, 500.0, 500.0, 500.0]}