{"container_types": 4, "number_of_facilities": 2, "container_quality_level": 9, "time_periods": 14, "number_containers_arriving_to_facility_zero": [[224, 268, 208, 289, 132, 179, 108, 271, 125, 278, 102, 170, 120, 182], [210, 138, 210, 236, 141, 291, 151, 221, 257, 205, 173, 253, 230, 139], [239, 156, 184, 276, 182, 244, 211, 241, 263, 246, 249, 225, 278, 244], [131, 225, 273, 250, 148, 284, 115, 276, 132, 277, 261, 175, 126, 261]], "number_unexpected_containers_at_facilities": [[8, 88, 92], [40, 51, 95], [71, 9, 68], [42, 78, 70]], "number_good_quality_containers_at_facilities": [[47, 63, 92], [96, 45, 22], [31, 71, 36], [7, 76, 70]], "containers_demand_for_clients": [[277, 233, 242, 242, 220, 278, 240, 209, 274, 224, 252, 247, 222, 239], [219, 226, 224, 256, 178, 194, 259, 188, 197, 210, 212, 192, 254, 201], [222, 199, 191, 192, 207, 189, 242, 250, 253, 205, 224, 238, 240, 202], [262, 209, 263, 223, 201, 256, 285, 208, 225, 217, 212, 247, 260, 217]], "transportation_capacity": 538, "probability_original_quality_level": [[5.0, 20.0, 0.0, 0.0, 7.0, 16.0, 0.0, 17.0, 9.0, 21.0, 5.0], [5.0, 18.0, 2.0, 17.0, 8.0, 13.0, 3.0, 6.0, 12.0, 14.0, 2.0], [9.0, 6.0, 10.0, 13.0, 9.0, 13.0, 8.0, 5.0, 10.0, 17.0, 0.0], [10.0, 7.0, 12.0, 8.0, 16.0, 7.0, 10.0, 0.0, 5.0, 20.0, 5.0]], "number_hours_required_for_inspection": [0.8764036685151181, 0.7679917213299655, 0.41336072120773154, 0.7095228740684808], "number_hours_available_for_inspection": [305, 257, 275], "expected_number_hours_required_for_repair": [2.211078463960885, 1.9854966253254072, 2.069189998549405, 1.9512465890230348], "number_hours_available_for_repair": [781, 720, 684], "warehouse_capacity_of_facility": [988, 848, 954], "cost_of_inspection": [17.528073370302362, 15.35983442659931, 8.26721442415463, 14.190457481369616], "expected_cost_of_repair": [65.53064702789842, 58.67111331637219, 61.12078260385677, 56.56056536647815], "cost_of_transportation": [99, 119], "holding_cost": [2.908516270295374, 2.4761397983649696, 1.2832465883529434], "rejection_cost": [500.0, 500.0, 500.0, 500.0]}