{"container_types": 4, "number_of_facilities": 2, "container_quality_level": 9, "time_periods": 14, "number_containers_arriving_to_facility_zero": [[158, 254, 141, 207, 294, 186, 168, 229, 129, 125, 116, 125, 198, 162], [182, 252, 166, 243, 146, 147, 293, 117, 297, 268, 224, 290, 217, 290], [237, 196, 182, 108, 264, 190, 111, 140, 145, 129, 103, 116, 214, 150], [219, 250, 132, 156, 274, 106, 221, 213, 143, 292, 237, 224, 163, 186]], "number_unexpected_containers_at_facilities": [[61, 77, 32], [88, 23, 72], [50, 78, 32], [6, 61, 55]], "number_good_quality_containers_at_facilities": [[14, 72, 88], [49, 58, 34], [83, 97, 92], [46, 38, 33]], "containers_demand_for_clients": [[182, 182, 201, 231, 205, 197, 196, 184, 260, 236, 211, 218, 190, 243], [212, 218, 171, 190, 227, 224, 184, 233, 195, 237, 177, 195, 180, 230], [257, 268, 212, 293, 268, 256, 247, 279, 291, 218, 256, 273, 211, 249], [156, 215, 175, 211, 207, 183, 213, 173, 175, 157, 205, 166, 198, 192]], "transportation_capacity": 674, "probability_original_quality_level": [[6.0, 7.0, 14.0, 14.0, 5.0, 17.0, 0.0, 16.0, 9.0, 11.0, 1.0], [5.0, 18.0, 11.0, 3.0, 17.0, 11.0, 1.0, 12.0, 10.0, 8.0, 4.0], [10.0, 1.0, 1.0, 9.0, 15.0, 10.0, 15.0, 8.0, 19.0, 10.0, 2.0], [9.0, 10.0, 5.0, 17.0, 13.0, 3.0, 12.0, 14.0, 4.0, 8.0, 5.0]], "number_hours_required_for_inspection": [0.9358569419407051, 0.8471834960338396, 0.6124399078009427, 0.7746521646919392], "number_hours_available_for_inspection": [399, 306, 404], "expected_number_hours_required_for_repair": [2.1117756475872596, 1.8373533451748358, 2.3325037782482703, 1.8821015925495335], "number_hours_available_for_repair": [674, 811, 699], "warehouse_capacity_of_facility": [775, 838, 791], "cost_of_inspection": [18.7171388388141, 16.94366992067679, 12.248798156018854, 15.493043293838785], "expected_cost_of_repair": [62.52123867340711, 54.22593257018243, 68.2881831740535, 55.219986382029354], "cost_of_transportation": [137, 147], "holding_cost": [2.5833893342440417, 1.8136421044349786, 1.854236281907339], "rejection_cost": [500.0, 500.0, 500.0, 500.0]}