{"container_types": 4, "number_of_facilities": 2, "container_quality_level": 9, "time_periods": 14, "number_containers_arriving_to_facility_zero": [[289, 166, 126, 150, 194, 196, 266, 237, 206, 219, 116, 173, 166, 158], [178, 245, 187, 215, 248, 122, 185, 175, 127, 197, 268, 218, 270, 104], [198, 123, 229, 170, 193, 231, 111, 150, 208, 226, 198, 135, 182, 155], [267, 170, 268, 220, 136, 229, 194, 202, 170, 298, 103, 288, 250, 237]], "number_unexpected_containers_at_facilities": [[53, 79, 86], [22, 65, 43], [30, 24, 88], [91, 56, 99]], "number_good_quality_containers_at_facilities": [[25, 65, 68], [23, 18, 13], [37, 10, 37], [4, 28, 8]], "containers_demand_for_clients": [[190, 204, 274, 247, 253, 238, 257, 190, 225, 245, 242, 199, 222, 278], [230, 185, 177, 252, 259, 225, 223, 237, 247, 176, 253, 201, 212, 251], [205, 222, 224, 218, 198, 220, 183, 213, 246, 217, 233, 208, 245, 199], [176, 233, 221, 180, 157, 170, 194, 230, 187, 208, 184, 171, 197, 209]], "transportation_capacity": 542, "probability_original_quality_level": [[8.0, 6.0, 4.0, 16.0, 10.0, 10.0, 9.0, 11.0, 6.0, 16.0, 4.0], [8.0, 10.0, 16.0, 0.0, 8.0, 12.0, 6.0, 10.0, 2.0, 24.0, 4.0], [10.0, 17.0, 1.0, 10.0, 1.0, 6.0, 14.0, 18.0, 12.0, 6.0, 5.0], [5.0, 20.0, 14.0, 15.0, 8.0, 2.0, 0.0, 14.0, 6.0, 12.0, 4.0]], "number_hours_required_for_inspection": [0.6245776086691733, 0.4342969725920225, 0.38444481967825384, 0.5402048369372151], "number_hours_available_for_inspection": [178, 197, 235], "expected_number_hours_required_for_repair": [2.005119318474529, 2.046504007830535, 1.9735838178814822, 1.805504479861085], "number_hours_available_for_repair": [664, 829, 571], "warehouse_capacity_of_facility": [780, 893, 774], "cost_of_inspection": [12.491552173383466, 8.68593945184045, 7.688896393565077, 10.804096738744303], "expected_cost_of_repair": [59.18645317589935, 59.9700433719074, 58.18676153797517, 53.57378880687839], "cost_of_transportation": [63, 149], "holding_cost": [2.8985584281666474, 2.177037249376808, 1.470770505851571], "rejection_cost": [500.0, 500.0, 500.0, 500.0]}