{"container_types": 4, "number_of_facilities": 2, "container_quality_level": 9, "time_periods": 14, "number_containers_arriving_to_facility_zero": [[222, 141, 122, 230, 173, 248, 266, 277, 170, 291, 161, 263, 182, 136], [148, 198, 104, 175, 264, 278, 181, 204, 293, 169, 278, 272, 236, 104], [119, 147, 178, 242, 272, 243, 162, 124, 215, 240, 187, 247, 213, 132], [104, 125, 214, 204, 199, 169, 219, 227, 270, 139, 258, 280, 180, 220]], "number_unexpected_containers_at_facilities": [[30, 13, 18], [87, 98, 62], [17, 14, 81], [32, 0, 26]], "number_good_quality_containers_at_facilities": [[70, 46, 62], [45, 76, 75], [44, 84, 60], [67, 5, 98]], "containers_demand_for_clients": [[198, 188, 232, 199, 183, 185, 186, 221, 197, 173, 194, 176, 186, 180], [223, 194, 266, 243, 189, 206, 199, 238, 241, 254, 205, 218, 228, 261], [241, 270, 204, 276, 260, 220, 205, 236, 268, 208, 211, 192, 258, 191], [173, 196, 191, 175, 189, 213, 180, 248, 178, 204, 248, 236, 174, 246]], "transportation_capacity": 502, "probability_original_quality_level": [[5.0, 8.0, 1.0, 8.0, 14.0, 10.0, 14.0, 0.0, 23.0, 12.0, 5.0], [8.0, 14.0, 8.0, 12.0, 0.0, 16.0, 4.0, 15.0, 8.0, 14.0, 1.0], [9.0, 15.0, 0.0, 1.0, 16.0, 13.0, 5.0, 20.0, 1.0, 17.0, 3.0], [10.0, 15.0, 9.0, 0.0, 11.0, 14.0, 8.0, 7.0, 12.0, 9.0, 5.0]], "number_hours_required_for_inspection": [0.5431607445631355, 0.49783854848572884, 0.8667071557201989, 0.7278627010868074], "number_hours_available_for_inspection": [252, 236, 250], "expected_number_hours_required_for_repair": [2.214190333790981, 2.0697810523779463, 2.077168945294973, 1.877571131512661], "number_hours_available_for_repair": [641, 744, 828], "warehouse_capacity_of_facility": [881, 976, 907], "cost_of_inspection": [10.86321489126271, 9.956770969714576, 17.33414311440398, 14.557254021736147], "expected_cost_of_repair": [65.48623028437727, 61.178127653622106, 61.12629101822303, 54.38894151310147], "cost_of_transportation": [66, 117], "holding_cost": [2.364608829711515, 1.5891427337427773, 1.0481591552577885], "rejection_cost": [500.0, 500.0, 500.0, 500.0]}