{"container_types": 4, "number_of_facilities": 2, "container_quality_level": 9, "time_periods": 14, "number_containers_arriving_to_facility_zero": [[225, 219, 159, 107, 163, 188, 102, 190, 231, 271, 290, 159, 171, 102], [108, 183, 103, 203, 283, 294, 254, 292, 275, 129, 170, 238, 169, 265], [148, 196, 161, 164, 246, 157, 258, 175, 128, 136, 198, 193, 215, 216], [172, 175, 255, 210, 139, 134, 148, 293, 205, 298, 158, 283, 294, 215]], "number_unexpected_containers_at_facilities": [[31, 48, 38], [72, 11, 54], [46, 21, 45], [61, 88, 44]], "number_good_quality_containers_at_facilities": [[33, 19, 33], [77, 72, 81], [3, 77, 94], [78, 58, 18]], "containers_demand_for_clients": [[215, 242, 192, 280, 255, 213, 194, 250, 195, 272, 278, 204, 258, 233], [194, 213, 195, 172, 197, 220, 209, 214, 205, 219, 198, 203, 187, 204], [278, 224, 249, 271, 280, 215, 274, 219, 222, 264, 194, 272, 284, 200], [207, 244, 197, 172, 170, 222, 204, 213, 172, 173, 225, 224, 166, 225]], "transportation_capacity": 517, "probability_original_quality_level": [[7.0, 12.0, 17.0, 12.0, 10.0, 8.0, 4.0, 9.0, 4.0, 16.0, 1.0], [9.0, 8.0, 0.0, 9.0, 0.0, 25.0, 19.0, 18.0, 3.0, 6.0, 3.0], [9.0, 8.0, 0.0, 20.0, 10.0, 10.0, 14.0, 8.0, 6.0, 10.0, 5.0], [10.0, 13.0, 21.0, 0.0, 14.0, 16.0, 11.0, 0.0, 7.0, 6.0, 2.0]], "number_hours_required_for_inspection": [0.9867894010926223, 0.7482505731237966, 0.40439952593517636, 0.4270535041766543], "number_hours_available_for_inspection": [303, 328, 284], "expected_number_hours_required_for_repair": [1.95193445881293, 2.069682570790632, 1.9032666147774382, 1.6783800002061482], "number_hours_available_for_repair": [680, 686, 796], "warehouse_capacity_of_facility": [912, 940, 847], "cost_of_inspection": [19.735788021852446, 14.965011462475932, 8.087990518703528, 8.541070083533086], "expected_cost_of_repair": [57.183576637863055, 61.1213305490529, 55.30753364832903, 48.93581087454013], "cost_of_transportation": [149, 151], "holding_cost": [2.7957209449661677, 1.6116821686299603, 1.484690967092181], "rejection_cost": [500.0, 500.0, 500.0, 500.0]}