{"container_types": 4, "number_of_facilities": 2, "container_quality_level": 9, "time_periods": 14, "number_containers_arriving_to_facility_zero": [[160, 162, 139, 274, 269, 253, 295, 108, 254, 113, 144, 171, 187, 288], [253, 253, 212, 107, 125, 167, 128, 130, 214, 232, 196, 293, 157, 198], [120, 186, 170, 120, 177, 176, 264, 244, 282, 194, 257, 134, 109, 186], [105, 121, 130, 214, 299, 200, 285, 246, 282, 126, 102, 200, 143, 244]], "number_unexpected_containers_at_facilities": [[44, 37, 58], [20, 38, 39], [47, 57, 84], [44, 11, 95]], "number_good_quality_containers_at_facilities": [[65, 51, 20], [4, 88, 16], [0, 47, 15], [69, 60, 8]], "containers_demand_for_clients": [[243, 242, 202, 229, 222, 182, 215, 180, 182, 214, 204, 212, 205, 254], [196, 247, 199, 255, 261, 235, 178, 197, 228, 263, 223, 244, 216, 204], [241, 194, 206, 235, 217, 229, 193, 222, 164, 213, 173, 244, 187, 230], [178, 198, 169, 171, 202, 180, 208, 208, 194, 182, 216, 206, 185, 177]], "transportation_capacity": 527, "probability_original_quality_level": [[5.0, 8.0, 0.0, 11.0, 4.0, 12.0, 6.0, 17.0, 14.0, 23.0, 0.0], [8.0, 3.0, 0.0, 8.0, 15.0, 14.0, 8.0, 5.0, 15.0, 22.0, 2.0], [10.0, 11.0, 13.0, 9.0, 7.0, 13.0, 6.0, 5.0, 10.0, 11.0, 5.0], [7.0, 4.0, 9.0, 14.0, 18.0, 10.0, 2.0, 0.0, 7.0, 25.0, 4.0]], "number_hours_required_for_inspection": [0.5197742845990204, 0.7902829434735572, 0.6593811994859471, 0.9578680546278071], "number_hours_available_for_inspection": [367, 343, 333], "expected_number_hours_required_for_repair": [2.4919341610309633, 2.376446260795389, 1.8243808138403592, 2.036783674149964], "number_hours_available_for_repair": [723, 907, 680], "warehouse_capacity_of_facility": [883, 780, 801], "cost_of_inspection": [10.395485691980408, 15.805658869471145, 13.187623989718942, 19.157361092556144], "expected_cost_of_repair": [73.89695517856586, 69.71269895624873, 52.90622597620056, 60.08130448743639], "cost_of_transportation": [89, 74], "holding_cost": [2.264289864318148, 1.7754023240067482, 1.9057108487318315], "rejection_cost": [500.0, 500.0, 500.0, 500.0]}