{"container_types": 4, "number_of_facilities": 2, "container_quality_level": 5, "time_periods": 7, "number_containers_arriving_to_facility_zero": [[286, 115, 223, 129, 254, 263, 279], [255, 280, 140, 120, 125, 156, 106], [221, 246, 237, 214, 156, 201, 179], [135, 255, 280, 112, 133, 221, 127]], "number_unexpected_containers_at_facilities": [[13, 87, 8], [34, 96, 63], [1, 47, 26], [11, 20, 61]], "number_good_quality_containers_at_facilities": [[32, 53, 52], [95, 12, 31], [18, 52, 83], [28, 42, 95]], "containers_demand_for_clients": [[215, 184, 260, 223, 177, 187, 249], [273, 239, 280, 264, 209, 279, 229], [231, 195, 191, 252, 187, 230, 257], [217, 241, 233, 196, 262, 239, 238]], "transportation_capacity": 643, "probability_original_quality_level": [[10.0, 18.0, 15.0, 13.0, 29.0, 11.0, 4.0], [7.0, 13.0, 12.0, 18.0, 32.0, 16.0, 2.0], [10.0, 27.0, 5.0, 31.0, 11.0, 12.0, 4.0], [8.0, 12.0, 13.0, 17.0, 39.0, 6.0, 5.0]], "number_hours_required_for_inspection": [0.39570233385210735, 0.751922952106329, 0.8965441842446853, 0.5211215970583817], "number_hours_available_for_inspection": [343, 298, 318], "expected_number_hours_required_for_repair": [1.2923417159635573, 1.446381919455435, 1.263797108801188, 1.378851417060182], "number_hours_available_for_repair": [551, 471, 502], "warehouse_capacity_of_facility": [958, 915, 978], "cost_of_inspection": [7.914046677042147, 15.03845904212658, 17.930883684893708, 10.422431941167634], "expected_cost_of_repair": [37.50001462319801, 42.140551254565615, 36.24787970666092, 40.31683602069936], "cost_of_transportation": [81, 146], "holding_cost": [2.619856626649632, 1.9375177863011979, 1.5234901780293155], "rejection_cost": [100.0, 100.0, 100.0, 100.0]}