{"container_types": 4, "number_of_facilities": 2, "container_quality_level": 5, "time_periods": 7, "number_containers_arriving_to_facility_zero": [[134, 256, 253, 254, 108, 257, 234], [220, 107, 237, 264, 159, 132, 228], [298, 208, 268, 147, 201, 246, 251], [140, 259, 296, 105, 292, 177, 290]], "number_unexpected_containers_at_facilities": [[35, 52, 14], [91, 19, 60], [93, 58, 47], [81, 10, 47]], "number_good_quality_containers_at_facilities": [[85, 17, 34], [58, 20, 32], [38, 54, 75], [70, 85, 1]], "containers_demand_for_clients": [[228, 240, 248, 256, 275, 223, 215], [209, 243, 249, 207, 285, 265, 236], [263, 272, 195, 192, 195, 230, 218], [246, 263, 257, 296, 284, 321, 255]], "transportation_capacity": 759, "probability_original_quality_level": [[5.0, 36.0, 20.0, 18.0, 6.0, 11.0, 4.0], [5.0, 19.0, 21.0, 11.0, 12.0, 30.0, 2.0], [7.0, 11.0, 31.0, 9.0, 23.0, 14.0, 5.0], [10.0, 16.0, 21.0, 9.0, 21.0, 19.0, 4.0]], "number_hours_required_for_inspection": [0.7196553980249512, 0.9397443859524655, 0.8677659308299295, 0.7763000523239588], "number_hours_available_for_inspection": [338, 368, 365], "expected_number_hours_required_for_repair": [1.1445693181509575, 1.4502148416596927, 1.3581319253550836, 1.3488308610398911], "number_hours_available_for_repair": [483, 439, 570], "warehouse_capacity_of_facility": [942, 1015, 1060], "cost_of_inspection": [14.393107960499023, 18.79488771904931, 17.355318616598588, 15.526001046479177], "expected_cost_of_repair": [33.731547595806425, 42.59038837859053, 39.633348143627465, 39.32339831895762], "cost_of_transportation": [68, 114], "holding_cost": [2.7423197144569498, 2.1167446121824915, 1.1238830936081108], "rejection_cost": [100.0, 100.0, 100.0, 100.0]}