{"container_types": 4, "number_of_facilities": 2, "container_quality_level": 5,
  "time_periods": 7,
  "number_containers_arriving_to_facility_zero": [[183, 152, 211, 140, 205, 294, 182], [131, 237, 273, 243, 166, 294, 210],
    [191, 240, 105, 299, 151, 256, 211], [245, 134, 222, 281, 181, 256, 158]],
  "number_unexpected_containers_at_facilities": [[27, 28, 34], [10, 33, 92],
    [53, 58, 58], [81, 30, 88]],
  "number_good_quality_containers_at_facilities": [[19, 48, 91], [2, 96, 24], [27, 22, 11], [18, 25, 79]],
  "containers_demand_for_clients": [[212, 244, 299, 245, 252, 241, 239], [247, 261, 215, 228, 240, 221, 212],
    [277, 275, 242, 264, 206, 281, 301], [225, 282, 230, 258, 227, 194, 227]],
  "transportation_capacity": 559, "probability_original_quality_level": [[10.0, 29.0, 34.0, 9.0, 3.0, 14.0, 1.0],
  [7.0, 15.0, 30.0, 14.0, 2.0, 31.0, 1.0], [5.0, 36.0, 8.0, 35.0, 1.0, 13.0, 2.0], [10.0, 3.0, 24.0, 10.0, 24.0, 26.0, 3.0]],
  "number_hours_required_for_inspection": [0.6221729553349997, 0.34611146272233145, 0.5664774535857634, 0.9157473039883958],
  "number_hours_available_for_inspection": [304, 335, 268],
  "expected_number_hours_required_for_repair": [1.179925653850259, 1.4568246745419235, 1.2524315865179656, 1.5947443082403838],
  "number_hours_available_for_repair": [477, 576, 543], "warehouse_capacity_of_facility": [888, 944, 1075],
  "cost_of_inspection": [12.443459106699994, 6.922229254446629, 11.329549071715268, 18.314946079767914],
  "expected_cost_of_repair": [34.2850031238664, 42.53892927053972, 37.0477914585077, 46.0250372660628],
  "cost_of_transportation": [120, 154], "holding_cost": [2.180151913796355, 2.3677221074175785, 1.0739371891317298],
  "rejection_cost": [100.0, 100.0, 100.0, 100.0]}