{"container_types": 4, "number_of_facilities": 2, "container_quality_level": 5, "time_periods": 7, "number_containers_arriving_to_facility_zero": [[159, 138, 211, 293, 159, 119, 137], [224, 175, 180, 161, 193, 155, 254], [143, 144, 169, 299, 152, 145, 175], [110, 142, 143, 153, 264, 124, 104]], "number_unexpected_containers_at_facilities": [[27, 75, 88], [2, 37, 98], [38, 13, 83], [84, 46, 93]], "number_good_quality_containers_at_facilities": [[21, 16, 27], [99, 89, 3], [79, 69, 79], [57, 91, 10]], "containers_demand_for_clients": [[239, 178, 170, 202, 182, 198, 188], [251, 242, 204, 232, 245, 224, 239], [210, 204, 237, 247, 233, 284, 195], [255, 209, 214, 241, 211, 228, 222]], "transportation_capacity": 642, "probability_original_quality_level": [[7.0, 39.0, 15.0, 12.0, 23.0, 4.0, 0.0], [10.0, 11.0, 29.0, 16.0, 27.0, 7.0, 0.0], [7.0, 13.0, 5.0, 32.0, 11.0, 30.0, 2.0], [6.0, 41.0, 16.0, 8.0, 3.0, 22.0, 4.0]], "number_hours_required_for_inspection": [0.6492667262754853, 0.917285505206492, 0.5434457946034207, 0.7730916377747548], "number_hours_available_for_inspection": [353, 346, 346], "expected_number_hours_required_for_repair": [1.1968101709302696, 1.2502654629792662, 1.4793778293579765, 1.2130881179407154], "number_hours_available_for_repair": [451, 381, 384], "warehouse_capacity_of_facility": [945, 926, 795], "cost_of_inspection": [12.985334525509707, 18.34571010412984, 10.868915892068413, 15.461832755495095], "expected_cost_of_repair": [34.891009369358805, 36.37639840017707, 43.66015918392468, 35.387115616529336], "cost_of_transportation": [155, 109], "holding_cost": [2.3908588710209373, 2.3042329366904593, 1.0606748067420664], "rejection_cost": [100.0, 100.0, 100.0, 100.0]}