{"container_types": 4, "number_of_facilities": 2, "container_quality_level": 5, "time_periods": 7, "number_containers_arriving_to_facility_zero": [[153, 173, 130, 163, 180, 183, 199], [132, 297, 141, 197, 174, 124, 155], [157, 289, 192, 291, 154, 171, 123], [112, 102, 116, 143, 178, 120, 113]], "number_unexpected_containers_at_facilities": [[56, 65, 52], [81, 84, 76], [62, 77, 60], [38, 9, 56]], "number_good_quality_containers_at_facilities": [[97, 91, 62], [29, 31, 7], [92, 40, 73], [44, 61, 34]], "containers_demand_for_clients": [[152, 158, 184, 130, 186, 172, 166], [218, 259, 215, 230, 260, 236, 200], [257, 180, 191, 204, 210, 194, 205], [230, 229, 207, 251, 298, 270, 251]], "transportation_capacity": 524, "probability_original_quality_level": [[7.0, 24.0, 25.0, 10.0, 14.0, 16.0, 4.0], [7.0, 25.0, 33.0, 6.0, 0.0, 28.0, 1.0], [8.0, 3.0, 26.0, 28.0, 4.0, 29.0, 2.0], [10.0, 1.0, 19.0, 26.0, 21.0, 19.0, 4.0]], "number_hours_required_for_inspection": [0.7113302221165778, 0.7523838480085169, 0.40869606974136957, 0.8473345489238054], "number_hours_available_for_inspection": [264, 306, 250], "expected_number_hours_required_for_repair": [1.33439167218882, 1.3574703614567256, 1.5302180453794136, 1.432334334197258], "number_hours_available_for_repair": [377, 464, 419], "warehouse_capacity_of_facility": [785, 819, 857], "cost_of_inspection": [14.226604442331556, 15.047676960170337, 8.173921394827392, 16.94669097847611], "expected_cost_of_repair": [39.31300569854725, 39.81033333136248, 44.48590484891629, 41.43815315301686], "cost_of_transportation": [113, 75], "holding_cost": [2.152902818582699, 1.808854620930385, 1.770800115819506], "rejection_cost": [100.0, 100.0, 100.0, 100.0]}