{"container_types": 4, "number_of_facilities": 2, "container_quality_level": 5, "time_periods": 7, "number_containers_arriving_to_facility_zero": [[187, 250, 226, 211, 125, 169, 216], [142, 268, 206, 180, 116, 199, 271], [199, 132, 186, 153, 169, 150, 112], [114, 233, 127, 168, 114, 274, 135]], "number_unexpected_containers_at_facilities": [[19, 97, 48], [25, 8, 21], [99, 30, 3], [3, 23, 98]], "number_good_quality_containers_at_facilities": [[90, 9, 22], [28, 73, 20], [56, 97, 17], [80, 51, 43]], "containers_demand_for_clients": [[208, 197, 203, 193, 206, 169, 204], [200, 261, 201, 271, 239, 275, 263], [217, 197, 250, 263, 195, 246, 203], [164, 202, 220, 161, 161, 235, 187]], "transportation_capacity": 528, "probability_original_quality_level": [[9.0, 31.0, 18.0, 29.0, 4.0, 8.0, 1.0], [7.0, 20.0, 23.0, 16.0, 25.0, 5.0, 4.0], [7.0, 2.0, 13.0, 32.0, 14.0, 29.0, 3.0], [5.0, 14.0, 31.0, 30.0, 8.0, 7.0, 5.0]], "number_hours_required_for_inspection": [0.40519071756804326, 0.5658023436214887, 0.9502544826236445, 0.37574256840938175], "number_hours_available_for_inspection": [292, 250, 217], "expected_number_hours_required_for_repair": [1.1916610612535414, 1.2402435772597054, 1.5531820120726878, 1.3321379597525544], "number_hours_available_for_repair": [357, 427, 349], "warehouse_capacity_of_facility": [909, 934, 834], "cost_of_inspection": [8.103814351360866, 11.316046872429775, 19.00508965247289, 7.514851368187635], "expected_cost_of_repair": [33.99299548675463, 36.43595391213574, 45.629361510528724, 39.05084398880049], "cost_of_transportation": [129, 148], "holding_cost": [2.789415913434528, 2.016932826211021, 1.3894962352382745], "rejection_cost": [100.0, 100.0, 100.0, 100.0]}