{"container_types": 4, "number_of_facilities": 2, "container_quality_level": 5, "time_periods": 7, "number_containers_arriving_to_facility_zero": [[180, 258, 270, 141, 223, 236, 268], [160, 187, 280, 285, 132, 295, 157], [169, 280, 159, 178, 290, 146, 127], [169, 163, 190, 151, 145, 154, 231]], "number_unexpected_containers_at_facilities": [[95, 37, 0], [89, 55, 69], [93, 90, 23], [69, 11, 19]], "number_good_quality_containers_at_facilities": [[5, 81, 95], [61, 31, 2], [41, 58, 55], [51, 59, 44]], "containers_demand_for_clients": [[196, 235, 243, 243, 180, 181, 220], [251, 225, 239, 305, 217, 253, 314], [244, 249, 288, 225, 263, 206, 253], [268, 266, 282, 202, 229, 206, 225]], "transportation_capacity": 656, "probability_original_quality_level": [[7.0, 24.0, 6.0, 30.0, 20.0, 9.0, 4.0], [8.0, 22.0, 12.0, 24.0, 27.0, 2.0, 5.0], [6.0, 10.0, 21.0, 13.0, 15.0, 31.0, 4.0], [7.0, 26.0, 15.0, 27.0, 1.0, 23.0, 1.0]], "number_hours_required_for_inspection": [0.4766296744468589, 0.3348952326373553, 0.6487649815320983, 0.6673186863899495], "number_hours_available_for_inspection": [274, 281, 284], "expected_number_hours_required_for_repair": [1.3840751799719053, 1.2580915032030713, 1.4998059442290441, 1.3740367692342699], "number_hours_available_for_repair": [455, 565, 521], "warehouse_capacity_of_facility": [1055, 894, 884], "cost_of_inspection": [9.532593488937177, 6.6979046527471064, 12.975299630641965, 13.34637372779899], "expected_cost_of_repair": [40.737804275199935, 36.73128873045696, 44.15427304544632, 40.230807860407815], "cost_of_transportation": [131, 71], "holding_cost": [2.2791391349303387, 2.1072598242204648, 1.8489186717206927], "rejection_cost": [100.0, 100.0, 100.0, 100.0]}