{"container_types": 4, "number_of_facilities": 2, "container_quality_level": 5, "time_periods": 7, "number_containers_arriving_to_facility_zero": [[188, 171, 108, 294, 248, 295, 295], [220, 131, 118, 212, 186, 214, 170], [106, 186, 133, 197, 172, 226, 174], [282, 134, 254, 192, 238, 106, 218]], "number_unexpected_containers_at_facilities": [[14, 19, 69], [97, 89, 45], [67, 60, 48], [47, 80, 48]], "number_good_quality_containers_at_facilities": [[73, 98, 38], [77, 29, 40], [75, 50, 64], [94, 39, 47]], "containers_demand_for_clients": [[290, 271, 228, 263, 214, 248, 301], [235, 268, 233, 260, 231, 263, 254], [214, 251, 238, 264, 222, 215, 218], [246, 233, 189, 211, 202, 226, 203]], "transportation_capacity": 528, "probability_original_quality_level": [[10.0, 2.0, 19.0, 16.0, 26.0, 24.0, 3.0], [6.0, 13.0, 8.0, 28.0, 27.0, 16.0, 2.0], [5.0, 2.0, 7.0, 35.0, 29.0, 22.0, 0.0], [7.0, 31.0, 9.0, 32.0, 12.0, 6.0, 3.0]], "number_hours_required_for_inspection": [0.859558652338613, 0.6514555198745682, 0.7404810531428421, 0.44847851322005455], "number_hours_available_for_inspection": [347, 381, 272], "expected_number_hours_required_for_repair": [1.523379199588103, 1.460865891818237, 1.6030495452006273, 1.3049377989775097], "number_hours_available_for_repair": [510, 568, 565], "warehouse_capacity_of_facility": [1048, 891, 920], "cost_of_inspection": [17.19117304677226, 13.029110397491364, 14.809621062856841, 8.96957026440109], "expected_cost_of_repair": [44.64550349853123, 43.19892655193057, 47.23026010678194, 38.15015089557599], "cost_of_transportation": [139, 117], "holding_cost": [2.203181197787218, 1.9302564661103192, 1.215349873909177], "rejection_cost": [100.0, 100.0, 100.0, 100.0]}