{"container_types": 4, "number_of_facilities": 2, "container_quality_level": 5, "time_periods": 7, "number_containers_arriving_to_facility_zero": [[141, 260, 269, 146, 243, 273, 201], [103, 118, 109, 284, 223, 217, 179], [289, 247, 236, 160, 176, 264, 294], [224, 281, 287, 242, 288, 124, 253]], "number_unexpected_containers_at_facilities": [[99, 37, 97], [46, 0, 20], [49, 26, 73], [74, 9, 31]], "number_good_quality_containers_at_facilities": [[76, 1, 93], [48, 91, 31], [14, 47, 21], [2, 61, 7]], "containers_demand_for_clients": [[258, 238, 258, 230, 278, 288, 283], [246, 291, 239, 225, 311, 328, 235], [229, 234, 193, 204, 175, 236, 230], [249, 244, 258, 289, 303, 297, 289]], "transportation_capacity": 761, "probability_original_quality_level": [[9.0, 19.0, 22.0, 16.0, 29.0, 1.0, 4.0], [5.0, 18.0, 2.0, 25.0, 19.0, 29.0, 2.0], [10.0, 10.0, 17.0, 23.0, 23.0, 13.0, 4.0], [7.0, 28.0, 2.0, 0.0, 35.0, 23.0, 5.0]], "number_hours_required_for_inspection": [0.769034135897062, 0.46797201179504455, 0.33360731196174276, 0.5419446119780299], "number_hours_available_for_inspection": [285, 246, 220], "expected_number_hours_required_for_repair": [1.2089491835477526, 1.5085779051188177, 1.3218382986673165, 1.3889773580555547], "number_hours_available_for_repair": [470, 541, 503], "warehouse_capacity_of_facility": [1079, 1097, 1022], "cost_of_inspection": [15.38068271794124, 9.359440235900891, 6.672146239234856, 10.838892239560598], "expected_cost_of_repair": [35.15603604696588, 44.703841506533465, 38.298154260800445, 40.64090651821599], "cost_of_transportation": [72, 133], "holding_cost": [2.7654267372475445, 2.0353950061797317, 1.924756455599106], "rejection_cost": [100.0, 100.0, 100.0, 100.0]}