{"container_types": 4, "number_of_facilities": 2, "container_quality_level": 5, "time_periods": 7, "number_containers_arriving_to_facility_zero": [[179, 190, 255, 293, 138, 136, 240], [106, 202, 294, 211, 144, 181, 257], [107, 108, 113, 283, 135, 215, 197], [131, 121, 236, 198, 197, 236, 274]], "number_unexpected_containers_at_facilities": [[79, 0, 16], [7, 8, 97], [42, 26, 15], [35, 86, 11]], "number_good_quality_containers_at_facilities": [[22, 44, 67], [63, 93, 84], [55, 21, 47], [42, 49, 65]], "containers_demand_for_clients": [[242, 261, 196, 202, 275, 249, 238], [227, 221, 282, 264, 268, 268, 246], [263, 259, 215, 247, 250, 205, 221], [179, 167, 162, 219, 186, 211, 224]], "transportation_capacity": 649, "probability_original_quality_level": [[7.0, 4.0, 28.0, 28.0, 14.0, 18.0, 1.0], [6.0, 24.0, 14.0, 24.0, 0.0, 32.0, 0.0], [10.0, 16.0, 20.0, 22.0, 5.0, 23.0, 4.0], [7.0, 16.0, 6.0, 15.0, 23.0, 32.0, 1.0]], "number_hours_required_for_inspection": [0.4699743435784083, 0.5834425119419409, 0.4950637802460974, 0.8997353153221272], "number_hours_available_for_inspection": [243, 288, 328], "expected_number_hours_required_for_repair": [1.4738247030581044, 1.5140301901603175, 1.3209888559965288, 1.5638946136225491], "number_hours_available_for_repair": [473, 509, 571], "warehouse_capacity_of_facility": [922, 887, 881], "cost_of_inspection": [9.399486871568165, 11.668850238838818, 9.901275604921947, 17.994706306442545], "expected_cost_of_repair": [43.3169370403621, 44.44089853465357, 37.826367734154154, 45.82558868438218], "cost_of_transportation": [97, 82], "holding_cost": [2.8448821344604562, 1.8724026965381713, 1.0392274887637651], "rejection_cost": [100.0, 100.0, 100.0, 100.0]}