{"container_types": 4, "number_of_facilities": 2, "container_quality_level": 5, "time_periods": 7, "number_containers_arriving_to_facility_zero": [[135, 143, 192, 210, 211, 175, 251], [241, 247, 286, 278, 292, 248, 116], [206, 159, 209, 165, 278, 123, 112], [127, 174, 134, 243, 210, 259, 198]], "number_unexpected_containers_at_facilities": [[54, 4, 10], [89, 87, 64], [78, 18, 34], [82, 16, 73]], "number_good_quality_containers_at_facilities": [[75, 29, 14], [53, 16, 6], [76, 73, 32], [66, 24, 7]], "containers_demand_for_clients": [[275, 219, 262, 246, 233, 207, 188], [190, 202, 215, 184, 217, 180, 180], [346, 337, 323, 236, 308, 257, 253], [205, 192, 198, 264, 249, 208, 224]], "transportation_capacity": 559, "probability_original_quality_level": [[6.0, 8.0, 12.0, 11.0, 22.0, 39.0, 2.0], [10.0, 30.0, 26.0, 3.0, 19.0, 8.0, 4.0], [8.0, 29.0, 19.0, 17.0, 12.0, 13.0, 2.0], [5.0, 18.0, 16.0, 30.0, 24.0, 6.0, 1.0]], "number_hours_required_for_inspection": [0.3467167764072169, 0.5745651002135481, 0.7225644836237631, 0.42553543214770834], "number_hours_available_for_inspection": [289, 298, 281], "expected_number_hours_required_for_repair": [1.572707098973446, 1.1794683930637977, 1.248508398767236, 1.3746366010925501], "number_hours_available_for_repair": [396, 465, 514], "warehouse_capacity_of_facility": [992, 893, 907], "cost_of_inspection": [6.934335528144338, 11.491302004270963, 14.451289672475262, 8.510708642954167], "expected_cost_of_repair": [46.35488823412563, 33.548151835875004, 36.50687751577479, 40.258930556402454], "cost_of_transportation": [123, 139], "holding_cost": [2.5522509607085437, 1.8635073370474542, 1.5847569940083583], "rejection_cost": [100.0, 100.0, 100.0, 100.0]}