{"container_types": 4, "number_of_facilities": 2, "container_quality_level": 5, "time_periods": 7, "number_containers_arriving_to_facility_zero": [[108, 191, 182, 254, 263, 251, 135], [258, 165, 276, 142, 217, 140, 158], [237, 270, 164, 177, 119, 169, 146], [266, 229, 139, 174, 190, 164, 255]], "number_unexpected_containers_at_facilities": [[5, 33, 2], [80, 17, 85], [62, 75, 92], [28, 53, 21]], "number_good_quality_containers_at_facilities": [[99, 56, 25], [53, 10, 43], [71, 35, 4], [61, 18, 18]], "containers_demand_for_clients": [[185, 202, 185, 189, 258, 245, 219], [229, 196, 256, 186, 186, 204, 189], [190, 233, 189, 211, 209, 238, 252], [223, 226, 200, 194, 209, 263, 212]], "transportation_capacity": 566, "probability_original_quality_level": [[7.0, 36.0, 29.0, 14.0, 6.0, 4.0, 4.0], [10.0, 22.0, 25.0, 4.0, 17.0, 20.0, 2.0], [9.0, 6.0, 19.0, 4.0, 25.0, 33.0, 4.0], [6.0, 22.0, 14.0, 16.0, 23.0, 17.0, 2.0]], "number_hours_required_for_inspection": [0.47472676778562756, 0.6753395852098915, 0.583662987260522, 0.8476267325920794], "number_hours_available_for_inspection": [334, 265, 303], "expected_number_hours_required_for_repair": [1.0971241096447655, 1.3414692913102704, 1.565621959403669, 1.4756926696692063], "number_hours_available_for_repair": [537, 557, 472], "warehouse_capacity_of_facility": [950, 983, 951], "cost_of_inspection": [9.494535355712552, 13.506791704197829, 11.67325974521044, 16.95253465184159], "expected_cost_of_repair": [31.768738369219285, 38.8226584848857, 45.710598440711436, 43.233279707539644], "cost_of_transportation": [90, 93], "holding_cost": [2.650620390982878, 1.8630281070252446, 1.4800613493669776], "rejection_cost": [100.0, 100.0, 100.0, 100.0]}