{"container_types": 4, "number_of_facilities": 2, "container_quality_level": 5, "time_periods": 7, "number_containers_arriving_to_facility_zero": [[200, 162, 252, 112, 124, 264, 188], [242, 211, 144, 203, 150, 140, 103], [161, 299, 272, 147, 287, 190, 186], [131, 229, 148, 100, 290, 279, 181]], "number_unexpected_containers_at_facilities": [[11, 44, 82], [51, 50, 77], [96, 29, 61], [45, 29, 74]], "number_good_quality_containers_at_facilities": [[94, 11, 31], [62, 32, 46], [4, 94, 5], [4, 16, 65]], "containers_demand_for_clients": [[212, 235, 198, 221, 220, 211, 247], [265, 181, 264, 206, 198, 239, 186], [212, 178, 193, 208, 236, 174, 188], [281, 295, 270, 248, 246, 308, 301]], "transportation_capacity": 624, "probability_original_quality_level": [[10.0, 22.0, 7.0, 44.0, 4.0, 8.0, 5.0], [6.0, 5.0, 20.0, 20.0, 32.0, 14.0, 3.0], [6.0, 38.0, 5.0, 11.0, 30.0, 10.0, 0.0], [5.0, 25.0, 3.0, 37.0, 14.0, 14.0, 2.0]], "number_hours_required_for_inspection": [0.9278292322898304, 0.7068846447284547, 0.4937487683410403, 0.3669168841639079], "number_hours_available_for_inspection": [281, 328, 328], "expected_number_hours_required_for_repair": [1.272473767984434, 1.5560627870228327, 1.3492143151162792, 1.4000126885225055], "number_hours_available_for_repair": [483, 419, 497], "warehouse_capacity_of_facility": [983, 883, 859], "cost_of_inspection": [18.556584645796608, 14.137692894569094, 9.874975366820806, 7.338337683278158], "expected_cost_of_repair": [36.617738955313655, 45.67373185746109, 39.77989544270847, 41.47926646215843], "cost_of_transportation": [108, 138], "holding_cost": [2.532460784839251, 2.3706795775065004, 1.3604416286704057], "rejection_cost": [100.0, 100.0, 100.0, 100.0]}