{"container_types": 4, "number_of_facilities": 2, "container_quality_level": 5, "time_periods": 7, "number_containers_arriving_to_facility_zero": [[182, 214, 128, 101, 235, 258, 179], [219, 299, 233, 104, 158, 223, 110], [122, 188, 287, 262, 129, 206, 184], [252, 111, 288, 290, 209, 237, 229]], "number_unexpected_containers_at_facilities": [[57, 21, 37], [86, 72, 30], [15, 58, 11], [65, 68, 3]], "number_good_quality_containers_at_facilities": [[71, 60, 10], [0, 41, 90], [82, 39, 50], [93, 82, 33]], "containers_demand_for_clients": [[305, 241, 248, 333, 248, 303, 225], [200, 200, 202, 227, 223, 219, 235], [209, 221, 264, 276, 276, 202, 244], [252, 242, 202, 242, 256, 215, 232]], "transportation_capacity": 707, "probability_original_quality_level": [[6.0, 28.0, 35.0, 20.0, 7.0, 1.0, 3.0], [5.0, 8.0, 22.0, 9.0, 22.0, 31.0, 3.0], [5.0, 36.0, 25.0, 27.0, 2.0, 4.0, 1.0], [6.0, 35.0, 13.0, 19.0, 7.0, 17.0, 3.0]], "number_hours_required_for_inspection": [0.9507386741972221, 0.6705726692702385, 0.8127069604651532, 0.9353801433672243], "number_hours_available_for_inspection": [369, 370, 446], "expected_number_hours_required_for_repair": [1.059064826511364, 1.572873720962204, 1.2124200260636229, 1.1820656097812776], "number_hours_available_for_repair": [364, 500, 361], "warehouse_capacity_of_facility": [940, 963, 895], "cost_of_inspection": [19.014773483944442, 13.41145338540477, 16.254139209303066, 18.707602867344487], "expected_cost_of_repair": [31.095376101368824, 46.381942464153596, 35.66549731936242, 34.602978924446774], "cost_of_transportation": [80, 169], "holding_cost": [2.2523956029564594, 1.9414540419173196, 1.8750079135785591], "rejection_cost": [100.0, 100.0, 100.0, 100.0]}