{"container_types": 4, "number_of_facilities": 2, "container_quality_level": 5, "time_periods": 7, "number_containers_arriving_to_facility_zero": [[250, 178, 198, 143, 221, 186, 212], [210, 246, 207, 187, 215, 190, 125], [288, 177, 249, 169, 140, 249, 116], [192, 269, 184, 197, 259, 229, 106]], "number_unexpected_containers_at_facilities": [[98, 27, 85], [20, 73, 0], [34, 21, 90], [32, 31, 46]], "number_good_quality_containers_at_facilities": [[62, 27, 95], [82, 98, 59], [11, 25, 36], [99, 46, 67]], "containers_demand_for_clients": [[254, 258, 292, 299, 223, 208, 241], [261, 248, 244, 233, 220, 213, 288], [265, 201, 258, 260, 266, 247, 225], [224, 210, 268, 202, 233, 211, 260]], "transportation_capacity": 712, "probability_original_quality_level": [[10.0, 8.0, 20.0, 18.0, 41.0, 2.0, 1.0], [8.0, 12.0, 18.0, 13.0, 22.0, 25.0, 2.0], [5.0, 18.0, 24.0, 19.0, 22.0, 9.0, 3.0], [7.0, 11.0, 28.0, 14.0, 5.0, 31.0, 4.0]], "number_hours_required_for_inspection": [0.386057242619606, 0.5885253524334011, 0.3353483496720665, 0.5020004696663719], "number_hours_available_for_inspection": [239, 199, 245], "expected_number_hours_required_for_repair": [1.4075791711347716, 1.5068044600723625, 1.401680302982676, 1.463658037893679], "number_hours_available_for_repair": [660, 602, 654], "warehouse_capacity_of_facility": [930, 1010, 981], "cost_of_inspection": [7.72114485239212, 11.770507048668023, 6.7069669934413305, 10.040009393327438], "expected_cost_of_repair": [40.53222842200704, 44.33641729801068, 41.45420277599224, 43.20310717334109], "cost_of_transportation": [115, 133], "holding_cost": [2.898982906485923, 1.823434881897283, 1.9665292080364565], "rejection_cost": [100.0, 100.0, 100.0, 100.0]}