{"container_types": 4, "number_of_facilities": 2, "container_quality_level": 5, "time_periods": 7, "number_containers_arriving_to_facility_zero": [[261, 182, 254, 249, 206, 136, 178], [242, 238, 205, 100, 137, 260, 126], [138, 232, 176, 206, 262, 111, 281], [122, 257, 241, 141, 218, 200, 160]], "number_unexpected_containers_at_facilities": [[95, 33, 66], [76, 82, 12], [3, 12, 61], [89, 77, 53]], "number_good_quality_containers_at_facilities": [[46, 40, 52], [53, 47, 8], [20, 49, 79], [8, 16, 0]], "containers_demand_for_clients": [[261, 228, 248, 210, 257, 254, 215], [223, 252, 266, 274, 219, 267, 271], [250, 242, 217, 193, 265, 208, 200], [272, 212, 230, 241, 261, 211, 198]], "transportation_capacity": 644, "probability_original_quality_level": [[10.0, 25.0, 4.0, 25.0, 22.0, 10.0, 4.0], [6.0, 19.0, 17.0, 10.0, 20.0, 25.0, 3.0], [9.0, 12.0, 39.0, 9.0, 12.0, 17.0, 2.0], [7.0, 23.0, 12.0, 17.0, 5.0, 33.0, 3.0]], "number_hours_required_for_inspection": [0.4476874702805167, 0.47639797467360895, 0.5484726229803732, 0.8375372086885728], "number_hours_available_for_inspection": [283, 270, 224], "expected_number_hours_required_for_repair": [1.2724516912969568, 1.4516373174471504, 1.3823259829718213, 1.474890065943699], "number_hours_available_for_repair": [587, 405, 508], "warehouse_capacity_of_facility": [868, 951, 893], "cost_of_inspection": [8.953749405610335, 9.52795949347218, 10.969452459607465, 16.75074417377146], "expected_cost_of_repair": [36.50707569539698, 42.928334848691726, 40.039597584124465, 42.899352290985135], "cost_of_transportation": [98, 148], "holding_cost": [2.3020899084357564, 2.1199391012991056, 1.0969042289554807], "rejection_cost": [100.0, 100.0, 100.0, 100.0]}