{"container_types": 4, "number_of_facilities": 2, "container_quality_level": 5, "time_periods": 7, "number_containers_arriving_to_facility_zero": [[104, 294, 152, 278, 260, 204, 281], [268, 123, 235, 112, 254, 107, 166], [218, 245, 259, 130, 189, 120, 187], [189, 262, 119, 222, 147, 116, 119]], "number_unexpected_containers_at_facilities": [[36, 5, 35], [41, 59, 23], [72, 8, 50], [62, 57, 88]], "number_good_quality_containers_at_facilities": [[31, 10, 98], [91, 94, 97], [94, 97, 94], [40, 3, 37]], "containers_demand_for_clients": [[208, 236, 203, 225, 213, 194, 205], [231, 290, 272, 220, 280, 295, 297], [243, 218, 209, 204, 266, 226, 248], [225, 288, 299, 251, 242, 296, 256]], "transportation_capacity": 690, "probability_original_quality_level": [[5.0, 11.0, 11.0, 32.0, 30.0, 9.0, 2.0], [8.0, 25.0, 19.0, 8.0, 18.0, 21.0, 1.0], [7.0, 12.0, 22.0, 20.0, 10.0, 28.0, 1.0], [10.0, 20.0, 5.0, 9.0, 21.0, 33.0, 2.0]], "number_hours_required_for_inspection": [0.97297299726394, 0.56939530304183, 0.42157159542078804, 0.4513873742735024], "number_hours_available_for_inspection": [282, 340, 265], "expected_number_hours_required_for_repair": [1.428650406319024, 1.3527375925426697, 1.454749173988227, 1.4916824065441388], "number_hours_available_for_repair": [455, 616, 459], "warehouse_capacity_of_facility": [988, 956, 1005], "cost_of_inspection": [19.4594599452788, 11.387906060836599, 8.43143190841576, 9.027747485470048], "expected_cost_of_repair": [42.090517278849845, 39.22313782440799, 42.49700535243193, 43.34473935356335], "cost_of_transportation": [81, 163], "holding_cost": [2.624824031945651, 2.181687672835314, 1.810799103678106], "rejection_cost": [100.0, 100.0, 100.0, 100.0]}