{"container_types": 4, "number_of_facilities": 2, "container_quality_level": 5, "time_periods": 7, "number_containers_arriving_to_facility_zero": [[225, 233, 229, 200, 219, 199, 156], [251, 207, 102, 254, 137, 131, 251], [140, 112, 123, 242, 286, 260, 254], [234, 244, 190, 193, 223, 253, 299]], "number_unexpected_containers_at_facilities": [[95, 90, 58], [81, 15, 69], [87, 96, 32], [35, 58, 83]], "number_good_quality_containers_at_facilities": [[35, 88, 26], [23, 94, 75], [62, 90, 2], [38, 45, 91]], "containers_demand_for_clients": [[314, 249, 329, 274, 265, 304, 256], [263, 225, 309, 261, 246, 257, 289], [229, 282, 233, 207, 221, 242, 288], [263, 300, 291, 233, 258, 280, 231]], "transportation_capacity": 601, "probability_original_quality_level": [[8.0, 4.0, 25.0, 26.0, 20.0, 12.0, 5.0], [10.0, 32.0, 6.0, 10.0, 11.0, 27.0, 4.0], [5.0, 26.0, 2.0, 10.0, 34.0, 22.0, 1.0], [10.0, 23.0, 5.0, 7.0, 22.0, 32.0, 1.0]], "number_hours_required_for_inspection": [0.4415777509095134, 0.7736962754647965, 0.8841932968443118, 0.5905817248287749], "number_hours_available_for_inspection": [351, 333, 408], "expected_number_hours_required_for_repair": [1.3783512114867376, 1.2582860968763205, 1.568146358521468, 1.504707351412665], "number_hours_available_for_repair": [588, 513, 615], "warehouse_capacity_of_facility": [1086, 1108, 1113], "cost_of_inspection": [8.831555018190269, 15.47392550929593, 17.683865936886235, 11.811634496575499], "expected_cost_of_repair": [40.54445390046509, 36.131238831932876, 46.210120803495556, 43.765261953174615], "cost_of_transportation": [143, 145], "holding_cost": [2.7709115034923295, 1.9706051266829714, 1.9643154082507694], "rejection_cost": [100.0, 100.0, 100.0, 100.0]}