{"container_types": 4, "number_of_facilities": 2, "container_quality_level": 5, "time_periods": 7, "number_containers_arriving_to_facility_zero": [[255, 130, 250, 290, 159, 242, 197], [181, 156, 192, 101, 269, 173, 143], [138, 177, 111, 250, 157, 220, 264], [277, 207, 211, 213, 113, 147, 113]], "number_unexpected_containers_at_facilities": [[10, 65, 57], [30, 50, 76], [66, 5, 76], [41, 81, 43]], "number_good_quality_containers_at_facilities": [[95, 16, 84], [69, 97, 74], [57, 53, 93], [78, 67, 50]], "containers_demand_for_clients": [[273, 255, 256, 240, 220, 207, 228], [227, 251, 261, 231, 232, 256, 224], [262, 193, 256, 267, 196, 215, 266], [231, 237, 223, 221, 280, 221, 261]], "transportation_capacity": 746, "probability_original_quality_level": [[5.0, 3.0, 25.0, 18.0, 34.0, 11.0, 4.0], [7.0, 4.0, 26.0, 29.0, 10.0, 23.0, 1.0], [9.0, 5.0, 27.0, 33.0, 19.0, 2.0, 5.0], [8.0, 21.0, 10.0, 21.0, 16.0, 19.0, 5.0]], "number_hours_required_for_inspection": [0.648229048019973, 0.6554910794492308, 0.7299966050240407, 0.4430223684409474], "number_hours_available_for_inspection": [263, 328, 273], "expected_number_hours_required_for_repair": [1.4433044706875848, 1.4849786262924198, 1.2710423795543995, 1.4316686321644534], "number_hours_available_for_repair": [573, 538, 474], "warehouse_capacity_of_facility": [1048, 1049, 904], "cost_of_inspection": [12.964580960399461, 13.109821588984616, 14.599932100480814, 8.860447368818948], "expected_cost_of_repair": [42.73173088677506, 43.75964054646889, 36.725362682306674, 42.05238239963819], "cost_of_transportation": [147, 74], "holding_cost": [2.1581587270972986, 1.908980199947368, 1.2280688409751788], "rejection_cost": [100.0, 100.0, 100.0, 100.0]}