{"container_types": 4, "number_of_facilities": 2, "container_quality_level": 5, "time_periods": 7, "number_containers_arriving_to_facility_zero": [[186, 139, 273, 270, 152, 120, 214], [216, 177, 131, 254, 231, 194, 122], [136, 286, 235, 224, 281, 147, 150], [173, 146, 277, 112, 211, 213, 145]], "number_unexpected_containers_at_facilities": [[51, 17, 28], [75, 58, 77], [1, 90, 55], [60, 15, 98]], "number_good_quality_containers_at_facilities": [[41, 83, 56], [63, 45, 73], [0, 50, 64], [77, 67, 49]], "containers_demand_for_clients": [[251, 244, 202, 259, 234, 262, 231], [224, 230, 232, 275, 241, 259, 266], [255, 284, 205, 246, 248, 236, 279], [207, 279, 201, 277, 253, 268, 266]], "transportation_capacity": 735, "probability_original_quality_level": [[9.0, 15.0, 15.0, 18.0, 21.0, 22.0, 0.0], [7.0, 14.0, 10.0, 7.0, 29.0, 33.0, 0.0], [6.0, 20.0, 14.0, 26.0, 19.0, 12.0, 3.0], [8.0, 20.0, 12.0, 30.0, 11.0, 17.0, 2.0]], "number_hours_required_for_inspection": [0.7690639597697846, 0.865612856325473, 0.8960148414687849, 0.9760918379904168], "number_hours_available_for_inspection": [455, 467, 447], "expected_number_hours_required_for_repair": [1.5332628489536235, 1.5787096938198977, 1.3419583587578825, 1.240699220778886], "number_hours_available_for_repair": [613, 564, 499], "warehouse_capacity_of_facility": [1001, 879, 1025], "cost_of_inspection": [15.381279195395692, 17.31225712650946, 17.920296829375697, 19.521836759808334], "expected_cost_of_repair": [44.486072514231346, 46.39340209641935, 39.48553830171251, 35.84516446952046], "cost_of_transportation": [115, 99], "holding_cost": [2.849060468842595, 1.8233875047715609, 1.5180071759863814], "rejection_cost": [100.0, 100.0, 100.0, 100.0]}