{"container_types": 4, "number_of_facilities": 2, "container_quality_level": 9, "time_periods": 14, "number_containers_arriving_to_facility_zero": [[172, 236, 109, 293, 145, 189, 107, 288, 199, 298, 107, 175, 240, 118], [262, 193, 155, 166, 262, 229, 195, 110, 223, 150, 153, 195, 289, 192], [260, 249, 296, 195, 105, 189, 284, 161, 207, 130, 298, 182, 280, 212], [263, 147, 238, 133, 242, 281, 245, 277, 248, 266, 284, 154, 117, 182]], "number_unexpected_containers_at_facilities": [[15, 65, 79], [18, 45, 51], [60, 39, 52], [47, 69, 96]], "number_good_quality_containers_at_facilities": [[9, 63, 8], [62, 70, 43], [26, 55, 77], [51, 75, 58]], "containers_demand_for_clients": [[272, 246, 288, 250, 235, 227, 245, 212, 214, 237, 241, 234, 235, 286], [175, 244, 233, 182, 234, 232, 221, 172, 207, 175, 241, 248, 249, 183], [181, 202, 249, 182, 250, 182, 230, 237, 199, 240, 245, 214, 259, 243], [276, 193, 225, 285, 241, 216, 264, 215, 233, 247, 207, 282, 238, 197]], "transportation_capacity": 537, "probability_original_quality_level": [[9.0, 4.0, 16.0, 6.0, 17.0, 16.0, 14.0, 3.0, 3.0, 7.0, 5.0], [6.0, 8.0, 13.0, 22.0, 8.0, 12.0, 0.0, 1.0, 12.0, 15.0, 3.0], [6.0, 10.0, 12.0, 11.0, 9.0, 7.0, 2.0, 10.0, 9.0, 19.0, 5.0], [10.0, 2.0, 7.0, 14.0, 20.0, 9.0, 1.0, 25.0, 3.0, 8.0, 1.0]], "number_hours_required_for_inspection": [0.871017450177187, 0.4995456868831668, 0.883784988858379, 0.9136289525862685], "number_hours_available_for_inspection": [308, 322, 393], "expected_number_hours_required_for_repair": [1.781790709431684, 1.9224530772483082, 2.034239533346194, 2.0149487447186227], "number_hours_available_for_repair": [651, 776, 686], "warehouse_capacity_of_facility": [959, 926, 933], "cost_of_inspection": [17.42034900354374, 9.990913737663336, 17.67569977716758, 18.27257905172537], "expected_cost_of_repair": [51.76286798389801, 57.06590366853162, 59.86464661672639, 59.36067889731856], "cost_of_transportation": [123, 163], "holding_cost": [2.066880900668811, 1.5432176052362032, 1.4557741029251785], "rejection_cost": [300.0, 300.0, 300.0, 300.0]}