{"container_types": 4, "number_of_facilities": 2, "container_quality_level": 9, "time_periods": 14, "number_containers_arriving_to_facility_zero": [[201, 264, 150, 245, 295, 206, 151, 234, 197, 171, 126, 266, 287, 212], [184, 186, 201, 103, 219, 268, 146, 148, 132, 108, 166, 103, 265, 218], [191, 135, 270, 283, 215, 166, 137, 184, 123, 290, 170, 111, 259, 185], [208, 250, 218, 158, 167, 133, 182, 115, 143, 108, 203, 216, 231, 284]], "number_unexpected_containers_at_facilities": [[14, 40, 7], [69, 68, 78], [43, 76, 14], [90, 61, 94]], "number_good_quality_containers_at_facilities": [[39, 85, 37], [37, 8, 30], [79, 85, 2], [4, 10, 88]], "containers_demand_for_clients": [[177, 206, 237, 174, 187, 221, 251, 244, 223, 205, 194, 232, 212, 248], [264, 203, 189, 216, 231, 214, 213, 243, 225, 213, 224, 201, 264, 269], [164, 231, 220, 158, 198, 166, 199, 199, 199, 158, 231, 161, 185, 187], [205, 195, 230, 226, 176, 175, 196, 252, 217, 249, 186, 193, 256, 246]], "transportation_capacity": 602, "probability_original_quality_level": [[7.0, 18.0, 8.0, 13.0, 9.0, 10.0, 3.0, 12.0, 4.0, 15.0, 1.0], [10.0, 16.0, 22.0, 1.0, 0.0, 15.0, 17.0, 3.0, 7.0, 5.0, 4.0], [10.0, 16.0, 8.0, 14.0, 6.0, 11.0, 8.0, 5.0, 9.0, 10.0, 3.0], [7.0, 16.0, 2.0, 4.0, 8.0, 14.0, 15.0, 14.0, 0.0, 19.0, 1.0]], "number_hours_required_for_inspection": [0.6928741709861247, 0.9209425127457653, 0.5828740022377781, 0.9517999448915287], "number_hours_available_for_inspection": [370, 339, 303], "expected_number_hours_required_for_repair": [1.9479080385981355, 1.6584847476041857, 1.7618099675531715, 2.0681419104724004], "number_hours_available_for_repair": [778, 556, 549], "warehouse_capacity_of_facility": [921, 792, 788], "cost_of_inspection": [13.857483419722493, 18.418850254915306, 11.657480044755562, 19.035998897830574], "expected_cost_of_repair": [57.0672783291268, 48.123264967620614, 51.05467340705231, 61.283388881389435], "cost_of_transportation": [107, 105], "holding_cost": [2.418501737385008, 1.8866993143663482, 1.1700494735615643], "rejection_cost": [300.0, 300.0, 300.0, 300.0]}