{"container_types": 4, "number_of_facilities": 2, "container_quality_level": 9, "time_periods": 14, "number_containers_arriving_to_facility_zero": [[231, 186, 181, 123, 211, 115, 129, 239, 221, 131, 282, 167, 134, 136], [272, 182, 100, 103, 138, 193, 117, 139, 172, 104, 250, 292, 246, 105], [109, 176, 226, 105, 120, 295, 107, 200, 194, 123, 183, 122, 266, 202], [135, 258, 266, 299, 141, 225, 236, 206, 190, 203, 189, 268, 130, 200]], "number_unexpected_containers_at_facilities": [[39, 27, 38], [73, 69, 96], [91, 61, 87], [59, 11, 16]], "number_good_quality_containers_at_facilities": [[79, 95, 80], [47, 59, 35], [52, 99, 91], [77, 68, 55]], "containers_demand_for_clients": [[202, 263, 192, 203, 215, 205, 249, 186, 229, 267, 215, 209, 195, 210], [187, 204, 179, 226, 237, 207, 189, 219, 183, 230, 209, 216, 172, 213], [205, 211, 163, 231, 181, 230, 235, 216, 213, 186, 175, 169, 208, 235], [244, 179, 236, 221, 172, 248, 167, 170, 188, 204, 194, 216, 199, 242]], "transportation_capacity": 452, "probability_original_quality_level": [[8.0, 17.0, 9.0, 17.0, 2.0, 1.0, 0.0, 14.0, 16.0, 12.0, 4.0], [7.0, 12.0, 12.0, 13.0, 7.0, 16.0, 6.0, 4.0, 14.0, 8.0, 1.0], [9.0, 0.0, 14.0, 11.0, 12.0, 9.0, 8.0, 1.0, 12.0, 19.0, 5.0], [6.0, 13.0, 15.0, 22.0, 18.0, 9.0, 4.0, 4.0, 0.0, 4.0, 5.0]], "number_hours_required_for_inspection": [0.5989869919515012, 0.41013758022381896, 0.5481472240110072, 0.7580037074284921], "number_hours_available_for_inspection": [243, 260, 214], "expected_number_hours_required_for_repair": [1.951750928521393, 1.967021832776631, 2.0418119464652085, 1.4689767895477104], "number_hours_available_for_repair": [605, 561, 678], "warehouse_capacity_of_facility": [798, 795, 916], "cost_of_inspection": [11.979739839030024, 8.20275160447638, 10.962944480220145, 15.160074148569842], "expected_cost_of_repair": [57.27219760751385, 58.142740077958194, 59.744998333943784, 43.403399603504816], "cost_of_transportation": [64, 86], "holding_cost": [2.6237993058319997, 2.068872733687442, 1.745089623101737], "rejection_cost": [300.0, 300.0, 300.0, 300.0]}