{"container_types": 4, "number_of_facilities": 2, "container_quality_level": 9, "time_periods": 14, "number_containers_arriving_to_facility_zero": [[182, 184, 198, 262, 255, 223, 193, 121, 117, 252, 207, 182, 250, 255], [279, 267, 275, 120, 168, 213, 156, 177, 193, 200, 181, 271, 235, 190], [275, 122, 149, 136, 216, 218, 136, 102, 114, 214, 234, 250, 179, 246], [142, 256, 135, 260, 214, 114, 214, 118, 123, 134, 295, 162, 217, 179]], "number_unexpected_containers_at_facilities": [[85, 29, 87], [62, 55, 54], [69, 66, 73], [0, 2, 10]], "number_good_quality_containers_at_facilities": [[85, 10, 1], [62, 11, 44], [41, 49, 9], [10, 48, 34]], "containers_demand_for_clients": [[217, 157, 165, 184, 165, 179, 166, 200, 218, 216, 171, 178, 164, 169], [218, 211, 234, 240, 194, 220, 239, 190, 215, 244, 259, 265, 266, 190], [237, 263, 202, 230, 230, 213, 221, 259, 257, 255, 237, 247, 193, 238], [179, 211, 221, 171, 186, 218, 219, 174, 191, 195, 225, 175, 222, 207]], "transportation_capacity": 560, "probability_original_quality_level": [[5.0, 7.0, 1.0, 7.0, 7.0, 11.0, 23.0, 0.0, 23.0, 14.0, 2.0], [5.0, 2.0, 13.0, 7.0, 2.0, 18.0, 1.0, 15.0, 15.0, 19.0, 3.0], [9.0, 12.0, 7.0, 18.0, 13.0, 5.0, 0.0, 15.0, 10.0, 7.0, 4.0], [10.0, 6.0, 11.0, 8.0, 11.0, 4.0, 14.0, 12.0, 16.0, 5.0, 3.0]], "number_hours_required_for_inspection": [0.7992654512710958, 0.9504064705761387, 0.5510999093245423, 0.8205939226538137], "number_hours_available_for_inspection": [371, 284, 323], "expected_number_hours_required_for_repair": [2.368405203325059, 2.315249775902671, 1.842231963297961, 2.0288048432923826], "number_hours_available_for_repair": [638, 926, 861], "warehouse_capacity_of_facility": [879, 804, 854], "cost_of_inspection": [15.985309025421916, 19.008129411522773, 11.021998186490848, 16.411878453076273], "expected_cost_of_repair": [70.23497905232146, 68.57878688569376, 53.48055916848738, 59.019614951364304], "cost_of_transportation": [86, 121], "holding_cost": [2.653985174459637, 2.481274792146907, 1.0560188900564387], "rejection_cost": [300.0, 300.0, 300.0, 300.0]}