{"container_types": 4, "number_of_facilities": 2, "container_quality_level": 9, "time_periods": 14, "number_containers_arriving_to_facility_zero": [[277, 145, 183, 201, 272, 279, 182, 249, 288, 250, 105, 246, 151, 165], [278, 289, 102, 297, 177, 152, 109, 278, 162, 158, 172, 132, 271, 132], [145, 105, 296, 261, 145, 294, 293, 269, 260, 223, 282, 195, 235, 144], [143, 290, 289, 141, 187, 275, 251, 161, 109, 119, 219, 177, 156, 172]], "number_unexpected_containers_at_facilities": [[65, 71, 22], [75, 74, 29], [49, 10, 24], [43, 47, 10]], "number_good_quality_containers_at_facilities": [[30, 65, 94], [87, 23, 96], [12, 78, 29], [97, 18, 38]], "containers_demand_for_clients": [[235, 169, 180, 223, 238, 176, 175, 199, 247, 173, 210, 208, 181, 195], [196, 248, 251, 281, 212, 276, 259, 267, 210, 281, 231, 205, 249, 209], [237, 176, 178, 206, 261, 200, 227, 250, 178, 255, 259, 259, 243, 230], [207, 259, 197, 237, 226, 248, 252, 247, 267, 248, 224, 276, 214, 234]], "transportation_capacity": 617, "probability_original_quality_level": [[5.0, 2.0, 6.0, 3.0, 9.0, 18.0, 13.0, 17.0, 19.0, 7.0, 1.0], [5.0, 13.0, 11.0, 11.0, 11.0, 8.0, 11.0, 5.0, 2.0, 18.0, 5.0], [9.0, 8.0, 8.0, 14.0, 1.0, 16.0, 10.0, 13.0, 2.0, 15.0, 4.0], [7.0, 14.0, 10.0, 10.0, 11.0, 7.0, 3.0, 9.0, 12.0, 17.0, 0.0]], "number_hours_required_for_inspection": [0.4892248300757375, 0.7238188859809249, 0.9400999346216097, 0.40135123323693744], "number_hours_available_for_inspection": [297, 341, 310], "expected_number_hours_required_for_repair": [2.327622925415946, 1.9204593425164034, 1.9307510215082433, 2.02323927337962], "number_hours_available_for_repair": [677, 922, 803], "warehouse_capacity_of_facility": [977, 979, 917], "cost_of_inspection": [9.78449660151475, 14.476377719618498, 18.801998692432193, 8.027024664738748], "expected_cost_of_repair": [69.00872112004777, 57.080746362861575, 56.7376495479426, 59.855517629342756], "cost_of_transportation": [81, 96], "holding_cost": [2.4826585999527824, 2.1098799632574217, 1.0677439799096122], "rejection_cost": [300.0, 300.0, 300.0, 300.0]}