{"container_types": 4, "number_of_facilities": 2, "container_quality_level": 9, "time_periods": 14, "number_containers_arriving_to_facility_zero": [[211, 212, 259, 121, 284, 194, 220, 115, 276, 194, 184, 299, 221, 281], [279, 142, 180, 117, 101, 248, 169, 159, 204, 266, 128, 131, 158, 194], [269, 148, 121, 207, 276, 210, 284, 269, 209, 219, 125, 285, 182, 237], [238, 246, 259, 183, 190, 265, 177, 271, 279, 264, 283, 185, 126, 210]], "number_unexpected_containers_at_facilities": [[79, 22, 0], [88, 4, 19], [60, 22, 76], [82, 1, 63]], "number_good_quality_containers_at_facilities": [[53, 44, 77], [27, 34, 87], [9, 41, 71], [1, 78, 71]], "containers_demand_for_clients": [[260, 233, 279, 212, 242, 253, 226, 242, 219, 297, 240, 223, 253, 256], [284, 256, 262, 225, 269, 210, 270, 234, 249, 257, 191, 210, 213, 278], [201, 226, 200, 231, 168, 182, 194, 199, 232, 208, 168, 163, 207, 164], [250, 279, 203, 274, 261, 258, 247, 264, 230, 217, 200, 190, 216, 198]], "transportation_capacity": 514, "probability_original_quality_level": [[9.0, 13.0, 7.0, 8.0, 5.0, 12.0, 8.0, 11.0, 8.0, 16.0, 3.0], [7.0, 0.0, 20.0, 10.0, 1.0, 7.0, 8.0, 14.0, 15.0, 15.0, 3.0], [7.0, 7.0, 6.0, 9.0, 9.0, 10.0, 7.0, 13.0, 15.0, 15.0, 2.0], [7.0, 13.0, 14.0, 15.0, 6.0, 10.0, 7.0, 16.0, 7.0, 5.0, 0.0]], "number_hours_required_for_inspection": [0.7106078509125678, 0.7055176815116615, 0.793485640184246, 0.46072012534525647], "number_hours_available_for_inspection": [353, 272, 351], "expected_number_hours_required_for_repair": [2.0070255311043232, 2.169994535339602, 2.2116519294750043, 1.9049803989956615], "number_hours_available_for_repair": [875, 646, 640], "warehouse_capacity_of_facility": [950, 884, 924], "cost_of_inspection": [14.212157018251357, 14.11035363023323, 15.869712803684921, 9.21440250690513], "expected_cost_of_repair": [58.73241825849895, 63.93830287954858, 65.34342629190604, 56.25577432454985], "cost_of_transportation": [71, 169], "holding_cost": [2.5428157587998186, 2.0954673147817284, 1.5521217798200344], "rejection_cost": [300.0, 300.0, 300.0, 300.0]}