{"container_types": 4, "number_of_facilities": 2, "container_quality_level": 9, "time_periods": 14, "number_containers_arriving_to_facility_zero": [[253, 218, 265, 263, 244, 283, 174, 119, 254, 135, 274, 277, 162, 214], [173, 118, 115, 218, 258, 241, 279, 168, 131, 183, 156, 125, 247, 286], [243, 233, 214, 210, 112, 210, 212, 159, 198, 120, 206, 243, 259, 299], [287, 262, 113, 261, 288, 295, 265, 154, 271, 287, 156, 187, 165, 258]], "number_unexpected_containers_at_facilities": [[80, 71, 27], [42, 14, 12], [18, 29, 41], [83, 90, 80]], "number_good_quality_containers_at_facilities": [[44, 26, 14], [30, 49, 33], [12, 31, 32], [9, 41, 10]], "containers_demand_for_clients": [[206, 272, 303, 285, 237, 271, 257, 243, 208, 242, 224, 242, 213, 273], [216, 198, 246, 255, 284, 219, 284, 208, 251, 217, 245, 284, 197, 268], [215, 176, 242, 220, 208, 189, 243, 198, 238, 239, 228, 225, 198, 207], [226, 237, 187, 209, 191, 190, 257, 202, 183, 236, 194, 179, 208, 244]], "transportation_capacity": 722, "probability_original_quality_level": [[6.0, 18.0, 6.0, 11.0, 6.0, 1.0, 10.0, 15.0, 16.0, 9.0, 2.0], [5.0, 11.0, 7.0, 8.0, 8.0, 13.0, 12.0, 5.0, 10.0, 18.0, 3.0], [10.0, 9.0, 4.0, 7.0, 16.0, 18.0, 7.0, 4.0, 16.0, 6.0, 3.0], [5.0, 1.0, 14.0, 12.0, 1.0, 3.0, 19.0, 9.0, 8.0, 26.0, 2.0]], "number_hours_required_for_inspection": [0.8960963466192957, 0.9213332446397474, 0.8570014648033007, 0.6646838285436675], "number_hours_available_for_inspection": [349, 399, 353], "expected_number_hours_required_for_repair": [2.0377166918408416, 2.1057910728870994, 1.983535056567232, 2.3541060931279345], "number_hours_available_for_repair": [874, 923, 728], "warehouse_capacity_of_facility": [839, 895, 919], "cost_of_inspection": [17.921926932385915, 18.42666489279495, 17.140029296066015, 13.29367657087335], "expected_cost_of_repair": [60.40439193236095, 62.545122701062965, 58.40349118864201, 70.0404278046928], "cost_of_transportation": [109, 71], "holding_cost": [2.2122286043474455, 2.1265971482944024, 1.4041974662889727], "rejection_cost": [300.0, 300.0, 300.0, 300.0]}