{"container_types": 4, "number_of_facilities": 2, "container_quality_level": 9, "time_periods": 14, "number_containers_arriving_to_facility_zero": [[233, 159, 285, 227, 160, 160, 253, 114, 207, 292, 190, 102, 150, 244], [252, 197, 194, 141, 116, 252, 149, 125, 263, 239, 157, 292, 145, 160], [228, 298, 255, 283, 245, 160, 297, 100, 250, 147, 196, 217, 276, 214], [124, 205, 245, 238, 111, 109, 273, 200, 140, 238, 270, 109, 167, 170]], "number_unexpected_containers_at_facilities": [[65, 60, 41], [75, 93, 50], [71, 74, 49], [82, 35, 73]], "number_good_quality_containers_at_facilities": [[77, 2, 48], [89, 48, 74], [41, 25, 76], [31, 28, 97]], "containers_demand_for_clients": [[238, 228, 169, 201, 250, 224, 245, 250, 240, 242, 221, 216, 225, 220], [198, 179, 187, 191, 212, 218, 224, 251, 254, 245, 258, 247, 180, 236], [214, 266, 230, 261, 255, 233, 254, 218, 210, 250, 265, 188, 214, 227], [267, 274, 244, 293, 255, 246, 251, 270, 296, 257, 270, 293, 225, 287]], "transportation_capacity": 486, "probability_original_quality_level": [[6.0, 16.0, 7.0, 17.0, 2.0, 8.0, 16.0, 11.0, 1.0, 15.0, 1.0], [10.0, 0.0, 6.0, 18.0, 3.0, 20.0, 11.0, 9.0, 17.0, 6.0, 0.0], [8.0, 5.0, 11.0, 18.0, 17.0, 3.0, 3.0, 4.0, 15.0, 14.0, 2.0], [10.0, 14.0, 11.0, 10.0, 12.0, 12.0, 1.0, 6.0, 7.0, 16.0, 1.0]], "number_hours_required_for_inspection": [0.4458556798430411, 0.7397356152852562, 0.36985395696259504, 0.5670678308360089], "number_hours_available_for_inspection": [190, 224, 236], "expected_number_hours_required_for_repair": [2.000169547161258, 2.2211239337051274, 1.9773745248698402, 1.8639210816975997], "number_hours_available_for_repair": [719, 762, 845], "warehouse_capacity_of_facility": [953, 869, 875], "cost_of_inspection": [8.917113596860823, 14.794712305705124, 7.3970791392519, 11.341356616720176], "expected_cost_of_repair": [58.87735001770724, 64.80005836364099, 58.06166362776778, 54.537003928805845], "cost_of_transportation": [63, 103], "holding_cost": [2.941615093176304, 2.089699754306627, 1.5085159200579867], "rejection_cost": [300.0, 300.0, 300.0, 300.0]}