{"container_types": 4, "number_of_facilities": 2, "container_quality_level": 9, "time_periods": 14, "number_containers_arriving_to_facility_zero": [[267, 182, 150, 222, 134, 157, 153, 273, 241, 206, 106, 162, 163, 225], [146, 268, 167, 165, 175, 283, 184, 225, 235, 196, 230, 278, 117, 203], [170, 168, 207, 143, 221, 137, 150, 163, 178, 255, 151, 252, 207, 297], [236, 247, 283, 258, 270, 136, 263, 175, 163, 262, 157, 114, 214, 102]], "number_unexpected_containers_at_facilities": [[52, 46, 81], [43, 84, 8], [13, 54, 71], [15, 71, 88]], "number_good_quality_containers_at_facilities": [[88, 11, 87], [38, 62, 8], [1, 69, 72], [2, 64, 4]], "containers_demand_for_clients": [[212, 216, 193, 231, 254, 228, 189, 184, 209, 228, 203, 201, 246, 181], [178, 193, 251, 253, 213, 173, 226, 231, 202, 217, 174, 216, 239, 240], [225, 204, 228, 261, 254, 238, 251, 245, 195, 214, 195, 201, 252, 255], [224, 225, 235, 245, 202, 171, 192, 222, 219, 223, 238, 214, 222, 186]], "transportation_capacity": 502, "probability_original_quality_level": [[7.0, 2.0, 18.0, 8.0, 14.0, 16.0, 11.0, 1.0, 7.0, 14.0, 2.0], [5.0, 9.0, 17.0, 10.0, 13.0, 11.0, 1.0, 6.0, 12.0, 14.0, 2.0], [7.0, 10.0, 8.0, 12.0, 11.0, 14.0, 2.0, 13.0, 7.0, 15.0, 1.0], [6.0, 19.0, 15.0, 8.0, 14.0, 7.0, 5.0, 6.0, 8.0, 8.0, 4.0]], "number_hours_required_for_inspection": [0.3373391752282196, 0.48687592473680985, 0.5846207712068917, 0.6689166893829172], "number_hours_available_for_inspection": [186, 197, 186], "expected_number_hours_required_for_repair": [1.9741842806336478, 2.006517686284555, 2.0860387216717284, 1.73626614990726], "number_hours_available_for_repair": [722, 806, 583], "warehouse_capacity_of_facility": [890, 832, 871], "cost_of_inspection": [6.746783504564392, 9.737518494736197, 11.692415424137835, 13.378333787658343], "expected_cost_of_repair": [58.156688667399706, 59.251375470518745, 61.2228080218746, 51.03756600408302], "cost_of_transportation": [124, 87], "holding_cost": [2.8560663068103236, 1.7196072712920603, 1.377231064304395], "rejection_cost": [300.0, 300.0, 300.0, 300.0]}