{"container_types": 4, "number_of_facilities": 2, "container_quality_level": 9, "time_periods": 14, "number_containers_arriving_to_facility_zero": [[136, 120, 198, 200, 260, 250, 119, 282, 112, 100, 175, 114, 169, 243], [123, 224, 181, 160, 222, 279, 284, 100, 151, 267, 237, 275, 296, 261], [297, 240, 225, 294, 228, 132, 286, 242, 267, 125, 144, 141, 236, 175], [151, 119, 243, 104, 219, 173, 148, 250, 297, 115, 141, 101, 117, 284]], "number_unexpected_containers_at_facilities": [[44, 52, 5], [30, 49, 45], [97, 28, 95], [68, 81, 8]], "number_good_quality_containers_at_facilities": [[36, 8, 39], [39, 23, 11], [86, 6, 96], [88, 4, 21]], "containers_demand_for_clients": [[229, 186, 220, 174, 185, 171, 218, 168, 193, 217, 222, 217, 188, 197], [204, 157, 172, 156, 205, 202, 155, 172, 173, 195, 157, 194, 203, 224], [245, 186, 252, 266, 277, 244, 237, 189, 192, 215, 277, 253, 256, 222], [264, 266, 200, 244, 293, 251, 213, 227, 257, 214, 283, 269, 257, 220]], "transportation_capacity": 511, "probability_original_quality_level": [[6.0, 16.0, 16.0, 3.0, 0.0, 17.0, 7.0, 11.0, 2.0, 18.0, 4.0], [5.0, 2.0, 5.0, 10.0, 13.0, 8.0, 8.0, 14.0, 15.0, 15.0, 5.0], [8.0, 12.0, 17.0, 22.0, 3.0, 8.0, 12.0, 3.0, 0.0, 15.0, 0.0], [5.0, 16.0, 6.0, 18.0, 5.0, 15.0, 13.0, 6.0, 1.0, 12.0, 3.0]], "number_hours_required_for_inspection": [0.39301164130147875, 0.7756024261228913, 0.43012745348964515, 0.6034962979533065], "number_hours_available_for_inspection": [228, 261, 277], "expected_number_hours_required_for_repair": [1.896021413699329, 2.20677866314402, 1.8331280252360296, 1.8807311338113695], "number_hours_available_for_repair": [760, 646, 709], "warehouse_capacity_of_facility": [845, 855, 854], "cost_of_inspection": [7.860232826029575, 15.512048522457826, 8.602549069792904, 12.06992595906613], "expected_cost_of_repair": [55.97000160574245, 65.64585149595612, 53.45572211378988, 55.51913636600209], "cost_of_transportation": [100, 166], "holding_cost": [2.801134797031703, 1.6327271477646308, 1.9784795016189964], "rejection_cost": [300.0, 300.0, 300.0, 300.0]}