{"container_types": 4, "number_of_facilities": 2, "container_quality_level": 9, "time_periods": 14, "number_containers_arriving_to_facility_zero": [[246, 235, 137, 170, 200, 163, 236, 235, 286, 183, 150, 198, 105, 152], [268, 102, 246, 273, 175, 220, 199, 217, 238, 149, 102, 272, 194, 268], [221, 158, 265, 149, 184, 146, 212, 116, 181, 114, 156, 211, 134, 215], [295, 207, 147, 274, 115, 101, 101, 224, 214, 141, 209, 203, 137, 105]], "number_unexpected_containers_at_facilities": [[96, 55, 71], [51, 29, 32], [10, 76, 18], [42, 92, 44]], "number_good_quality_containers_at_facilities": [[2, 91, 12], [15, 38, 58], [87, 83, 77], [37, 85, 30]], "containers_demand_for_clients": [[237, 209, 223, 232, 168, 168, 195, 195, 213, 193, 197, 211, 227, 166], [173, 249, 232, 253, 192, 204, 215, 250, 219, 206, 178, 215, 230, 255], [220, 263, 189, 217, 196, 242, 236, 183, 231, 244, 184, 240, 242, 235], [210, 224, 223, 215, 224, 234, 230, 206, 193, 175, 186, 221, 219, 200]], "transportation_capacity": 515, "probability_original_quality_level": [[9.0, 11.0, 1.0, 11.0, 4.0, 12.0, 16.0, 5.0, 15.0, 16.0, 0.0], [7.0, 13.0, 3.0, 6.0, 14.0, 9.0, 8.0, 14.0, 12.0, 11.0, 3.0], [5.0, 0.0, 14.0, 14.0, 7.0, 16.0, 0.0, 1.0, 19.0, 20.0, 4.0], [10.0, 13.0, 1.0, 14.0, 7.0, 3.0, 17.0, 0.0, 12.0, 18.0, 5.0]], "number_hours_required_for_inspection": [0.7389954930178518, 0.9638080084087844, 0.5394023025767264, 0.40689350798327256], "number_hours_available_for_inspection": [310, 337, 232], "expected_number_hours_required_for_repair": [2.2202281088627935, 2.0606091837473257, 2.1528786154730684, 2.0185802302573688], "number_hours_available_for_repair": [861, 749, 875], "warehouse_capacity_of_facility": [807, 828, 818], "cost_of_inspection": [14.779909860357037, 19.27616016817569, 10.788046051534527, 8.137870159665452], "expected_cost_of_repair": [65.68301810138196, 60.8203541351285, 64.04258174269302, 58.78900973671424], "cost_of_transportation": [100, 135], "holding_cost": [2.4233530677906856, 1.5980943067697138, 1.525480291860384], "rejection_cost": [300.0, 300.0, 300.0, 300.0]}