{"container_types": 4, "number_of_facilities": 2, "container_quality_level": 9, "time_periods": 14, "number_containers_arriving_to_facility_zero": [[235, 120, 198, 138, 147, 239, 184, 157, 141, 134, 257, 256, 190, 146], [143, 122, 262, 257, 242, 124, 186, 210, 269, 210, 119, 165, 212, 262], [101, 231, 169, 116, 238, 157, 228, 172, 242, 234, 259, 272, 144, 180], [248, 244, 280, 255, 231, 163, 289, 244, 230, 164, 190, 129, 245, 276]], "number_unexpected_containers_at_facilities": [[0, 12, 19], [84, 45, 96], [83, 35, 8], [14, 78, 24]], "number_good_quality_containers_at_facilities": [[76, 57, 46], [38, 92, 7], [58, 39, 71], [54, 97, 85]], "containers_demand_for_clients": [[247, 279, 290, 208, 226, 297, 298, 230, 236, 208, 290, 210, 210, 276], [218, 177, 229, 172, 220, 217, 216, 161, 179, 163, 179, 213, 205, 197], [212, 217, 259, 228, 241, 211, 220, 188, 248, 193, 228, 267, 214, 252], [203, 211, 222, 193, 258, 191, 220, 205, 232, 217, 255, 217, 248, 210]], "transportation_capacity": 664, "probability_original_quality_level": [[8.0, 11.0, 6.0, 19.0, 6.0, 11.0, 10.0, 8.0, 0.0, 17.0, 4.0], [5.0, 16.0, 10.0, 8.0, 4.0, 12.0, 10.0, 9.0, 14.0, 11.0, 1.0], [10.0, 12.0, 0.0, 15.0, 13.0, 4.0, 17.0, 12.0, 6.0, 9.0, 2.0], [7.0, 14.0, 2.0, 15.0, 2.0, 10.0, 15.0, 4.0, 15.0, 12.0, 4.0]], "number_hours_required_for_inspection": [0.8902378160503448, 0.7295987217011425, 0.7300111817520734, 0.750144218776274], "number_hours_available_for_inspection": [330, 353, 372], "expected_number_hours_required_for_repair": [1.9111687931986054, 2.001166785311705, 1.9406160647259865, 2.0232878417795375], "number_hours_available_for_repair": [747, 610, 724], "warehouse_capacity_of_facility": [920, 890, 950], "cost_of_inspection": [17.804756321006895, 14.59197443402285, 14.600223635041466, 15.00288437552548], "expected_cost_of_repair": [56.283823349001615, 59.3993485234141, 56.836327551248196, 59.2990049633208], "cost_of_transportation": [115, 106], "holding_cost": [2.0469510379685087, 2.003199137087266, 1.0793768583507957], "rejection_cost": [300.0, 300.0, 300.0, 300.0]}