{"container_types": 4, "number_of_facilities": 2, "container_quality_level": 9, "time_periods": 14, "number_containers_arriving_to_facility_zero": [[254, 216, 131, 265, 240, 286, 108, 105, 274, 200, 187, 262, 213, 210], [259, 154, 226, 111, 210, 165, 173, 174, 196, 124, 122, 293, 118, 233], [174, 154, 192, 272, 152, 146, 227, 115, 217, 211, 268, 177, 167, 289], [154, 198, 114, 266, 134, 171, 227, 205, 269, 177, 107, 297, 135, 292]], "number_unexpected_containers_at_facilities": [[90, 4, 54], [11, 52, 56], [54, 91, 97], [77, 20, 54]], "number_good_quality_containers_at_facilities": [[71, 74, 65], [37, 32, 24], [29, 55, 60], [97, 28, 77]], "containers_demand_for_clients": [[201, 232, 205, 245, 204, 243, 204, 236, 210, 189, 263, 197, 252, 194], [278, 236, 207, 214, 269, 256, 259, 194, 273, 209, 206, 250, 202, 221], [183, 233, 206, 221, 178, 225, 167, 163, 208, 217, 201, 183, 175, 184], [206, 255, 257, 207, 242, 229, 259, 267, 210, 217, 254, 254, 182, 196]], "transportation_capacity": 486, "probability_original_quality_level": [[5.0, 2.0, 14.0, 9.0, 17.0, 7.0, 5.0, 5.0, 14.0, 19.0, 3.0], [6.0, 8.0, 6.0, 23.0, 18.0, 15.0, 0.0, 4.0, 10.0, 10.0, 0.0], [5.0, 6.0, 15.0, 10.0, 16.0, 2.0, 10.0, 1.0, 17.0, 17.0, 1.0], [9.0, 13.0, 6.0, 3.0, 14.0, 13.0, 6.0, 18.0, 8.0, 10.0, 0.0]], "number_hours_required_for_inspection": [0.7092894836773459, 0.39656439441294933, 0.5847746595788145, 0.49554981554676825], "number_hours_available_for_inspection": [243, 286, 257], "expected_number_hours_required_for_repair": [2.2186675703568515, 1.8766767116934875, 2.2021579146983568, 2.139849623231145], "number_hours_available_for_repair": [704, 820, 705], "warehouse_capacity_of_facility": [939, 880, 886], "cost_of_inspection": [14.185789673546918, 7.931287888258987, 11.69549319157629, 9.910996310935365], "expected_cost_of_repair": [65.83122470923428, 55.543658834273174, 65.31652292961672, 62.54162408405054], "cost_of_transportation": [96, 159], "holding_cost": [2.7214485892339315, 1.871960316021052, 1.552340141057447], "rejection_cost": [300.0, 300.0, 300.0, 300.0]}