{"container_types": 4, "number_of_facilities": 2, "container_quality_level": 9, "time_periods": 14, "number_containers_arriving_to_facility_zero": [[153, 168, 117, 262, 256, 253, 142, 182, 217, 133, 274, 209, 233, 213], [283, 230, 266, 119, 200, 295, 245, 156, 120, 245, 246, 260, 258, 118], [274, 156, 217, 234, 207, 135, 166, 247, 247, 262, 187, 262, 174, 131], [104, 270, 225, 239, 283, 241, 194, 236, 256, 138, 133, 128, 219, 202]], "number_unexpected_containers_at_facilities": [[42, 42, 49], [7, 81, 0], [77, 91, 97], [93, 28, 60]], "number_good_quality_containers_at_facilities": [[78, 17, 40], [0, 90, 92], [59, 10, 0], [16, 89, 86]], "containers_demand_for_clients": [[212, 271, 254, 195, 230, 232, 251, 237, 227, 271, 262, 275, 241, 271], [247, 212, 240, 262, 221, 235, 228, 231, 209, 208, 226, 257, 224, 232], [211, 250, 229, 253, 237, 252, 202, 241, 200, 224, 210, 242, 231, 234], [213, 239, 237, 185, 207, 218, 218, 252, 186, 270, 273, 216, 261, 190]], "transportation_capacity": 718, "probability_original_quality_level": [[5.0, 4.0, 15.0, 8.0, 6.0, 16.0, 9.0, 14.0, 8.0, 12.0, 3.0], [6.0, 1.0, 12.0, 1.0, 16.0, 10.0, 12.0, 14.0, 2.0, 23.0, 3.0], [6.0, 6.0, 2.0, 13.0, 13.0, 16.0, 16.0, 7.0, 0.0, 17.0, 4.0], [10.0, 13.0, 2.0, 1.0, 15.0, 9.0, 11.0, 4.0, 15.0, 20.0, 0.0]], "number_hours_required_for_inspection": [0.40390300079548813, 0.8850759941827874, 0.4828101833247215, 0.3775062132570488], "number_hours_available_for_inspection": [246, 241, 294], "expected_number_hours_required_for_repair": [2.115104653164034, 2.278677901368777, 2.090090252718761, 2.168937080130909], "number_hours_available_for_repair": [728, 684, 698], "warehouse_capacity_of_facility": [887, 960, 953], "cost_of_inspection": [8.078060015909763, 17.70151988365575, 9.656203666494429, 7.550124265140976], "expected_cost_of_repair": [62.47149744112685, 67.2937459990011, 61.67715746576061, 63.66911647835055], "cost_of_transportation": [144, 79], "holding_cost": [2.500003377523347, 2.2241335962460687, 1.5694924074609546], "rejection_cost": [300.0, 300.0, 300.0, 300.0]}