{"container_types": 4, "number_of_facilities": 2, "container_quality_level": 9, "time_periods": 14, "number_containers_arriving_to_facility_zero": [[185, 234, 292, 189, 181, 269, 152, 131, 126, 186, 192, 115, 237, 159], [213, 213, 281, 223, 275, 157, 236, 197, 161, 127, 251, 238, 178, 182], [217, 151, 205, 263, 164, 128, 290, 230, 116, 270, 278, 170, 112, 149], [144, 219, 176, 243, 157, 248, 151, 113, 185, 157, 224, 248, 111, 153]], "number_unexpected_containers_at_facilities": [[56, 42, 38], [68, 62, 29], [13, 49, 55], [99, 76, 16]], "number_good_quality_containers_at_facilities": [[33, 54, 4], [73, 72, 5], [25, 88, 22], [51, 72, 3]], "containers_demand_for_clients": [[172, 207, 201, 217, 164, 234, 220, 164, 191, 184, 208, 237, 186, 222], [231, 228, 216, 188, 211, 165, 173, 183, 201, 164, 168, 199, 230, 217], [259, 204, 212, 241, 208, 224, 262, 192, 247, 186, 216, 202, 229, 267], [198, 174, 196, 182, 236, 202, 177, 236, 185, 191, 236, 232, 212, 255]], "transportation_capacity": 541, "probability_original_quality_level": [[5.0, 6.0, 2.0, 14.0, 0.0, 12.0, 19.0, 17.0, 3.0, 18.0, 4.0], [8.0, 9.0, 14.0, 5.0, 7.0, 13.0, 6.0, 13.0, 15.0, 9.0, 1.0], [5.0, 12.0, 5.0, 9.0, 20.0, 7.0, 1.0, 8.0, 13.0, 15.0, 5.0], [7.0, 10.0, 10.0, 9.0, 13.0, 14.0, 8.0, 11.0, 0.0, 17.0, 1.0]], "number_hours_required_for_inspection": [0.4220382354330213, 0.640173260184569, 0.7278961971240105, 0.8564162714709365], "number_hours_available_for_inspection": [315, 287, 263], "expected_number_hours_required_for_repair": [2.218430407287499, 2.081941356500424, 2.0273399715321325, 2.0269553383503363], "number_hours_available_for_repair": [764, 789, 805], "warehouse_capacity_of_facility": [806, 872, 900], "cost_of_inspection": [8.440764708660426, 12.80346520369138, 14.557923942480212, 17.12832542941873], "expected_cost_of_repair": [65.65513289573288, 61.029140345045064, 60.14493665732955, 59.49500488733266], "cost_of_transportation": [128, 86], "holding_cost": [2.0685263735765482, 1.9186935468304398, 1.6001428096630086], "rejection_cost": [300.0, 300.0, 300.0, 300.0]}