{"container_types": 4, "number_of_facilities": 2, "container_quality_level": 9, "time_periods": 14, "number_containers_arriving_to_facility_zero": [[182, 237, 224, 213, 224, 204, 123, 139, 234, 122, 215, 198, 110, 112], [206, 180, 147, 265, 229, 194, 261, 117, 213, 143, 269, 239, 184, 138], [191, 190, 117, 124, 217, 195, 127, 273, 272, 189, 132, 205, 290, 237], [144, 286, 236, 238, 100, 236, 170, 259, 231, 262, 201, 154, 157, 191]], "number_unexpected_containers_at_facilities": [[18, 15, 86], [44, 30, 87], [43, 72, 62], [70, 73, 74]], "number_good_quality_containers_at_facilities": [[47, 83, 70], [18, 26, 12], [84, 75, 95], [46, 77, 81]], "containers_demand_for_clients": [[263, 249, 271, 208, 235, 233, 230, 191, 199, 218, 233, 280, 254, 204], [218, 244, 232, 169, 200, 175, 217, 195, 163, 170, 199, 224, 207, 165], [244, 184, 180, 171, 191, 171, 200, 178, 184, 179, 225, 221, 186, 241], [267, 261, 257, 233, 204, 237, 206, 270, 239, 223, 201, 231, 260, 190]], "transportation_capacity": 700, "probability_original_quality_level": [[7.0, 13.0, 20.0, 13.0, 2.0, 5.0, 11.0, 16.0, 4.0, 7.0, 2.0], [5.0, 1.0, 18.0, 8.0, 1.0, 6.0, 9.0, 13.0, 18.0, 19.0, 2.0], [6.0, 9.0, 2.0, 14.0, 17.0, 16.0, 9.0, 4.0, 15.0, 6.0, 2.0], [5.0, 4.0, 16.0, 20.0, 8.0, 12.0, 12.0, 4.0, 15.0, 4.0, 0.0]], "number_hours_required_for_inspection": [0.6402879703663431, 0.8477661837128901, 0.5103326502539572, 0.4026268731138668], "number_hours_available_for_inspection": [310, 238, 214], "expected_number_hours_required_for_repair": [1.8242341265606055, 2.344751046468158, 2.0745297780835257, 1.9750359561210602], "number_hours_available_for_repair": [819, 851, 749], "warehouse_capacity_of_facility": [809, 953, 810], "cost_of_inspection": [12.805759407326862, 16.9553236742578, 10.206653005079145, 8.052537462277336], "expected_cost_of_repair": [53.84773371683341, 69.38143478534091, 61.04142202720851, 58.5637668472632], "cost_of_transportation": [155, 143], "holding_cost": [2.8686336324519237, 2.1864622733489876, 1.3259154213846496], "rejection_cost": [300.0, 300.0, 300.0, 300.0]}