{"container_types": 4, "number_of_facilities": 2, "container_quality_level": 9, "time_periods": 14, "number_containers_arriving_to_facility_zero": [[274, 262, 203, 108, 140, 194, 221, 192, 237, 277, 138, 297, 203, 298], [112, 125, 130, 108, 293, 234, 193, 297, 160, 173, 135, 163, 173, 263], [225, 273, 211, 105, 246, 280, 143, 177, 144, 283, 195, 265, 246, 198], [231, 160, 203, 293, 122, 166, 187, 158, 167, 210, 186, 254, 132, 273]], "number_unexpected_containers_at_facilities": [[49, 7, 46], [42, 18, 49], [76, 50, 78], [45, 98, 49]], "number_good_quality_containers_at_facilities": [[30, 24, 51], [42, 78, 75], [34, 59, 3], [20, 82, 40]], "containers_demand_for_clients": [[215, 226, 220, 245, 184, 181, 236, 212, 223, 212, 179, 219, 180, 232], [269, 198, 212, 258, 198, 220, 194, 206, 255, 201, 274, 204, 224, 191], [219, 195, 182, 197, 202, 166, 239, 207, 236, 208, 163, 214, 165, 241], [269, 204, 256, 236, 245, 251, 274, 189, 276, 268, 250, 195, 223, 195]], "transportation_capacity": 550, "probability_original_quality_level": [[9.0, 5.0, 20.0, 0.0, 20.0, 11.0, 0.0, 14.0, 6.0, 10.0, 5.0], [9.0, 5.0, 0.0, 19.0, 15.0, 11.0, 0.0, 5.0, 7.0, 24.0, 5.0], [10.0, 7.0, 11.0, 6.0, 7.0, 8.0, 8.0, 1.0, 16.0, 21.0, 5.0], [9.0, 14.0, 3.0, 6.0, 12.0, 14.0, 12.0, 10.0, 4.0, 14.0, 2.0]], "number_hours_required_for_inspection": [0.40904027470387394, 0.8140092693084355, 0.3502004724325264, 0.6100401254154704], "number_hours_available_for_inspection": [250, 218, 195], "expected_number_hours_required_for_repair": [1.8201062502218803, 2.077372970085338, 2.0625047219298547, 2.027778785104162], "number_hours_available_for_repair": [824, 643, 659], "warehouse_capacity_of_facility": [924, 921, 842], "cost_of_inspection": [8.180805494077479, 16.28018538616871, 7.004009448650528, 12.200802508309408], "expected_cost_of_repair": [53.00018496522347, 60.845204717315745, 60.312102027689455, 59.08493572377158], "cost_of_transportation": [96, 120], "holding_cost": [2.4424821048577496, 2.0936063726932943, 1.1227467001854166], "rejection_cost": [300.0, 300.0, 300.0, 300.0]}