{"container_types": 4, "number_of_facilities": 2, "container_quality_level": 9, "time_periods": 14, "number_containers_arriving_to_facility_zero": [[185, 108, 287, 194, 255, 163, 117, 114, 215, 273, 140, 221, 253, 136], [248, 270, 192, 190, 252, 145, 284, 136, 156, 116, 265, 244, 136, 120], [188, 270, 254, 140, 239, 151, 201, 244, 271, 243, 110, 202, 147, 166], [171, 245, 124, 243, 181, 152, 222, 108, 119, 158, 174, 168, 150, 287]], "number_unexpected_containers_at_facilities": [[97, 77, 28], [95, 81, 23], [87, 90, 72], [73, 1, 98]], "number_good_quality_containers_at_facilities": [[34, 63, 80], [26, 86, 8], [89, 90, 85], [43, 68, 5]], "containers_demand_for_clients": [[202, 223, 205, 159, 189, 228, 216, 187, 227, 212, 189, 201, 205, 177], [233, 258, 200, 226, 185, 245, 177, 198, 209, 231, 237, 251, 182, 253], [215, 209, 217, 208, 199, 187, 180, 246, 215, 179, 194, 222, 249, 236], [239, 223, 228, 212, 267, 273, 207, 275, 263, 204, 235, 278, 234, 194]], "transportation_capacity": 485, "probability_original_quality_level": [[6.0, 11.0, 15.0, 11.0, 0.0, 9.0, 13.0, 10.0, 8.0, 13.0, 4.0], [5.0, 1.0, 15.0, 3.0, 24.0, 12.0, 10.0, 6.0, 5.0, 19.0, 0.0], [8.0, 11.0, 10.0, 6.0, 11.0, 24.0, 4.0, 7.0, 10.0, 4.0, 5.0], [5.0, 7.0, 13.0, 10.0, 13.0, 2.0, 15.0, 0.0, 16.0, 18.0, 1.0]], "number_hours_required_for_inspection": [0.6557639863312469, 0.5794131287600769, 0.7302573085201137, 0.8136122010147345], "number_hours_available_for_inspection": [276, 332, 246], "expected_number_hours_required_for_repair": [1.9860131898159037, 2.1942052493962643, 1.7994606525314278, 2.217694375699641], "number_hours_available_for_repair": [606, 609, 881], "warehouse_capacity_of_facility": [898, 917, 925], "cost_of_inspection": [13.115279726624937, 11.588262575201538, 14.605146170402275, 16.27224402029469], "expected_cost_of_repair": [58.691568062370344, 65.13941177990274, 52.830755490575214, 65.80668516998962], "cost_of_transportation": [160, 75], "holding_cost": [2.7133107471290914, 1.5610318168384825, 1.8171225529076636], "rejection_cost": [300.0, 300.0, 300.0, 300.0]}