{"container_types": 4, "number_of_facilities": 2, "container_quality_level": 9, "time_periods": 14, "number_containers_arriving_to_facility_zero": [[179, 278, 188, 143, 283, 201, 259, 290, 243, 225, 253, 138, 165, 101], [156, 224, 202, 158, 254, 126, 206, 141, 209, 178, 177, 198, 173, 170], [273, 222, 286, 210, 195, 208, 156, 168, 261, 197, 129, 278, 101, 217], [100, 160, 170, 241, 187, 130, 128, 178, 220, 289, 292, 280, 135, 221]], "number_unexpected_containers_at_facilities": [[80, 17, 59], [16, 49, 83], [36, 9, 51], [69, 23, 39]], "number_good_quality_containers_at_facilities": [[93, 52, 31], [6, 66, 6], [66, 23, 8], [24, 12, 9]], "containers_demand_for_clients": [[237, 243, 174, 205, 241, 220, 225, 213, 207, 235, 238, 208, 242, 201], [240, 277, 246, 237, 248, 273, 240, 228, 219, 189, 243, 196, 214, 192], [207, 196, 171, 187, 227, 176, 204, 210, 224, 207, 212, 231, 172, 208], [199, 254, 205, 178, 218, 247, 225, 198, 234, 232, 218, 179, 206, 206]], "transportation_capacity": 634, "probability_original_quality_level": [[7.0, 12.0, 3.0, 2.0, 16.0, 10.0, 11.0, 3.0, 17.0, 16.0, 3.0], [8.0, 19.0, 4.0, 10.0, 5.0, 11.0, 1.0, 6.0, 6.0, 25.0, 5.0], [10.0, 8.0, 15.0, 9.0, 6.0, 12.0, 2.0, 3.0, 14.0, 17.0, 4.0], [10.0, 10.0, 6.0, 15.0, 8.0, 14.0, 12.0, 4.0, 11.0, 6.0, 4.0]], "number_hours_required_for_inspection": [0.5874936379512715, 0.9954082695267462, 0.46261435384383515, 0.3349609366134247], "number_hours_available_for_inspection": [299, 283, 238], "expected_number_hours_required_for_repair": [2.1561780714904204, 1.9861465111729593, 1.9594233936106844, 1.8903840189273173], "number_hours_available_for_repair": [824, 826, 854], "warehouse_capacity_of_facility": [831, 790, 791], "cost_of_inspection": [11.74987275902543, 19.908165390534926, 9.252287076876703, 6.699218732268494], "expected_cost_of_repair": [63.45998819404524, 58.39756527869583, 57.56602115042385, 54.7572518286556], "cost_of_transportation": [146, 140], "holding_cost": [2.175703231953646, 2.0167223751568883, 1.5338265368326032], "rejection_cost": [300.0, 300.0, 300.0, 300.0]}