{"container_types": 4, "number_of_facilities": 2, "container_quality_level": 9, "time_periods": 14, "number_containers_arriving_to_facility_zero": [[138, 296, 130, 278, 145, 224, 175, 180, 298, 153, 216, 234, 101, 246], [138, 227, 240, 228, 255, 179, 216, 284, 206, 222, 121, 127, 102, 298], [136, 169, 265, 146, 151, 222, 141, 163, 295, 176, 179, 167, 110, 285], [263, 232, 130, 130, 243, 111, 163, 106, 131, 181, 229, 267, 271, 240]], "number_unexpected_containers_at_facilities": [[42, 30, 28], [29, 62, 90], [69, 15, 4], [1, 79, 49]], "number_good_quality_containers_at_facilities": [[2, 59, 69], [39, 76, 68], [60, 78, 40], [41, 29, 49]], "containers_demand_for_clients": [[202, 211, 208, 171, 213, 211, 182, 178, 222, 211, 190, 173, 236, 223], [243, 237, 251, 234, 212, 228, 211, 201, 207, 190, 227, 201, 209, 255], [247, 193, 187, 202, 211, 185, 234, 256, 212, 204, 241, 232, 225, 257], [227, 168, 206, 178, 197, 236, 222, 194, 235, 213, 182, 171, 212, 222]], "transportation_capacity": 531, "probability_original_quality_level": [[5.0, 9.0, 12.0, 10.0, 5.0, 8.0, 14.0, 11.0, 5.0, 16.0, 5.0], [9.0, 9.0, 10.0, 10.0, 13.0, 3.0, 7.0, 14.0, 15.0, 7.0, 3.0], [7.0, 10.0, 6.0, 13.0, 5.0, 3.0, 9.0, 11.0, 15.0, 20.0, 1.0], [7.0, 11.0, 14.0, 11.0, 2.0, 10.0, 11.0, 10.0, 4.0, 17.0, 3.0]], "number_hours_required_for_inspection": [0.85164515301173, 0.648671033184914, 0.7834338731316789, 0.3953954652100797], "number_hours_available_for_inspection": [254, 266, 285], "expected_number_hours_required_for_repair": [1.9604370940799896, 1.959345606595715, 2.2541493975769806, 2.062460671347131], "number_hours_available_for_repair": [766, 857, 635], "warehouse_capacity_of_facility": [909, 873, 806], "cost_of_inspection": [17.032903060234602, 12.973420663698281, 15.668677462633578, 7.907909304201594], "expected_cost_of_repair": [58.266359387256124, 57.51354616716621, 66.56445558807516, 60.77165304860875], "cost_of_transportation": [147, 104], "holding_cost": [2.6031941046231992, 1.650401056938743, 1.0784822954995623], "rejection_cost": [300.0, 300.0, 300.0, 300.0]}