{"container_types": 4, "number_of_facilities": 2, "container_quality_level": 9, "time_periods": 7, "number_containers_arriving_to_facility_zero": [[115, 205, 199, 105, 244, 196, 249], [131, 259, 145, 293, 110, 213, 225], [140, 101, 123, 126, 141, 155, 221], [272, 109, 292, 230, 241, 188, 110]], "number_unexpected_containers_at_facilities": [[48, 51, 67], [16, 78, 54], [60, 21, 13], [20, 33, 30]], "number_good_quality_containers_at_facilities": [[63, 42, 10], [40, 26, 92], [44, 72, 79], [5, 61, 73]], "containers_demand_for_clients": [[233, 209, 273, 241, 211, 272, 208], [257, 195, 252, 207, 191, 259, 198], [243, 202, 239, 203, 252, 224, 275], [182, 160, 206, 190, 203, 203, 219]], "transportation_capacity": 613, "probability_original_quality_level": [[6.0, 16.0, 13.0, 2.0, 0.0, 10.0, 9.0, 10.0, 16.0, 15.0, 3.0], [9.0, 7.0, 10.0, 6.0, 12.0, 7.0, 10.0, 11.0, 13.0, 12.0, 3.0], [10.0, 5.0, 12.0, 6.0, 8.0, 9.0, 8.0, 20.0, 10.0, 10.0, 2.0], [6.0, 8.0, 11.0, 11.0, 10.0, 9.0, 8.0, 8.0, 7.0, 18.0, 4.0]], "number_hours_required_for_inspection": [0.37592339367043165, 0.6832752553226732, 0.7892198023263916, 0.6039484439072663], "number_hours_available_for_inspection": [309, 262, 317], "expected_number_hours_required_for_repair": [2.0890913527056285, 2.103776046804299, 2.114516459139768, 2.0210117568236843], "number_hours_available_for_repair": [868, 917, 820], "warehouse_capacity_of_facility": [976, 853, 876], "cost_of_inspection": [7.518467873408633, 13.665505106453464, 15.784396046527831, 12.078968878145327], "expected_cost_of_repair": [62.00808432995189, 61.94304975402286, 61.67354320458646, 59.61589846471925], "cost_of_transportation": [89, 95], "holding_cost": [2.6683523485652634, 1.9885638760233648, 1.8137661997153864], "rejection_cost": [500.0, 500.0, 500.0, 500.0]}