{"container_types": 4, "number_of_facilities": 2, "container_quality_level": 9, "time_periods": 7, "number_containers_arriving_to_facility_zero": [[117, 278, 175, 218, 184, 239, 102], [148, 172, 242, 258, 174, 172, 257], [179, 141, 249, 123, 165, 228, 267], [165, 187, 255, 104, 109, 272, 101]], "number_unexpected_containers_at_facilities": [[99, 42, 21], [9, 46, 28], [14, 31, 32], [64, 87, 81]], "number_good_quality_containers_at_facilities": [[4, 46, 8], [98, 47, 79], [59, 47, 28], [14, 26, 81]], "containers_demand_for_clients": [[261, 247, 227, 191, 216, 224, 254], [241, 251, 188, 188, 218, 191, 212], [249, 251, 278, 225, 266, 210, 215], [212, 230, 254, 265, 261, 223, 211]], "transportation_capacity": 722, "probability_original_quality_level": [[9.0, 14.0, 2.0, 1.0, 4.0, 9.0, 16.0, 15.0, 12.0, 14.0, 4.0], [5.0, 16.0, 17.0, 16.0, 12.0, 4.0, 4.0, 6.0, 6.0, 9.0, 5.0], [6.0, 5.0, 18.0, 7.0, 7.0, 1.0, 12.0, 7.0, 20.0, 15.0, 2.0], [8.0, 1.0, 9.0, 15.0, 9.0, 10.0, 2.0, 15.0, 16.0, 10.0, 5.0]], "number_hours_required_for_inspection": [0.7667175701635929, 0.5535626799092362, 0.5412089354364716, 0.3853604178795705], "number_hours_available_for_inspection": [216, 250, 303], "expected_number_hours_required_for_repair": [2.183996302286651, 1.7048137450851788, 2.202551514766229, 2.100947849704556], "number_hours_available_for_repair": [768, 808, 927], "warehouse_capacity_of_facility": [959, 836, 868], "cost_of_inspection": [15.334351403271857, 11.071253598184725, 10.824178708729432, 7.707208357591409], "expected_cost_of_repair": [63.9689755772123, 50.28163523458039, 65.2085820274847, 61.87896774809991], "cost_of_transportation": [66, 127], "holding_cost": [2.6074720073471207, 1.5813728418158264, 1.1960879716457313], "rejection_cost": [500.0, 500.0, 500.0, 500.0]}