{"container_types": 4, "number_of_facilities": 2, "container_quality_level": 9, "time_periods": 7, "number_containers_arriving_to_facility_zero": [[250, 137, 208, 244, 126, 100, 157], [108, 219, 254, 128, 154, 221, 136], [232, 182, 207, 271, 231, 239, 226], [279, 275, 247, 228, 223, 103, 122]], "number_unexpected_containers_at_facilities": [[90, 67, 1], [36, 73, 66], [0, 54, 23], [53, 39, 31]], "number_good_quality_containers_at_facilities": [[65, 89, 58], [19, 80, 4], [4, 95, 81], [35, 49, 89]], "containers_demand_for_clients": [[249, 291, 255, 216, 211, 210, 270], [244, 209, 188, 198, 239, 228, 263], [243, 233, 226, 202, 198, 205, 230], [266, 243, 232, 219, 230, 243, 246]], "transportation_capacity": 733, "probability_original_quality_level": [[10.0, 7.0, 3.0, 10.0, 9.0, 11.0, 5.0, 13.0, 8.0, 24.0, 0.0], [7.0, 10.0, 14.0, 9.0, 13.0, 15.0, 9.0, 3.0, 7.0, 12.0, 1.0], [9.0, 18.0, 15.0, 0.0, 21.0, 3.0, 3.0, 9.0, 15.0, 6.0, 1.0], [7.0, 4.0, 4.0, 15.0, 4.0, 12.0, 21.0, 13.0, 2.0, 18.0, 0.0]], "number_hours_required_for_inspection": [0.6376763948112024, 0.7376861734285326, 0.7907440114520355, 0.8531710793474151], "number_hours_available_for_inspection": [332, 386, 416], "expected_number_hours_required_for_repair": [2.2404901207285586, 1.8971449014998283, 1.8857700231475587, 2.2796328876530954], "number_hours_available_for_repair": [880, 805, 824], "warehouse_capacity_of_facility": [981, 877, 1035], "cost_of_inspection": [12.753527896224048, 14.753723468570652, 15.81488022904071, 17.0634215869483], "expected_cost_of_repair": [65.88004885952803, 55.7973211343645, 54.81486636433672, 67.15022354236085], "cost_of_transportation": [69, 124], "holding_cost": [2.653272359210428, 2.2730384645693213, 1.4062402781725634], "rejection_cost": [500.0, 500.0, 500.0, 500.0]}