{"container_types": 4, "number_of_facilities": 2, "container_quality_level": 9, "time_periods": 7, "number_containers_arriving_to_facility_zero": [[115, 229, 277, 251, 126, 244, 106], [257, 205, 197, 246, 157, 274, 278], [294, 198, 190, 235, 176, 252, 266], [276, 221, 148, 134, 271, 277, 213]], "number_unexpected_containers_at_facilities": [[95, 11, 85], [44, 13, 69], [62, 35, 59], [6, 88, 60]], "number_good_quality_containers_at_facilities": [[5, 18, 80], [3, 69, 91], [3, 31, 6], [4, 52, 60]], "containers_demand_for_clients": [[295, 227, 209, 271, 289, 223, 241], [266, 279, 256, 257, 189, 255, 237], [241, 260, 313, 323, 229, 309, 319], [256, 291, 297, 212, 258, 231, 287]], "transportation_capacity": 717, "probability_original_quality_level": [[10.0, 5.0, 1.0, 13.0, 1.0, 17.0, 17.0, 4.0, 4.0, 24.0, 4.0], [8.0, 7.0, 13.0, 2.0, 4.0, 9.0, 2.0, 10.0, 23.0, 21.0, 1.0], [5.0, 3.0, 0.0, 12.0, 9.0, 14.0, 13.0, 14.0, 11.0, 18.0, 1.0], [9.0, 20.0, 4.0, 13.0, 2.0, 4.0, 2.0, 4.0, 25.0, 13.0, 4.0]], "number_hours_required_for_inspection": [0.46099011971171056, 0.35127697428495147, 0.3529543547110669, 0.8718935177434607], "number_hours_available_for_inspection": [224, 211, 266], "expected_number_hours_required_for_repair": [2.1966934412714783, 2.375069379449862, 2.42427334584102, 1.9661061810217526], "number_hours_available_for_repair": [1148, 973, 836], "warehouse_capacity_of_facility": [1118, 931, 987], "cost_of_inspection": [9.219802394234211, 7.02553948569903, 7.059087094221338, 17.437870354869215], "expected_cost_of_repair": [64.5672671782104, 69.70880302459675, 71.95381324003303, 57.8604327289954], "cost_of_transportation": [129, 151], "holding_cost": [2.3496659626843917, 2.259750653433656, 1.509606602180272], "rejection_cost": [500.0, 500.0, 500.0, 500.0]}