{"container_types": 4, "number_of_facilities": 2, "container_quality_level": 9, "time_periods": 7, "number_containers_arriving_to_facility_zero": [[216, 215, 118, 153, 278, 224, 190], [136, 131, 275, 276, 249, 282, 129], [197, 258, 126, 104, 152, 247, 118], [232, 293, 274, 179, 120, 171, 179]], "number_unexpected_containers_at_facilities": [[60, 12, 70], [13, 59, 31], [91, 7, 77], [86, 3, 53]], "number_good_quality_containers_at_facilities": [[57, 89, 82], [28, 14, 44], [66, 98, 86], [50, 28, 13]], "containers_demand_for_clients": [[246, 264, 226, 261, 246, 239, 204], [226, 296, 290, 222, 267, 273, 267], [234, 191, 241, 262, 219, 218, 276], [188, 221, 268, 272, 203, 204, 193]], "transportation_capacity": 765, "probability_original_quality_level": [[10.0, 8.0, 12.0, 10.0, 4.0, 11.0, 12.0, 8.0, 8.0, 12.0, 5.0], [5.0, 6.0, 19.0, 1.0, 11.0, 10.0, 19.0, 6.0, 19.0, 4.0, 0.0], [9.0, 9.0, 8.0, 11.0, 14.0, 4.0, 16.0, 5.0, 3.0, 17.0, 4.0], [10.0, 5.0, 2.0, 20.0, 14.0, 3.0, 9.0, 0.0, 13.0, 24.0, 0.0]], "number_hours_required_for_inspection": [0.9368810566046466, 0.838330544304005, 0.5160015268611395, 0.6084015106043594], "number_hours_available_for_inspection": [388, 399, 308], "expected_number_hours_required_for_repair": [1.9602168245975304, 2.1390733425729866, 1.9272244164326944, 2.2032600039442274], "number_hours_available_for_repair": [714, 691, 1003], "warehouse_capacity_of_facility": [1018, 901, 875], "cost_of_inspection": [18.737621132092933, 16.7666108860801, 10.320030537222792, 12.168030212087189], "expected_cost_of_repair": [56.890804331127775, 63.19583766951405, 56.671904817593, 64.81698583837735], "cost_of_transportation": [83, 168], "holding_cost": [2.5320796973333755, 2.3079988576142805, 1.006459849603367], "rejection_cost": [500.0, 500.0, 500.0, 500.0]}