{"container_types": 4, "number_of_facilities": 2, "container_quality_level": 9, "time_periods": 7, "number_containers_arriving_to_facility_zero": [[256, 168, 132, 233, 177, 197, 173], [107, 296, 182, 268, 183, 249, 238], [172, 223, 129, 118, 217, 249, 233], [136, 233, 197, 177, 189, 297, 157]], "number_unexpected_containers_at_facilities": [[17, 28, 74], [67, 57, 0], [39, 38, 40], [32, 37, 41]], "number_good_quality_containers_at_facilities": [[87, 78, 81], [67, 97, 88], [7, 97, 4], [47, 85, 88]], "containers_demand_for_clients": [[249, 266, 232, 253, 231, 285, 227], [263, 271, 271, 257, 213, 213, 291], [298, 299, 256, 220, 278, 264, 301], [246, 220, 235, 252, 188, 262, 224]], "transportation_capacity": 614, "probability_original_quality_level": [[6.0, 4.0, 9.0, 5.0, 13.0, 2.0, 18.0, 11.0, 18.0, 13.0, 1.0], [5.0, 9.0, 8.0, 11.0, 11.0, 7.0, 9.0, 10.0, 11.0, 16.0, 3.0], [9.0, 17.0, 12.0, 3.0, 7.0, 12.0, 6.0, 3.0, 8.0, 23.0, 0.0], [7.0, 6.0, 6.0, 13.0, 15.0, 10.0, 9.0, 13.0, 5.0, 15.0, 1.0]], "number_hours_required_for_inspection": [0.42036776315478863, 0.802942674304239, 0.8257161536973319, 0.5048702994588401], "number_hours_available_for_inspection": [339, 306, 282], "expected_number_hours_required_for_repair": [2.292457003762463, 2.175064805797118, 2.079532599113595, 2.1668587932167203], "number_hours_available_for_repair": [921, 967, 880], "warehouse_capacity_of_facility": [1041, 897, 927], "cost_of_inspection": [8.407355263095774, 16.058853486084782, 16.51432307394664, 10.097405989176803], "expected_cost_of_repair": [67.95297156000503, 64.61371457867357, 61.046793771700756, 63.62814664777684], "cost_of_transportation": [140, 153], "holding_cost": [2.681995747131314, 2.32411097524963, 1.301253356268813], "rejection_cost": [500.0, 500.0, 500.0, 500.0]}