{"container_types": 4, "number_of_facilities": 2, "container_quality_level": 9, "time_periods": 7, "number_containers_arriving_to_facility_zero": [[253, 241, 258, 286, 137, 270, 193], [102, 244, 158, 229, 232, 213, 254], [183, 205, 270, 134, 177, 198, 212], [213, 280, 267, 203, 208, 124, 238]], "number_unexpected_containers_at_facilities": [[83, 20, 85], [77, 86, 44], [49, 22, 60], [51, 31, 69]], "number_good_quality_containers_at_facilities": [[59, 32, 14], [2, 6, 74], [43, 79, 95], [37, 60, 98]], "containers_demand_for_clients": [[242, 250, 297, 261, 256, 283, 318], [265, 229, 243, 327, 322, 264, 227], [199, 227, 281, 200, 271, 272, 229], [218, 230, 225, 267, 209, 282, 276]], "transportation_capacity": 696, "probability_original_quality_level": [[8.0, 16.0, 13.0, 2.0, 20.0, 7.0, 6.0, 4.0, 2.0, 19.0, 3.0], [5.0, 12.0, 4.0, 13.0, 12.0, 8.0, 0.0, 10.0, 12.0, 19.0, 5.0], [7.0, 16.0, 11.0, 0.0, 11.0, 4.0, 1.0, 6.0, 22.0, 19.0, 3.0], [6.0, 16.0, 6.0, 7.0, 10.0, 10.0, 4.0, 9.0, 10.0, 17.0, 5.0]], "number_hours_required_for_inspection": [0.9373785492379556, 0.6163933838797909, 0.5341822874965452, 0.5362751329741364], "number_hours_available_for_inspection": [354, 317, 286], "expected_number_hours_required_for_repair": [1.8552730353915547, 2.1344556301034654, 2.1482715113339146, 2.044557710956135], "number_hours_available_for_repair": [1057, 913, 825], "warehouse_capacity_of_facility": [1130, 1090, 1044], "cost_of_inspection": [18.74757098475911, 12.327867677595819, 10.683645749930903, 10.725502659482729], "expected_cost_of_repair": [54.347551515508314, 63.06005510916209, 63.21550795129334, 60.324800526110884], "cost_of_transportation": [133, 105], "holding_cost": [2.3811466814388114, 1.7785621725090233, 1.5070082726881946], "rejection_cost": [500.0, 500.0, 500.0, 500.0]}