{"container_types": 4, "number_of_facilities": 2, "container_quality_level": 9, "time_periods": 7, "number_containers_arriving_to_facility_zero": [[179, 106, 196, 234, 259, 180, 187], [256, 281, 258, 242, 114, 184, 239], [237, 266, 186, 180, 110, 268, 179], [279, 115, 231, 115, 177, 114, 292]], "number_unexpected_containers_at_facilities": [[17, 81, 61], [94, 76, 62], [46, 73, 50], [40, 0, 46]], "number_good_quality_containers_at_facilities": [[48, 41, 91], [70, 85, 62], [79, 8, 74], [84, 27, 63]], "containers_demand_for_clients": [[185, 215, 259, 228, 250, 240, 190], [207, 193, 246, 217, 260, 242, 240], [278, 311, 260, 311, 317, 281, 328], [234, 287, 276, 227, 219, 242, 293]], "transportation_capacity": 621, "probability_original_quality_level": [[6.0, 12.0, 21.0, 10.0, 16.0, 5.0, 0.0, 15.0, 0.0, 15.0, 0.0], [9.0, 7.0, 15.0, 9.0, 11.0, 11.0, 10.0, 1.0, 8.0, 15.0, 4.0], [7.0, 11.0, 8.0, 14.0, 13.0, 2.0, 3.0, 11.0, 14.0, 13.0, 4.0], [8.0, 8.0, 16.0, 7.0, 8.0, 5.0, 8.0, 15.0, 10.0, 12.0, 3.0]], "number_hours_required_for_inspection": [0.46125545091340725, 0.4742135533981346, 0.7824985670776496, 0.8528874732858128], "number_hours_available_for_inspection": [343, 371, 254], "expected_number_hours_required_for_repair": [1.8630520911509736, 1.9111049513217484, 2.003821224777635, 1.9889970941598683], "number_hours_available_for_repair": [651, 890, 800], "warehouse_capacity_of_facility": [980, 987, 1034], "cost_of_inspection": [9.225109018268146, 9.484271067962691, 15.649971341552993, 17.057749465716256], "expected_cost_of_repair": [55.08259991837914, 56.28551995010352, 58.81154127638167, 58.28524794783049], "cost_of_transportation": [91, 168], "holding_cost": [2.009190998698291, 1.623804695030596, 1.482645387157725], "rejection_cost": [500.0, 500.0, 500.0, 500.0]}