{"container_types": 4, "number_of_facilities": 2, "container_quality_level": 9, "time_periods": 7, "number_containers_arriving_to_facility_zero": [[206, 209, 286, 268, 131, 280, 139], [200, 151, 115, 220, 196, 268, 291], [264, 175, 130, 243, 137, 257, 183], [175, 137, 107, 202, 147, 116, 278]], "number_unexpected_containers_at_facilities": [[28, 97, 60], [16, 91, 66], [8, 40, 20], [39, 27, 68]], "number_good_quality_containers_at_facilities": [[40, 64, 22], [92, 20, 51], [5, 24, 37], [91, 88, 56]], "containers_demand_for_clients": [[190, 223, 192, 204, 228, 257, 248], [209, 291, 300, 234, 247, 250, 272], [204, 283, 205, 214, 245, 209, 295], [205, 253, 231, 235, 181, 255, 248]], "transportation_capacity": 560, "probability_original_quality_level": [[10.0, 11.0, 2.0, 6.0, 0.0, 8.0, 19.0, 17.0, 2.0, 22.0, 3.0], [5.0, 3.0, 6.0, 19.0, 2.0, 13.0, 0.0, 23.0, 2.0, 24.0, 3.0], [7.0, 9.0, 20.0, 10.0, 0.0, 18.0, 3.0, 11.0, 11.0, 8.0, 3.0], [7.0, 14.0, 17.0, 17.0, 6.0, 8.0, 0.0, 15.0, 4.0, 12.0, 0.0]], "number_hours_required_for_inspection": [0.6718007061674666, 0.6712859808291185, 0.909133386596992, 0.6084079161141182], "number_hours_available_for_inspection": [281, 277, 300], "expected_number_hours_required_for_repair": [2.2625312512333764, 2.3274004346890336, 1.8705819313224676, 1.8859196458010523], "number_hours_available_for_repair": [929, 761, 708], "warehouse_capacity_of_facility": [1010, 1009, 923], "cost_of_inspection": [13.43601412334933, 13.42571961658237, 18.18266773193984, 12.168158322282363], "expected_cost_of_repair": [66.71423727638103, 68.86594789519032, 54.723858818694474, 55.23578796412508], "cost_of_transportation": [84, 71], "holding_cost": [2.8281527995189673, 2.3881967951171292, 1.86355174865053], "rejection_cost": [500.0, 500.0, 500.0, 500.0]}