{"container_types": 4, "number_of_facilities": 2, "container_quality_level": 9, "time_periods": 7, "number_containers_arriving_to_facility_zero": [[132, 141, 155, 281, 194, 286, 213], [285, 167, 233, 253, 151, 245, 266], [156, 250, 198, 271, 144, 132, 169], [153, 216, 213, 217, 140, 167, 109]], "number_unexpected_containers_at_facilities": [[68, 22, 97], [25, 79, 39], [0, 78, 63], [15, 30, 16]], "number_good_quality_containers_at_facilities": [[46, 17, 90], [21, 5, 40], [75, 88, 69], [62, 24, 66]], "containers_demand_for_clients": [[218, 178, 180, 219, 188, 214, 217], [214, 277, 255, 276, 231, 267, 269], [224, 252, 227, 207, 237, 229, 253], [193, 287, 232, 229, 208, 230, 200]], "transportation_capacity": 532, "probability_original_quality_level": [[6.0, 5.0, 18.0, 16.0, 20.0, 2.0, 10.0, 10.0, 7.0, 4.0, 2.0], [10.0, 3.0, 10.0, 11.0, 0.0, 9.0, 12.0, 10.0, 19.0, 13.0, 3.0], [8.0, 11.0, 9.0, 11.0, 12.0, 16.0, 5.0, 17.0, 3.0, 8.0, 0.0], [10.0, 17.0, 5.0, 2.0, 6.0, 12.0, 3.0, 6.0, 16.0, 19.0, 4.0]], "number_hours_required_for_inspection": [0.844391538581358, 0.508108482053538, 0.808780314189389, 0.5860543364848199], "number_hours_available_for_inspection": [311, 304, 298], "expected_number_hours_required_for_repair": [1.8394904483808014, 2.2183603476551808, 1.969563947460753, 2.1352175056828493], "number_hours_available_for_repair": [699, 846, 733], "warehouse_capacity_of_facility": [961, 918, 956], "cost_of_inspection": [16.887830771627158, 10.16216964107076, 16.17560628378778, 11.721086729696397], "expected_cost_of_repair": [54.24594366666493, 65.47005134437802, 57.635873584152506, 62.53481944870507], "cost_of_transportation": [91, 117], "holding_cost": [2.7767532774648456, 1.9157597350298183, 1.8401501694908502], "rejection_cost": [500.0, 500.0, 500.0, 500.0]}