{"container_types": 4, "number_of_facilities": 2, "container_quality_level": 9, "time_periods": 7, "number_containers_arriving_to_facility_zero": [[280, 157, 283, 249, 294, 122, 273], [166, 182, 184, 115, 204, 242, 241], [249, 190, 280, 282, 275, 245, 127], [210, 193, 269, 225, 220, 242, 257]], "number_unexpected_containers_at_facilities": [[37, 22, 11], [92, 73, 40], [73, 32, 8], [38, 85, 61]], "number_good_quality_containers_at_facilities": [[65, 3, 18], [10, 24, 72], [27, 32, 83], [5, 12, 95]], "containers_demand_for_clients": [[320, 280, 259, 260, 296, 236, 229], [237, 246, 250, 221, 239, 284, 308], [196, 263, 198, 237, 236, 261, 223], [281, 243, 271, 221, 293, 289, 271]], "transportation_capacity": 822, "probability_original_quality_level": [[7.0, 15.0, 6.0, 11.0, 12.0, 8.0, 10.0, 5.0, 12.0, 13.0, 1.0], [5.0, 6.0, 1.0, 8.0, 9.0, 22.0, 5.0, 18.0, 7.0, 14.0, 5.0], [9.0, 10.0, 8.0, 19.0, 1.0, 5.0, 27.0, 9.0, 1.0, 8.0, 3.0], [5.0, 1.0, 13.0, 12.0, 10.0, 15.0, 7.0, 15.0, 8.0, 14.0, 0.0]], "number_hours_required_for_inspection": [0.555130155197283, 0.9248765247903944, 0.41394029329934595, 0.9184231622915899], "number_hours_available_for_inspection": [317, 300, 349], "expected_number_hours_required_for_repair": [2.022779970586872, 2.1988834337654963, 1.9268528964005176, 2.2168968924818677], "number_hours_available_for_repair": [991, 905, 1016], "warehouse_capacity_of_facility": [962, 1086, 1105], "cost_of_inspection": [11.102603103945661, 18.497530495807887, 8.27880586598692, 18.368463245831798], "expected_cost_of_repair": [59.73770358648225, 65.37200746750156, 56.39186107063385, 65.78905830156404], "cost_of_transportation": [100, 133], "holding_cost": [2.9338727430018983, 2.4507123469435617, 1.5086018721012975], "rejection_cost": [500.0, 500.0, 500.0, 500.0]}