{"container_types": 4, "number_of_facilities": 2, "container_quality_level": 9, "time_periods": 7, "number_containers_arriving_to_facility_zero": [[298, 238, 172, 103, 182, 205, 276], [254, 244, 200, 130, 154, 146, 141], [265, 295, 231, 123, 236, 219, 237], [269, 228, 190, 226, 177, 291, 151]], "number_unexpected_containers_at_facilities": [[73, 95, 44], [50, 76, 86], [22, 37, 44], [51, 43, 12]], "number_good_quality_containers_at_facilities": [[9, 22, 7], [34, 15, 26], [73, 55, 27], [14, 8, 64]], "containers_demand_for_clients": [[261, 230, 225, 242, 217, 289, 209], [219, 234, 247, 225, 269, 268, 269], [239, 189, 253, 228, 202, 244, 179], [301, 318, 268, 304, 318, 267, 287]], "transportation_capacity": 695, "probability_original_quality_level": [[6.0, 4.0, 10.0, 9.0, 6.0, 18.0, 10.0, 14.0, 3.0, 17.0, 3.0], [5.0, 19.0, 12.0, 1.0, 15.0, 10.0, 7.0, 7.0, 10.0, 9.0, 5.0], [9.0, 18.0, 13.0, 1.0, 0.0, 0.0, 11.0, 8.0, 22.0, 16.0, 2.0], [5.0, 8.0, 14.0, 12.0, 13.0, 1.0, 11.0, 13.0, 3.0, 15.0, 5.0]], "number_hours_required_for_inspection": [0.47454492768197387, 0.5003576521872457, 0.7659256693253779, 0.9838968850304636], "number_hours_available_for_inspection": [374, 342, 372], "expected_number_hours_required_for_repair": [2.2221780552302746, 1.7783719362456012, 2.136728643007727, 1.9002860829498958], "number_hours_available_for_repair": [693, 695, 670], "warehouse_capacity_of_facility": [935, 911, 974], "cost_of_inspection": [9.490898553639477, 10.007153043744914, 15.318513386507558, 19.67793770060927], "expected_cost_of_repair": [65.69122624619222, 52.66592388186051, 63.19695931008255, 56.008880528740086], "cost_of_transportation": [134, 151], "holding_cost": [2.7431971868821643, 1.5510483365749752, 1.256863532968979], "rejection_cost": [500.0, 500.0, 500.0, 500.0]}