{"container_types": 4, "number_of_facilities": 2, "container_quality_level": 9, "time_periods": 7, "number_containers_arriving_to_facility_zero": [[150, 284, 262, 290, 149, 174, 154], [104, 231, 201, 217, 172, 226, 245], [100, 160, 120, 132, 179, 279, 276], [161, 230, 111, 250, 238, 256, 131]], "number_unexpected_containers_at_facilities": [[23, 12, 21], [46, 94, 36], [7, 8, 10], [80, 51, 32]], "number_good_quality_containers_at_facilities": [[64, 74, 62], [19, 28, 85], [13, 12, 26], [44, 7, 17]], "containers_demand_for_clients": [[235, 262, 213, 232, 266, 260, 200], [227, 231, 260, 244, 221, 216, 230], [198, 259, 221, 266, 263, 226, 290], [152, 194, 220, 165, 216, 150, 156]], "transportation_capacity": 570, "probability_original_quality_level": [[8.0, 15.0, 26.0, 25.0, 1.0, 2.0, 7.0, 2.0, 8.0, 6.0, 0.0], [5.0, 23.0, 0.0, 23.0, 2.0, 8.0, 14.0, 2.0, 15.0, 5.0, 3.0], [8.0, 7.0, 7.0, 14.0, 6.0, 9.0, 15.0, 16.0, 8.0, 7.0, 3.0], [6.0, 17.0, 11.0, 4.0, 1.0, 11.0, 16.0, 15.0, 7.0, 10.0, 2.0]], "number_hours_required_for_inspection": [0.844000241824569, 0.6562011861589465, 0.9431986815041227, 0.9158201607830694], "number_hours_available_for_inspection": [334, 375, 449], "expected_number_hours_required_for_repair": [1.606224373926124, 1.7923606692460465, 1.9497314740043712, 1.9362216421060956], "number_hours_available_for_repair": [622, 608, 581], "warehouse_capacity_of_facility": [970, 846, 914], "cost_of_inspection": [16.88000483649138, 13.12402372317893, 18.863973630082455, 18.31640321566139], "expected_cost_of_repair": [46.77592324366527, 53.09149022175012, 57.59778903641336, 57.33665296195349], "cost_of_transportation": [117, 125], "holding_cost": [2.6841572674360625, 1.9152808107008357, 1.224557960231755], "rejection_cost": [500.0, 500.0, 500.0, 500.0]}