{"container_types": 4, "number_of_facilities": 2, "container_quality_level": 9, "time_periods": 7, "number_containers_arriving_to_facility_zero": [[290, 132, 163, 260, 150, 148, 205], [206, 178, 147, 155, 156, 299, 229], [175, 106, 176, 264, 239, 109, 145], [113, 117, 225, 294, 157, 284, 217]], "number_unexpected_containers_at_facilities": [[39, 44, 4], [27, 29, 19], [35, 47, 23], [52, 37, 55]], "number_good_quality_containers_at_facilities": [[82, 22, 95], [89, 14, 64], [71, 23, 86], [36, 29, 17]], "containers_demand_for_clients": [[264, 235, 276, 189, 224, 244, 199], [208, 237, 190, 237, 262, 206, 191], [216, 197, 190, 194, 226, 189, 255], [229, 198, 200, 192, 187, 204, 253]], "transportation_capacity": 683, "probability_original_quality_level": [[5.0, 15.0, 10.0, 8.0, 0.0, 11.0, 11.0, 19.0, 11.0, 5.0, 5.0], [6.0, 22.0, 15.0, 0.0, 2.0, 21.0, 10.0, 12.0, 5.0, 6.0, 1.0], [8.0, 8.0, 6.0, 15.0, 17.0, 8.0, 1.0, 14.0, 0.0, 19.0, 4.0], [9.0, 7.0, 8.0, 14.0, 1.0, 13.0, 11.0, 9.0, 12.0, 11.0, 5.0]], "number_hours_required_for_inspection": [0.6958565138500111, 0.46958037896828925, 0.991718970412354, 0.3699949839575716], "number_hours_available_for_inspection": [262, 328, 253], "expected_number_hours_required_for_repair": [1.9648211807225346, 1.825542058620758, 1.952678990047711, 1.967491837153379], "number_hours_available_for_repair": [680, 766, 797], "warehouse_capacity_of_facility": [823, 853, 932], "cost_of_inspection": [13.917130277000222, 9.391607579365784, 19.83437940824708, 7.3998996791514315], "expected_cost_of_repair": [57.98826655149194, 54.03540540582737, 57.50392270696038, 57.638910692026364], "cost_of_transportation": [99, 81], "holding_cost": [2.088485892907241, 1.8339022630482504, 1.9484437238096244], "rejection_cost": [500.0, 500.0, 500.0, 500.0]}