{"container_types": 4, "number_of_facilities": 2, "container_quality_level": 9, "time_periods": 7, "number_containers_arriving_to_facility_zero": [[134, 239, 103, 159, 131, 123, 122], [230, 257, 154, 128, 200, 165, 162], [274, 200, 170, 276, 258, 172, 201], [173, 261, 200, 104, 183, 153, 194]], "number_unexpected_containers_at_facilities": [[98, 85, 57], [44, 48, 29], [42, 59, 60], [55, 21, 66]], "number_good_quality_containers_at_facilities": [[77, 82, 66], [54, 49, 7], [70, 66, 52], [79, 45, 79]], "containers_demand_for_clients": [[198, 196, 221, 267, 236, 190, 219], [198, 225, 183, 188, 180, 249, 224], [184, 249, 189, 257, 206, 226, 237], [308, 315, 310, 317, 300, 257, 264]], "transportation_capacity": 590, "probability_original_quality_level": [[8.0, 4.0, 15.0, 4.0, 8.0, 11.0, 5.0, 18.0, 6.0, 18.0, 3.0], [10.0, 6.0, 9.0, 1.0, 0.0, 15.0, 12.0, 16.0, 4.0, 25.0, 2.0], [9.0, 1.0, 11.0, 4.0, 15.0, 11.0, 16.0, 17.0, 2.0, 9.0, 5.0], [10.0, 0.0, 20.0, 11.0, 9.0, 11.0, 6.0, 8.0, 15.0, 10.0, 0.0]], "number_hours_required_for_inspection": [0.8150772737696642, 0.6751342356795418, 0.4138272790470061, 0.512632152340563], "number_hours_available_for_inspection": [256, 254, 243], "expected_number_hours_required_for_repair": [2.166012931072346, 2.358138062451618, 2.0513784455834756, 2.0893672555117586], "number_hours_available_for_repair": [975, 961, 694], "warehouse_capacity_of_facility": [910, 967, 867], "cost_of_inspection": [16.301545475393283, 13.502684713590835, 8.276545580940123, 10.252643046811261], "expected_cost_of_repair": [63.51899102811665, 68.82886306134705, 60.15413638208771, 61.43673063007079], "cost_of_transportation": [87, 92], "holding_cost": [2.6989960819440593, 1.7590293226498894, 1.93748951431514], "rejection_cost": [500.0, 500.0, 500.0, 500.0]}