{"container_types": 4, "number_of_facilities": 2, "container_quality_level": 9, "time_periods": 7, "number_containers_arriving_to_facility_zero": [[276, 296, 124, 220, 204, 163, 292], [136, 120, 192, 279, 299, 295, 275], [244, 117, 247, 112, 264, 131, 126], [209, 113, 261, 139, 264, 183, 221]], "number_unexpected_containers_at_facilities": [[49, 10, 32], [72, 45, 22], [57, 61, 80], [21, 75, 58]], "number_good_quality_containers_at_facilities": [[10, 7, 52], [76, 91, 82], [13, 37, 14], [6, 52, 45]], "containers_demand_for_clients": [[272, 224, 215, 246, 214, 217, 277], [231, 202, 220, 276, 254, 261, 239], [325, 336, 261, 322, 309, 318, 292], [238, 253, 249, 241, 218, 239, 244]], "transportation_capacity": 670, "probability_original_quality_level": [[10.0, 1.0, 2.0, 12.0, 20.0, 15.0, 17.0, 0.0, 5.0, 15.0, 3.0], [6.0, 8.0, 0.0, 14.0, 9.0, 9.0, 12.0, 11.0, 11.0, 16.0, 4.0], [9.0, 15.0, 0.0, 7.0, 11.0, 17.0, 3.0, 10.0, 4.0, 19.0, 5.0], [10.0, 7.0, 17.0, 4.0, 17.0, 0.0, 9.0, 4.0, 14.0, 18.0, 0.0]], "number_hours_required_for_inspection": [0.3919138522646347, 0.6058646809836012, 0.5575142484884863, 0.5212014216823667], "number_hours_available_for_inspection": [284, 274, 293], "expected_number_hours_required_for_repair": [2.0863878121575476, 2.1751705114960203, 2.038666491580059, 2.0914786545500417], "number_hours_available_for_repair": [822, 937, 875], "warehouse_capacity_of_facility": [980, 1001, 903], "cost_of_inspection": [7.838277045292694, 12.117293619672026, 11.150284969769725, 10.424028433647335], "expected_cost_of_repair": [61.52103327896624, 64.37339349597886, 60.24576993320561, 61.39502138871649], "cost_of_transportation": [108, 167], "holding_cost": [2.8897864649712237, 2.474484291229237, 1.6202117637827103], "rejection_cost": [500.0, 500.0, 500.0, 500.0]}