{"container_types": 4, "number_of_facilities": 2, "container_quality_level": 9, "time_periods": 7, "number_containers_arriving_to_facility_zero": [[210, 168, 274, 186, 194, 252, 103], [280, 149, 137, 278, 178, 100, 128], [196, 127, 138, 173, 221, 263, 165], [227, 158, 186, 237, 244, 195, 154]], "number_unexpected_containers_at_facilities": [[25, 68, 98], [78, 47, 37], [63, 48, 27], [52, 33, 48]], "number_good_quality_containers_at_facilities": [[70, 79, 73], [26, 33, 63], [58, 81, 48], [82, 49, 3]], "containers_demand_for_clients": [[239, 247, 234, 230, 229, 249, 234], [221, 275, 256, 274, 230, 302, 284], [252, 180, 205, 232, 179, 195, 200], [233, 265, 220, 189, 223, 185, 261]], "transportation_capacity": 531, "probability_original_quality_level": [[7.0, 12.0, 9.0, 14.0, 2.0, 21.0, 13.0, 8.0, 6.0, 6.0, 2.0], [9.0, 6.0, 17.0, 5.0, 4.0, 7.0, 1.0, 11.0, 13.0, 23.0, 4.0], [9.0, 11.0, 6.0, 14.0, 5.0, 4.0, 4.0, 15.0, 13.0, 14.0, 5.0], [7.0, 2.0, 16.0, 16.0, 15.0, 10.0, 0.0, 1.0, 7.0, 23.0, 3.0]], "number_hours_required_for_inspection": [0.6421559086419973, 0.6837142408946453, 0.45559613537895227, 0.3397188785131323], "number_hours_available_for_inspection": [290, 290, 298], "expected_number_hours_required_for_repair": [1.9104343020616286, 2.1758203746784743, 1.9999047737452469, 2.0356420146157284], "number_hours_available_for_repair": [814, 725, 791], "warehouse_capacity_of_facility": [904, 1016, 1021], "cost_of_inspection": [12.843118172839947, 13.674284817892906, 9.111922707579046, 6.794377570262647], "expected_cost_of_repair": [56.0777546053909, 63.62775870835578, 58.48831523081603, 59.72039829288267], "cost_of_transportation": [138, 137], "holding_cost": [2.2189428031865894, 2.4232025563219572, 1.7242310245569668], "rejection_cost": [500.0, 500.0, 500.0, 500.0]}