{"container_types": 4, "number_of_facilities": 2, "container_quality_level": 9, "time_periods": 7, "number_containers_arriving_to_facility_zero": [[155, 146, 178, 139, 162, 133, 146], [165, 217, 269, 100, 148, 221, 234], [148, 205, 153, 243, 139, 228, 137], [237, 276, 261, 280, 219, 200, 154]], "number_unexpected_containers_at_facilities": [[83, 17, 79], [19, 76, 32], [83, 26, 39], [79, 95, 89]], "number_good_quality_containers_at_facilities": [[34, 50, 66], [99, 93, 60], [37, 8, 94], [32, 49, 72]], "containers_demand_for_clients": [[301, 255, 348, 326, 251, 243, 251], [166, 171, 186, 195, 223, 159, 179], [292, 255, 279, 228, 253, 262, 296], [241, 229, 197, 235, 189, 195, 250]], "transportation_capacity": 577, "probability_original_quality_level": [[9.0, 7.0, 14.0, 1.0, 9.0, 10.0, 10.0, 14.0, 7.0, 16.0, 3.0], [7.0, 15.0, 16.0, 0.0, 2.0, 10.0, 18.0, 10.0, 3.0, 14.0, 5.0], [7.0, 6.0, 22.0, 8.0, 12.0, 6.0, 2.0, 4.0, 16.0, 16.0, 1.0], [9.0, 16.0, 12.0, 10.0, 15.0, 7.0, 1.0, 6.0, 4.0, 18.0, 2.0]], "number_hours_required_for_inspection": [0.9331576098083402, 0.83934747815902, 0.6385087057823878, 0.48281042125824936], "number_hours_available_for_inspection": [275, 343, 304], "expected_number_hours_required_for_repair": [2.0745561057776274, 1.9624285603757312, 2.0294239394047495, 1.8366520204108339], "number_hours_available_for_repair": [666, 732, 743], "warehouse_capacity_of_facility": [875, 903, 929], "cost_of_inspection": [18.663152196166802, 16.7869495631804, 12.770174115647757, 9.656208425164987], "expected_cost_of_repair": [61.224010504186516, 57.78258095987161, 59.78757969791458, 53.4176665188291], "cost_of_transportation": [120, 139], "holding_cost": [2.636080394278787, 1.7834415807777444, 1.4183902239273385], "rejection_cost": [500.0, 500.0, 500.0, 500.0]}