{"container_types": 4, "number_of_facilities": 2, "container_quality_level": 9, "time_periods": 7, "number_containers_arriving_to_facility_zero": [[289, 227, 135, 204, 113, 164, 242], [297, 285, 200, 193, 213, 180, 299], [215, 199, 235, 131, 224, 158, 141], [166, 282, 145, 260, 143, 203, 277]], "number_unexpected_containers_at_facilities": [[0, 46, 24], [49, 83, 12], [78, 1, 78], [99, 69, 96]], "number_good_quality_containers_at_facilities": [[44, 78, 94], [81, 39, 0], [28, 62, 95], [66, 19, 69]], "containers_demand_for_clients": [[314, 313, 265, 230, 237, 311, 322], [277, 198, 225, 205, 277, 226, 241], [261, 274, 279, 263, 247, 307, 239], [268, 251, 203, 210, 266, 208, 219]], "transportation_capacity": 561, "probability_original_quality_level": [[9.0, 9.0, 17.0, 12.0, 3.0, 7.0, 10.0, 8.0, 10.0, 10.0, 5.0], [7.0, 17.0, 17.0, 5.0, 16.0, 5.0, 14.0, 9.0, 2.0, 6.0, 2.0], [5.0, 16.0, 13.0, 7.0, 10.0, 6.0, 18.0, 17.0, 2.0, 6.0, 0.0], [6.0, 7.0, 2.0, 5.0, 0.0, 15.0, 19.0, 16.0, 9.0, 16.0, 5.0]], "number_hours_required_for_inspection": [0.7035469603797317, 0.36538546359352847, 0.668370268301951, 0.8093433324219603], "number_hours_available_for_inspection": [359, 367, 317], "expected_number_hours_required_for_repair": [1.8553943160808328, 1.7317974807995602, 1.9330495243797925, 2.2768052884842502], "number_hours_available_for_repair": [920, 954, 757], "warehouse_capacity_of_facility": [1052, 1096, 1001], "cost_of_inspection": [14.070939207594634, 7.30770927187057, 13.36740536603902, 16.186866648439207], "expected_cost_of_repair": [54.314877354922146, 51.19598636757489, 57.41117838426446, 67.35750872502241], "cost_of_transportation": [132, 120], "holding_cost": [2.7694724433277766, 1.5074737190037313, 1.0296802922359496], "rejection_cost": [500.0, 500.0, 500.0, 500.0]}