{"container_types": 4, "number_of_facilities": 2, "container_quality_level": 9, "time_periods": 7, "number_containers_arriving_to_facility_zero": [[160, 138, 288, 154, 243, 221, 144], [226, 204, 156, 230, 252, 211, 151], [219, 202, 267, 152, 241, 288, 274], [204, 222, 234, 158, 121, 277, 100]], "number_unexpected_containers_at_facilities": [[66, 28, 17], [47, 92, 94], [28, 44, 51], [91, 24, 7]], "number_good_quality_containers_at_facilities": [[23, 85, 35], [90, 22, 11], [94, 52, 84], [16, 42, 27]], "containers_demand_for_clients": [[184, 197, 240, 193, 198, 212, 218], [208, 194, 191, 183, 246, 211, 185], [255, 213, 232, 234, 237, 215, 225], [330, 299, 280, 291, 341, 253, 301]], "transportation_capacity": 732, "probability_original_quality_level": [[7.0, 15.0, 15.0, 17.0, 5.0, 6.0, 7.0, 6.0, 7.0, 15.0, 0.0], [8.0, 14.0, 12.0, 3.0, 0.0, 17.0, 20.0, 12.0, 3.0, 10.0, 1.0], [6.0, 9.0, 5.0, 1.0, 16.0, 8.0, 8.0, 16.0, 13.0, 15.0, 3.0], [8.0, 10.0, 11.0, 7.0, 0.0, 0.0, 16.0, 0.0, 17.0, 28.0, 3.0]], "number_hours_required_for_inspection": [0.784651224629087, 0.4537210884517559, 0.5979510061982768, 0.9894971301400041], "number_hours_available_for_inspection": [293, 338, 329], "expected_number_hours_required_for_repair": [1.919555683189203, 1.9884004403374598, 2.27171646740027, 2.2090366032158704], "number_hours_available_for_repair": [958, 883, 1017], "warehouse_capacity_of_facility": [976, 938, 1080], "cost_of_inspection": [15.69302449258174, 9.074421769035117, 11.959020123965535, 19.78994260280008], "expected_cost_of_repair": [56.645560700096475, 58.793143900724154, 67.0801830405704, 65.19255749094775], "cost_of_transportation": [89, 101], "holding_cost": [2.992309103356696, 2.3492486587386647, 1.3985784808218535], "rejection_cost": [500.0, 500.0, 500.0, 500.0]}