{"container_types": 4, "number_of_facilities": 2, "container_quality_level": 9, "time_periods": 30, "number_containers_arriving_to_facility_zero": [[110, 294, 139, 204, 207, 166, 151, 215, 139, 115, 124, 298, 205, 201, 178, 293, 273, 291, 284, 182, 209, 271, 248, 272, 231, 244, 231, 284, 248, 100], [265, 291, 177, 155, 292, 239, 263, 156, 182, 286, 214, 245, 295, 154, 205, 156, 269, 206, 146, 141, 230, 166, 154, 296, 112, 294, 119, 147, 272, 139], [114, 201, 109, 244, 209, 275, 234, 155, 121, 140, 127, 227, 200, 269, 145, 224, 165, 259, 293, 220, 206, 182, 147, 151, 263, 161, 128, 209, 187, 215], [232, 181, 248, 272, 141, 150, 200, 178, 272, 226, 136, 206, 139, 258, 291, 120, 186, 292, 154, 158, 143, 249, 198, 260, 200, 128, 169, 248, 284, 139]], "number_unexpected_containers_at_facilities": [[33, 64, 97], [91, 2, 86], [49, 42, 39], [1, 48, 37]], "number_good_quality_containers_at_facilities": [[81, 92, 39], [1, 56, 21], [85, 15, 90], [38, 81, 55]], "containers_demand_for_clients": [[237, 213, 213, 225, 222, 190, 235, 238, 221, 200, 179, 209, 232, 193, 238, 234, 208, 247, 171, 222, 204, 178, 186, 204, 169, 199, 198, 219, 195, 172], [228, 224, 258, 194, 204, 212, 209, 193, 198, 185, 259, 190, 197, 250, 202, 190, 269, 211, 235, 185, 254, 186, 255, 207, 183, 226, 267, 243, 214, 256], [175, 249, 195, 241, 233, 249, 249, 249, 252, 240, 182, 245, 184, 190, 197, 256, 198, 233, 203, 201, 258, 239, 179, 234, 209, 221, 233, 218, 184, 256], [169, 178, 173, 229, 204, 187, 238, 215, 164, 225, 218, 217, 168, 203, 164, 221, 238, 191, 196, 243, 204, 234, 222, 167, 169, 185, 212, 214, 236, 201]], "transportation_capacity": 545, "probability_original_quality_level": [[6.0, 9.0, 12.0, 19.0, 2.0, 13.0, 7.0, 19.0, 10.0, 3.0, 0.0], [5.0, 16.0, 12.0, 2.0, 11.0, 8.0, 6.0, 14.0, 4.0, 20.0, 2.0], [5.0, 14.0, 5.0, 0.0, 13.0, 17.0, 6.0, 8.0, 7.0, 20.0, 5.0], [6.0, 6.0, 3.0, 7.0, 15.0, 7.0, 4.0, 16.0, 18.0, 16.0, 2.0]], "number_hours_required_for_inspection": [0.6428072260769698, 0.39504280967555977, 0.5501493768078556, 0.745263178554011], "number_hours_available_for_inspection": [213, 232, 254], "expected_number_hours_required_for_repair": [1.952551112963429, 2.02907834217566, 2.1014991394339844, 2.357282172100489], "number_hours_available_for_repair": [623, 839, 691], "warehouse_capacity_of_facility": [775, 857, 914], "cost_of_inspection": [12.856144521539397, 7.900856193511196, 11.00298753615711, 14.905263571080221], "expected_cost_of_repair": [57.49751410325816, 60.31611315790585, 62.516331870111514, 69.82461307562], "cost_of_transportation": [137, 141], "holding_cost": [2.8358087071259472, 2.327461872919846, 1.367225395794864], "rejection_cost": [100.0, 100.0, 100.0, 100.0]}