{"container_types": 4, "number_of_facilities": 2, "container_quality_level": 9, "time_periods": 30, "number_containers_arriving_to_facility_zero": [[186, 116, 205, 128, 182, 265, 294, 223, 113, 204, 213, 116, 267, 271, 129, 291, 224, 146, 238, 259, 129, 126, 221, 208, 220, 114, 126, 102, 264, 274], [134, 211, 171, 100, 299, 123, 188, 124, 189, 283, 141, 156, 239, 187, 262, 207, 240, 286, 165, 247, 217, 142, 291, 239, 200, 275, 120, 226, 149, 119], [254, 168, 213, 270, 190, 148, 213, 270, 165, 253, 121, 180, 261, 237, 221, 115, 178, 199, 228, 279, 214, 205, 143, 154, 148, 139, 138, 209, 139, 180], [118, 118, 133, 294, 138, 111, 118, 133, 128, 216, 100, 258, 226, 107, 241, 286, 172, 244, 193, 183, 257, 244, 168, 199, 145, 193, 153, 135, 204, 245]], "number_unexpected_containers_at_facilities": [[71, 13, 58], [73, 3, 69], [79, 21, 51], [7, 4, 50]], "number_good_quality_containers_at_facilities": [[83, 66, 88], [47, 93, 48], [39, 76, 99], [56, 32, 22]], "containers_demand_for_clients": [[164, 201, 191, 160, 193, 161, 196, 218, 153, 189, 174, 209, 158, 170, 207, 162, 211, 153, 222, 205, 222, 179, 224, 205, 188, 167, 208, 177, 208, 179], [235, 227, 174, 212, 224, 244, 168, 217, 190, 173, 193, 171, 173, 241, 203, 215, 241, 221, 188, 174, 218, 217, 214, 213, 204, 169, 239, 197, 194, 177], [227, 167, 197, 238, 234, 242, 191, 181, 197, 189, 219, 224, 214, 168, 223, 223, 238, 183, 194, 172, 205, 184, 233, 186, 194, 215, 167, 221, 227, 228], [168, 176, 207, 223, 227, 204, 221, 239, 171, 196, 183, 188, 177, 204, 229, 184, 191, 234, 212, 203, 238, 180, 173, 194, 211, 172, 167, 165, 169, 200]], "transportation_capacity": 481, "probability_original_quality_level": [[5.0, 7.0, 13.0, 17.0, 17.0, 1.0, 18.0, 12.0, 0.0, 8.0, 2.0], [10.0, 16.0, 11.0, 11.0, 17.0, 0.0, 4.0, 3.0, 5.0, 20.0, 3.0], [8.0, 16.0, 5.0, 15.0, 3.0, 2.0, 16.0, 9.0, 15.0, 6.0, 5.0], [7.0, 6.0, 17.0, 0.0, 32.0, 0.0, 10.0, 2.0, 0.0, 23.0, 3.0]], "number_hours_required_for_inspection": [0.6682129394698645, 0.6223577442716869, 0.9289558310171493, 0.5408788143546144], "number_hours_available_for_inspection": [299, 324, 246], "expected_number_hours_required_for_repair": [1.9467006852788018, 1.848459883056836, 1.9298214762352033, 1.9574988570116585], "number_hours_available_for_repair": [590, 716, 576], "warehouse_capacity_of_facility": [852, 784, 791], "cost_of_inspection": [13.36425878939729, 12.447154885433738, 18.579116620342987, 10.817576287092287], "expected_cost_of_repair": [57.55456093890443, 53.67461624005986, 56.44823197505229, 57.609387706495525], "cost_of_transportation": [102, 168], "holding_cost": [2.1649094470945696, 2.1683729120037794, 1.3505950133394364], "rejection_cost": [100.0, 100.0, 100.0, 100.0]}