{"container_types": 4, "number_of_facilities": 2, "container_quality_level": 9, "time_periods": 30, "number_containers_arriving_to_facility_zero": [[129, 236, 278, 101, 236, 156, 279, 230, 190, 226, 267, 191, 287, 181, 259, 227, 162, 234, 235, 107, 144, 248, 242, 127, 204, 203, 228, 147, 198, 245], [180, 183, 208, 202, 145, 252, 135, 204, 202, 164, 271, 126, 117, 136, 253, 225, 294, 286, 230, 284, 233, 218, 197, 277, 116, 190, 181, 157, 152, 205], [193, 291, 278, 231, 167, 243, 150, 114, 116, 297, 177, 259, 273, 239, 259, 259, 114, 201, 257, 188, 183, 263, 279, 173, 167, 134, 131, 231, 122, 165], [113, 210, 231, 146, 130, 261, 271, 109, 246, 216, 194, 130, 272, 158, 168, 280, 100, 114, 115, 232, 295, 172, 229, 181, 134, 239, 219, 215, 279, 133]], "number_unexpected_containers_at_facilities": [[66, 99, 57], [11, 34, 38], [97, 97, 66], [7, 15, 56]], "number_good_quality_containers_at_facilities": [[13, 93, 98], [41, 97, 98], [23, 87, 24], [98, 63, 67]], "containers_demand_for_clients": [[164, 183, 185, 234, 226, 212, 185, 242, 165, 190, 168, 199, 238, 206, 212, 165, 242, 163, 173, 234, 206, 224, 213, 183, 177, 169, 212, 227, 169, 164], [250, 184, 212, 251, 258, 233, 208, 203, 237, 253, 221, 210, 239, 195, 253, 194, 262, 179, 189, 215, 192, 254, 229, 195, 197, 216, 242, 181, 231, 244], [175, 228, 243, 227, 177, 217, 175, 205, 250, 253, 212, 195, 199, 227, 203, 248, 230, 175, 252, 171, 177, 210, 221, 223, 238, 169, 181, 195, 189, 211], [185, 261, 183, 250, 211, 223, 208, 226, 252, 227, 220, 244, 247, 258, 198, 221, 221, 207, 180, 220, 178, 179, 191, 260, 188, 208, 196, 240, 217, 232]], "transportation_capacity": 669, "probability_original_quality_level": [[8.0, 15.0, 10.0, 9.0, 12.0, 3.0, 12.0, 9.0, 6.0, 11.0, 5.0], [10.0, 3.0, 15.0, 14.0, 15.0, 15.0, 5.0, 8.0, 0.0, 13.0, 2.0], [10.0, 21.0, 8.0, 6.0, 1.0, 2.0, 1.0, 19.0, 12.0, 15.0, 5.0], [5.0, 1.0, 14.0, 1.0, 10.0, 14.0, 12.0, 3.0, 15.0, 20.0, 5.0]], "number_hours_required_for_inspection": [0.4412583532227471, 0.6073843001998457, 0.900855496139679, 0.5107160113889803], "number_hours_available_for_inspection": [305, 269, 239], "expected_number_hours_required_for_repair": [1.8659548557403252, 1.9040133967623598, 1.968999605668933, 2.173681666439689], "number_hours_available_for_repair": [785, 785, 582], "warehouse_capacity_of_facility": [854, 814, 925], "cost_of_inspection": [8.825167064454941, 12.147686003996913, 18.01710992279358, 10.214320227779606], "expected_cost_of_repair": [55.00830613806343, 55.688341814761806, 57.836750420509624, 64.69231057762839], "cost_of_transportation": [123, 115], "holding_cost": [2.451045872353448, 2.2092950001431473, 1.341375937973026], "rejection_cost": [100.0, 100.0, 100.0, 100.0]}