{"container_types": 4, "number_of_facilities": 2, "container_quality_level": 9, "time_periods": 30, "number_containers_arriving_to_facility_zero": [[121, 160, 231, 237, 236, 173, 140, 158, 205, 237, 241, 238, 156, 276, 151, 132, 210, 141, 173, 240, 231, 178, 296, 266, 160, 246, 166, 205, 238, 209], [255, 240, 255, 122, 294, 206, 101, 280, 179, 167, 259, 213, 208, 114, 277, 272, 189, 249, 232, 170, 191, 284, 280, 287, 221, 238, 204, 169, 165, 238], [146, 271, 162, 208, 125, 158, 109, 119, 130, 166, 152, 122, 268, 261, 116, 179, 255, 136, 106, 146, 254, 227, 262, 258, 231, 197, 244, 125, 169, 113], [163, 240, 165, 244, 252, 203, 107, 152, 261, 245, 131, 194, 172, 103, 118, 161, 178, 219, 212, 185, 147, 217, 272, 222, 166, 161, 155, 277, 268, 240]], "number_unexpected_containers_at_facilities": [[38, 26, 49], [64, 41, 86], [59, 33, 52], [8, 74, 11]], "number_good_quality_containers_at_facilities": [[32, 15, 10], [2, 31, 42], [86, 11, 38], [60, 63, 61]], "containers_demand_for_clients": [[213, 181, 184, 191, 226, 184, 231, 180, 234, 208, 220, 174, 231, 176, 172, 206, 231, 191, 241, 232, 232, 230, 199, 208, 173, 194, 222, 231, 218, 232], [188, 192, 225, 204, 215, 191, 218, 203, 191, 180, 196, 220, 229, 200, 199, 188, 212, 228, 202, 218, 189, 222, 175, 170, 224, 231, 183, 218, 221, 189], [190, 188, 248, 181, 214, 209, 200, 263, 202, 183, 223, 181, 236, 256, 243, 201, 231, 219, 270, 222, 206, 183, 261, 253, 191, 223, 270, 242, 185, 188], [224, 155, 159, 215, 181, 200, 203, 155, 198, 208, 204, 151, 213, 203, 206, 220, 166, 153, 226, 179, 204, 191, 180, 182, 187, 219, 152, 159, 165, 186]], "transportation_capacity": 600, "probability_original_quality_level": [[6.0, 19.0, 18.0, 16.0, 13.0, 11.0, 0.0, 4.0, 7.0, 6.0, 0.0], [8.0, 11.0, 9.0, 11.0, 9.0, 12.0, 5.0, 4.0, 9.0, 19.0, 3.0], [6.0, 12.0, 18.0, 11.0, 12.0, 22.0, 11.0, 0.0, 6.0, 2.0, 0.0], [7.0, 6.0, 18.0, 19.0, 7.0, 7.0, 0.0, 4.0, 8.0, 20.0, 4.0]], "number_hours_required_for_inspection": [0.9049820555202142, 0.6382263795793521, 0.5978195764749615, 0.8641133607045812], "number_hours_available_for_inspection": [342, 329, 261], "expected_number_hours_required_for_repair": [1.6316291003256822, 2.013087661018927, 1.7587093680565258, 1.9672594304694238], "number_hours_available_for_repair": [740, 537, 646], "warehouse_capacity_of_facility": [814, 873, 885], "cost_of_inspection": [18.099641110404285, 12.764527591587044, 11.95639152949923, 17.282267214091625], "expected_cost_of_repair": [47.982953803159056, 58.981163550499495, 52.104350095841625, 58.15039527456922], "cost_of_transportation": [147, 91], "holding_cost": [2.7619648841863977, 1.860303214416575, 1.515969452585098], "rejection_cost": [100.0, 100.0, 100.0, 100.0]}