{"container_types": 4, "number_of_facilities": 2, "container_quality_level": 9, "time_periods": 30, "number_containers_arriving_to_facility_zero": [[112, 110, 146, 224, 248, 288, 136, 182, 255, 251, 279, 192, 296, 103, 263, 216, 102, 151, 226, 226, 273, 180, 254, 122, 140, 185, 288, 219, 201, 167], [286, 223, 249, 294, 152, 136, 258, 107, 169, 272, 265, 124, 130, 118, 162, 147, 255, 128, 254, 186, 139, 252, 201, 148, 238, 277, 150, 205, 251, 257], [217, 230, 225, 258, 111, 208, 157, 187, 195, 168, 228, 146, 221, 243, 286, 274, 290, 104, 264, 146, 261, 213, 150, 186, 153, 286, 132, 233, 146, 229], [192, 286, 245, 162, 152, 239, 165, 150, 112, 117, 141, 296, 229, 170, 123, 119, 204, 131, 279, 283, 276, 198, 135, 190, 154, 270, 208, 139, 176, 108]], "number_unexpected_containers_at_facilities": [[76, 79, 75], [77, 93, 9], [84, 86, 6], [8, 70, 46]], "number_good_quality_containers_at_facilities": [[30, 44, 64], [23, 86, 15], [0, 14, 96], [36, 57, 81]], "containers_demand_for_clients": [[218, 212, 225, 197, 185, 169, 172, 227, 170, 199, 212, 223, 182, 226, 201, 195, 199, 180, 170, 208, 167, 188, 185, 208, 205, 214, 201, 235, 165, 233], [220, 182, 195, 217, 248, 226, 215, 208, 206, 240, 242, 202, 221, 225, 182, 254, 194, 255, 234, 174, 203, 249, 253, 209, 230, 174, 201, 226, 225, 186], [196, 172, 250, 220, 249, 208, 244, 171, 238, 228, 203, 236, 240, 204, 241, 184, 173, 236, 170, 210, 177, 237, 180, 225, 199, 215, 203, 208, 231, 216], [177, 207, 225, 186, 191, 253, 252, 177, 203, 251, 193, 210, 213, 189, 193, 185, 236, 240, 173, 173, 179, 220, 234, 234, 203, 174, 250, 193, 235, 248]], "transportation_capacity": 483, "probability_original_quality_level": [[6.0, 2.0, 12.0, 2.0, 19.0, 20.0, 12.0, 9.0, 0.0, 18.0, 0.0], [9.0, 13.0, 16.0, 0.0, 14.0, 6.0, 9.0, 10.0, 12.0, 6.0, 5.0], [5.0, 15.0, 4.0, 18.0, 0.0, 17.0, 13.0, 3.0, 15.0, 7.0, 3.0], [5.0, 24.0, 6.0, 2.0, 18.0, 6.0, 2.0, 0.0, 12.0, 23.0, 2.0]], "number_hours_required_for_inspection": [0.3362743013021987, 0.7450790591932362, 0.8436557367348512, 0.8040617191033083], "number_hours_available_for_inspection": [237, 234, 246], "expected_number_hours_required_for_repair": [2.208737891385488, 1.8506012603617834, 1.9813194211261331, 1.9647346237242254], "number_hours_available_for_repair": [626, 618, 625], "warehouse_capacity_of_facility": [803, 903, 867], "cost_of_inspection": [6.725486026043974, 14.901581183864725, 16.873114734697022, 16.081234382066164], "expected_cost_of_repair": [65.18700069280816, 54.50755087096077, 58.58405820675505, 58.215306394885154], "cost_of_transportation": [131, 82], "holding_cost": [2.545925044653436, 1.5092027250442677, 1.0088955649319382], "rejection_cost": [100.0, 100.0, 100.0, 100.0]}