{"container_types": 4, "number_of_facilities": 2, "container_quality_level": 9, "time_periods": 30, "number_containers_arriving_to_facility_zero": [[263, 147, 201, 173, 208, 161, 152, 291, 163, 151, 188, 227, 200, 287, 295, 250, 133, 291, 257, 135, 245, 186, 197, 123, 221, 286, 124, 229, 118, 296], [256, 223, 209, 144, 122, 146, 199, 258, 245, 163, 154, 162, 244, 256, 220, 235, 134, 104, 205, 204, 112, 297, 279, 232, 241, 133, 187, 291, 260, 160], [112, 274, 237, 153, 149, 297, 106, 212, 215, 295, 206, 182, 126, 272, 286, 224, 137, 145, 153, 208, 251, 201, 134, 280, 176, 118, 141, 289, 220, 210], [299, 248, 173, 253, 299, 170, 176, 121, 144, 116, 120, 198, 277, 238, 108, 181, 151, 150, 165, 276, 257, 137, 149, 152, 225, 108, 107, 205, 195, 197]], "number_unexpected_containers_at_facilities": [[18, 84, 74], [73, 24, 21], [19, 76, 36], [18, 99, 3]], "number_good_quality_containers_at_facilities": [[41, 81, 57], [21, 54, 80], [72, 37, 31], [70, 46, 63]], "containers_demand_for_clients": [[164, 185, 165, 163, 202, 173, 167, 172, 204, 170, 218, 166, 183, 196, 220, 220, 179, 163, 197, 185, 206, 170, 164, 177, 224, 180, 212, 166, 176, 169], [189, 225, 209, 182, 194, 221, 177, 249, 188, 179, 243, 223, 189, 189, 234, 246, 238, 240, 189, 203, 211, 219, 213, 210, 220, 217, 199, 231, 199, 216], [219, 248, 200, 245, 221, 184, 241, 223, 228, 228, 198, 224, 217, 170, 184, 243, 242, 213, 244, 222, 175, 217, 218, 214, 194, 209, 199, 243, 233, 242], [201, 194, 229, 248, 194, 214, 224, 230, 188, 184, 241, 168, 193, 230, 177, 186, 216, 181, 248, 224, 205, 173, 197, 209, 203, 207, 183, 187, 216, 232]], "transportation_capacity": 559, "probability_original_quality_level": [[9.0, 10.0, 6.0, 8.0, 13.0, 8.0, 15.0, 12.0, 9.0, 7.0, 3.0], [8.0, 3.0, 17.0, 1.0, 0.0, 20.0, 6.0, 12.0, 17.0, 11.0, 5.0], [9.0, 28.0, 0.0, 12.0, 7.0, 11.0, 0.0, 7.0, 14.0, 11.0, 1.0], [10.0, 20.0, 6.0, 20.0, 3.0, 14.0, 0.0, 16.0, 0.0, 9.0, 2.0]], "number_hours_required_for_inspection": [0.8150275181591824, 0.3352277559987246, 0.40928430327099813, 0.3890550525672485], "number_hours_available_for_inspection": [180, 189, 166], "expected_number_hours_required_for_repair": [1.9768234229462396, 2.1608967627933793, 1.843076009252109, 1.7225897471595653], "number_hours_available_for_repair": [721, 624, 567], "warehouse_capacity_of_facility": [913, 835, 825], "cost_of_inspection": [16.300550363183646, 6.704555119974493, 8.185686065419963, 7.78110105134497], "expected_cost_of_repair": [57.94659164718298, 63.23513746547145, 54.04388392395609, 49.73600519926962], "cost_of_transportation": [150, 148], "holding_cost": [2.3492466281481024, 1.919186602143657, 1.5349386372348839], "rejection_cost": [100.0, 100.0, 100.0, 100.0]}