{"container_types": 4, "number_of_facilities": 2, "container_quality_level": 9, "time_periods": 30, "number_containers_arriving_to_facility_zero": [[176, 171, 248, 124, 143, 279, 162, 157, 180, 270, 199, 294, 186, 238, 294, 141, 120, 221, 140, 108, 184, 294, 220, 256, 174, 176, 145, 261, 199, 152], [180, 279, 126, 143, 138, 183, 174, 155, 232, 299, 112, 100, 193, 116, 206, 193, 288, 284, 175, 100, 214, 198, 221, 276, 136, 237, 108, 276, 290, 186], [111, 161, 111, 262, 243, 271, 237, 219, 170, 290, 102, 164, 208, 116, 193, 291, 199, 267, 130, 220, 105, 187, 152, 115, 157, 142, 119, 280, 239, 111], [101, 207, 124, 272, 262, 257, 104, 265, 228, 228, 120, 295, 263, 100, 141, 204, 123, 266, 185, 250, 164, 147, 245, 173, 259, 154, 133, 179, 240, 258]], "number_unexpected_containers_at_facilities": [[38, 70, 66], [92, 11, 92], [40, 50, 53], [17, 61, 99]], "number_good_quality_containers_at_facilities": [[58, 74, 90], [4, 30, 54], [15, 68, 33], [10, 67, 92]], "containers_demand_for_clients": [[229, 236, 202, 177, 233, 245, 245, 210, 202, 175, 177, 243, 209, 215, 223, 224, 249, 226, 235, 248, 186, 240, 224, 193, 194, 232, 204, 206, 239, 240], [206, 175, 201, 239, 234, 242, 234, 201, 220, 191, 172, 221, 197, 207, 182, 182, 209, 232, 236, 200, 171, 192, 206, 185, 171, 251, 188, 212, 240, 183], [182, 169, 166, 190, 162, 230, 174, 177, 232, 211, 190, 174, 230, 179, 210, 216, 240, 210, 187, 167, 163, 207, 184, 173, 231, 193, 183, 177, 210, 217], [155, 163, 177, 156, 158, 213, 227, 189, 178, 177, 191, 201, 217, 214, 171, 189, 203, 227, 181, 196, 192, 182, 208, 169, 232, 223, 176, 170, 231, 229]], "transportation_capacity": 577, "probability_original_quality_level": [[10.0, 14.0, 13.0, 2.0, 7.0, 15.0, 12.0, 11.0, 5.0, 9.0, 2.0], [9.0, 12.0, 15.0, 7.0, 4.0, 7.0, 2.0, 8.0, 12.0, 23.0, 1.0], [5.0, 3.0, 17.0, 5.0, 13.0, 4.0, 6.0, 9.0, 13.0, 24.0, 1.0], [6.0, 1.0, 4.0, 18.0, 8.0, 2.0, 6.0, 17.0, 20.0, 14.0, 4.0]], "number_hours_required_for_inspection": [0.6818914389549318, 0.3619529166885816, 0.722598794613957, 0.8639169411044949], "number_hours_available_for_inspection": [299, 260, 247], "expected_number_hours_required_for_repair": [1.8913964322295354, 2.1584192878379294, 2.251382158650875, 2.281060588432634], "number_hours_available_for_repair": [734, 732, 611], "warehouse_capacity_of_facility": [780, 888, 753], "cost_of_inspection": [13.637828779098635, 7.239058333771632, 14.45197589227914, 17.2783388220899], "expected_cost_of_repair": [54.88036101197041, 63.22691560408284, 66.76452861940764, 67.57203530427375], "cost_of_transportation": [152, 141], "holding_cost": [2.1665041677547068, 1.9246580288961277, 1.8644805532218962], "rejection_cost": [100.0, 100.0, 100.0, 100.0]}