{"container_types": 4, "number_of_facilities": 2, "container_quality_level": 9, "time_periods": 30, "number_containers_arriving_to_facility_zero": [[250, 104, 123, 116, 153, 173, 143, 218, 218, 125, 131, 127, 254, 258, 246, 210, 157, 101, 237, 266, 273, 290, 211, 196, 257, 202, 260, 110, 224, 231], [195, 241, 188, 219, 136, 154, 216, 110, 276, 149, 140, 152, 170, 293, 233, 170, 207, 127, 263, 265, 176, 269, 116, 268, 156, 175, 180, 242, 288, 284], [118, 214, 203, 233, 172, 181, 146, 173, 220, 217, 285, 134, 193, 278, 168, 119, 202, 246, 251, 106, 171, 283, 251, 296, 140, 112, 185, 295, 154, 272], [204, 201, 294, 213, 255, 164, 184, 296, 277, 251, 119, 222, 275, 295, 133, 126, 199, 132, 121, 193, 177, 181, 271, 234, 247, 200, 154, 297, 113, 272]], "number_unexpected_containers_at_facilities": [[42, 29, 41], [63, 28, 49], [61, 51, 75], [14, 32, 4]], "number_good_quality_containers_at_facilities": [[13, 83, 14], [3, 6, 58], [78, 4, 8], [36, 18, 46]], "containers_demand_for_clients": [[184, 242, 243, 212, 201, 207, 193, 216, 214, 214, 246, 206, 220, 232, 246, 247, 184, 199, 255, 256, 221, 183, 173, 184, 197, 180, 211, 201, 201, 196], [172, 171, 222, 209, 165, 175, 227, 201, 200, 218, 192, 239, 162, 208, 184, 207, 163, 235, 241, 184, 234, 216, 197, 215, 237, 228, 193, 177, 178, 227], [241, 203, 248, 176, 185, 213, 221, 177, 227, 188, 232, 170, 241, 233, 169, 183, 205, 214, 246, 199, 210, 191, 244, 190, 248, 206, 227, 172, 172, 235], [218, 205, 241, 207, 193, 224, 229, 225, 184, 241, 191, 170, 173, 228, 219, 194, 221, 197, 221, 181, 195, 187, 212, 225, 226, 197, 182, 233, 181, 225]], "transportation_capacity": 651, "probability_original_quality_level": [[9.0, 2.0, 11.0, 13.0, 12.0, 1.0, 16.0, 6.0, 9.0, 17.0, 4.0], [7.0, 0.0, 22.0, 6.0, 21.0, 10.0, 9.0, 0.0, 12.0, 12.0, 1.0], [10.0, 12.0, 5.0, 9.0, 7.0, 12.0, 11.0, 9.0, 12.0, 10.0, 3.0], [10.0, 13.0, 6.0, 0.0, 10.0, 11.0, 7.0, 14.0, 14.0, 15.0, 0.0]], "number_hours_required_for_inspection": [0.7923904578279987, 0.4713705662720858, 0.3817803621735758, 0.408059850726184], "number_hours_available_for_inspection": [220, 242, 234], "expected_number_hours_required_for_repair": [2.0669547987829913, 2.008902298046482, 2.0115873170789005, 2.2435451662356387], "number_hours_available_for_repair": [823, 756, 872], "warehouse_capacity_of_facility": [855, 751, 841], "cost_of_inspection": [15.847809156559974, 9.427411325441716, 7.635607243471516, 8.16119701452368], "expected_cost_of_repair": [60.211993679554396, 58.920471453747275, 58.34857467451186, 65.82019119095547], "cost_of_transportation": [158, 93], "holding_cost": [2.915599730909721, 2.1487907147479706, 1.7891597771814214], "rejection_cost": [100.0, 100.0, 100.0, 100.0]}