{"container_types": 4, "number_of_facilities": 2, "container_quality_level": 9, "time_periods": 30, "number_containers_arriving_to_facility_zero": [[120, 250, 117, 192, 179, 154, 208, 177, 142, 171, 161, 153, 185, 191, 224, 290, 161, 128, 280, 253, 294, 294, 115, 183, 174, 175, 255, 102, 148, 279], [198, 193, 115, 294, 255, 129, 178, 195, 263, 230, 139, 136, 112, 180, 274, 274, 255, 297, 171, 298, 239, 134, 245, 161, 181, 186, 297, 150, 246, 282], [177, 154, 159, 210, 154, 115, 254, 198, 293, 177, 118, 275, 143, 299, 267, 213, 100, 232, 158, 241, 139, 108, 194, 188, 195, 281, 188, 228, 221, 165], [127, 144, 129, 251, 296, 266, 243, 278, 220, 224, 246, 285, 171, 158, 236, 120, 271, 135, 256, 212, 160, 190, 202, 255, 290, 288, 102, 272, 212, 117]], "number_unexpected_containers_at_facilities": [[37, 9, 6], [69, 98, 20], [94, 88, 76], [12, 27, 5]], "number_good_quality_containers_at_facilities": [[37, 2, 80], [39, 30, 78], [39, 27, 45], [26, 57, 64]], "containers_demand_for_clients": [[232, 238, 232, 182, 240, 259, 221, 175, 252, 199, 174, 186, 208, 233, 205, 192, 255, 223, 187, 249, 176, 260, 228, 195, 204, 208, 219, 201, 257, 260], [195, 212, 169, 184, 171, 222, 233, 226, 181, 194, 168, 166, 185, 162, 178, 231, 206, 214, 168, 195, 168, 196, 185, 224, 175, 184, 201, 186, 189, 168], [263, 237, 182, 196, 205, 198, 237, 241, 195, 178, 252, 202, 201, 188, 251, 195, 198, 258, 202, 198, 211, 239, 200, 208, 239, 186, 216, 246, 252, 251], [168, 234, 227, 230, 231, 231, 230, 215, 232, 183, 229, 182, 193, 238, 173, 207, 228, 216, 174, 168, 168, 218, 199, 203, 210, 247, 175, 173, 207, 207]], "transportation_capacity": 621, "probability_original_quality_level": [[5.0, 14.0, 1.0, 9.0, 2.0, 3.0, 20.0, 14.0, 9.0, 23.0, 0.0], [5.0, 17.0, 9.0, 4.0, 2.0, 22.0, 23.0, 0.0, 0.0, 15.0, 3.0], [5.0, 17.0, 11.0, 15.0, 6.0, 10.0, 0.0, 13.0, 16.0, 5.0, 2.0], [5.0, 9.0, 11.0, 5.0, 11.0, 7.0, 12.0, 8.0, 11.0, 16.0, 5.0]], "number_hours_required_for_inspection": [0.36656491067250785, 0.8094738383406834, 0.8667027939548444, 0.38653890172166483], "number_hours_available_for_inspection": [208, 292, 292], "expected_number_hours_required_for_repair": [2.387814361019431, 1.960676664610644, 1.8775595328689603, 2.1290849375061636], "number_hours_available_for_repair": [609, 856, 864], "warehouse_capacity_of_facility": [780, 775, 923], "cost_of_inspection": [7.331298213450157, 16.18947676681367, 17.334055879096887, 7.730778034433296], "expected_cost_of_repair": [71.06062486311095, 57.84239897580431, 55.332172560530374, 63.279570873787804], "cost_of_transportation": [62, 153], "holding_cost": [2.878494680006114, 1.9151981940696436, 1.3259663577843415], "rejection_cost": [100.0, 100.0, 100.0, 100.0]}