{"container_types": 4, "number_of_facilities": 2, "container_quality_level": 9, "time_periods": 30, "number_containers_arriving_to_facility_zero": [[296, 179, 194, 163, 240, 226, 291, 176, 163, 293, 233, 107, 240, 205, 142, 229, 175, 183, 277, 114, 162, 229, 274, 280, 244, 155, 259, 115, 254, 295], [180, 226, 147, 194, 106, 177, 111, 150, 268, 253, 141, 272, 287, 108, 118, 120, 222, 188, 145, 255, 262, 144, 282, 174, 229, 232, 200, 102, 248, 288], [175, 120, 222, 293, 247, 161, 143, 249, 268, 284, 160, 208, 168, 173, 101, 223, 129, 257, 131, 151, 288, 244, 240, 213, 285, 177, 186, 172, 193, 144], [140, 244, 293, 262, 173, 190, 289, 236, 124, 100, 290, 228, 180, 111, 215, 207, 201, 277, 267, 152, 129, 188, 120, 287, 252, 187, 164, 192, 287, 237]], "number_unexpected_containers_at_facilities": [[57, 52, 77], [31, 13, 15], [18, 54, 65], [37, 29, 49]], "number_good_quality_containers_at_facilities": [[79, 29, 69], [3, 49, 10], [24, 94, 27], [7, 7, 48]], "containers_demand_for_clients": [[236, 233, 244, 248, 252, 251, 195, 185, 208, 227, 227, 210, 193, 208, 170, 251, 251, 187, 213, 205, 243, 219, 241, 238, 251, 219, 199, 217, 247, 219], [259, 197, 253, 253, 237, 204, 222, 262, 200, 208, 248, 202, 236, 238, 247, 264, 239, 184, 193, 254, 247, 233, 248, 265, 181, 265, 244, 218, 251, 245], [167, 209, 159, 223, 162, 215, 206, 166, 173, 191, 216, 196, 175, 217, 176, 169, 235, 165, 177, 210, 197, 225, 195, 223, 178, 206, 197, 199, 237, 172], [215, 186, 178, 213, 245, 233, 235, 171, 249, 249, 179, 250, 223, 241, 245, 210, 230, 178, 185, 223, 210, 212, 230, 209, 200, 197, 176, 167, 200, 220]], "transportation_capacity": 450, "probability_original_quality_level": [[8.0, 13.0, 15.0, 13.0, 0.0, 18.0, 7.0, 0.0, 9.0, 12.0, 5.0], [6.0, 16.0, 0.0, 16.0, 12.0, 20.0, 7.0, 13.0, 3.0, 5.0, 2.0], [10.0, 4.0, 4.0, 2.0, 20.0, 7.0, 13.0, 13.0, 3.0, 22.0, 2.0], [10.0, 14.0, 10.0, 11.0, 10.0, 14.0, 11.0, 0.0, 1.0, 19.0, 0.0]], "number_hours_required_for_inspection": [0.5198586040227611, 0.40100610734151554, 0.396637687110931, 0.3488694355064434], "number_hours_available_for_inspection": [152, 148, 158], "expected_number_hours_required_for_repair": [1.7803645676253714, 1.905969142709328, 2.272107913229241, 1.9088344008892932], "number_hours_available_for_repair": [584, 613, 814], "warehouse_capacity_of_facility": [841, 899, 789], "cost_of_inspection": [10.39717208045522, 8.02012214683031, 7.93275374221862, 6.977388710128868], "expected_cost_of_repair": [52.60596826226881, 56.50553753355455, 66.38105603596944, 55.958043681280195], "cost_of_transportation": [60, 109], "holding_cost": [2.729716043516449, 2.4145513809837285, 1.1185984677170668], "rejection_cost": [100.0, 100.0, 100.0, 100.0]}