{"container_types": 4, "number_of_facilities": 2, "container_quality_level": 9, "time_periods": 30, "number_containers_arriving_to_facility_zero": [[276, 180, 172, 253, 102, 184, 239, 250, 195, 149, 136, 265, 136, 196, 175, 142, 157, 167, 203, 200, 124, 113, 217, 207, 298, 242, 259, 116, 169, 272], [177, 263, 150, 216, 223, 281, 127, 239, 240, 273, 159, 104, 183, 194, 212, 295, 231, 235, 289, 296, 201, 260, 117, 199, 188, 143, 109, 189, 105, 248], [144, 146, 194, 199, 161, 200, 111, 213, 238, 174, 285, 184, 150, 247, 241, 217, 226, 160, 122, 245, 162, 193, 269, 187, 160, 242, 119, 127, 284, 185], [168, 259, 160, 107, 225, 222, 256, 197, 276, 253, 214, 212, 120, 190, 210, 106, 249, 284, 159, 162, 243, 183, 238, 239, 115, 250, 233, 215, 204, 280]], "number_unexpected_containers_at_facilities": [[4, 8, 20], [23, 17, 90], [88, 73, 7], [22, 53, 71]], "number_good_quality_containers_at_facilities": [[48, 4, 26], [84, 7, 98], [3, 93, 23], [76, 22, 93]], "containers_demand_for_clients": [[194, 208, 240, 189, 258, 258, 230, 235, 234, 219, 206, 177, 213, 196, 205, 227, 201, 175, 210, 189, 190, 232, 184, 204, 187, 209, 187, 242, 228, 257], [212, 199, 205, 159, 207, 226, 191, 182, 171, 208, 203, 181, 166, 220, 186, 183, 165, 170, 220, 196, 209, 174, 168, 229, 205, 205, 169, 157, 211, 228], [213, 193, 211, 224, 232, 239, 219, 253, 183, 181, 236, 185, 244, 186, 206, 189, 236, 177, 183, 173, 221, 235, 224, 214, 227, 189, 227, 235, 179, 219], [194, 164, 207, 177, 211, 209, 184, 200, 193, 181, 181, 186, 224, 187, 222, 187, 182, 169, 197, 196, 166, 214, 178, 163, 185, 241, 206, 184, 221, 219]], "transportation_capacity": 468, "probability_original_quality_level": [[9.0, 1.0, 1.0, 15.0, 3.0, 22.0, 11.0, 3.0, 22.0, 13.0, 0.0], [8.0, 9.0, 6.0, 4.0, 12.0, 18.0, 10.0, 13.0, 10.0, 7.0, 3.0], [5.0, 5.0, 4.0, 0.0, 8.0, 7.0, 22.0, 21.0, 13.0, 15.0, 0.0], [9.0, 10.0, 11.0, 13.0, 4.0, 12.0, 9.0, 8.0, 5.0, 17.0, 2.0]], "number_hours_required_for_inspection": [0.33714260976413724, 0.3977979526958911, 0.9219476471971345, 0.7987610787190164], "number_hours_available_for_inspection": [217, 271, 249], "expected_number_hours_required_for_repair": [2.294953530747055, 2.1076315564569414, 2.497675558003523, 2.0112152406717394], "number_hours_available_for_repair": [923, 914, 821], "warehouse_capacity_of_facility": [901, 891, 813], "cost_of_inspection": [6.742852195282745, 7.955959053917821, 18.43895294394269, 15.975221574380328], "expected_cost_of_repair": [67.31975277710188, 61.65631472830034, 74.0241432434939, 59.33674576727085], "cost_of_transportation": [136, 84], "holding_cost": [2.976528579794828, 1.899528888996623, 1.737385057970273], "rejection_cost": [100.0, 100.0, 100.0, 100.0]}