{"container_types": 4, "number_of_facilities": 2, "container_quality_level": 9, "time_periods": 30, "number_containers_arriving_to_facility_zero": [[181, 216, 122, 148, 181, 264, 106, 159, 248, 282, 129, 210, 144, 195, 186, 221, 225, 197, 209, 206, 148, 260, 105, 198, 205, 222, 140, 247, 294, 146], [197, 253, 203, 144, 181, 259, 107, 180, 200, 261, 151, 103, 136, 293, 174, 271, 185, 235, 215, 140, 132, 104, 239, 163, 173, 131, 241, 283, 112, 120], [123, 175, 163, 210, 108, 252, 175, 161, 225, 111, 120, 217, 288, 184, 220, 227, 218, 232, 231, 288, 158, 137, 177, 248, 169, 183, 285, 266, 292, 138], [209, 258, 273, 172, 159, 290, 241, 247, 206, 171, 185, 274, 189, 195, 144, 189, 235, 219, 282, 160, 159, 203, 207, 147, 288, 223, 190, 213, 251, 260]], "number_unexpected_containers_at_facilities": [[37, 41, 64], [80, 93, 43], [1, 35, 83], [57, 21, 78]], "number_good_quality_containers_at_facilities": [[20, 99, 80], [24, 52, 99], [40, 56, 3], [44, 5, 27]], "containers_demand_for_clients": [[210, 247, 184, 220, 189, 189, 261, 224, 221, 218, 209, 236, 247, 217, 256, 190, 234, 235, 216, 244, 241, 229, 190, 194, 264, 258, 209, 233, 246, 227], [222, 177, 181, 201, 168, 235, 205, 166, 219, 182, 232, 164, 170, 200, 213, 223, 233, 171, 238, 171, 210, 175, 197, 184, 208, 218, 217, 202, 189, 203], [221, 213, 164, 185, 229, 229, 170, 200, 181, 211, 186, 163, 189, 230, 165, 232, 183, 160, 228, 232, 232, 169, 238, 177, 173, 237, 227, 181, 236, 208], [240, 229, 179, 169, 220, 178, 199, 188, 169, 197, 165, 182, 178, 216, 184, 180, 244, 217, 191, 194, 183, 168, 236, 176, 229, 238, 209, 181, 238, 239]], "transportation_capacity": 609, "probability_original_quality_level": [[5.0, 6.0, 12.0, 0.0, 12.0, 10.0, 20.0, 2.0, 18.0, 14.0, 1.0], [10.0, 22.0, 2.0, 11.0, 1.0, 2.0, 19.0, 7.0, 21.0, 4.0, 1.0], [9.0, 4.0, 12.0, 13.0, 5.0, 9.0, 11.0, 13.0, 4.0, 18.0, 2.0], [6.0, 15.0, 19.0, 1.0, 4.0, 4.0, 8.0, 20.0, 16.0, 6.0, 1.0]], "number_hours_required_for_inspection": [0.4179957760942598, 0.8696602156862048, 0.4465325226573357, 0.47780872097620913], "number_hours_available_for_inspection": [249, 235, 253], "expected_number_hours_required_for_repair": [2.2632056596580186, 1.9785136409505426, 2.117418128506552, 2.0433085688001067], "number_hours_available_for_repair": [750, 748, 692], "warehouse_capacity_of_facility": [813, 761, 782], "cost_of_inspection": [8.359915521885195, 17.393204313724095, 8.930650453146713, 9.556174419524183], "expected_cost_of_repair": [67.22168587450268, 57.94985469065992, 62.39155760882907, 60.24046935227718], "cost_of_transportation": [88, 118], "holding_cost": [2.467061842296025, 2.398184626489277, 1.320123484226324], "rejection_cost": [100.0, 100.0, 100.0, 100.0]}