{"container_types": 4, "number_of_facilities": 2, "container_quality_level": 9, "time_periods": 30, "number_containers_arriving_to_facility_zero": [[274, 248, 194, 253, 205, 194, 112, 118, 134, 200, 181, 153, 275, 159, 288, 160, 128, 203, 151, 127, 117, 167, 113, 109, 156, 168, 215, 254, 270, 214], [237, 217, 240, 278, 146, 259, 265, 202, 160, 271, 283, 180, 143, 102, 230, 261, 289, 266, 177, 248, 215, 248, 259, 266, 223, 127, 264, 235, 266, 189], [144, 180, 159, 272, 252, 128, 255, 226, 283, 156, 101, 288, 215, 185, 105, 188, 109, 259, 237, 279, 107, 117, 114, 239, 177, 103, 291, 284, 267, 251], [158, 135, 107, 122, 214, 217, 207, 244, 297, 145, 151, 223, 190, 186, 123, 149, 183, 293, 173, 224, 230, 122, 139, 219, 288, 246, 260, 285, 164, 196]], "number_unexpected_containers_at_facilities": [[88, 26, 52], [67, 6, 45], [20, 38, 41], [44, 84, 33]], "number_good_quality_containers_at_facilities": [[26, 63, 87], [25, 50, 23], [33, 11, 60], [40, 69, 26]], "containers_demand_for_clients": [[171, 169, 233, 195, 193, 164, 233, 230, 193, 165, 242, 221, 210, 210, 247, 175, 210, 194, 234, 230, 175, 206, 183, 216, 181, 235, 237, 203, 186, 246], [222, 229, 174, 210, 179, 182, 228, 173, 214, 176, 163, 161, 178, 229, 231, 184, 232, 163, 158, 184, 167, 190, 200, 196, 158, 207, 184, 196, 171, 177], [190, 261, 203, 233, 222, 203, 221, 213, 245, 188, 267, 213, 187, 206, 255, 214, 274, 189, 210, 242, 199, 231, 270, 245, 199, 206, 248, 261, 235, 265], [190, 186, 213, 199, 166, 195, 216, 193, 185, 204, 241, 239, 209, 226, 201, 244, 208, 222, 181, 183, 233, 215, 245, 182, 196, 213, 232, 177, 164, 185]], "transportation_capacity": 563, "probability_original_quality_level": [[7.0, 10.0, 15.0, 12.0, 10.0, 15.0, 5.0, 1.0, 11.0, 10.0, 4.0], [7.0, 11.0, 1.0, 5.0, 13.0, 18.0, 8.0, 12.0, 17.0, 7.0, 1.0], [5.0, 5.0, 13.0, 3.0, 15.0, 3.0, 8.0, 10.0, 12.0, 22.0, 4.0], [9.0, 3.0, 2.0, 15.0, 4.0, 11.0, 12.0, 15.0, 4.0, 21.0, 4.0]], "number_hours_required_for_inspection": [0.9401432146285044, 0.8793765270412701, 0.5953629925859186, 0.6492647521878413], "number_hours_available_for_inspection": [302, 332, 342], "expected_number_hours_required_for_repair": [1.8136181586374043, 2.2090402411978776, 2.2288445457499226, 2.229822645551016], "number_hours_available_for_repair": [824, 610, 622], "warehouse_capacity_of_facility": [758, 857, 916], "cost_of_inspection": [18.80286429257009, 17.5875305408254, 11.907259851718372, 12.985295043756826], "expected_cost_of_repair": [53.457538579711525, 65.29091418445441, 66.1667929037522, 65.2654731023296], "cost_of_transportation": [157, 88], "holding_cost": [2.1943384819799805, 2.4628515166646587, 1.4395303034739961], "rejection_cost": [100.0, 100.0, 100.0, 100.0]}