{"container_types": 4, "number_of_facilities": 2, "container_quality_level": 9, "time_periods": 30, "number_containers_arriving_to_facility_zero": [[127, 108, 154, 203, 170, 255, 237, 279, 207, 270, 156, 225, 264, 236, 151, 214, 250, 130, 299, 269, 233, 240, 280, 158, 109, 110, 274, 139, 298, 294], [213, 171, 188, 226, 114, 229, 256, 172, 236, 172, 246, 196, 199, 286, 149, 231, 172, 209, 295, 115, 213, 158, 169, 150, 240, 159, 188, 194, 174, 242], [264, 202, 217, 130, 118, 166, 260, 152, 242, 228, 296, 155, 234, 248, 186, 167, 231, 148, 170, 299, 292, 141, 201, 155, 188, 228, 209, 186, 191, 283], [137, 227, 143, 245, 269, 180, 142, 238, 198, 148, 206, 174, 249, 109, 254, 256, 108, 170, 235, 271, 262, 187, 274, 292, 124, 139, 294, 180, 160, 123]], "number_unexpected_containers_at_facilities": [[48, 12, 8], [98, 99, 63], [55, 11, 15], [54, 18, 6]], "number_good_quality_containers_at_facilities": [[8, 59, 47], [86, 13, 31], [65, 16, 53], [81, 69, 34]], "containers_demand_for_clients": [[184, 228, 237, 186, 246, 206, 194, 191, 199, 170, 168, 241, 203, 228, 248, 211, 249, 217, 240, 233, 208, 170, 192, 221, 187, 221, 224, 172, 212, 244], [235, 215, 194, 253, 221, 204, 199, 223, 184, 213, 221, 254, 189, 227, 185, 216, 243, 184, 190, 224, 204, 176, 251, 182, 222, 192, 255, 205, 216, 233], [248, 215, 179, 183, 252, 237, 224, 177, 247, 174, 220, 176, 242, 216, 213, 217, 190, 222, 208, 197, 226, 191, 228, 185, 245, 246, 225, 202, 247, 223], [241, 214, 196, 252, 241, 222, 216, 230, 209, 198, 226, 217, 221, 224, 220, 236, 187, 209, 223, 239, 219, 229, 244, 192, 225, 182, 207, 207, 194, 192]], "transportation_capacity": 483, "probability_original_quality_level": [[10.0, 14.0, 15.0, 3.0, 16.0, 3.0, 2.0, 11.0, 11.0, 15.0, 0.0], [6.0, 17.0, 2.0, 12.0, 9.0, 2.0, 21.0, 10.0, 6.0, 14.0, 1.0], [5.0, 10.0, 0.0, 1.0, 17.0, 18.0, 4.0, 12.0, 20.0, 8.0, 5.0], [7.0, 11.0, 14.0, 16.0, 0.0, 8.0, 14.0, 9.0, 5.0, 13.0, 3.0]], "number_hours_required_for_inspection": [0.5636209863057747, 0.5142244769752814, 0.64730555036537, 0.8225075861885206], "number_hours_available_for_inspection": [323, 307, 317], "expected_number_hours_required_for_repair": [1.9486972091778523, 2.0545884041587077, 2.1707156506978613, 1.9426018058088397], "number_hours_available_for_repair": [868, 829, 640], "warehouse_capacity_of_facility": [816, 844, 802], "cost_of_inspection": [11.272419726115494, 10.284489539505628, 12.9461110073074, 16.45015172377041], "expected_cost_of_repair": [56.78263403275291, 60.69146172388995, 64.35781925596652, 57.229897256298656], "cost_of_transportation": [102, 105], "holding_cost": [2.9837999113087177, 1.8342704178732268, 1.749698162806495], "rejection_cost": [100.0, 100.0, 100.0, 100.0]}