{"container_types": 4, "number_of_facilities": 2, "container_quality_level": 9, "time_periods": 30, "number_containers_arriving_to_facility_zero": [[247, 242, 215, 246, 220, 163, 218, 218, 209, 209, 156, 236, 136, 265, 125, 110, 100, 140, 263, 278, 265, 262, 143, 252, 126, 201, 147, 238, 153, 240], [282, 175, 221, 147, 134, 178, 165, 102, 236, 198, 171, 125, 142, 206, 128, 192, 291, 216, 197, 124, 212, 111, 156, 242, 296, 206, 296, 273, 231, 263], [145, 139, 259, 252, 167, 112, 162, 165, 128, 133, 211, 280, 120, 149, 179, 299, 269, 254, 141, 161, 103, 134, 239, 239, 230, 138, 262, 246, 236, 128], [127, 252, 299, 255, 239, 108, 186, 202, 103, 119, 286, 168, 163, 165, 187, 104, 265, 282, 184, 120, 224, 183, 197, 134, 107, 272, 248, 220, 284, 243]], "number_unexpected_containers_at_facilities": [[38, 99, 80], [60, 67, 84], [28, 95, 8], [54, 13, 65]], "number_good_quality_containers_at_facilities": [[90, 6, 8], [69, 75, 82], [20, 17, 2], [57, 83, 59]], "containers_demand_for_clients": [[201, 216, 232, 243, 229, 203, 174, 208, 223, 206, 239, 209, 192, 215, 209, 210, 213, 234, 169, 236, 224, 183, 178, 216, 232, 237, 214, 180, 191, 239], [243, 246, 204, 209, 247, 244, 235, 235, 225, 188, 209, 179, 212, 187, 221, 179, 243, 232, 214, 248, 227, 218, 180, 193, 172, 198, 173, 235, 248, 172], [232, 214, 246, 247, 173, 173, 219, 191, 173, 189, 231, 186, 193, 238, 229, 195, 210, 175, 196, 234, 193, 231, 180, 249, 180, 171, 188, 205, 177, 197], [216, 225, 177, 182, 176, 217, 189, 187, 219, 211, 222, 228, 194, 186, 207, 203, 171, 205, 208, 212, 216, 213, 197, 170, 183, 206, 222, 199, 168, 228]], "transportation_capacity": 587, "probability_original_quality_level": [[6.0, 22.0, 0.0, 2.0, 7.0, 9.0, 23.0, 1.0, 9.0, 19.0, 2.0], [5.0, 0.0, 14.0, 14.0, 1.0, 17.0, 17.0, 11.0, 6.0, 10.0, 5.0], [6.0, 8.0, 7.0, 8.0, 10.0, 3.0, 15.0, 0.0, 18.0, 22.0, 3.0], [7.0, 3.0, 1.0, 19.0, 18.0, 9.0, 8.0, 19.0, 3.0, 9.0, 4.0]], "number_hours_required_for_inspection": [0.551375880164605, 0.9491055509191796, 0.4969659574530956, 0.8058919067242061], "number_hours_available_for_inspection": [306, 234, 320], "expected_number_hours_required_for_repair": [2.0995377042703187, 2.110690560681262, 2.2108272458818483, 2.0210417785411683], "number_hours_available_for_repair": [604, 774, 639], "warehouse_capacity_of_facility": [791, 758, 821], "cost_of_inspection": [11.0275176032921, 18.98211101838359, 9.939319149061912, 16.11783813448412], "expected_cost_of_repair": [62.173189599580766, 62.41094297591647, 65.31269182162129, 59.38965985029682], "cost_of_transportation": [136, 137], "holding_cost": [2.456553310046304, 2.3819271341115296, 1.0810704993147648], "rejection_cost": [100.0, 100.0, 100.0, 100.0]}