{"container_types": 4, "number_of_facilities": 2, "container_quality_level": 9, "time_periods": 30, "number_containers_arriving_to_facility_zero": [[259, 101, 195, 209, 235, 294, 283, 185, 259, 100, 237, 249, 130, 251, 287, 113, 107, 107, 160, 145, 265, 103, 212, 280, 240, 194, 167, 131, 135, 226], [102, 186, 182, 179, 198, 215, 277, 172, 256, 190, 131, 110, 194, 100, 180, 122, 255, 266, 278, 225, 252, 251, 288, 142, 229, 277, 215, 205, 140, 282], [137, 126, 250, 154, 118, 134, 214, 242, 269, 113, 207, 292, 193, 173, 130, 137, 239, 242, 232, 202, 185, 241, 229, 151, 283, 107, 156, 135, 236, 269], [224, 229, 161, 130, 137, 157, 169, 145, 157, 276, 253, 126, 295, 184, 285, 194, 106, 234, 156, 190, 299, 257, 152, 132, 170, 168, 286, 259, 283, 243]], "number_unexpected_containers_at_facilities": [[81, 86, 24], [62, 79, 92], [57, 98, 23], [31, 22, 38]], "number_good_quality_containers_at_facilities": [[58, 33, 88], [76, 54, 59], [54, 39, 85], [45, 27, 76]], "containers_demand_for_clients": [[183, 183, 169, 173, 210, 195, 227, 231, 185, 227, 246, 230, 232, 186, 243, 235, 244, 245, 182, 220, 202, 244, 219, 207, 250, 249, 185, 186, 241, 189], [184, 180, 226, 225, 233, 183, 238, 189, 237, 218, 165, 198, 223, 228, 180, 208, 241, 241, 166, 179, 167, 225, 205, 220, 219, 179, 172, 183, 195, 198], [206, 256, 180, 201, 185, 214, 205, 215, 248, 223, 232, 210, 234, 242, 220, 187, 191, 205, 204, 181, 254, 230, 236, 223, 195, 232, 194, 221, 174, 245], [170, 228, 166, 220, 172, 210, 175, 219, 198, 164, 226, 188, 171, 188, 178, 178, 198, 202, 174, 236, 206, 176, 177, 168, 176, 241, 235, 221, 198, 189]], "transportation_capacity": 457, "probability_original_quality_level": [[7.0, 15.0, 0.0, 10.0, 20.0, 14.0, 10.0, 4.0, 13.0, 5.0, 2.0], [8.0, 11.0, 8.0, 7.0, 9.0, 10.0, 7.0, 15.0, 9.0, 13.0, 3.0], [7.0, 9.0, 11.0, 10.0, 14.0, 4.0, 8.0, 2.0, 16.0, 16.0, 3.0], [5.0, 10.0, 14.0, 9.0, 12.0, 9.0, 2.0, 16.0, 7.0, 16.0, 0.0]], "number_hours_required_for_inspection": [0.9381060875558872, 0.7323429735852837, 0.8082602316598464, 0.7777677686306139], "number_hours_available_for_inspection": [389, 293, 396], "expected_number_hours_required_for_repair": [1.9647830383909604, 2.024642063171547, 2.0398008049347585, 2.0540984853736126], "number_hours_available_for_repair": [758, 724, 679], "warehouse_capacity_of_facility": [883, 916, 812], "cost_of_inspection": [18.762121751117743, 14.646859471705673, 16.16520463319693, 15.55535537261228], "expected_cost_of_repair": [57.94517365476493, 59.25583735781376, 60.06530175571094, 60.80852665357235], "cost_of_transportation": [154, 73], "holding_cost": [2.5161687004378255, 2.131845073569782, 1.989779559449445], "rejection_cost": [100.0, 100.0, 100.0, 100.0]}