{"container_types": 4, "number_of_facilities": 2, "container_quality_level": 9, "time_periods": 30, "number_containers_arriving_to_facility_zero": [[186, 227, 137, 158, 259, 285, 251, 205, 140, 274, 114, 146, 282, 206, 287, 148, 194, 282, 246, 261, 173, 125, 149, 227, 212, 257, 277, 230, 173, 241], [184, 167, 138, 219, 151, 177, 277, 165, 101, 150, 128, 196, 260, 294, 201, 239, 103, 185, 113, 104, 102, 222, 278, 109, 171, 285, 270, 105, 284, 272], [135, 219, 128, 167, 213, 118, 297, 146, 131, 142, 256, 129, 222, 194, 104, 183, 100, 194, 139, 228, 102, 197, 254, 167, 172, 250, 252, 210, 239, 276], [225, 112, 250, 284, 280, 298, 219, 269, 136, 222, 266, 139, 161, 153, 229, 213, 151, 180, 295, 161, 233, 283, 209, 151, 292, 126, 218, 195, 244, 166]], "number_unexpected_containers_at_facilities": [[32, 51, 0], [15, 86, 2], [22, 12, 81], [84, 54, 49]], "number_good_quality_containers_at_facilities": [[82, 54, 59], [77, 95, 22], [19, 71, 92], [20, 14, 47]], "containers_demand_for_clients": [[260, 260, 247, 243, 199, 209, 195, 262, 217, 229, 225, 245, 258, 214, 221, 178, 248, 253, 206, 254, 181, 238, 258, 261, 257, 231, 247, 243, 203, 247], [232, 203, 256, 196, 222, 258, 182, 261, 218, 178, 190, 201, 229, 205, 248, 246, 251, 255, 232, 204, 221, 182, 184, 205, 227, 197, 221, 226, 260, 198], [195, 197, 190, 173, 206, 185, 227, 200, 172, 200, 209, 178, 216, 167, 219, 170, 203, 191, 194, 185, 189, 229, 194, 207, 218, 185, 223, 158, 186, 159], [211, 163, 185, 212, 187, 232, 171, 172, 221, 198, 157, 197, 164, 200, 178, 190, 158, 220, 164, 224, 218, 220, 182, 231, 202, 189, 195, 170, 181, 221]], "transportation_capacity": 620, "probability_original_quality_level": [[9.0, 20.0, 18.0, 0.0, 13.0, 0.0, 14.0, 2.0, 8.0, 12.0, 4.0], [7.0, 5.0, 14.0, 0.0, 5.0, 8.0, 18.0, 7.0, 25.0, 8.0, 3.0], [6.0, 22.0, 20.0, 4.0, 0.0, 8.0, 7.0, 5.0, 9.0, 19.0, 0.0], [7.0, 2.0, 21.0, 6.0, 0.0, 9.0, 10.0, 12.0, 19.0, 10.0, 4.0]], "number_hours_required_for_inspection": [0.4540586005035886, 0.4130235859359592, 0.3937192904572481, 0.5341961698373081], "number_hours_available_for_inspection": [199, 220, 217], "expected_number_hours_required_for_repair": [1.7765009239433187, 2.242972366318931, 1.9918294691378353, 2.085021815394939], "number_hours_available_for_repair": [790, 628, 804], "warehouse_capacity_of_facility": [802, 812, 916], "cost_of_inspection": [9.081172010071771, 8.260471718719185, 7.874385809144961, 10.683923396746163], "expected_cost_of_repair": [51.57608928810164, 65.97105557237704, 58.864733939147825, 61.16837820137303], "cost_of_transportation": [65, 125], "holding_cost": [2.820849061256523, 2.379011060890913, 1.525170765565449], "rejection_cost": [100.0, 100.0, 100.0, 100.0]}