{"container_types": 4, "number_of_facilities": 2, "container_quality_level": 9, "time_periods": 30, "number_containers_arriving_to_facility_zero": [[124, 119, 151, 258, 244, 199, 206, 274, 205, 175, 140, 207, 130, 220, 154, 144, 124, 122, 297, 154, 141, 188, 217, 105, 197, 273, 241, 291, 277, 256], [117, 125, 253, 197, 236, 158, 260, 211, 162, 188, 285, 268, 112, 210, 162, 282, 279, 298, 204, 203, 139, 244, 165, 197, 139, 100, 249, 213, 254, 233], [123, 138, 237, 103, 107, 233, 194, 239, 190, 109, 241, 239, 157, 297, 229, 222, 291, 224, 136, 232, 160, 226, 236, 172, 178, 294, 109, 185, 154, 107], [166, 169, 209, 294, 184, 101, 145, 105, 199, 271, 194, 220, 140, 133, 236, 135, 207, 144, 154, 203, 156, 244, 113, 238, 161, 217, 159, 280, 248, 192]], "number_unexpected_containers_at_facilities": [[97, 6, 10], [1, 32, 68], [80, 32, 32], [5, 46, 97]], "number_good_quality_containers_at_facilities": [[50, 66, 16], [66, 73, 65], [73, 74, 95], [79, 62, 19]], "containers_demand_for_clients": [[160, 179, 216, 206, 234, 166, 171, 227, 232, 175, 234, 234, 231, 158, 193, 174, 184, 222, 232, 229, 207, 171, 228, 190, 187, 169, 179, 191, 192, 233], [223, 177, 192, 164, 212, 204, 233, 201, 185, 163, 174, 224, 173, 223, 204, 235, 239, 185, 214, 206, 189, 216, 184, 223, 164, 223, 233, 215, 226, 163], [190, 241, 206, 225, 199, 218, 207, 245, 244, 214, 247, 175, 221, 244, 246, 194, 251, 256, 216, 206, 238, 243, 216, 197, 210, 226, 178, 203, 185, 205], [239, 195, 218, 184, 202, 185, 219, 181, 242, 207, 189, 212, 193, 175, 171, 221, 171, 198, 163, 235, 236, 233, 171, 229, 216, 239, 220, 190, 171, 171]], "transportation_capacity": 509, "probability_original_quality_level": [[7.0, 4.0, 8.0, 23.0, 1.0, 21.0, 15.0, 9.0, 4.0, 6.0, 2.0], [10.0, 19.0, 19.0, 15.0, 1.0, 10.0, 19.0, 0.0, 1.0, 6.0, 0.0], [10.0, 11.0, 15.0, 0.0, 13.0, 4.0, 17.0, 3.0, 15.0, 9.0, 3.0], [6.0, 14.0, 7.0, 20.0, 3.0, 4.0, 5.0, 17.0, 6.0, 14.0, 4.0]], "number_hours_required_for_inspection": [0.5727466735107406, 0.5009124447393932, 0.3512588703725381, 0.40986878744173966], "number_hours_available_for_inspection": [153, 195, 174], "expected_number_hours_required_for_repair": [1.9581464572115939, 1.5939044085828968, 1.9039834196295609, 1.9830220736091158], "number_hours_available_for_repair": [703, 655, 637], "warehouse_capacity_of_facility": [801, 847, 868], "cost_of_inspection": [11.454933470214812, 10.018248894787865, 7.025177407450762, 8.197375748834792], "expected_cost_of_repair": [57.78364704380417, 45.898166993674, 55.97903765028172, 58.88292563710982], "cost_of_transportation": [140, 147], "holding_cost": [2.4171289444043014, 1.6022287240976936, 1.898725876667113], "rejection_cost": [100.0, 100.0, 100.0, 100.0]}