{"container_types": 4, "number_of_facilities": 2, "container_quality_level": 9, "time_periods": 30, "number_containers_arriving_to_facility_zero": [[200, 217, 105, 257, 269, 240, 114, 246, 151, 189, 271, 278, 178, 196, 293, 179, 165, 133, 296, 278, 115, 251, 236, 263, 127, 293, 265, 242, 263, 148], [208, 273, 149, 236, 151, 278, 277, 185, 156, 151, 182, 199, 209, 140, 160, 115, 159, 138, 215, 193, 131, 169, 277, 182, 229, 217, 127, 128, 295, 233], [130, 146, 278, 237, 188, 139, 144, 104, 210, 140, 116, 104, 278, 265, 183, 266, 193, 294, 158, 237, 136, 281, 120, 281, 132, 221, 274, 168, 169, 249], [142, 132, 240, 151, 264, 295, 202, 223, 156, 287, 269, 131, 185, 113, 289, 141, 152, 100, 272, 260, 126, 286, 273, 106, 113, 247, 156, 245, 197, 244]], "number_unexpected_containers_at_facilities": [[35, 27, 79], [38, 69, 27], [99, 8, 91], [16, 96, 67]], "number_good_quality_containers_at_facilities": [[6, 72, 22], [44, 23, 73], [54, 98, 3], [49, 85, 55]], "containers_demand_for_clients": [[175, 231, 190, 224, 181, 210, 249, 184, 207, 201, 211, 181, 180, 176, 225, 176, 175, 201, 200, 188, 234, 216, 191, 209, 197, 220, 191, 221, 176, 242], [217, 260, 255, 210, 194, 215, 257, 252, 249, 261, 208, 234, 237, 184, 200, 266, 230, 241, 198, 260, 192, 188, 181, 261, 238, 181, 261, 201, 204, 236], [236, 196, 167, 198, 197, 239, 212, 169, 217, 190, 185, 239, 233, 212, 177, 213, 202, 196, 213, 181, 169, 221, 191, 231, 200, 179, 202, 184, 176, 170], [235, 238, 166, 193, 196, 235, 232, 211, 244, 182, 238, 191, 177, 245, 240, 232, 225, 186, 205, 196, 188, 246, 212, 237, 169, 230, 177, 198, 201, 200]], "transportation_capacity": 520, "probability_original_quality_level": [[8.0, 10.0, 1.0, 1.0, 9.0, 15.0, 14.0, 1.0, 21.0, 15.0, 5.0], [10.0, 0.0, 8.0, 0.0, 14.0, 11.0, 18.0, 14.0, 11.0, 10.0, 4.0], [6.0, 4.0, 14.0, 8.0, 16.0, 0.0, 9.0, 13.0, 14.0, 11.0, 5.0], [10.0, 0.0, 18.0, 9.0, 3.0, 19.0, 2.0, 11.0, 14.0, 9.0, 5.0]], "number_hours_required_for_inspection": [0.4938224672458296, 0.8409814724745652, 0.9814582961697921, 0.4643360113283931], "number_hours_available_for_inspection": [314, 293, 238], "expected_number_hours_required_for_repair": [2.208189353266138, 2.2092087025153364, 2.0903772877021063, 1.9298300129178185], "number_hours_available_for_repair": [789, 643, 838], "warehouse_capacity_of_facility": [851, 893, 913], "cost_of_inspection": [9.876449344916592, 16.819629449491305, 19.629165923395842, 9.286720226567862], "expected_cost_of_repair": [65.07196304858867, 64.71236326681888, 62.01123139660622, 56.27499541496809], "cost_of_transportation": [119, 95], "holding_cost": [2.321835491337708, 1.574073585299284, 1.7168796345229556], "rejection_cost": [100.0, 100.0, 100.0, 100.0]}