{"container_types": 4, "number_of_facilities": 2, "container_quality_level": 9, "time_periods": 30, "number_containers_arriving_to_facility_zero": [[103, 221, 197, 114, 165, 263, 193, 191, 283, 186, 134, 181, 299, 202, 103, 115, 174, 133, 196, 283, 124, 148, 201, 278, 182, 282, 285, 153, 282, 122], [144, 178, 158, 174, 295, 107, 153, 280, 238, 289, 220, 189, 204, 105, 127, 138, 247, 162, 269, 197, 265, 114, 290, 187, 150, 237, 296, 114, 288, 206], [275, 179, 286, 199, 179, 136, 209, 108, 160, 293, 245, 170, 232, 172, 158, 184, 127, 257, 206, 252, 137, 102, 120, 147, 122, 230, 249, 269, 191, 262], [230, 236, 229, 177, 148, 220, 143, 257, 131, 238, 293, 282, 136, 181, 255, 149, 208, 134, 290, 210, 213, 108, 251, 108, 150, 225, 190, 254, 238, 207]], "number_unexpected_containers_at_facilities": [[52, 26, 53], [11, 14, 32], [5, 92, 5], [16, 27, 49]], "number_good_quality_containers_at_facilities": [[60, 46, 14], [13, 31, 60], [35, 70, 33], [4, 25, 88]], "containers_demand_for_clients": [[218, 251, 236, 226, 243, 219, 211, 191, 194, 227, 186, 229, 236, 232, 251, 187, 171, 192, 185, 248, 188, 217, 193, 200, 237, 244, 178, 176, 177, 239], [210, 162, 220, 219, 164, 173, 232, 230, 183, 237, 226, 241, 179, 218, 200, 196, 198, 226, 164, 238, 196, 236, 202, 164, 216, 224, 235, 178, 199, 207], [237, 223, 198, 225, 242, 199, 217, 164, 228, 213, 233, 219, 216, 182, 206, 177, 234, 240, 241, 218, 243, 179, 203, 231, 168, 181, 176, 191, 208, 200], [223, 189, 180, 215, 198, 166, 227, 197, 217, 227, 177, 220, 170, 174, 233, 214, 183, 209, 187, 231, 232, 230, 193, 204, 172, 239, 234, 163, 202, 170]], "transportation_capacity": 457, "probability_original_quality_level": [[8.0, 24.0, 17.0, 20.0, 7.0, 9.0, 1.0, 1.0, 2.0, 8.0, 3.0], [8.0, 5.0, 12.0, 12.0, 13.0, 10.0, 1.0, 15.0, 7.0, 14.0, 3.0], [10.0, 10.0, 9.0, 14.0, 8.0, 1.0, 10.0, 9.0, 12.0, 16.0, 1.0], [7.0, 4.0, 5.0, 6.0, 1.0, 15.0, 13.0, 23.0, 19.0, 7.0, 0.0]], "number_hours_required_for_inspection": [0.45564214519657725, 0.568679695998887, 0.8772943143446572, 0.9234814993686412], "number_hours_available_for_inspection": [281, 335, 295], "expected_number_hours_required_for_repair": [1.5004460781118205, 1.9931432311479427, 2.025143737369434, 2.374814895113123], "number_hours_available_for_repair": [641, 766, 701], "warehouse_capacity_of_facility": [832, 852, 884], "cost_of_inspection": [9.112842903931545, 11.37359391997774, 17.545886286893143, 18.469629987372823], "expected_cost_of_repair": [43.557982884783115, 58.60162277463903, 59.683785144784814, 70.42306305472488], "cost_of_transportation": [140, 78], "holding_cost": [2.59908888065208, 1.7916755115346392, 1.375487769191622], "rejection_cost": [100.0, 100.0, 100.0, 100.0]}