{"container_types": 4, "number_of_facilities": 2, "container_quality_level": 9, "time_periods": 14, "number_containers_arriving_to_facility_zero": [[145, 272, 198, 260, 178, 227, 113, 146, 170, 244, 247, 127, 153, 248], [280, 141, 255, 155, 253, 273, 209, 214, 158, 134, 118, 268, 108, 276], [284, 143, 232, 229, 201, 264, 265, 129, 148, 111, 211, 167, 199, 144], [181, 253, 279, 190, 187, 133, 261, 265, 239, 117, 282, 135, 210, 244]], "number_unexpected_containers_at_facilities": [[49, 5, 13], [23, 33, 61], [96, 19, 44], [79, 96, 14]], "number_good_quality_containers_at_facilities": [[29, 20, 31], [29, 49, 30], [32, 62, 82], [35, 25, 18]], "containers_demand_for_clients": [[252, 228, 199, 212, 207, 229, 260, 211, 274, 207, 195, 247, 252, 239], [193, 217, 229, 166, 188, 200, 178, 222, 165, 199, 204, 194, 190, 207], [210, 186, 217, 253, 222, 247, 235, 228, 211, 178, 192, 224, 219, 179], [182, 195, 193, 215, 180, 202, 176, 227, 251, 199, 259, 192, 255, 182]], "transportation_capacity": 475, "probability_original_quality_level": [[5.0, 2.0, 16.0, 12.0, 14.0, 18.0, 15.0, 5.0, 4.0, 6.0, 3.0], [9.0, 14.0, 14.0, 3.0, 20.0, 1.0, 11.0, 1.0, 5.0, 18.0, 4.0], [7.0, 10.0, 7.0, 0.0, 4.0, 16.0, 17.0, 4.0, 16.0, 14.0, 5.0], [5.0, 10.0, 8.0, 0.0, 19.0, 9.0, 7.0, 3.0, 16.0, 20.0, 3.0]], "number_hours_required_for_inspection": [0.5234658028873465, 0.7225106022637443, 0.8322008836470752, 0.5081977807337175], "number_hours_available_for_inspection": [331, 280, 282], "expected_number_hours_required_for_repair": [1.9190700676796952, 1.916394970254959, 2.152648100550181, 2.1728227345278577], "number_hours_available_for_repair": [808, 710, 627], "warehouse_capacity_of_facility": [910, 787, 797], "cost_of_inspection": [10.46931605774693, 14.450212045274887, 16.644017672941505, 10.16395561467435], "expected_cost_of_repair": [56.607778967136255, 55.83537893747984, 63.8031043397159, 64.65480359241766], "cost_of_transportation": [132, 127], "holding_cost": [2.91007696932905, 1.8805608128899571, 1.9152828306001508], "rejection_cost": [100.0, 100.0, 100.0, 100.0]}