{"container_types": 4, "number_of_facilities": 2, "container_quality_level": 9, "time_periods": 14, "number_containers_arriving_to_facility_zero": [[157, 194, 106, 119, 188, 238, 251, 188, 252, 169, 218, 236, 272, 249], [233, 116, 182, 201, 159, 127, 143, 210, 155, 123, 103, 247, 238, 296], [127, 107, 255, 295, 123, 240, 151, 150, 236, 129, 167, 140, 237, 265], [245, 155, 289, 272, 103, 209, 298, 132, 287, 197, 204, 134, 249, 189]], "number_unexpected_containers_at_facilities": [[40, 35, 95], [42, 5, 34], [21, 44, 1], [13, 67, 42]], "number_good_quality_containers_at_facilities": [[81, 38, 70], [28, 90, 85], [10, 49, 50], [14, 99, 43]], "containers_demand_for_clients": [[200, 271, 200, 244, 255, 229, 239, 274, 212, 265, 237, 274, 246, 235], [224, 246, 237, 227, 263, 190, 217, 192, 271, 265, 189, 220, 234, 262], [218, 226, 190, 168, 165, 230, 187, 216, 169, 229, 218, 217, 210, 214], [192, 236, 235, 214, 185, 226, 169, 222, 192, 161, 237, 183, 187, 189]], "transportation_capacity": 523, "probability_original_quality_level": [[10.0, 7.0, 0.0, 6.0, 5.0, 21.0, 14.0, 7.0, 7.0, 23.0, 0.0], [6.0, 16.0, 13.0, 8.0, 16.0, 11.0, 2.0, 10.0, 9.0, 8.0, 1.0], [5.0, 0.0, 10.0, 2.0, 19.0, 8.0, 17.0, 6.0, 16.0, 14.0, 3.0], [7.0, 13.0, 5.0, 4.0, 13.0, 11.0, 15.0, 6.0, 6.0, 16.0, 4.0]], "number_hours_required_for_inspection": [0.41042391424670854, 0.9481321455287012, 0.8706141143455407, 0.6134640424883633], "number_hours_available_for_inspection": [248, 265, 280], "expected_number_hours_required_for_repair": [2.351765573530495, 1.844171610877864, 2.294028057257411, 2.018634347568285], "number_hours_available_for_repair": [835, 727, 797], "warehouse_capacity_of_facility": [839, 849, 790], "cost_of_inspection": [8.20847828493417, 18.962642910574022, 17.412282286910813, 12.269280849767267], "expected_cost_of_repair": [68.64466280370151, 54.135688747352745, 67.83880303304498, 59.628703740439256], "cost_of_transportation": [159, 103], "holding_cost": [2.851565762499949, 2.3073529844115113, 1.509704676780733], "rejection_cost": [100.0, 100.0, 100.0, 100.0]}