{"container_types": 4, "number_of_facilities": 2, "container_quality_level": 9, "time_periods": 14, "number_containers_arriving_to_facility_zero": [[118, 207, 165, 271, 114, 233, 176, 251, 284, 282, 280, 208, 221, 171], [110, 123, 259, 137, 299, 237, 140, 200, 147, 124, 297, 104, 180, 245], [112, 149, 136, 133, 209, 162, 155, 148, 230, 146, 193, 183, 222, 258], [197, 250, 240, 228, 259, 263, 181, 227, 263, 282, 235, 129, 295, 205]], "number_unexpected_containers_at_facilities": [[84, 25, 35], [54, 74, 39], [3, 35, 62], [19, 7, 75]], "number_good_quality_containers_at_facilities": [[91, 24, 26], [78, 76, 74], [93, 8, 15], [4, 25, 47]], "containers_demand_for_clients": [[223, 229, 282, 242, 205, 240, 250, 286, 223, 245, 199, 241, 233, 280], [244, 250, 267, 240, 252, 257, 209, 267, 267, 237, 190, 275, 226, 248], [196, 227, 242, 183, 220, 177, 174, 211, 219, 249, 254, 198, 203, 204], [199, 204, 222, 197, 218, 202, 197, 196, 203, 211, 155, 208, 197, 157]], "transportation_capacity": 604, "probability_original_quality_level": [[7.0, 12.0, 7.0, 14.0, 1.0, 12.0, 16.0, 2.0, 15.0, 10.0, 4.0], [5.0, 16.0, 5.0, 11.0, 3.0, 4.0, 22.0, 21.0, 2.0, 8.0, 3.0], [10.0, 8.0, 6.0, 14.0, 13.0, 6.0, 8.0, 13.0, 0.0, 21.0, 1.0], [10.0, 8.0, 10.0, 5.0, 18.0, 4.0, 9.0, 12.0, 2.0, 19.0, 3.0]], "number_hours_required_for_inspection": [0.9412448344677075, 0.6749658308811938, 0.5045182650131883, 0.7227747363717846], "number_hours_available_for_inspection": [331, 364, 320], "expected_number_hours_required_for_repair": [1.938203318290833, 2.0334401476643986, 2.079510672630338, 2.0617606368535606], "number_hours_available_for_repair": [707, 859, 789], "warehouse_capacity_of_facility": [917, 870, 888], "cost_of_inspection": [18.824896689354148, 13.499316617623876, 10.090365300263766, 14.455494727435692], "expected_cost_of_repair": [57.31642568779333, 60.23549801212629, 60.63822270278457, 60.679634997234956], "cost_of_transportation": [118, 84], "holding_cost": [2.6102740615600526, 2.2332013985090127, 1.1787741559456602], "rejection_cost": [100.0, 100.0, 100.0, 100.0]}