{"container_types": 4, "number_of_facilities": 2, "container_quality_level": 9, "time_periods": 14, "number_containers_arriving_to_facility_zero": [[127, 220, 193, 200, 222, 242, 234, 210, 241, 232, 252, 103, 186, 158], [249, 253, 222, 138, 232, 245, 115, 225, 130, 110, 198, 109, 239, 114], [223, 124, 121, 160, 148, 168, 199, 161, 231, 253, 271, 108, 117, 130], [187, 209, 266, 236, 204, 222, 235, 253, 281, 172, 131, 133, 175, 121]], "number_unexpected_containers_at_facilities": [[93, 72, 92], [10, 69, 69], [35, 51, 65], [80, 73, 39]], "number_good_quality_containers_at_facilities": [[39, 12, 49], [70, 23, 6], [42, 74, 33], [93, 25, 16]], "containers_demand_for_clients": [[182, 203, 217, 211, 184, 237, 205, 185, 220, 195, 233, 252, 189, 261], [196, 218, 222, 254, 232, 205, 263, 218, 247, 189, 232, 189, 269, 247], [205, 215, 173, 210, 235, 240, 194, 210, 237, 178, 224, 175, 187, 235], [173, 195, 167, 222, 182, 166, 165, 183, 201, 178, 184, 166, 205, 174]], "transportation_capacity": 600, "probability_original_quality_level": [[5.0, 19.0, 19.0, 10.0, 3.0, 1.0, 6.0, 2.0, 16.0, 16.0, 3.0], [5.0, 23.0, 4.0, 8.0, 23.0, 0.0, 15.0, 0.0, 7.0, 15.0, 0.0], [5.0, 3.0, 2.0, 19.0, 3.0, 17.0, 9.0, 14.0, 12.0, 11.0, 5.0], [7.0, 4.0, 23.0, 11.0, 10.0, 4.0, 2.0, 11.0, 9.0, 14.0, 5.0]], "number_hours_required_for_inspection": [0.7021720961345935, 0.6317799021348248, 0.872191711823854, 0.4627049099949859], "number_hours_available_for_inspection": [279, 301, 224], "expected_number_hours_required_for_repair": [1.8290266570687448, 1.9878299294707165, 2.1744498593234947, 1.9745599220775174], "number_hours_available_for_repair": [800, 589, 703], "warehouse_capacity_of_facility": [897, 824, 781], "cost_of_inspection": [14.043441922691871, 12.635598042696497, 17.44383423647708, 9.254098199899719], "expected_cost_of_repair": [54.09619757562109, 59.007012518157055, 64.6649531966383, 58.52571344760898], "cost_of_transportation": [138, 85], "holding_cost": [2.8772087930059267, 2.423126666968793, 1.6920299586051792], "rejection_cost": [100.0, 100.0, 100.0, 100.0]}