{"container_types": 4, "number_of_facilities": 2, "container_quality_level": 9, "time_periods": 14, "number_containers_arriving_to_facility_zero": [[115, 223, 181, 202, 210, 162, 290, 283, 183, 202, 103, 159, 237, 214], [191, 172, 208, 193, 108, 263, 203, 204, 114, 212, 112, 221, 240, 259], [244, 131, 167, 151, 218, 265, 168, 289, 156, 260, 214, 279, 272, 153], [213, 215, 252, 261, 188, 239, 157, 124, 227, 195, 169, 238, 289, 206]], "number_unexpected_containers_at_facilities": [[98, 92, 26], [53, 88, 41], [40, 69, 43], [47, 8, 81]], "number_good_quality_containers_at_facilities": [[59, 37, 33], [58, 8, 20], [19, 48, 13], [77, 71, 76]], "containers_demand_for_clients": [[276, 194, 263, 266, 272, 198, 258, 216, 237, 269, 273, 280, 202, 243], [252, 220, 231, 234, 208, 203, 244, 241, 253, 221, 235, 229, 189, 210], [185, 250, 220, 206, 238, 192, 238, 179, 196, 213, 236, 198, 200, 241], [236, 186, 238, 231, 266, 261, 194, 269, 260, 221, 194, 257, 262, 255]], "transportation_capacity": 648, "probability_original_quality_level": [[10.0, 3.0, 0.0, 5.0, 1.0, 2.0, 10.0, 20.0, 22.0, 24.0, 3.0], [10.0, 2.0, 7.0, 17.0, 0.0, 12.0, 20.0, 6.0, 11.0, 12.0, 3.0], [5.0, 4.0, 7.0, 6.0, 12.0, 11.0, 13.0, 2.0, 16.0, 19.0, 5.0], [6.0, 7.0, 6.0, 13.0, 1.0, 18.0, 5.0, 13.0, 9.0, 17.0, 5.0]], "number_hours_required_for_inspection": [0.5683728648110873, 0.5670824438276725, 0.8513923190702672, 0.4967457730857992], "number_hours_available_for_inspection": [272, 274, 328], "expected_number_hours_required_for_repair": [2.514515054051822, 2.1445147204784565, 2.233733779063861, 2.1392027582904594], "number_hours_available_for_repair": [693, 869, 836], "warehouse_capacity_of_facility": [861, 940, 925], "cost_of_inspection": [11.367457296221746, 11.34164887655345, 17.027846381405347, 9.934915461715985], "expected_cost_of_repair": [74.39410643215194, 62.44237804495558, 66.0722275970751, 63.52802945818419], "cost_of_transportation": [142, 72], "holding_cost": [2.5831819856372116, 2.1883329333153667, 1.2686675261196836], "rejection_cost": [100.0, 100.0, 100.0, 100.0]}