{"container_types": 4, "number_of_facilities": 2, "container_quality_level": 9, "time_periods": 14, "number_containers_arriving_to_facility_zero": [[149, 139, 189, 219, 181, 271, 201, 298, 111, 219, 115, 222, 197, 127], [164, 242, 294, 292, 196, 127, 276, 215, 273, 231, 247, 213, 200, 199], [134, 239, 206, 128, 246, 231, 275, 108, 218, 102, 288, 139, 217, 284], [264, 240, 150, 160, 164, 193, 294, 182, 212, 206, 212, 191, 211, 263]], "number_unexpected_containers_at_facilities": [[29, 46, 76], [61, 37, 55], [75, 33, 69], [31, 98, 93]], "number_good_quality_containers_at_facilities": [[2, 67, 93], [25, 52, 48], [93, 56, 30], [45, 37, 14]], "containers_demand_for_clients": [[187, 205, 233, 222, 204, 198, 264, 263, 218, 195, 248, 234, 212, 221], [180, 249, 208, 208, 176, 218, 193, 212, 177, 218, 214, 219, 176, 194], [255, 284, 198, 210, 218, 207, 271, 293, 248, 231, 287, 199, 255, 222], [238, 254, 219, 199, 269, 226, 263, 268, 203, 268, 214, 228, 254, 257]], "transportation_capacity": 621, "probability_original_quality_level": [[5.0, 17.0, 10.0, 2.0, 8.0, 8.0, 4.0, 17.0, 0.0, 26.0, 3.0], [5.0, 8.0, 8.0, 9.0, 12.0, 11.0, 12.0, 11.0, 12.0, 8.0, 4.0], [10.0, 9.0, 9.0, 12.0, 7.0, 6.0, 7.0, 7.0, 13.0, 15.0, 5.0], [6.0, 5.0, 8.0, 2.0, 15.0, 8.0, 20.0, 19.0, 2.0, 15.0, 0.0]], "number_hours_required_for_inspection": [0.9690971152000292, 0.9629454577182452, 0.9360419822377614, 0.6789545340468948], "number_hours_available_for_inspection": [446, 468, 361], "expected_number_hours_required_for_repair": [2.107676902062605, 1.9872783689119167, 1.92123768133692, 2.3415173857778386], "number_hours_available_for_repair": [762, 851, 954], "warehouse_capacity_of_facility": [855, 947, 879], "cost_of_inspection": [19.38194230400058, 19.258909154364904, 18.720839644755227, 13.579090680937895], "expected_cost_of_repair": [62.680366334806095, 59.0840206989831, 56.501209395645965, 69.0643711310735], "cost_of_transportation": [87, 104], "holding_cost": [2.445531892863303, 2.3276701712163677, 1.5753061660879124], "rejection_cost": [100.0, 100.0, 100.0, 100.0]}