{"container_types": 4, "number_of_facilities": 2, "container_quality_level": 9, "time_periods": 14, "number_containers_arriving_to_facility_zero": [[170, 141, 266, 108, 257, 237, 167, 139, 109, 140, 201, 289, 168, 250], [207, 227, 278, 246, 278, 197, 234, 277, 218, 279, 202, 240, 110, 129], [137, 204, 227, 235, 258, 117, 221, 268, 175, 244, 114, 131, 181, 168], [183, 201, 137, 196, 156, 234, 240, 251, 286, 168, 107, 141, 254, 293]], "number_unexpected_containers_at_facilities": [[81, 39, 32], [64, 91, 8], [73, 90, 85], [41, 20, 17]], "number_good_quality_containers_at_facilities": [[96, 95, 25], [7, 98, 34], [93, 39, 35], [63, 93, 76]], "containers_demand_for_clients": [[182, 238, 222, 221, 231, 212, 269, 205, 206, 227, 265, 224, 260, 185], [226, 178, 209, 230, 199, 225, 240, 224, 234, 187, 190, 244, 217, 183], [239, 288, 288, 203, 222, 261, 247, 225, 270, 253, 202, 252, 277, 273], [183, 248, 207, 264, 182, 225, 211, 262, 258, 241, 189, 210, 245, 247]], "transportation_capacity": 486, "probability_original_quality_level": [[10.0, 18.0, 9.0, 17.0, 7.0, 15.0, 12.0, 5.0, 2.0, 5.0, 0.0], [6.0, 7.0, 5.0, 11.0, 14.0, 9.0, 5.0, 12.0, 12.0, 19.0, 0.0], [5.0, 13.0, 8.0, 15.0, 10.0, 17.0, 1.0, 0.0, 14.0, 14.0, 3.0], [8.0, 17.0, 20.0, 0.0, 20.0, 1.0, 10.0, 9.0, 7.0, 5.0, 3.0]], "number_hours_required_for_inspection": [0.5793238161016042, 0.8707725393577299, 0.9089822333708465, 0.6586718582345841], "number_hours_available_for_inspection": [401, 339, 290], "expected_number_hours_required_for_repair": [1.6809918226175684, 2.255554083628437, 1.9520458857678533, 1.7261830889242744], "number_hours_available_for_repair": [718, 621, 639], "warehouse_capacity_of_facility": [983, 989, 844], "cost_of_inspection": [11.586476322032084, 17.415450787154597, 18.17964466741693, 13.17343716469168], "expected_cost_of_repair": [48.85815377358858, 66.65845065595991, 57.81971574605651, 50.47175874054836], "cost_of_transportation": [158, 114], "holding_cost": [2.1549849199143734, 1.556502742010998, 1.8538586536708022], "rejection_cost": [100.0, 100.0, 100.0, 100.0]}