{"container_types": 4, "number_of_facilities": 2, "container_quality_level": 9, "time_periods": 14, "number_containers_arriving_to_facility_zero": [[113, 172, 217, 149, 103, 238, 221, 175, 209, 124, 115, 146, 111, 299], [110, 145, 169, 222, 126, 269, 226, 209, 210, 271, 114, 232, 109, 245], [121, 124, 250, 216, 225, 143, 190, 164, 205, 193, 206, 121, 174, 243], [165, 261, 162, 172, 188, 130, 135, 196, 117, 179, 121, 185, 185, 203]], "number_unexpected_containers_at_facilities": [[60, 16, 10], [98, 36, 73], [86, 83, 77], [3, 66, 58]], "number_good_quality_containers_at_facilities": [[0, 84, 68], [46, 64, 34], [37, 31, 85], [76, 72, 84]], "containers_demand_for_clients": [[204, 225, 199, 191, 204, 163, 204, 184, 198, 169, 171, 170, 161, 163], [219, 173, 220, 160, 224, 220, 152, 219, 197, 192, 157, 155, 155, 212], [227, 175, 173, 199, 171, 179, 173, 229, 241, 228, 236, 254, 241, 223], [176, 249, 197, 199, 254, 232, 223, 233, 184, 245, 221, 244, 186, 196]], "transportation_capacity": 634, "probability_original_quality_level": [[9.0, 12.0, 13.0, 16.0, 9.0, 7.0, 4.0, 0.0, 6.0, 23.0, 1.0], [10.0, 14.0, 17.0, 3.0, 4.0, 11.0, 6.0, 2.0, 22.0, 7.0, 4.0], [7.0, 3.0, 13.0, 13.0, 15.0, 6.0, 14.0, 11.0, 2.0, 11.0, 5.0], [10.0, 12.0, 1.0, 4.0, 8.0, 19.0, 10.0, 8.0, 8.0, 19.0, 1.0]], "number_hours_required_for_inspection": [0.8852789253464752, 0.6081595086036614, 0.8319055251928511, 0.6948926530311527], "number_hours_available_for_inspection": [297, 290, 268], "expected_number_hours_required_for_repair": [1.8995740071389207, 1.899331229682273, 1.946741006194613, 2.115853622906129], "number_hours_available_for_repair": [721, 608, 623], "warehouse_capacity_of_facility": [771, 830, 885], "cost_of_inspection": [17.705578506929506, 12.163190172073229, 16.63811050385702, 13.897853060623053], "expected_cost_of_repair": [55.37411630435407, 55.59440411533465, 57.178271759162726, 62.13240603739814], "cost_of_transportation": [82, 118], "holding_cost": [2.787049221672019, 1.5574399497378515, 1.9348607879722113], "rejection_cost": [100.0, 100.0, 100.0, 100.0]}