{"container_types": 4, "number_of_facilities": 2, "container_quality_level": 9, "time_periods": 14, "number_containers_arriving_to_facility_zero": [[239, 133, 118, 172, 267, 189, 202, 229, 122, 208, 164, 287, 111, 219], [118, 201, 218, 188, 108, 154, 178, 180, 162, 277, 281, 259, 118, 186], [156, 109, 166, 126, 121, 236, 100, 133, 246, 196, 109, 267, 229, 263], [146, 149, 249, 187, 269, 120, 145, 102, 175, 237, 268, 163, 185, 179]], "number_unexpected_containers_at_facilities": [[14, 53, 58], [13, 37, 24], [3, 68, 69], [31, 67, 81]], "number_good_quality_containers_at_facilities": [[86, 69, 26], [39, 86, 97], [11, 90, 31], [4, 12, 65]], "containers_demand_for_clients": [[231, 229, 210, 232, 239, 241, 193, 219, 211, 195, 182, 226, 171, 182], [240, 208, 180, 243, 195, 217, 184, 226, 247, 171, 181, 170, 176, 194], [229, 209, 236, 175, 205, 213, 190, 216, 235, 180, 181, 168, 241, 242], [221, 175, 197, 158, 167, 208, 166, 203, 211, 212, 170, 225, 221, 209]], "transportation_capacity": 478, "probability_original_quality_level": [[6.0, 0.0, 14.0, 17.0, 10.0, 11.0, 3.0, 17.0, 9.0, 9.0, 4.0], [9.0, 4.0, 4.0, 13.0, 13.0, 11.0, 3.0, 21.0, 1.0, 18.0, 3.0], [5.0, 0.0, 15.0, 17.0, 8.0, 7.0, 11.0, 12.0, 2.0, 19.0, 4.0], [5.0, 11.0, 11.0, 11.0, 11.0, 10.0, 0.0, 7.0, 14.0, 15.0, 5.0]], "number_hours_required_for_inspection": [0.8015905525774395, 0.46811038153667645, 0.5666390486439553, 0.8021792373346054], "number_hours_available_for_inspection": [302, 216, 234], "expected_number_hours_required_for_repair": [2.020046448149876, 2.0964773198001376, 2.0841589059958836, 2.0068799037378158], "number_hours_available_for_repair": [742, 666, 570], "warehouse_capacity_of_facility": [753, 736, 875], "cost_of_inspection": [16.03181105154879, 9.36220763073353, 11.332780972879107, 16.043584746692108], "expected_cost_of_repair": [59.96612999061923, 61.971930436548845, 61.8649567078106, 59.583669498289126], "cost_of_transportation": [61, 125], "holding_cost": [2.0146915386370656, 2.0805506493561294, 1.427702647123231], "rejection_cost": [100.0, 100.0, 100.0, 100.0]}