{"container_types": 4, "number_of_facilities": 2, "container_quality_level": 9, "time_periods": 14, "number_containers_arriving_to_facility_zero": [[283, 232, 258, 117, 210, 100, 186, 191, 199, 117, 189, 260, 121, 188], [286, 191, 232, 180, 283, 152, 256, 222, 122, 207, 110, 197, 177, 218], [209, 279, 153, 244, 102, 193, 291, 142, 208, 215, 203, 256, 228, 230], [165, 116, 118, 141, 234, 253, 279, 232, 261, 281, 127, 291, 197, 252]], "number_unexpected_containers_at_facilities": [[38, 47, 19], [85, 22, 15], [17, 20, 85], [58, 71, 34]], "number_good_quality_containers_at_facilities": [[29, 63, 10], [94, 80, 72], [76, 93, 94], [66, 61, 27]], "containers_demand_for_clients": [[226, 192, 270, 199, 190, 200, 235, 263, 249, 258, 256, 200, 246, 206], [242, 232, 233, 211, 214, 222, 207, 206, 223, 221, 217, 185, 211, 213], [202, 210, 213, 271, 261, 222, 224, 265, 259, 254, 235, 237, 194, 268], [251, 234, 236, 239, 200, 243, 207, 265, 272, 228, 256, 243, 221, 270]], "transportation_capacity": 532, "probability_original_quality_level": [[8.0, 9.0, 0.0, 17.0, 17.0, 7.0, 20.0, 7.0, 0.0, 15.0, 0.0], [5.0, 7.0, 15.0, 5.0, 12.0, 3.0, 10.0, 8.0, 14.0, 21.0, 0.0], [8.0, 11.0, 4.0, 3.0, 17.0, 15.0, 17.0, 9.0, 1.0, 14.0, 1.0], [9.0, 6.0, 6.0, 11.0, 3.0, 16.0, 13.0, 14.0, 8.0, 13.0, 1.0]], "number_hours_required_for_inspection": [0.6956929500567879, 0.8753396123269291, 0.8432131937890421, 0.34735183693722144], "number_hours_available_for_inspection": [340, 326, 273], "expected_number_hours_required_for_repair": [2.1033040043720366, 2.265922365659327, 2.0201753426447566, 2.1698260534613607], "number_hours_available_for_repair": [817, 947, 778], "warehouse_capacity_of_facility": [957, 977, 853], "cost_of_inspection": [13.913859001135759, 17.506792246538584, 16.864263875780843, 6.947036738744429], "expected_cost_of_repair": [62.11886423607073, 67.07495536481375, 59.24065963203978, 63.52209664174881], "cost_of_transportation": [91, 123], "holding_cost": [2.859781653736991, 1.7556570279385348, 1.1358994671212916], "rejection_cost": [100.0, 100.0, 100.0, 100.0]}