{"container_types": 4, "number_of_facilities": 2, "container_quality_level": 9, "time_periods": 14, "number_containers_arriving_to_facility_zero": [[277, 164, 159, 201, 128, 103, 214, 222, 281, 250, 144, 205, 163, 225], [107, 228, 150, 243, 234, 255, 256, 123, 123, 108, 233, 299, 188, 288], [178, 121, 273, 135, 253, 293, 232, 280, 180, 192, 289, 172, 260, 283], [201, 164, 178, 248, 130, 164, 109, 160, 297, 256, 277, 163, 261, 294]], "number_unexpected_containers_at_facilities": [[74, 2, 96], [0, 15, 90], [3, 51, 29], [73, 32, 19]], "number_good_quality_containers_at_facilities": [[50, 68, 48], [66, 29, 4], [46, 11, 71], [28, 2, 48]], "containers_demand_for_clients": [[259, 226, 182, 210, 201, 200, 229, 244, 183, 181, 264, 254, 202, 222], [210, 218, 212, 191, 211, 201, 221, 196, 212, 207, 230, 257, 200, 181], [238, 222, 248, 197, 217, 217, 179, 196, 217, 203, 201, 191, 244, 246], [254, 266, 252, 245, 247, 286, 196, 224, 194, 252, 241, 277, 234, 247]], "transportation_capacity": 527, "probability_original_quality_level": [[7.0, 5.0, 10.0, 4.0, 13.0, 14.0, 16.0, 1.0, 18.0, 9.0, 3.0], [7.0, 7.0, 14.0, 6.0, 11.0, 2.0, 13.0, 14.0, 2.0, 19.0, 5.0], [6.0, 15.0, 8.0, 17.0, 18.0, 13.0, 8.0, 8.0, 1.0, 6.0, 0.0], [6.0, 16.0, 9.0, 16.0, 10.0, 14.0, 3.0, 7.0, 3.0, 15.0, 1.0]], "number_hours_required_for_inspection": [0.4792916249987143, 0.9839730775612616, 0.8469092693729074, 0.939560075169665], "number_hours_available_for_inspection": [418, 369, 389], "expected_number_hours_required_for_repair": [2.113537715794708, 2.108563133168883, 1.8263551333014039, 1.860917521423193], "number_hours_available_for_repair": [595, 741, 620], "warehouse_capacity_of_facility": [871, 978, 859], "cost_of_inspection": [9.585832499974286, 19.67946155122523, 16.938185387458148, 18.7912015033933], "expected_cost_of_repair": [62.0307875210927, 62.15597079938174, 54.12449771395584, 54.8223058061618], "cost_of_transportation": [68, 76], "holding_cost": [2.535999118829725, 1.888117572504241, 1.3309170727178057], "rejection_cost": [100.0, 100.0, 100.0, 100.0]}