{"container_types": 4, "number_of_facilities": 2, "container_quality_level": 9, "time_periods": 14, "number_containers_arriving_to_facility_zero": [[131, 200, 105, 161, 192, 172, 111, 296, 236, 262, 238, 248, 229, 118], [267, 162, 293, 279, 220, 295, 105, 103, 213, 256, 121, 187, 248, 140], [223, 236, 283, 193, 154, 213, 136, 115, 255, 261, 238, 269, 170, 128], [243, 201, 270, 203, 166, 127, 106, 241, 240, 146, 167, 196, 204, 278]], "number_unexpected_containers_at_facilities": [[30, 38, 64], [58, 93, 89], [59, 76, 27], [59, 43, 37]], "number_good_quality_containers_at_facilities": [[55, 70, 3], [54, 68, 47], [61, 2, 0], [49, 50, 37]], "containers_demand_for_clients": [[236, 240, 226, 178, 195, 254, 180, 223, 182, 240, 227, 255, 183, 244], [248, 252, 238, 192, 228, 187, 223, 222, 183, 173, 173, 230, 201, 222], [214, 217, 262, 277, 204, 234, 200, 255, 255, 247, 281, 224, 281, 210], [227, 239, 219, 217, 257, 179, 202, 205, 200, 257, 245, 264, 187, 247]], "transportation_capacity": 496, "probability_original_quality_level": [[9.0, 5.0, 1.0, 4.0, 26.0, 26.0, 21.0, 2.0, 1.0, 5.0, 0.0], [6.0, 21.0, 3.0, 14.0, 2.0, 9.0, 21.0, 4.0, 5.0, 15.0, 0.0], [8.0, 13.0, 13.0, 0.0, 12.0, 5.0, 10.0, 10.0, 9.0, 15.0, 5.0], [5.0, 9.0, 11.0, 11.0, 11.0, 11.0, 10.0, 11.0, 15.0, 5.0, 1.0]], "number_hours_required_for_inspection": [0.9373816455908129, 0.6883577820341132, 0.6513574923603083, 0.3373747150660495], "number_hours_available_for_inspection": [321, 284, 250], "expected_number_hours_required_for_repair": [2.0170754949807024, 2.0447287101714107, 1.9593553917262005, 2.0460565026928204], "number_hours_available_for_repair": [813, 624, 692], "warehouse_capacity_of_facility": [816, 899, 827], "cost_of_inspection": [18.747632911816257, 13.767155640682265, 13.027149847206164, 6.74749430132099], "expected_cost_of_repair": [59.34015221550348, 60.32712014043878, 57.63024288008024, 60.448650041068646], "cost_of_transportation": [128, 129], "holding_cost": [2.2280650860399125, 1.9268317538850308, 1.5072855086063806], "rejection_cost": [100.0, 100.0, 100.0, 100.0]}