{"container_types": 4, "number_of_facilities": 2, "container_quality_level": 9, "time_periods": 14, "number_containers_arriving_to_facility_zero": [[137, 202, 171, 285, 290, 103, 292, 212, 193, 120, 278, 278, 185, 277], [272, 139, 168, 245, 255, 208, 262, 236, 176, 247, 182, 108, 285, 268], [125, 183, 152, 204, 243, 227, 230, 163, 159, 125, 167, 189, 239, 194], [295, 171, 115, 150, 211, 147, 272, 281, 186, 289, 297, 122, 141, 124]], "number_unexpected_containers_at_facilities": [[61, 2, 70], [67, 7, 15], [11, 90, 43], [36, 74, 57]], "number_good_quality_containers_at_facilities": [[68, 5, 44], [99, 68, 93], [99, 11, 73], [71, 86, 44]], "containers_demand_for_clients": [[266, 223, 215, 206, 185, 264, 269, 243, 183, 268, 232, 196, 221, 187], [191, 246, 239, 193, 206, 260, 237, 198, 204, 271, 220, 217, 210, 191], [204, 238, 282, 213, 222, 259, 259, 249, 214, 277, 227, 278, 226, 196], [241, 186, 179, 246, 228, 179, 209, 222, 244, 216, 182, 240, 205, 219]], "transportation_capacity": 665, "probability_original_quality_level": [[10.0, 12.0, 16.0, 0.0, 15.0, 18.0, 7.0, 15.0, 0.0, 6.0, 1.0], [8.0, 9.0, 8.0, 19.0, 9.0, 22.0, 0.0, 1.0, 10.0, 9.0, 5.0], [10.0, 5.0, 3.0, 2.0, 19.0, 2.0, 18.0, 0.0, 17.0, 21.0, 3.0], [6.0, 5.0, 13.0, 3.0, 13.0, 13.0, 13.0, 12.0, 10.0, 7.0, 5.0]], "number_hours_required_for_inspection": [0.7599819291972468, 0.5730204000169998, 0.5123690766359028, 0.8147433020716512], "number_hours_available_for_inspection": [302, 311, 331], "expected_number_hours_required_for_repair": [1.8076948106276474, 1.7740657419526877, 2.226727900546738, 2.0712815524955523], "number_hours_available_for_repair": [894, 764, 757], "warehouse_capacity_of_facility": [967, 845, 934], "cost_of_inspection": [15.199638583944937, 11.460408000339996, 10.247381532718055, 16.294866041433025], "expected_cost_of_repair": [53.217762664039775, 52.10814787593101, 65.25239757240428, 60.99155793523635], "cost_of_transportation": [78, 141], "holding_cost": [2.357253792089519, 1.7614453005098922, 1.7313195080823895], "rejection_cost": [100.0, 100.0, 100.0, 100.0]}