{"container_types": 4, "number_of_facilities": 2, "container_quality_level": 9, "time_periods": 14, "number_containers_arriving_to_facility_zero": [[265, 187, 181, 220, 274, 244, 241, 249, 195, 175, 145, 298, 260, 189], [192, 266, 247, 212, 229, 193, 118, 234, 207, 292, 188, 140, 241, 120], [155, 103, 128, 144, 116, 200, 146, 232, 219, 264, 153, 150, 261, 183], [126, 141, 182, 234, 278, 287, 126, 231, 282, 239, 228, 190, 252, 239]], "number_unexpected_containers_at_facilities": [[4, 90, 27], [26, 7, 74], [15, 82, 18], [12, 91, 10]], "number_good_quality_containers_at_facilities": [[87, 39, 75], [12, 9, 83], [35, 44, 64], [42, 73, 29]], "containers_demand_for_clients": [[242, 189, 197, 261, 199, 242, 279, 280, 216, 267, 218, 246, 266, 216], [235, 279, 200, 226, 259, 257, 271, 224, 219, 275, 258, 226, 250, 248], [222, 254, 220, 190, 211, 193, 186, 236, 202, 247, 196, 245, 210, 215], [178, 218, 227, 206, 212, 221, 185, 196, 179, 213, 166, 160, 158, 165]], "transportation_capacity": 640, "probability_original_quality_level": [[8.0, 10.0, 7.0, 11.0, 7.0, 10.0, 15.0, 0.0, 11.0, 16.0, 5.0], [10.0, 12.0, 12.0, 0.0, 4.0, 18.0, 1.0, 14.0, 18.0, 10.0, 1.0], [9.0, 13.0, 3.0, 16.0, 20.0, 4.0, 1.0, 11.0, 0.0, 20.0, 3.0], [5.0, 0.0, 12.0, 20.0, 20.0, 6.0, 12.0, 2.0, 10.0, 11.0, 2.0]], "number_hours_required_for_inspection": [0.35503462775647904, 0.558868034031074, 0.4788869020133134, 0.9199416284253137], "number_hours_available_for_inspection": [268, 298, 304], "expected_number_hours_required_for_repair": [1.9890816387100865, 2.0712426027853623, 1.8734733879464494, 2.004341255731086], "number_hours_available_for_repair": [596, 869, 618], "warehouse_capacity_of_facility": [908, 830, 979], "cost_of_inspection": [7.100692555129581, 11.17736068062148, 9.577738040266269, 18.398832568506272], "expected_cost_of_repair": [58.82229069564736, 60.36035459811072, 54.79333900036798, 59.36843365477804], "cost_of_transportation": [158, 136], "holding_cost": [2.866263056535088, 2.281286817471453, 1.713867491764494], "rejection_cost": [100.0, 100.0, 100.0, 100.0]}