{"container_types": 4, "number_of_facilities": 2, "container_quality_level": 9, "time_periods": 14, "number_containers_arriving_to_facility_zero": [[145, 288, 268, 266, 146, 252, 203, 277, 122, 265, 209, 225, 222, 272], [293, 183, 186, 223, 266, 246, 298, 156, 279, 165, 230, 273, 227, 269], [167, 173, 297, 117, 211, 110, 295, 184, 139, 281, 137, 137, 178, 254], [111, 177, 147, 260, 255, 230, 161, 219, 116, 257, 191, 214, 166, 204]], "number_unexpected_containers_at_facilities": [[24, 59, 73], [57, 57, 8], [14, 76, 70], [45, 31, 97]], "number_good_quality_containers_at_facilities": [[11, 18, 49], [59, 82, 65], [97, 51, 27], [50, 50, 22]], "containers_demand_for_clients": [[188, 178, 234, 232, 239, 182, 223, 205, 206, 227, 211, 183, 225, 230], [244, 289, 260, 279, 203, 256, 269, 269, 205, 219, 231, 253, 222, 263], [269, 287, 274, 259, 269, 213, 272, 264, 235, 250, 235, 231, 305, 277], [228, 192, 199, 211, 219, 208, 182, 219, 256, 215, 197, 221, 186, 196]], "transportation_capacity": 702, "probability_original_quality_level": [[6.0, 0.0, 0.0, 10.0, 11.0, 21.0, 21.0, 13.0, 13.0, 5.0, 0.0], [9.0, 12.0, 12.0, 10.0, 8.0, 14.0, 4.0, 9.0, 11.0, 9.0, 2.0], [10.0, 6.0, 4.0, 3.0, 9.0, 3.0, 18.0, 17.0, 17.0, 13.0, 0.0], [10.0, 10.0, 11.0, 7.0, 10.0, 11.0, 12.0, 4.0, 6.0, 15.0, 4.0]], "number_hours_required_for_inspection": [0.7483625083859564, 0.6314031271908109, 0.34034938306556123, 0.7514931773230359], "number_hours_available_for_inspection": [258, 275, 311], "expected_number_hours_required_for_repair": [2.309878920187946, 1.9092878117887173, 2.3572733532686425, 1.8481407039047197], "number_hours_available_for_repair": [896, 826, 839], "warehouse_capacity_of_facility": [912, 958, 852], "cost_of_inspection": [14.96725016771913, 12.628062543816219, 6.806987661311225, 15.029863546460717], "expected_cost_of_repair": [68.2684757454632, 55.9684230926471, 69.21595198577826, 53.89695657072227], "cost_of_transportation": [111, 80], "holding_cost": [2.9115829444869865, 2.196464874836437, 1.6923973113178614], "rejection_cost": [100.0, 100.0, 100.0, 100.0]}