{"container_types": 4, "number_of_facilities": 2, "container_quality_level": 9, "time_periods": 14, "number_containers_arriving_to_facility_zero": [[191, 123, 240, 281, 166, 254, 108, 109, 194, 162, 112, 233, 284, 108], [114, 256, 285, 213, 222, 176, 134, 226, 162, 222, 289, 218, 227, 177], [251, 179, 145, 162, 121, 260, 102, 104, 292, 167, 193, 171, 232, 172], [208, 100, 296, 135, 192, 281, 263, 213, 182, 293, 156, 138, 128, 149]], "number_unexpected_containers_at_facilities": [[73, 54, 42], [2, 98, 71], [21, 1, 55], [15, 13, 20]], "number_good_quality_containers_at_facilities": [[92, 57, 62], [39, 22, 66], [79, 84, 18], [57, 99, 14]], "containers_demand_for_clients": [[220, 246, 225, 201, 214, 224, 223, 225, 168, 225, 248, 235, 234, 174], [182, 189, 217, 203, 196, 235, 231, 214, 238, 249, 207, 199, 203, 250], [255, 216, 223, 210, 270, 249, 201, 243, 266, 198, 222, 273, 200, 185], [190, 216, 232, 174, 220, 209, 181, 164, 168, 199, 164, 215, 186, 194]], "transportation_capacity": 571, "probability_original_quality_level": [[9.0, 4.0, 13.0, 9.0, 15.0, 8.0, 3.0, 16.0, 4.0, 18.0, 1.0], [10.0, 10.0, 13.0, 3.0, 21.0, 8.0, 2.0, 10.0, 7.0, 13.0, 3.0], [7.0, 1.0, 20.0, 6.0, 10.0, 6.0, 9.0, 18.0, 9.0, 9.0, 5.0], [6.0, 14.0, 4.0, 5.0, 15.0, 12.0, 3.0, 10.0, 13.0, 14.0, 4.0]], "number_hours_required_for_inspection": [0.7832636285787011, 0.4177378426834606, 0.7769518359055165, 0.8391459558670322], "number_hours_available_for_inspection": [338, 267, 270], "expected_number_hours_required_for_repair": [2.1090654876080244, 1.8994281831946238, 2.0174737902122475, 2.0444686337624844], "number_hours_available_for_repair": [676, 832, 778], "warehouse_capacity_of_facility": [817, 896, 850], "cost_of_inspection": [15.665272571574022, 8.354756853669212, 15.539036718110331, 16.782919117340644], "expected_cost_of_repair": [61.54208623890999, 55.62920452563778, 59.222235940383015, 60.577429471867866], "cost_of_transportation": [114, 90], "holding_cost": [2.3342168778628767, 1.6771286073317677, 1.5424958452493547], "rejection_cost": [100.0, 100.0, 100.0, 100.0]}