{"container_types": 4, "number_of_facilities": 2, "container_quality_level": 9, "time_periods": 14, "number_containers_arriving_to_facility_zero": [[193, 115, 121, 235, 213, 189, 298, 278, 173, 160, 296, 253, 225, 289], [106, 234, 256, 140, 166, 126, 281, 105, 286, 287, 269, 241, 208, 286], [118, 101, 169, 197, 238, 188, 264, 121, 120, 109, 251, 190, 158, 203], [274, 285, 290, 181, 147, 156, 130, 249, 261, 103, 298, 208, 185, 211]], "number_unexpected_containers_at_facilities": [[11, 43, 18], [56, 60, 80], [96, 87, 13], [98, 72, 28]], "number_good_quality_containers_at_facilities": [[10, 68, 46], [96, 79, 52], [41, 15, 25], [71, 82, 26]], "containers_demand_for_clients": [[248, 273, 196, 229, 231, 237, 236, 195, 207, 227, 254, 252, 268, 240], [193, 187, 254, 245, 253, 265, 193, 230, 245, 202, 207, 218, 256, 239], [283, 232, 273, 218, 232, 239, 260, 249, 213, 290, 232, 196, 268, 195], [196, 166, 185, 195, 200, 171, 201, 159, 205, 195, 162, 228, 229, 174]], "transportation_capacity": 553, "probability_original_quality_level": [[8.0, 16.0, 4.0, 7.0, 12.0, 7.0, 7.0, 16.0, 1.0, 21.0, 1.0], [8.0, 11.0, 9.0, 9.0, 13.0, 11.0, 9.0, 9.0, 3.0, 14.0, 4.0], [5.0, 7.0, 16.0, 9.0, 8.0, 10.0, 16.0, 0.0, 13.0, 12.0, 4.0], [6.0, 5.0, 3.0, 16.0, 5.0, 14.0, 10.0, 12.0, 12.0, 13.0, 4.0]], "number_hours_required_for_inspection": [0.7797952776955781, 0.6136877684485665, 0.4761957587186796, 0.7859282195648353], "number_hours_available_for_inspection": [295, 291, 252], "expected_number_hours_required_for_repair": [2.0258944902035636, 1.9525337214880492, 2.0090912034249904, 2.213380700693113], "number_hours_available_for_repair": [639, 739, 887], "warehouse_capacity_of_facility": [825, 859, 863], "cost_of_inspection": [15.595905553911562, 12.273755368971331, 9.523915174373592, 15.718564391296706], "expected_cost_of_repair": [59.82930486243205, 57.58810003201499, 59.566230046494894, 65.69741285711885], "cost_of_transportation": [78, 115], "holding_cost": [2.757453256598551, 1.5129821392142149, 1.1601443284696096], "rejection_cost": [100.0, 100.0, 100.0, 100.0]}