{"container_types": 4, "number_of_facilities": 2, "container_quality_level": 9, "time_periods": 14, "number_containers_arriving_to_facility_zero": [[292, 256, 183, 257, 246, 108, 211, 202, 135, 102, 209, 237, 255, 206], [282, 247, 169, 113, 243, 207, 136, 126, 292, 264, 176, 158, 124, 155], [243, 196, 251, 108, 283, 159, 109, 223, 157, 127, 106, 169, 231, 263], [127, 235, 111, 166, 121, 152, 145, 130, 197, 123, 107, 102, 249, 292]], "number_unexpected_containers_at_facilities": [[40, 1, 90], [82, 32, 66], [68, 90, 55], [29, 99, 3]], "number_good_quality_containers_at_facilities": [[15, 3, 48], [54, 57, 47], [2, 51, 22], [1, 14, 66]], "containers_demand_for_clients": [[163, 148, 203, 172, 195, 154, 164, 176, 194, 162, 152, 153, 144, 158], [228, 244, 233, 238, 253, 189, 246, 195, 183, 261, 226, 245, 261, 185], [198, 246, 204, 224, 181, 221, 209, 214, 209, 197, 200, 219, 221, 179], [208, 213, 235, 190, 232, 178, 185, 179, 227, 190, 246, 210, 222, 217]], "transportation_capacity": 588, "probability_original_quality_level": [[10.0, 12.0, 9.0, 15.0, 13.0, 3.0, 3.0, 14.0, 5.0, 11.0, 5.0], [6.0, 8.0, 14.0, 2.0, 6.0, 15.0, 0.0, 18.0, 20.0, 11.0, 0.0], [10.0, 9.0, 2.0, 16.0, 2.0, 15.0, 5.0, 8.0, 15.0, 14.0, 4.0], [8.0, 13.0, 0.0, 14.0, 14.0, 12.0, 12.0, 0.0, 16.0, 9.0, 2.0]], "number_hours_required_for_inspection": [0.5580870911865083, 0.8857704253148331, 0.5760497907612404, 0.6190866782973478], "number_hours_available_for_inspection": [223, 268, 259], "expected_number_hours_required_for_repair": [1.7748536956770078, 2.2793671373271, 2.108245859518149, 1.9605845207569104], "number_hours_available_for_repair": [715, 570, 590], "warehouse_capacity_of_facility": [889, 876, 866], "cost_of_inspection": [11.161741823730168, 17.71540850629666, 11.520995815224808, 12.381733565946956], "expected_cost_of_repair": [51.547705612414575, 67.51363432930486, 61.83581731434576, 57.87627487708735], "cost_of_transportation": [85, 108], "holding_cost": [2.7551325354505445, 1.952017497601568, 1.7907089675247672], "rejection_cost": [100.0, 100.0, 100.0, 100.0]}