{"container_types": 4, "number_of_facilities": 2, "container_quality_level": 9, "time_periods": 14, "number_containers_arriving_to_facility_zero": [[143, 101, 127, 297, 220, 183, 264, 118, 153, 201, 228, 148, 251, 234], [186, 112, 235, 193, 159, 201, 154, 202, 209, 207, 147, 231, 296, 230], [190, 244, 271, 279, 237, 131, 288, 281, 195, 189, 235, 171, 141, 248], [267, 253, 272, 182, 210, 193, 125, 233, 294, 216, 203, 280, 172, 211]], "number_unexpected_containers_at_facilities": [[61, 47, 93], [56, 28, 8], [77, 35, 47], [63, 62, 89]], "number_good_quality_containers_at_facilities": [[61, 90, 29], [52, 4, 72], [68, 90, 26], [64, 91, 60]], "containers_demand_for_clients": [[282, 260, 260, 282, 297, 249, 210, 238, 206, 283, 252, 212, 286, 294], [205, 224, 175, 221, 203, 223, 249, 196, 192, 192, 246, 181, 239, 246], [229, 185, 193, 209, 236, 197, 202, 205, 181, 189, 236, 252, 235, 189], [200, 232, 287, 234, 198, 288, 232, 200, 228, 284, 292, 226, 279, 241]], "transportation_capacity": 636, "probability_original_quality_level": [[9.0, 5.0, 7.0, 8.0, 15.0, 7.0, 14.0, 9.0, 1.0, 21.0, 4.0], [9.0, 6.0, 14.0, 10.0, 15.0, 5.0, 0.0, 8.0, 9.0, 19.0, 5.0], [9.0, 6.0, 8.0, 2.0, 21.0, 9.0, 10.0, 13.0, 4.0, 15.0, 3.0], [7.0, 11.0, 13.0, 7.0, 0.0, 9.0, 11.0, 7.0, 16.0, 18.0, 1.0]], "number_hours_required_for_inspection": [0.5950382142073531, 0.4783154235219065, 0.9696842252056919, 0.9812690600852553], "number_hours_available_for_inspection": [337, 319, 373], "expected_number_hours_required_for_repair": [2.1235650807256876, 1.9858798939553288, 2.067561060877336, 2.2414605221083566], "number_hours_available_for_repair": [817, 871, 917], "warehouse_capacity_of_facility": [899, 931, 1017], "cost_of_inspection": [11.900764284147062, 9.56630847043813, 19.393684504113835, 19.625381201705107], "expected_cost_of_repair": [62.00676618818252, 58.23931437982996, 61.06555793658386, 66.39683600260109], "cost_of_transportation": [157, 121], "holding_cost": [2.2301712333953785, 1.979244213020377, 1.3594980763530446], "rejection_cost": [100.0, 100.0, 100.0, 100.0]}