{"container_types": 4, "number_of_facilities": 2, "container_quality_level": 9, "time_periods": 14, "number_containers_arriving_to_facility_zero": [[298, 289, 131, 135, 108, 179, 244, 103, 147, 250, 131, 222, 198, 294], [185, 237, 282, 123, 256, 198, 237, 100, 251, 170, 194, 256, 138, 167], [262, 175, 141, 198, 127, 151, 262, 259, 245, 191, 251, 122, 296, 128], [261, 269, 163, 297, 292, 214, 249, 196, 166, 211, 183, 274, 183, 181]], "number_unexpected_containers_at_facilities": [[4, 83, 6], [59, 96, 32], [9, 56, 4], [62, 77, 35]], "number_good_quality_containers_at_facilities": [[76, 97, 84], [15, 91, 35], [92, 23, 75], [95, 82, 29]], "containers_demand_for_clients": [[271, 216, 283, 282, 286, 289, 295, 203, 246, 247, 239, 231, 288, 291], [223, 212, 241, 233, 224, 214, 251, 218, 191, 254, 240, 196, 207, 203], [258, 216, 205, 235, 211, 225, 249, 206, 258, 235, 196, 214, 242, 225], [219, 213, 246, 177, 236, 201, 226, 195, 234, 233, 209, 223, 197, 179]], "transportation_capacity": 611, "probability_original_quality_level": [[7.0, 7.0, 5.0, 5.0, 15.0, 5.0, 20.0, 5.0, 15.0, 16.0, 0.0], [7.0, 6.0, 0.0, 8.0, 1.0, 20.0, 22.0, 11.0, 13.0, 7.0, 5.0], [5.0, 11.0, 12.0, 10.0, 13.0, 2.0, 13.0, 5.0, 12.0, 16.0, 1.0], [10.0, 4.0, 2.0, 22.0, 11.0, 14.0, 22.0, 8.0, 2.0, 5.0, 0.0]], "number_hours_required_for_inspection": [0.3452115062007328, 0.357045415558922, 0.8745108287756918, 0.7942000107693901], "number_hours_available_for_inspection": [320, 290, 325], "expected_number_hours_required_for_repair": [2.2809807305666046, 2.1566406312449837, 2.1076640523654993, 1.8946436717265678], "number_hours_available_for_repair": [873, 922, 930], "warehouse_capacity_of_facility": [915, 856, 982], "cost_of_inspection": [6.904230124014656, 7.14090831117844, 17.490216575513834, 15.8840002153878], "expected_cost_of_repair": [67.26338227485523, 63.65105592478674, 62.67683072461533, 55.32056285714432], "cost_of_transportation": [149, 140], "holding_cost": [2.9318938337578033, 1.6504012797392864, 1.6846222182657737], "rejection_cost": [100.0, 100.0, 100.0, 100.0]}