{"container_types": 4, "number_of_facilities": 2, "container_quality_level": 5, "time_periods": 14, "number_containers_arriving_to_facility_zero": [[117, 236, 217, 286, 234, 112, 145, 256, 187, 270, 172, 266, 147, 174], [235, 299, 254, 111, 290, 276, 128, 250, 125, 108, 209, 277, 184, 136], [278, 150, 205, 265, 211, 202, 144, 116, 264, 156, 289, 173, 154, 177], [102, 182, 147, 175, 248, 194, 112, 125, 295, 207, 213, 226, 219, 254]], "number_unexpected_containers_at_facilities": [[39, 79, 98], [43, 32, 29], [45, 59, 4], [50, 89, 1]], "number_good_quality_containers_at_facilities": [[86, 24, 31], [70, 92, 95], [24, 6, 94], [70, 80, 71]], "containers_demand_for_clients": [[201, 231, 191, 248, 252, 198, 206, 190, 256, 176, 242, 203, 226, 230], [267, 216, 204, 201, 192, 269, 196, 236, 199, 239, 270, 218, 199, 266], [201, 214, 249, 265, 242, 208, 215, 225, 270, 263, 227, 192, 238, 200], [233, 245, 255, 255, 231, 214, 178, 191, 234, 250, 197, 241, 245, 190]], "transportation_capacity": 549, "probability_original_quality_level": [[6.0, 2.0, 23.0, 27.0, 8.0, 33.0, 1.0], [5.0, 23.0, 19.0, 5.0, 27.0, 20.0, 1.0], [10.0, 17.0, 14.0, 18.0, 19.0, 17.0, 5.0], [8.0, 17.0, 20.0, 17.0, 10.0, 28.0, 0.0]], "number_hours_required_for_inspection": [0.4382484564532142, 0.5243247591050249, 0.532011254231305, 0.44538059089029125], "number_hours_available_for_inspection": [215, 191, 197], "expected_number_hours_required_for_repair": [1.5063009633093076, 1.4053130851065592, 1.3194087973261381, 1.5093855068183657], "number_hours_available_for_repair": [503, 403, 475], "warehouse_capacity_of_facility": [841, 887, 816], "cost_of_inspection": [8.764969129064283, 10.486495182100498, 10.6402250846261, 8.907611817805826], "expected_cost_of_repair": [44.49560926576432, 41.56295910676113, 38.16592346148965, 43.92552385681938], "cost_of_transportation": [76, 72], "holding_cost": [2.5835355154395785, 1.9668000251690732, 1.098715862134558], "rejection_cost": [1049972.0, 1049972.0, 1049972.0, 1049972.0]}