{"container_types": 4, "number_of_facilities": 2, "container_quality_level": 5, "time_periods": 14, "number_containers_arriving_to_facility_zero": [[249, 286, 203, 135, 177, 244, 231, 173, 251, 194, 120, 279, 276, 288], [254, 200, 295, 174, 293, 113, 142, 131, 122, 114, 177, 137, 130, 251], [141, 178, 182, 228, 143, 229, 134, 290, 191, 212, 251, 108, 283, 294], [167, 251, 288, 232, 176, 180, 264, 170, 165, 117, 295, 122, 131, 203]], "number_unexpected_containers_at_facilities": [[94, 58, 80], [58, 98, 13], [67, 7, 26], [8, 16, 39]], "number_good_quality_containers_at_facilities": [[45, 61, 34], [97, 4, 49], [10, 3, 44], [35, 98, 56]], "containers_demand_for_clients": [[229, 254, 244, 208, 213, 188, 181, 239, 195, 243, 257, 237, 205, 177], [238, 219, 228, 289, 249, 218, 248, 212, 252, 282, 243, 254, 277, 288], [198, 234, 212, 199, 223, 167, 238, 210, 239, 205, 198, 168, 232, 220], [245, 214, 223, 235, 218, 186, 215, 254, 178, 211, 191, 189, 204, 243]], "transportation_capacity": 541, "probability_original_quality_level": [[10.0, 17.0, 21.0, 25.0, 7.0, 18.0, 2.0], [10.0, 51.0, 8.0, 12.0, 10.0, 4.0, 5.0], [9.0, 21.0, 20.0, 13.0, 8.0, 24.0, 5.0], [10.0, 23.0, 15.0, 24.0, 15.0, 8.0, 5.0]], "number_hours_required_for_inspection": [0.36187206340146355, 0.6324702554621008, 0.34445734446221865, 0.6947003313962058], "number_hours_available_for_inspection": [252, 179, 222], "expected_number_hours_required_for_repair": [1.298511403108838, 1.0428952442452766, 1.3226310559406216, 1.2719077867354767], "number_hours_available_for_repair": [385, 405, 324], "warehouse_capacity_of_facility": [820, 881, 892], "cost_of_inspection": [7.237441268029271, 12.649405109242016, 6.889146889244373, 13.894006627924115], "expected_cost_of_repair": [37.862233067970564, 30.205188297112503, 38.77859868407894, 36.29500373327348], "cost_of_transportation": [66, 125], "holding_cost": [2.5625973898758785, 1.5112012857189652, 1.295207522249656], "rejection_cost": [1388998.0, 1388998.0, 1388998.0, 1388998.0]}