{"container_types": 4, "number_of_facilities": 2, "container_quality_level": 5, "time_periods": 14, "number_containers_arriving_to_facility_zero": [[176, 235, 182, 158, 107, 260, 140, 246, 225, 123, 156, 220, 266, 299], [268, 139, 187, 193, 271, 255, 142, 215, 249, 105, 278, 234, 120, 100], [263, 227, 291, 229, 104, 171, 112, 296, 128, 242, 188, 259, 150, 136], [180, 277, 151, 171, 251, 206, 160, 209, 114, 153, 125, 164, 210, 190]], "number_unexpected_containers_at_facilities": [[62, 30, 40], [56, 31, 83], [71, 67, 88], [86, 47, 84]], "number_good_quality_containers_at_facilities": [[92, 70, 14], [90, 93, 44], [24, 55, 9], [75, 0, 98]], "containers_demand_for_clients": [[171, 180, 197, 193, 209, 225, 232, 176, 173, 212, 231, 186, 196, 174], [217, 204, 263, 238, 184, 218, 210, 183, 200, 177, 249, 248, 253, 254], [185, 199, 263, 246, 211, 241, 181, 220, 191, 251, 251, 260, 251, 236], [256, 236, 200, 190, 191, 249, 185, 258, 235, 201, 201, 202, 179, 248]], "transportation_capacity": 617, "probability_original_quality_level": [[7.0, 2.0, 37.0, 34.0, 12.0, 7.0, 1.0], [8.0, 10.0, 8.0, 29.0, 26.0, 19.0, 0.0], [6.0, 30.0, 4.0, 12.0, 10.0, 36.0, 2.0], [8.0, 15.0, 1.0, 40.0, 12.0, 21.0, 3.0]], "number_hours_required_for_inspection": [0.6759319497193021, 0.5881540550794924, 0.8129780191062423, 0.9134769923473098], "number_hours_available_for_inspection": [310, 381, 390], "expected_number_hours_required_for_repair": [1.3611904450749788, 1.5272726928027602, 1.436664103647069, 1.4942796630965818], "number_hours_available_for_repair": [440, 507, 554], "warehouse_capacity_of_facility": [912, 836, 889], "cost_of_inspection": [13.518638994386043, 11.763081101589847, 16.259560382124846, 18.269539846946195], "expected_cost_of_repair": [39.704017869613146, 44.22082079662365, 42.47789236324599, 43.60004886726008], "cost_of_transportation": [81, 139], "holding_cost": [2.8817617468346857, 2.4506587763081056, 1.273556537587749], "rejection_cost": [1765458.0, 1765458.0, 1765458.0, 1765458.0]}