{"container_types": 4, "number_of_facilities": 2, "container_quality_level": 5, "time_periods": 14, "number_containers_arriving_to_facility_zero": [[240, 113, 273, 288, 144, 247, 295, 156, 154, 224, 138, 251, 132, 202], [283, 161, 211, 179, 176, 203, 283, 152, 232, 136, 288, 156, 280, 129], [127, 154, 161, 238, 197, 183, 282, 114, 226, 274, 269, 257, 286, 147], [183, 227, 262, 169, 214, 104, 137, 251, 132, 129, 279, 277, 102, 266]], "number_unexpected_containers_at_facilities": [[83, 96, 44], [77, 87, 61], [63, 13, 3], [66, 60, 84]], "number_good_quality_containers_at_facilities": [[88, 77, 26], [22, 28, 75], [59, 98, 29], [75, 48, 45]], "containers_demand_for_clients": [[185, 205, 220, 239, 211, 188, 215, 226, 212, 236, 200, 188, 216, 236], [253, 201, 211, 259, 224, 216, 266, 235, 265, 227, 256, 238, 195, 192], [265, 245, 200, 185, 221, 192, 198, 250, 219, 197, 202, 195, 223, 205], [223, 214, 198, 251, 247, 221, 217, 228, 259, 253, 257, 253, 251, 250]], "transportation_capacity": 526, "probability_original_quality_level": [[10.0, 7.0, 23.0, 13.0, 22.0, 24.0, 1.0], [8.0, 10.0, 9.0, 18.0, 29.0, 26.0, 0.0], [5.0, 19.0, 15.0, 10.0, 21.0, 25.0, 5.0], [7.0, 14.0, 15.0, 23.0, 18.0, 22.0, 1.0]], "number_hours_required_for_inspection": [0.7870964740062812, 0.8765496707159651, 0.35896142136021847, 0.7116089692857034], "number_hours_available_for_inspection": [326, 264, 270], "expected_number_hours_required_for_repair": [1.4911455707325205, 1.6446085873397362, 1.4304369523841325, 1.4610820869662857], "number_hours_available_for_repair": [496, 550, 469], "warehouse_capacity_of_facility": [893, 957, 936], "cost_of_inspection": [15.741929480125625, 17.5309934143193, 7.17922842720437, 14.232179385714067], "expected_cost_of_repair": [43.01747689534905, 47.952017788904996, 42.3488498318438, 42.46420593501551], "cost_of_transportation": [151, 115], "holding_cost": [2.036158148930232, 2.420652625687996, 1.8287178238829793], "rejection_cost": [1677248.0, 1677248.0, 1677248.0, 1677248.0]}