{"container_types": 4, "number_of_facilities": 2, "container_quality_level": 5, "time_periods": 14, "number_containers_arriving_to_facility_zero": [[245, 270, 259, 157, 115, 143, 276, 247, 190, 144, 173, 191, 177, 165], [242, 190, 287, 147, 180, 178, 226, 168, 102, 258, 129, 129, 111, 236], [297, 160, 180, 120, 187, 160, 231, 295, 105, 236, 222, 211, 165, 170], [153, 142, 128, 283, 149, 276, 286, 294, 118, 271, 239, 235, 275, 298]], "number_unexpected_containers_at_facilities": [[33, 31, 95], [47, 38, 57], [9, 23, 9], [40, 19, 74]], "number_good_quality_containers_at_facilities": [[84, 33, 42], [41, 33, 71], [68, 26, 16], [9, 44, 83]], "containers_demand_for_clients": [[213, 201, 284, 225, 254, 265, 271, 224, 205, 254, 205, 271, 277, 248], [184, 176, 202, 196, 249, 222, 185, 237, 258, 205, 230, 229, 219, 191], [164, 195, 238, 179, 189, 178, 203, 193, 198, 211, 207, 165, 242, 212], [195, 172, 172, 234, 194, 176, 222, 227, 179, 236, 184, 174, 239, 199]], "transportation_capacity": 587, "probability_original_quality_level": [[8.0, 24.0, 9.0, 16.0, 11.0, 31.0, 1.0], [7.0, 14.0, 5.0, 22.0, 21.0, 26.0, 5.0], [9.0, 5.0, 15.0, 29.0, 7.0, 30.0, 5.0], [9.0, 27.0, 5.0, 25.0, 5.0, 25.0, 4.0]], "number_hours_required_for_inspection": [0.4210002522495142, 0.4279798088861401, 0.4290594034989354, 0.9027005131312706], "number_hours_available_for_inspection": [242, 221, 228], "expected_number_hours_required_for_repair": [1.4339304133330006, 1.472448323981056, 1.4660170590554151, 1.3736036846723585], "number_hours_available_for_repair": [485, 544, 416], "warehouse_capacity_of_facility": [830, 953, 891], "cost_of_inspection": [8.420005044990283, 8.559596177722803, 8.581188069978708, 18.05401026262541], "expected_cost_of_repair": [42.138736636474576, 43.1351775968497, 42.61913612633722, 40.25912859791473], "cost_of_transportation": [124, 130], "holding_cost": [2.8326162498857705, 2.2689435986175273, 1.9642653265058105], "rejection_cost": [1668225.0, 1668225.0, 1668225.0, 1668225.0]}