{"container_types": 4, "number_of_facilities": 2, "container_quality_level": 5, "time_periods": 14, "number_containers_arriving_to_facility_zero": [[204, 105, 195, 270, 122, 178, 230, 286, 170, 224, 145, 149, 248, 176], [187, 150, 105, 285, 151, 219, 294, 267, 253, 130, 251, 262, 216, 261], [184, 157, 182, 247, 175, 117, 225, 147, 285, 155, 109, 225, 279, 287], [155, 277, 104, 204, 191, 148, 236, 161, 258, 141, 161, 170, 248, 115]], "number_unexpected_containers_at_facilities": [[91, 10, 29], [33, 35, 53], [49, 56, 61], [78, 80, 11]], "number_good_quality_containers_at_facilities": [[61, 32, 92], [1, 32, 38], [81, 10, 50], [79, 76, 34]], "containers_demand_for_clients": [[225, 240, 213, 168, 210, 216, 215, 182, 180, 194, 168, 174, 226, 222], [188, 173, 238, 246, 236, 179, 226, 199, 193, 201, 203, 174, 210, 240], [191, 195, 229, 272, 246, 257, 211, 252, 193, 244, 207, 235, 193, 246], [232, 182, 209, 245, 239, 261, 226, 202, 255, 179, 235, 194, 216, 239]], "transportation_capacity": 655, "probability_original_quality_level": [[5.0, 0.0, 27.0, 19.0, 22.0, 25.0, 2.0], [10.0, 13.0, 20.0, 18.0, 16.0, 22.0, 1.0], [7.0, 24.0, 32.0, 19.0, 0.0, 16.0, 2.0], [8.0, 7.0, 28.0, 20.0, 16.0, 19.0, 2.0]], "number_hours_required_for_inspection": [0.800186282192512, 0.4524633948309594, 0.7440064371318799, 0.4961783588335159], "number_hours_available_for_inspection": [324, 258, 323], "expected_number_hours_required_for_repair": [1.6122490677430343, 1.5105177332014341, 1.2320629969665993, 1.4651939240472813], "number_hours_available_for_repair": [415, 551, 388], "warehouse_capacity_of_facility": [940, 913, 959], "cost_of_inspection": [16.003725643850238, 9.049267896619188, 14.880128742637597, 9.923567176670318], "expected_cost_of_repair": [47.75280348871836, 43.53748276561876, 35.82201188819596, 42.830629265620274], "cost_of_transportation": [79, 158], "holding_cost": [2.149523258520008, 1.6573027271418261, 1.7200765180302717], "rejection_cost": [1952159.0, 1952159.0, 1952159.0, 1952159.0]}