{"container_types": 4, "number_of_facilities": 2, "container_quality_level": 5, "time_periods": 14, "number_containers_arriving_to_facility_zero": [[144, 214, 151, 181, 138, 244, 156, 136, 193, 120, 153, 233, 228, 154], [253, 277, 272, 180, 119, 249, 179, 203, 139, 128, 259, 278, 164, 124], [174, 185, 150, 207, 128, 143, 142, 215, 232, 216, 249, 282, 283, 297], [100, 133, 233, 166, 159, 272, 264, 193, 136, 164, 243, 296, 115, 263]], "number_unexpected_containers_at_facilities": [[79, 47, 24], [12, 90, 20], [81, 85, 80], [52, 79, 97]], "number_good_quality_containers_at_facilities": [[30, 84, 79], [57, 64, 33], [38, 1, 59], [15, 34, 51]], "containers_demand_for_clients": [[227, 214, 200, 186, 200, 218, 225, 254, 256, 253, 176, 219, 205, 211], [234, 231, 161, 186, 197, 192, 206, 163, 177, 173, 227, 222, 173, 215], [177, 242, 210, 223, 184, 189, 239, 197, 219, 208, 209, 259, 230, 227], [199, 232, 236, 261, 266, 269, 224, 243, 220, 223, 237, 225, 228, 209]], "transportation_capacity": 594, "probability_original_quality_level": [[9.0, 26.0, 29.0, 5.0, 0.0, 28.0, 3.0], [7.0, 25.0, 14.0, 5.0, 24.0, 22.0, 3.0], [7.0, 8.0, 15.0, 25.0, 26.0, 15.0, 4.0], [9.0, 40.0, 11.0, 4.0, 0.0, 36.0, 0.0]], "number_hours_required_for_inspection": [0.7601325078472573, 0.5576853466362137, 0.9422247400124457, 0.8799844067500842], "number_hours_available_for_inspection": [386, 295, 296], "expected_number_hours_required_for_repair": [1.2368469065737946, 1.4279032792757322, 1.5078570686721926, 1.2816415988650647], "number_hours_available_for_repair": [463, 420, 418], "warehouse_capacity_of_facility": [925, 840, 872], "cost_of_inspection": [15.202650156945145, 11.153706932724274, 18.844494800248913, 17.599688135001685], "expected_cost_of_repair": [35.43119113234293, 42.03948501201054, 43.93178797780558, 37.4224470069984], "cost_of_transportation": [149, 118], "holding_cost": [2.624554594094029, 1.7672188007706717, 1.6632759213864938], "rejection_cost": [1758968.0, 1758968.0, 1758968.0, 1758968.0]}