{"container_types": 4, "number_of_facilities": 2, "container_quality_level": 5, "time_periods": 14, "number_containers_arriving_to_facility_zero": [[165, 256, 102, 117, 248, 105, 115, 136, 261, 281, 131, 174, 250, 288], [241, 236, 173, 230, 117, 191, 134, 152, 251, 246, 170, 162, 189, 167], [136, 102, 255, 110, 207, 287, 229, 143, 183, 257, 171, 142, 275, 134], [149, 100, 163, 233, 150, 141, 288, 245, 277, 211, 167, 161, 162, 194]], "number_unexpected_containers_at_facilities": [[43, 73, 57], [98, 12, 82], [41, 11, 12], [39, 34, 56]], "number_good_quality_containers_at_facilities": [[18, 21, 27], [93, 34, 68], [57, 38, 38], [24, 53, 67]], "containers_demand_for_clients": [[182, 186, 199, 180, 242, 224, 203, 192, 244, 224, 249, 208, 199, 243], [236, 218, 183, 167, 239, 236, 198, 178, 208, 165, 211, 203, 217, 224], [223, 248, 189, 186, 178, 222, 245, 184, 204, 201, 192, 240, 210, 215], [179, 185, 226, 206, 219, 213, 234, 189, 176, 225, 216, 224, 232, 236]], "transportation_capacity": 552, "probability_original_quality_level": [[9.0, 21.0, 21.0, 12.0, 14.0, 22.0, 1.0], [6.0, 18.0, 28.0, 1.0, 31.0, 16.0, 0.0], [7.0, 10.0, 39.0, 13.0, 23.0, 5.0, 3.0], [8.0, 49.0, 30.0, 2.0, 7.0, 4.0, 0.0]], "number_hours_required_for_inspection": [0.8495819766494094, 0.5906579741903357, 0.603486261146823, 0.3357803605160512], "number_hours_available_for_inspection": [259, 256, 227], "expected_number_hours_required_for_repair": [1.3557881353699992, 1.4737444055030964, 1.309725366367775, 1.009103489766521], "number_hours_available_for_repair": [412, 405, 354], "warehouse_capacity_of_facility": [810, 897, 816], "cost_of_inspection": [16.991639532988188, 11.813159483806714, 12.06972522293646, 6.715607210321024], "expected_cost_of_repair": [38.87523995062631, 43.030122116591855, 38.3865981778109, 28.856312449444296], "cost_of_transportation": [125, 169], "holding_cost": [2.923841184599148, 1.8212787225193474, 1.7859253203088061], "rejection_cost": [1829611.0, 1829611.0, 1829611.0, 1829611.0]}