{"container_types": 4, "number_of_facilities": 2, "container_quality_level": 5, "time_periods": 14, "number_containers_arriving_to_facility_zero": [[152, 135, 165, 120, 114, 179, 222, 145, 180, 253, 243, 195, 179, 273], [238, 133, 243, 235, 182, 185, 107, 229, 208, 266, 297, 154, 133, 275], [285, 279, 233, 205, 120, 191, 163, 264, 271, 119, 298, 123, 110, 126], [163, 182, 145, 175, 208, 170, 258, 137, 217, 120, 233, 170, 277, 293]], "number_unexpected_containers_at_facilities": [[68, 83, 51], [18, 69, 0], [27, 72, 63], [68, 11, 26]], "number_good_quality_containers_at_facilities": [[46, 64, 8], [53, 41, 99], [44, 72, 65], [89, 49, 79]], "containers_demand_for_clients": [[176, 223, 251, 231, 181, 182, 254, 192, 211, 253, 180, 261, 253, 223], [223, 186, 202, 194, 178, 211, 234, 186, 166, 195, 168, 210, 184, 176], [226, 237, 225, 190, 188, 207, 261, 256, 245, 199, 253, 237, 216, 268], [196, 202, 212, 239, 215, 257, 227, 237, 202, 202, 220, 207, 211, 178]], "transportation_capacity": 557, "probability_original_quality_level": [[9.0, 3.0, 29.0, 30.0, 19.0, 7.0, 3.0], [6.0, 2.0, 31.0, 8.0, 29.0, 20.0, 4.0], [7.0, 17.0, 43.0, 22.0, 8.0, 2.0, 1.0], [7.0, 1.0, 17.0, 12.0, 27.0, 33.0, 3.0]], "number_hours_required_for_inspection": [0.7968227766322603, 0.4712511052884551, 0.5519098116447364, 0.94918957243747], "number_hours_available_for_inspection": [246, 253, 341], "expected_number_hours_required_for_repair": [1.3665193071381483, 1.4606892717755329, 1.2080168014323294, 1.56301666377329], "number_hours_available_for_repair": [404, 474, 395], "warehouse_capacity_of_facility": [886, 797, 858], "cost_of_inspection": [15.936455532645207, 9.425022105769102, 11.038196232894729, 18.9837914487494], "expected_cost_of_repair": [39.75466026852932, 42.74806068560915, 35.20183761762417, 46.116274097386466], "cost_of_transportation": [75, 84], "holding_cost": [2.515657025310368, 2.2984000438660623, 1.9182938972482986], "rejection_cost": [1203913.0, 1203913.0, 1203913.0, 1203913.0]}