{"container_types": 4, "number_of_facilities": 2, "container_quality_level": 5, "time_periods": 14, "number_containers_arriving_to_facility_zero": [[122, 210, 116, 176, 231, 160, 187, 233, 159, 105, 202, 215, 294, 200], [204, 102, 225, 114, 108, 257, 246, 287, 130, 150, 294, 156, 178, 237], [126, 144, 158, 291, 208, 217, 154, 225, 111, 237, 147, 140, 120, 161], [205, 122, 125, 299, 249, 259, 147, 160, 127, 174, 254, 139, 152, 227]], "number_unexpected_containers_at_facilities": [[24, 74, 38], [8, 98, 66], [23, 96, 23], [73, 78, 86]], "number_good_quality_containers_at_facilities": [[40, 19, 57], [96, 98, 40], [94, 84, 9], [81, 7, 89]], "containers_demand_for_clients": [[236, 201, 241, 190, 187, 190, 187, 225, 249, 195, 215, 236, 247, 253], [198, 229, 197, 232, 176, 220, 197, 180, 201, 184, 240, 235, 211, 166], [260, 253, 237, 201, 263, 225, 263, 227, 256, 237, 192, 253, 190, 254], [175, 233, 204, 176, 200, 198, 197, 194, 192, 196, 230, 233, 189, 167]], "transportation_capacity": 550, "probability_original_quality_level": [[6.0, 39.0, 6.0, 0.0, 45.0, 2.0, 2.0], [5.0, 7.0, 25.0, 23.0, 11.0, 25.0, 4.0], [8.0, 25.0, 26.0, 24.0, 7.0, 10.0, 0.0], [7.0, 23.0, 4.0, 12.0, 30.0, 19.0, 5.0]], "number_hours_required_for_inspection": [0.6990760746510241, 0.7824207552398385, 0.5709982634631442, 0.6396132616291555], "number_hours_available_for_inspection": [262, 236, 240], "expected_number_hours_required_for_repair": [1.2740362881125546, 1.4975508464355978, 1.2226608617157115, 1.4900472536776277], "number_hours_available_for_repair": [438, 446, 501], "warehouse_capacity_of_facility": [898, 818, 906], "cost_of_inspection": [13.98152149302048, 15.648415104796769, 11.419965269262883, 12.79226523258311], "expected_cost_of_repair": [37.0767463685814, 44.01646881824357, 35.43346405828545, 43.93743444524414], "cost_of_transportation": [101, 151], "holding_cost": [2.9653324663719514, 2.3329705831089025, 1.8551559829014737], "rejection_cost": [1761354.0, 1761354.0, 1761354.0, 1761354.0]}