{"container_types": 4, "number_of_facilities": 2, "container_quality_level": 5, "time_periods": 14, "number_containers_arriving_to_facility_zero": [[174, 164, 131, 209, 296, 202, 103, 296, 253, 204, 150, 289, 158, 218], [170, 208, 214, 146, 101, 151, 211, 267, 122, 104, 138, 133, 198, 276], [174, 115, 117, 192, 233, 240, 216, 171, 141, 230, 218, 263, 238, 154], [194, 183, 239, 246, 123, 274, 109, 184, 230, 225, 209, 229, 116, 247]], "number_unexpected_containers_at_facilities": [[12, 9, 23], [56, 83, 82], [68, 19, 22], [72, 92, 2]], "number_good_quality_containers_at_facilities": [[11, 89, 6], [16, 19, 98], [5, 83, 86], [82, 40, 33]], "containers_demand_for_clients": [[256, 183, 259, 261, 191, 180, 197, 240, 251, 259, 226, 220, 248, 186], [190, 183, 217, 224, 224, 227, 173, 244, 216, 190, 240, 220, 246, 178], [163, 193, 215, 166, 207, 206, 176, 180, 171, 230, 201, 169, 219, 162], [247, 171, 223, 171, 238, 175, 218, 232, 251, 228, 189, 254, 188, 185]], "transportation_capacity": 633, "probability_original_quality_level": [[6.0, 9.0, 12.0, 23.0, 20.0, 28.0, 2.0], [10.0, 3.0, 20.0, 17.0, 28.0, 18.0, 4.0], [6.0, 17.0, 16.0, 30.0, 0.0, 27.0, 4.0], [6.0, 36.0, 14.0, 18.0, 9.0, 13.0, 4.0]], "number_hours_required_for_inspection": [0.347629142345272, 0.907282027478416, 0.40109764125936515, 0.5851713612162052], "number_hours_available_for_inspection": [205, 269, 267], "expected_number_hours_required_for_repair": [1.5669010759682136, 1.3767591650625073, 1.3754790130594938, 1.148787681030618], "number_hours_available_for_repair": [445, 481, 479], "warehouse_capacity_of_facility": [892, 853, 911], "cost_of_inspection": [6.95258284690544, 18.14564054956832, 8.021952825187302, 11.703427224324104], "expected_cost_of_repair": [46.08354347440819, 39.44795314019447, 40.32295041399338, 33.407131485961536], "cost_of_transportation": [158, 155], "holding_cost": [2.723975299541313, 2.255072044857158, 1.9654694004437268], "rejection_cost": [1989335.0, 1989335.0, 1989335.0, 1989335.0]}