{"container_types": 4, "number_of_facilities": 2, "container_quality_level": 5, "time_periods": 14, "number_containers_arriving_to_facility_zero": [[202, 293, 291, 237, 219, 277, 213, 182, 168, 269, 191, 142, 246, 247], [274, 256, 141, 156, 154, 278, 202, 229, 272, 183, 258, 168, 249, 152], [213, 102, 167, 112, 260, 290, 265, 196, 202, 129, 200, 186, 126, 253], [227, 211, 263, 246, 189, 204, 129, 159, 196, 275, 169, 247, 200, 207]], "number_unexpected_containers_at_facilities": [[25, 40, 34], [14, 87, 78], [67, 55, 60], [88, 32, 28]], "number_good_quality_containers_at_facilities": [[59, 0, 8], [36, 13, 11], [62, 11, 74], [1, 66, 18]], "containers_demand_for_clients": [[191, 259, 236, 193, 208, 188, 190, 235, 225, 230, 243, 195, 260, 254], [269, 243, 257, 211, 284, 253, 191, 259, 268, 193, 270, 273, 250, 202], [207, 210, 187, 192, 257, 196, 201, 251, 262, 259, 244, 223, 263, 246], [204, 175, 200, 248, 205, 203, 221, 254, 188, 248, 198, 179, 189, 223]], "transportation_capacity": 534, "probability_original_quality_level": [[8.0, 24.0, 20.0, 20.0, 24.0, 2.0, 2.0], [5.0, 35.0, 13.0, 14.0, 5.0, 26.0, 2.0], [5.0, 13.0, 12.0, 26.0, 9.0, 32.0, 3.0], [8.0, 25.0, 20.0, 7.0, 23.0, 14.0, 3.0]], "number_hours_required_for_inspection": [0.5312930191802722, 0.6206426067628183, 0.559700355341549, 0.5068765646363879], "number_hours_available_for_inspection": [231, 222, 213], "expected_number_hours_required_for_repair": [1.2562938733929132, 1.3548603986954282, 1.486602166850834, 1.2774299045346253], "number_hours_available_for_repair": [398, 497, 461], "warehouse_capacity_of_facility": [943, 869, 936], "cost_of_inspection": [10.625860383605444, 12.412852135256367, 11.19400710683098, 10.137531292727758], "expected_cost_of_repair": [36.53949542220147, 39.877849558180785, 44.05091653946684, 37.012516155322196], "cost_of_transportation": [60, 111], "holding_cost": [2.122273854251476, 2.3312651855207327, 1.9525560604307164], "rejection_cost": [1390927.0, 1390927.0, 1390927.0, 1390927.0]}