{"container_types": 4, "number_of_facilities": 2, "container_quality_level": 5, "time_periods": 14, "number_containers_arriving_to_facility_zero": [[164, 223, 227, 289, 204, 183, 241, 239, 146, 211, 202, 274, 285, 179], [239, 160, 215, 151, 130, 294, 119, 141, 165, 107, 227, 101, 198, 287], [126, 286, 111, 274, 130, 138, 245, 228, 208, 200, 171, 171, 184, 177], [134, 139, 279, 287, 232, 183, 157, 152, 130, 131, 154, 142, 252, 125]], "number_unexpected_containers_at_facilities": [[24, 34, 3], [44, 20, 19], [37, 48, 91], [16, 92, 15]], "number_good_quality_containers_at_facilities": [[34, 53, 45], [21, 29, 80], [50, 43, 90], [79, 17, 83]], "containers_demand_for_clients": [[234, 225, 170, 174, 169, 199, 215, 238, 172, 167, 209, 199, 183, 215], [196, 262, 263, 251, 255, 233, 266, 263, 254, 216, 225, 222, 195, 260], [165, 204, 215, 235, 178, 205, 166, 230, 194, 185, 171, 200, 201, 225], [232, 218, 239, 176, 254, 237, 203, 243, 218, 256, 189, 208, 244, 204]], "transportation_capacity": 650, "probability_original_quality_level": [[5.0, 17.0, 13.0, 27.0, 24.0, 11.0, 3.0], [7.0, 23.0, 12.0, 14.0, 11.0, 33.0, 0.0], [7.0, 10.0, 37.0, 18.0, 11.0, 16.0, 1.0], [10.0, 24.0, 10.0, 13.0, 30.0, 8.0, 5.0]], "number_hours_required_for_inspection": [0.8326354074410418, 0.7053088373843637, 0.6679317851094778, 0.7719825102219614], "number_hours_available_for_inspection": [340, 255, 315], "expected_number_hours_required_for_repair": [1.3589264814772437, 1.5632510264163257, 1.4726656063201853, 1.276734182219145], "number_hours_available_for_repair": [498, 384, 420], "warehouse_capacity_of_facility": [814, 880, 768], "cost_of_inspection": [16.652708148820835, 14.106176747687273, 13.358635702189556, 15.439650204439229], "expected_cost_of_repair": [40.04530340426177, 45.60275003096658, 43.23860627879527, 36.61420864622987], "cost_of_transportation": [146, 140], "holding_cost": [2.443095273978394, 1.6345081969726987, 1.348958137526274], "rejection_cost": [1765705.0, 1765705.0, 1765705.0, 1765705.0]}