{"container_types": 4, "number_of_facilities": 2, "container_quality_level": 5, "time_periods": 14, "number_containers_arriving_to_facility_zero": [[250, 264, 227, 179, 142, 275, 251, 201, 149, 104, 256, 125, 234, 101], [158, 174, 165, 221, 187, 221, 268, 113, 240, 245, 245, 235, 201, 215], [155, 282, 183, 220, 279, 157, 155, 266, 139, 161, 210, 202, 135, 210], [257, 274, 119, 105, 265, 257, 280, 161, 248, 105, 168, 203, 277, 182]], "number_unexpected_containers_at_facilities": [[33, 4, 70], [19, 68, 70], [57, 40, 72], [43, 29, 72]], "number_good_quality_containers_at_facilities": [[42, 27, 44], [79, 29, 71], [9, 28, 11], [80, 89, 30]], "containers_demand_for_clients": [[217, 228, 213, 186, 229, 237, 245, 232, 225, 242, 210, 258, 225, 216], [237, 248, 209, 218, 192, 206, 246, 205, 185, 190, 222, 234, 230, 190], [188, 231, 186, 192, 212, 271, 247, 219, 225, 236, 271, 191, 206, 235], [179, 186, 179, 188, 194, 221, 237, 235, 231, 213, 210, 198, 211, 219]], "transportation_capacity": 573, "probability_original_quality_level": [[8.0, 8.0, 10.0, 7.0, 31.0, 35.0, 1.0], [5.0, 4.0, 2.0, 35.0, 13.0, 39.0, 2.0], [6.0, 16.0, 21.0, 30.0, 21.0, 5.0, 1.0], [7.0, 19.0, 16.0, 18.0, 20.0, 16.0, 4.0]], "number_hours_required_for_inspection": [0.6851133298723757, 0.6384110867341758, 0.8044672123713212, 0.7145439758905503], "number_hours_available_for_inspection": [296, 320, 283], "expected_number_hours_required_for_repair": [1.6094321975452923, 1.6592045056031082, 1.3791019215658376, 1.4064984758518801], "number_hours_available_for_repair": [594, 452, 471], "warehouse_capacity_of_facility": [915, 801, 882], "cost_of_inspection": [13.702266597447515, 12.768221734683516, 16.089344247426425, 14.290879517811007], "expected_cost_of_repair": [47.0794153030233, 48.84841341553474, 40.71948334423024, 41.22509366178425], "cost_of_transportation": [117, 115], "holding_cost": [2.3936839504154044, 2.0975593806937933, 1.313876711496161], "rejection_cost": [1430055.0, 1430055.0, 1430055.0, 1430055.0]}