{"container_types": 4, "number_of_facilities": 2, "container_quality_level": 5, "time_periods": 14, "number_containers_arriving_to_facility_zero": [[104, 119, 106, 117, 183, 109, 145, 283, 288, 139, 242, 144, 126, 123], [166, 265, 175, 187, 117, 209, 180, 218, 294, 209, 145, 249, 134, 274], [216, 137, 149, 159, 188, 177, 225, 121, 169, 222, 143, 207, 136, 240], [103, 118, 205, 234, 289, 288, 175, 197, 263, 142, 191, 260, 198, 267]], "number_unexpected_containers_at_facilities": [[95, 8, 12], [99, 40, 77], [42, 15, 54], [46, 54, 7]], "number_good_quality_containers_at_facilities": [[37, 6, 24], [37, 20, 23], [12, 98, 47], [71, 81, 87]], "containers_demand_for_clients": [[199, 260, 238, 213, 260, 221, 191, 246, 224, 236, 213, 192, 267, 220], [192, 203, 193, 157, 203, 170, 149, 181, 202, 193, 156, 149, 138, 198], [221, 258, 182, 231, 253, 242, 248, 184, 260, 238, 238, 190, 241, 190], [220, 221, 185, 181, 205, 215, 166, 204, 201, 196, 222, 201, 191, 173]], "transportation_capacity": 520, "probability_original_quality_level": [[6.0, 6.0, 27.0, 10.0, 27.0, 24.0, 0.0], [8.0, 11.0, 32.0, 7.0, 19.0, 22.0, 1.0], [8.0, 18.0, 5.0, 27.0, 13.0, 26.0, 3.0], [10.0, 13.0, 28.0, 1.0, 23.0, 22.0, 3.0]], "number_hours_required_for_inspection": [0.6169157840086245, 0.8798399452096629, 0.9063113070525868, 0.7016100553004876], "number_hours_available_for_inspection": [277, 361, 332], "expected_number_hours_required_for_repair": [1.527346291602937, 1.3987694718127228, 1.4043858203238448, 1.4338924134107844], "number_hours_available_for_repair": [435, 412, 452], "warehouse_capacity_of_facility": [844, 747, 849], "cost_of_inspection": [12.338315680172489, 17.596798904193257, 18.126226141051735, 14.032201106009751], "expected_cost_of_repair": [45.16551774800775, 40.52765316384535, 40.68139208282252, 41.06986362010851], "cost_of_transportation": [96, 141], "holding_cost": [2.4482868904339528, 1.8747141983813451, 1.4938289892528445], "rejection_cost": [1489133.0, 1489133.0, 1489133.0, 1489133.0]}