{"container_types": 4, "number_of_facilities": 2, "container_quality_level": 5, "time_periods": 14, "number_containers_arriving_to_facility_zero": [[278, 169, 251, 278, 145, 213, 284, 248, 140, 179, 208, 115, 225, 230], [165, 201, 164, 141, 144, 250, 177, 285, 204, 238, 137, 147, 151, 228], [280, 249, 122, 275, 126, 222, 141, 107, 274, 263, 232, 189, 289, 231], [104, 233, 209, 199, 199, 208, 161, 194, 296, 152, 232, 241, 282, 100]], "number_unexpected_containers_at_facilities": [[20, 13, 10], [16, 43, 7], [39, 89, 63], [28, 52, 47]], "number_good_quality_containers_at_facilities": [[65, 99, 9], [34, 51, 75], [83, 14, 66], [8, 97, 73]], "containers_demand_for_clients": [[245, 217, 244, 193, 215, 198, 180, 239, 219, 255, 248, 229, 230, 221], [233, 252, 210, 226, 272, 261, 252, 199, 190, 210, 222, 221, 204, 246], [185, 214, 194, 200, 179, 171, 167, 163, 212, 201, 212, 236, 236, 202], [238, 235, 192, 251, 221, 243, 253, 230, 284, 205, 274, 238, 246, 216]], "transportation_capacity": 643, "probability_original_quality_level": [[10.0, 12.0, 19.0, 15.0, 17.0, 23.0, 4.0], [10.0, 8.0, 28.0, 25.0, 15.0, 11.0, 3.0], [7.0, 0.0, 28.0, 16.0, 16.0, 30.0, 3.0], [7.0, 6.0, 2.0, 23.0, 32.0, 28.0, 2.0]], "number_hours_required_for_inspection": [0.3523192521683451, 0.8197472878007618, 0.8139951265579308, 0.6109718446382144], "number_hours_available_for_inspection": [343, 284, 284], "expected_number_hours_required_for_repair": [1.4480380604703458, 1.3385802067305599, 1.447052188233281, 1.6352866527419974], "number_hours_available_for_repair": [421, 591, 581], "warehouse_capacity_of_facility": [929, 877, 978], "cost_of_inspection": [7.046385043366902, 16.394945756015236, 16.279902531158616, 12.21943689276429], "expected_cost_of_repair": [41.784806922286435, 38.4957347538679, 42.3133095760565, 47.7711974269973], "cost_of_transportation": [154, 94], "holding_cost": [2.078579605598903, 1.647473275950434, 1.4827962966502057], "rejection_cost": [1860530.0, 1860530.0, 1860530.0, 1860530.0]}