{"container_types": 4, "number_of_facilities": 2, "container_quality_level": 5, "time_periods": 14, "number_containers_arriving_to_facility_zero": [[104, 204, 100, 290, 134, 261, 208, 126, 100, 243, 100, 125, 264, 285], [131, 239, 122, 242, 288, 171, 110, 223, 279, 240, 180, 232, 224, 228], [263, 253, 297, 227, 147, 276, 204, 257, 130, 240, 220, 182, 210, 139], [263, 291, 280, 266, 195, 124, 190, 121, 192, 215, 178, 272, 150, 274]], "number_unexpected_containers_at_facilities": [[47, 53, 73], [76, 67, 70], [84, 92, 66], [6, 76, 43]], "number_good_quality_containers_at_facilities": [[74, 26, 86], [28, 71, 12], [21, 99, 68], [77, 4, 67]], "containers_demand_for_clients": [[210, 239, 260, 187, 259, 256, 191, 277, 213, 203, 245, 226, 270, 193], [173, 179, 171, 173, 177, 206, 216, 173, 227, 175, 175, 237, 233, 236], [202, 185, 240, 273, 239, 249, 275, 267, 226, 241, 200, 233, 192, 237], [256, 237, 224, 265, 220, 244, 200, 202, 236, 211, 283, 285, 207, 273]], "transportation_capacity": 511, "probability_original_quality_level": [[8.0, 11.0, 24.0, 30.0, 17.0, 9.0, 1.0], [10.0, 28.0, 31.0, 15.0, 8.0, 4.0, 4.0], [8.0, 41.0, 2.0, 20.0, 20.0, 6.0, 3.0], [5.0, 26.0, 11.0, 1.0, 38.0, 19.0, 0.0]], "number_hours_required_for_inspection": [0.5774988613831733, 0.8033539682185925, 0.8034252949907877, 0.9004507337472067], "number_hours_available_for_inspection": [323, 306, 349], "expected_number_hours_required_for_repair": [1.3378791345945817, 1.1277630670688368, 1.234464565343316, 1.4499916431744888], "number_hours_available_for_repair": [463, 502, 487], "warehouse_capacity_of_facility": [956, 903, 850], "cost_of_inspection": [11.549977227663465, 16.06707936437185, 16.068505899815754, 18.009014674944133], "expected_cost_of_repair": [38.88474905331703, 32.484678509331985, 36.139632874875446, 42.620258666337705], "cost_of_transportation": [102, 85], "holding_cost": [2.1826226351913482, 1.5771659375274982, 1.7547875381875737], "rejection_cost": [1218940.0, 1218940.0, 1218940.0, 1218940.0]}