{"container_types": 4, "number_of_facilities": 2, "container_quality_level": 5, "time_periods": 14, "number_containers_arriving_to_facility_zero": [[266, 118, 285, 283, 173, 124, 217, 141, 203, 243, 162, 124, 181, 113], [128, 223, 258, 275, 249, 140, 251, 136, 107, 220, 212, 214, 194, 188], [209, 286, 251, 216, 175, 284, 143, 106, 191, 104, 195, 150, 292, 207], [253, 255, 103, 219, 176, 212, 240, 239, 299, 173, 200, 164, 297, 109]], "number_unexpected_containers_at_facilities": [[8, 9, 23], [62, 33, 53], [57, 43, 5], [29, 79, 59]], "number_good_quality_containers_at_facilities": [[42, 72, 46], [37, 84, 77], [30, 63, 65], [84, 89, 69]], "containers_demand_for_clients": [[277, 239, 281, 270, 282, 214, 197, 248, 242, 199, 267, 215, 264, 261], [190, 212, 212, 229, 162, 213, 188, 208, 213, 190, 182, 177, 174, 221], [234, 195, 261, 263, 210, 198, 224, 194, 265, 230, 209, 257, 255, 219], [219, 257, 186, 230, 257, 246, 202, 194, 205, 253, 183, 194, 236, 230]], "transportation_capacity": 507, "probability_original_quality_level": [[9.0, 0.0, 30.0, 19.0, 9.0, 32.0, 1.0], [7.0, 18.0, 0.0, 30.0, 12.0, 30.0, 3.0], [7.0, 21.0, 12.0, 22.0, 1.0, 36.0, 1.0], [7.0, 32.0, 8.0, 14.0, 26.0, 10.0, 3.0]], "number_hours_required_for_inspection": [0.6520657259382447, 0.6609142625921045, 0.7187630123260382, 0.33335177552790923], "number_hours_available_for_inspection": [216, 219, 223], "expected_number_hours_required_for_repair": [1.5111363943767868, 1.5323069989356959, 1.396131450889382, 1.3032578035143987], "number_hours_available_for_repair": [559, 460, 524], "warehouse_capacity_of_facility": [805, 862, 928], "cost_of_inspection": [13.041314518764896, 13.21828525184209, 14.375260246520764, 6.667035510558184], "expected_cost_of_repair": [43.78271023042277, 44.795953144788726, 40.861959018898546, 37.77909356686846], "cost_of_transportation": [94, 135], "holding_cost": [2.2101916891431785, 1.941274962742302, 1.7155381401041954], "rejection_cost": [1448102.0, 1448102.0, 1448102.0, 1448102.0]}