{"container_types": 4, "number_of_facilities": 2, "container_quality_level": 5, "time_periods": 14, "number_containers_arriving_to_facility_zero": [[112, 202, 192, 102, 298, 131, 149, 139, 159, 220, 295, 198, 230, 168], [206, 197, 182, 235, 139, 211, 157, 221, 242, 229, 154, 128, 161, 162], [193, 128, 144, 127, 225, 256, 299, 190, 292, 281, 103, 193, 169, 262], [279, 298, 111, 200, 146, 266, 255, 137, 222, 132, 159, 155, 174, 185]], "number_unexpected_containers_at_facilities": [[86, 4, 82], [26, 11, 57], [79, 52, 75], [76, 55, 28]], "number_good_quality_containers_at_facilities": [[84, 17, 49], [11, 12, 20], [24, 88, 13], [66, 69, 95]], "containers_demand_for_clients": [[189, 221, 254, 225, 193, 190, 229, 262, 181, 210, 196, 184, 259, 186], [190, 173, 232, 221, 213, 210, 201, 212, 244, 214, 219, 233, 206, 211], [193, 208, 216, 211, 193, 209, 189, 185, 208, 232, 199, 194, 214, 212], [224, 194, 227, 261, 217, 223, 250, 249, 195, 227, 270, 194, 205, 229]], "transportation_capacity": 634, "probability_original_quality_level": [[7.0, 11.0, 23.0, 15.0, 28.0, 16.0, 0.0], [10.0, 30.0, 4.0, 3.0, 19.0, 29.0, 5.0], [6.0, 13.0, 35.0, 27.0, 1.0, 18.0, 0.0], [9.0, 3.0, 37.0, 12.0, 3.0, 34.0, 2.0]], "number_hours_required_for_inspection": [0.9083154850525951, 0.588303137646991, 0.8834197504311408, 0.534619414021699], "number_hours_available_for_inspection": [372, 321, 306], "expected_number_hours_required_for_repair": [1.4869109830927867, 1.3539270046706255, 1.3236544380136726, 1.4355324243272363], "number_hours_available_for_repair": [480, 452, 478], "warehouse_capacity_of_facility": [896, 782, 850], "cost_of_inspection": [18.1663097010519, 11.76606275293982, 17.668395008622817, 10.69238828043398], "expected_cost_of_repair": [43.38274407237904, 38.757707784632984, 38.658077359978755, 41.336634784895715], "cost_of_transportation": [65, 72], "holding_cost": [2.852009996976035, 2.249714052534106, 1.9695204723078272], "rejection_cost": [1217776.0, 1217776.0, 1217776.0, 1217776.0]}