{"container_types": 4, "number_of_facilities": 2, "container_quality_level": 5, "time_periods": 14, "number_containers_arriving_to_facility_zero": [[200, 213, 241, 123, 289, 100, 216, 150, 205, 262, 209, 205, 184, 131], [284, 278, 260, 150, 157, 159, 145, 127, 292, 101, 235, 160, 172, 187], [165, 218, 192, 182, 241, 153, 149, 168, 270, 295, 211, 209, 145, 119], [123, 187, 132, 171, 279, 293, 114, 175, 280, 160, 191, 136, 298, 140]], "number_unexpected_containers_at_facilities": [[21, 64, 28], [98, 32, 1], [16, 65, 96], [39, 37, 41]], "number_good_quality_containers_at_facilities": [[16, 37, 88], [52, 34, 92], [19, 32, 82], [92, 30, 22]], "containers_demand_for_clients": [[224, 175, 241, 182, 243, 237, 184, 251, 233, 171, 214, 182, 174, 239], [223, 180, 220, 180, 231, 193, 219, 213, 198, 191, 180, 180, 172, 171], [198, 218, 215, 222, 202, 204, 254, 176, 193, 243, 203, 228, 179, 216], [238, 247, 232, 222, 179, 216, 226, 244, 221, 197, 183, 188, 207, 218]], "transportation_capacity": 489, "probability_original_quality_level": [[10.0, 3.0, 28.0, 12.0, 9.0, 34.0, 4.0], [5.0, 5.0, 25.0, 25.0, 14.0, 24.0, 2.0], [8.0, 27.0, 27.0, 13.0, 1.0, 21.0, 3.0], [6.0, 14.0, 1.0, 56.0, 17.0, 5.0, 1.0]], "number_hours_required_for_inspection": [0.33981809669420715, 0.5681714628316025, 0.9150660126415918, 0.9633111280270317], "number_hours_available_for_inspection": [254, 318, 303], "expected_number_hours_required_for_repair": [1.4738482767302943, 1.5015657024232218, 1.1867903270553293, 1.5300769959149592], "number_hours_available_for_repair": [375, 400, 426], "warehouse_capacity_of_facility": [871, 837, 810], "cost_of_inspection": [6.796361933884143, 11.363429256632049, 18.301320252831836, 19.266222560540633], "expected_cost_of_repair": [42.220369047865375, 44.49404061132929, 34.36678587446158, 44.864039626177664], "cost_of_transportation": [159, 80], "holding_cost": [2.5277222953212437, 1.542576761086556, 1.3947339877172547], "rejection_cost": [1538227.0, 1538227.0, 1538227.0, 1538227.0]}