{"container_types": 4, "number_of_facilities": 2, "container_quality_level": 9, "time_periods": 14, "number_containers_arriving_to_facility_zero": [[271, 164, 277, 241, 114, 228, 122, 228, 230, 168, 290, 213, 242, 188], [203, 289, 127, 266, 149, 257, 217, 188, 214, 213, 202, 294, 280, 162], [282, 250, 248, 281, 166, 249, 209, 263, 126, 203, 283, 177, 110, 112], [295, 158, 243, 210, 277, 295, 183, 233, 157, 100, 154, 153, 207, 273]], "number_unexpected_containers_at_facilities": [[98, 24, 43], [96, 87, 79], [79, 17, 68], [6, 4, 45]], "number_good_quality_containers_at_facilities": [[36, 88, 11], [36, 76, 39], [96, 56, 95], [9, 89, 53]], "containers_demand_for_clients": [[248, 212, 212, 248, 248, 267, 211, 211, 231, 266, 256, 182, 181, 234], [234, 225, 206, 236, 238, 231, 256, 245, 194, 201, 260, 193, 236, 212], [285, 267, 221, 255, 287, 203, 288, 271, 240, 287, 276, 243, 206, 239], [257, 218, 276, 235, 270, 202, 262, 209, 222, 258, 192, 285, 250, 242]], "transportation_capacity": 517, "probability_original_quality_level": [[5.0, 16.0, 11.0, 11.0, 9.0, 13.0, 11.0, 13.0, 0.0, 7.0, 4.0], [5.0, 14.0, 1.0, 7.0, 17.0, 22.0, 0.0, 10.0, 8.0, 11.0, 5.0], [8.0, 15.0, 8.0, 8.0, 6.0, 7.0, 15.0, 16.0, 8.0, 5.0, 4.0], [10.0, 4.0, 8.0, 6.0, 15.0, 16.0, 11.0, 4.0, 15.0, 11.0, 0.0]], "number_hours_required_for_inspection": [0.6354806426904441, 0.4470133294275585, 0.7123128460164094, 0.5571255707656763], "number_hours_available_for_inspection": [247, 271, 273], "expected_number_hours_required_for_repair": [1.7686035375071143, 1.9410886147885607, 1.9032111678109356, 2.1436391333376847], "number_hours_available_for_repair": [791, 776, 766], "warehouse_capacity_of_facility": [1033, 887, 943], "cost_of_inspection": [12.709612853808883, 8.94026658855117, 14.24625692032819, 11.142511415313525], "expected_cost_of_repair": [52.551493671191075, 57.490683203639456, 56.12139841382341, 62.9988408161453], "cost_of_transportation": [96, 128], "holding_cost": [2.241942694780696, 2.2112827486251034, 1.5763892544376754], "rejection_cost": [200.0, 200.0, 200.0, 200.0]}