{"container_types": 4, "number_of_facilities": 2, "container_quality_level": 9, "time_periods": 14, "number_containers_arriving_to_facility_zero": [[125, 143, 102, 285, 167, 223, 243, 272, 268, 121, 100, 112, 122, 273], [155, 140, 221, 110, 268, 109, 209, 231, 118, 278, 122, 157, 279, 189], [132, 118, 208, 285, 142, 145, 230, 296, 235, 227, 216, 222, 172, 171], [202, 239, 219, 187, 164, 220, 156, 154, 253, 229, 266, 249, 158, 260]], "number_unexpected_containers_at_facilities": [[45, 92, 25], [94, 99, 10], [94, 0, 1], [23, 10, 14]], "number_good_quality_containers_at_facilities": [[16, 33, 78], [84, 50, 2], [77, 47, 69], [94, 75, 49]], "containers_demand_for_clients": [[263, 193, 192, 271, 200, 218, 274, 259, 212, 207, 226, 235, 195, 226], [223, 216, 208, 176, 205, 228, 197, 185, 209, 187, 222, 220, 199, 236], [232, 204, 236, 236, 200, 166, 207, 239, 214, 232, 170, 187, 246, 193], [235, 218, 250, 177, 255, 236, 229, 245, 191, 238, 224, 195, 199, 217]], "transportation_capacity": 678, "probability_original_quality_level": [[7.0, 18.0, 21.0, 15.0, 8.0, 4.0, 2.0, 6.0, 0.0, 19.0, 0.0], [6.0, 0.0, 13.0, 17.0, 10.0, 11.0, 10.0, 10.0, 13.0, 6.0, 4.0], [9.0, 3.0, 4.0, 3.0, 16.0, 15.0, 14.0, 13.0, 8.0, 13.0, 2.0], [9.0, 13.0, 12.0, 8.0, 13.0, 10.0, 10.0, 14.0, 5.0, 5.0, 1.0]], "number_hours_required_for_inspection": [0.5730023283249968, 0.9614612781408575, 0.9776993328739731, 0.3739910702519864], "number_hours_available_for_inspection": [330, 295, 311], "expected_number_hours_required_for_repair": [1.7048270724772054, 2.0585220932059, 2.220656622589687, 1.8332582033355649], "number_hours_available_for_repair": [712, 643, 795], "warehouse_capacity_of_facility": [875, 931, 883], "cost_of_inspection": [11.460046566499935, 19.22922556281715, 19.553986657479463, 7.479821405039728], "expected_cost_of_repair": [50.33347926511351, 60.70964428135247, 65.04338142168923, 53.70441036881279], "cost_of_transportation": [116, 141], "holding_cost": [2.3933611259215137, 2.006964959155262, 1.5521297705390373], "rejection_cost": [200.0, 200.0, 200.0, 200.0]}