{"container_types": 4, "number_of_facilities": 2, "container_quality_level": 9, "time_periods": 14, "number_containers_arriving_to_facility_zero": [[152, 100, 150, 258, 120, 246, 189, 236, 247, 159, 217, 220, 176, 271], [156, 255, 212, 284, 139, 240, 120, 109, 247, 226, 114, 297, 141, 250], [219, 275, 169, 186, 273, 292, 213, 154, 213, 264, 210, 226, 222, 103], [237, 236, 253, 100, 246, 125, 138, 112, 238, 187, 286, 229, 264, 226]], "number_unexpected_containers_at_facilities": [[28, 93, 60], [57, 44, 14], [16, 58, 26], [59, 74, 36]], "number_good_quality_containers_at_facilities": [[47, 2, 48], [33, 51, 45], [67, 71, 26], [56, 71, 65]], "containers_demand_for_clients": [[247, 252, 234, 269, 240, 241, 262, 242, 188, 215, 244, 192, 203, 188], [188, 209, 187, 173, 233, 230, 255, 225, 195, 199, 223, 253, 235, 217], [191, 182, 214, 234, 235, 258, 209, 238, 181, 221, 190, 211, 248, 198], [197, 244, 230, 265, 201, 221, 230, 223, 196, 218, 212, 233, 251, 258]], "transportation_capacity": 690, "probability_original_quality_level": [[9.0, 16.0, 0.0, 4.0, 18.0, 11.0, 11.0, 5.0, 11.0, 12.0, 3.0], [9.0, 14.0, 15.0, 3.0, 7.0, 12.0, 7.0, 9.0, 11.0, 10.0, 3.0], [7.0, 19.0, 7.0, 0.0, 4.0, 9.0, 6.0, 20.0, 9.0, 18.0, 1.0], [7.0, 15.0, 3.0, 18.0, 1.0, 1.0, 1.0, 20.0, 17.0, 16.0, 1.0]], "number_hours_required_for_inspection": [0.3671749492135843, 0.43754821206212163, 0.47977879386272776, 0.7960382205163481], "number_hours_available_for_inspection": [269, 208, 266], "expected_number_hours_required_for_repair": [1.960232343468801, 1.88100598527633, 2.1340173041425974, 2.1918213347957645], "number_hours_available_for_repair": [694, 716, 620], "warehouse_capacity_of_facility": [863, 940, 830], "cost_of_inspection": [7.343498984271686, 8.750964241242432, 9.595575877254555, 15.920764410326962], "expected_cost_of_repair": [57.79153989711251, 55.284750447375785, 63.224495556807085, 64.71144094340164], "cost_of_transportation": [72, 70], "holding_cost": [2.451088742431231, 1.5333645190559175, 1.4731109288178503], "rejection_cost": [200.0, 200.0, 200.0, 200.0]}