{"container_types": 4, "number_of_facilities": 2, "container_quality_level": 9, "time_periods": 14, "number_containers_arriving_to_facility_zero": [[127, 292, 208, 100, 287, 197, 223, 231, 265, 288, 185, 178, 239, 287], [202, 286, 150, 125, 267, 238, 257, 132, 220, 107, 269, 126, 224, 195], [166, 248, 236, 290, 229, 288, 132, 104, 141, 187, 148, 102, 279, 120], [254, 158, 262, 284, 237, 245, 253, 101, 165, 273, 292, 128, 285, 218]], "number_unexpected_containers_at_facilities": [[38, 0, 82], [60, 63, 88], [49, 2, 87], [1, 62, 93]], "number_good_quality_containers_at_facilities": [[85, 4, 0], [19, 0, 91], [67, 47, 47], [95, 63, 77]], "containers_demand_for_clients": [[258, 221, 279, 231, 207, 223, 218, 205, 281, 267, 255, 218, 258, 279], [258, 267, 194, 280, 196, 255, 275, 260, 246, 204, 196, 240, 195, 195], [195, 240, 242, 206, 178, 212, 202, 227, 233, 207, 230, 248, 240, 236], [194, 249, 234, 215, 225, 191, 195, 250, 184, 184, 197, 233, 185, 171]], "transportation_capacity": 496, "probability_original_quality_level": [[8.0, 9.0, 0.0, 13.0, 23.0, 27.0, 0.0, 5.0, 1.0, 10.0, 4.0], [10.0, 5.0, 5.0, 11.0, 16.0, 6.0, 5.0, 20.0, 2.0, 15.0, 5.0], [5.0, 12.0, 14.0, 7.0, 15.0, 6.0, 16.0, 4.0, 13.0, 6.0, 2.0], [10.0, 7.0, 10.0, 9.0, 19.0, 4.0, 5.0, 5.0, 24.0, 7.0, 0.0]], "number_hours_required_for_inspection": [0.37346411438968935, 0.3995412971810856, 0.4015090754555108, 0.8822475175393744], "number_hours_available_for_inspection": [202, 242, 287], "expected_number_hours_required_for_repair": [1.784809068855437, 1.9929128390814528, 1.938709653091003, 2.138566965885781], "number_hours_available_for_repair": [746, 611, 818], "warehouse_capacity_of_facility": [920, 989, 906], "cost_of_inspection": [7.469282287793787, 7.990825943621712, 8.030181509110216, 17.644950350787486], "expected_cost_of_repair": [52.53484961132544, 58.70263929499071, 57.55986210963989, 62.40943392610351], "cost_of_transportation": [139, 162], "holding_cost": [2.9338718295300983, 2.3464575335038287, 1.5149311608466873], "rejection_cost": [200.0, 200.0, 200.0, 200.0]}