{"container_types": 4, "number_of_facilities": 2, "container_quality_level": 9, "time_periods": 14, "number_containers_arriving_to_facility_zero": [[156, 178, 122, 149, 145, 292, 140, 171, 152, 160, 272, 185, 147, 225], [251, 205, 197, 185, 110, 210, 121, 190, 254, 198, 228, 135, 209, 122], [229, 143, 124, 189, 284, 241, 102, 293, 223, 124, 145, 104, 194, 100], [161, 241, 280, 134, 196, 165, 143, 249, 210, 273, 131, 271, 147, 190]], "number_unexpected_containers_at_facilities": [[0, 53, 97], [15, 43, 5], [71, 50, 32], [82, 36, 71]], "number_good_quality_containers_at_facilities": [[88, 54, 9], [89, 36, 84], [5, 88, 95], [77, 77, 8]], "containers_demand_for_clients": [[193, 205, 237, 226, 240, 220, 211, 263, 220, 256, 245, 205, 233, 196], [201, 227, 178, 182, 198, 227, 230, 190, 229, 235, 182, 186, 166, 185], [245, 209, 235, 199, 213, 239, 203, 230, 220, 216, 233, 166, 167, 180], [203, 194, 170, 235, 200, 176, 216, 205, 209, 207, 171, 201, 193, 221]], "transportation_capacity": 517, "probability_original_quality_level": [[7.0, 6.0, 13.0, 2.0, 15.0, 8.0, 11.0, 0.0, 19.0, 15.0, 4.0], [8.0, 9.0, 10.0, 5.0, 12.0, 14.0, 2.0, 10.0, 11.0, 17.0, 2.0], [6.0, 19.0, 9.0, 11.0, 5.0, 3.0, 18.0, 10.0, 5.0, 14.0, 0.0], [5.0, 25.0, 2.0, 2.0, 24.0, 2.0, 19.0, 3.0, 2.0, 16.0, 0.0]], "number_hours_required_for_inspection": [0.9739779889322702, 0.7447200916227811, 0.49975230316459807, 0.7639026211118181], "number_hours_available_for_inspection": [369, 351, 349], "expected_number_hours_required_for_repair": [2.192148815131872, 2.109228881624318, 1.9906887401630404, 2.0318701102255647], "number_hours_available_for_repair": [626, 704, 628], "warehouse_capacity_of_facility": [904, 869, 787], "cost_of_inspection": [19.479559778645402, 14.894401832455621, 9.995046063291962, 15.27805242223636], "expected_cost_of_repair": [64.43039806217298, 61.84934357503627, 58.540219478803884, 60.21721295608613], "cost_of_transportation": [106, 168], "holding_cost": [2.0555738332260387, 1.6721692008668159, 1.3713372565229065], "rejection_cost": [200.0, 200.0, 200.0, 200.0]}