{"container_types": 4, "number_of_facilities": 2, "container_quality_level": 9, "time_periods": 14, "number_containers_arriving_to_facility_zero": [[247, 240, 104, 283, 224, 178, 296, 250, 284, 161, 209, 167, 127, 282], [132, 292, 119, 162, 238, 261, 122, 256, 118, 198, 292, 214, 291, 244], [198, 218, 237, 289, 155, 170, 148, 203, 160, 267, 127, 234, 223, 182], [257, 114, 123, 245, 163, 246, 113, 114, 105, 153, 121, 172, 135, 134]], "number_unexpected_containers_at_facilities": [[56, 0, 14], [62, 59, 23], [20, 34, 70], [71, 86, 75]], "number_good_quality_containers_at_facilities": [[19, 85, 76], [22, 85, 24], [45, 32, 21], [15, 53, 29]], "containers_demand_for_clients": [[203, 175, 160, 163, 194, 208, 198, 144, 215, 166, 205, 157, 174, 194], [237, 217, 253, 196, 217, 249, 275, 190, 274, 216, 251, 258, 209, 267], [228, 270, 184, 255, 215, 195, 216, 222, 193, 227, 231, 201, 208, 224], [206, 236, 249, 254, 240, 218, 233, 243, 254, 249, 223, 241, 191, 199]], "transportation_capacity": 492, "probability_original_quality_level": [[10.0, 9.0, 10.0, 14.0, 2.0, 11.0, 2.0, 6.0, 24.0, 7.0, 5.0], [7.0, 19.0, 13.0, 13.0, 10.0, 8.0, 8.0, 6.0, 4.0, 11.0, 1.0], [8.0, 0.0, 17.0, 4.0, 2.0, 2.0, 15.0, 8.0, 17.0, 22.0, 5.0], [10.0, 11.0, 9.0, 11.0, 6.0, 4.0, 11.0, 14.0, 12.0, 7.0, 5.0]], "number_hours_required_for_inspection": [0.721841567319278, 0.5057491836588999, 0.40061462909045803, 0.5662980041339428], "number_hours_available_for_inspection": [191, 210, 251], "expected_number_hours_required_for_repair": [1.9665940062171336, 1.7935115144753973, 2.2916876591787716, 1.8579405099616313], "number_hours_available_for_repair": [646, 731, 724], "warehouse_capacity_of_facility": [793, 782, 845], "cost_of_inspection": [14.43683134638556, 10.114983673177997, 8.012292581809161, 11.325960082678856], "expected_cost_of_repair": [57.772172014103944, 52.45612458591369, 67.86476037826726, 54.73147603793853], "cost_of_transportation": [153, 159], "holding_cost": [2.280907101456612, 1.5006088245947522, 1.163070635304421], "rejection_cost": [200.0, 200.0, 200.0, 200.0]}