{"container_types": 4, "number_of_facilities": 2, "container_quality_level": 9, "time_periods": 14, "number_containers_arriving_to_facility_zero": [[111, 114, 212, 191, 159, 117, 270, 158, 179, 164, 210, 228, 273, 286], [256, 161, 184, 171, 152, 122, 118, 269, 110, 231, 285, 272, 190, 215], [189, 100, 259, 273, 212, 272, 181, 288, 213, 120, 155, 151, 151, 223], [268, 241, 191, 102, 140, 155, 168, 270, 107, 112, 142, 211, 193, 176]], "number_unexpected_containers_at_facilities": [[48, 89, 16], [91, 30, 72], [75, 8, 71], [67, 40, 80]], "number_good_quality_containers_at_facilities": [[75, 19, 11], [83, 89, 37], [27, 7, 60], [30, 95, 54]], "containers_demand_for_clients": [[226, 218, 218, 203, 197, 233, 190, 230, 164, 187, 189, 187, 209, 187], [235, 178, 250, 188, 241, 213, 198, 188, 174, 208, 213, 212, 227, 215], [182, 224, 210, 220, 198, 246, 219, 213, 204, 240, 210, 230, 266, 257], [252, 187, 182, 240, 222, 174, 212, 208, 193, 222, 179, 184, 252, 186]], "transportation_capacity": 642, "probability_original_quality_level": [[9.0, 9.0, 9.0, 10.0, 16.0, 7.0, 1.0, 4.0, 17.0, 14.0, 4.0], [10.0, 2.0, 0.0, 15.0, 1.0, 11.0, 7.0, 8.0, 13.0, 29.0, 4.0], [9.0, 10.0, 5.0, 7.0, 10.0, 9.0, 11.0, 13.0, 5.0, 19.0, 2.0], [8.0, 15.0, 28.0, 1.0, 1.0, 13.0, 0.0, 8.0, 14.0, 11.0, 1.0]], "number_hours_required_for_inspection": [0.6069248007105014, 0.4647547369578539, 0.8478949401409764, 0.881722500785876], "number_hours_available_for_inspection": [320, 271, 322], "expected_number_hours_required_for_repair": [1.9916528316146656, 2.3468025116519637, 2.116803816850707, 1.9351290337169718], "number_hours_available_for_repair": [821, 721, 873], "warehouse_capacity_of_facility": [779, 829, 848], "cost_of_inspection": [12.138496014210027, 9.295094739157078, 16.95789880281953, 17.63445001571752], "expected_cost_of_repair": [58.23135717838134, 68.73918170167303, 62.07418472632139, 57.0339987845085], "cost_of_transportation": [103, 127], "holding_cost": [2.4237597636600183, 2.279263148807278, 1.1905329023145503], "rejection_cost": [200.0, 200.0, 200.0, 200.0]}