{"container_types": 4, "number_of_facilities": 2, "container_quality_level": 9, "time_periods": 14, "number_containers_arriving_to_facility_zero": [[272, 155, 271, 162, 179, 166, 170, 169, 124, 228, 173, 118, 176, 224], [281, 113, 257, 299, 240, 136, 230, 246, 143, 297, 198, 176, 265, 226], [151, 200, 246, 217, 254, 287, 182, 295, 175, 136, 144, 152, 126, 127], [248, 267, 107, 207, 240, 150, 189, 230, 214, 101, 129, 292, 107, 215]], "number_unexpected_containers_at_facilities": [[62, 28, 15], [26, 42, 22], [30, 3, 56], [23, 13, 95]], "number_good_quality_containers_at_facilities": [[39, 81, 63], [26, 8, 87], [98, 91, 24], [14, 84, 86]], "containers_demand_for_clients": [[178, 251, 227, 251, 181, 254, 176, 256, 213, 241, 228, 199, 176, 209], [243, 173, 212, 224, 202, 220, 193, 190, 182, 243, 178, 243, 220, 230], [282, 225, 276, 200, 256, 189, 265, 229, 211, 281, 257, 227, 279, 194], [203, 194, 210, 254, 194, 251, 188, 201, 241, 198, 237, 203, 242, 246]], "transportation_capacity": 471, "probability_original_quality_level": [[6.0, 3.0, 17.0, 19.0, 13.0, 11.0, 13.0, 3.0, 0.0, 14.0, 1.0], [5.0, 5.0, 3.0, 9.0, 5.0, 13.0, 10.0, 10.0, 16.0, 21.0, 3.0], [6.0, 4.0, 14.0, 8.0, 13.0, 2.0, 10.0, 15.0, 21.0, 6.0, 1.0], [7.0, 0.0, 12.0, 5.0, 13.0, 19.0, 0.0, 15.0, 8.0, 20.0, 1.0]], "number_hours_required_for_inspection": [0.8890931636851357, 0.5723731358943414, 0.7624417883018655, 0.3494107861757242], "number_hours_available_for_inspection": [305, 324, 297], "expected_number_hours_required_for_repair": [1.951756929315168, 2.359045344038005, 2.16967541016795, 2.202787836689375], "number_hours_available_for_repair": [956, 897, 775], "warehouse_capacity_of_facility": [899, 831, 951], "cost_of_inspection": [17.781863273702715, 11.447462717886827, 15.24883576603731, 6.988215723514484], "expected_cost_of_repair": [57.88440625564122, 69.98699012214838, 64.1088274861261, 65.17720026814686], "cost_of_transportation": [96, 166], "holding_cost": [2.492675350525708, 2.3787502382400776, 1.2134991328236802], "rejection_cost": [200.0, 200.0, 200.0, 200.0]}