{"container_types": 4, "number_of_facilities": 2, "container_quality_level": 9, "time_periods": 14, "number_containers_arriving_to_facility_zero": [[223, 106, 108, 181, 176, 178, 267, 226, 299, 117, 284, 247, 280, 267], [180, 203, 294, 153, 129, 256, 114, 206, 222, 158, 208, 168, 263, 108], [159, 128, 208, 269, 168, 132, 222, 286, 231, 151, 199, 283, 294, 243], [153, 197, 130, 247, 180, 110, 182, 289, 122, 213, 191, 177, 159, 286]], "number_unexpected_containers_at_facilities": [[18, 85, 22], [81, 59, 30], [57, 28, 68], [41, 40, 95]], "number_good_quality_containers_at_facilities": [[74, 85, 13], [30, 85, 64], [89, 11, 22], [0, 38, 42]], "containers_demand_for_clients": [[183, 211, 192, 238, 167, 215, 193, 195, 188, 236, 229, 199, 230, 200], [247, 202, 226, 276, 221, 186, 257, 191, 242, 233, 194, 258, 243, 190], [220, 185, 255, 206, 247, 209, 181, 194, 175, 238, 232, 192, 209, 187], [198, 240, 199, 185, 190, 205, 254, 203, 201, 204, 196, 237, 225, 268]], "transportation_capacity": 647, "probability_original_quality_level": [[10.0, 12.0, 9.0, 6.0, 13.0, 13.0, 1.0, 13.0, 3.0, 20.0, 0.0], [6.0, 7.0, 3.0, 10.0, 14.0, 21.0, 10.0, 14.0, 2.0, 12.0, 1.0], [8.0, 1.0, 19.0, 15.0, 1.0, 16.0, 3.0, 4.0, 10.0, 19.0, 4.0], [9.0, 11.0, 5.0, 10.0, 13.0, 3.0, 6.0, 6.0, 16.0, 20.0, 1.0]], "number_hours_required_for_inspection": [0.7024464325778117, 0.3411146318570993, 0.6244398528139786, 0.33861561088814535], "number_hours_available_for_inspection": [265, 192, 218], "expected_number_hours_required_for_repair": [2.0555692905869747, 2.0914548393247627, 1.9946737692972727, 2.232990773458072], "number_hours_available_for_repair": [790, 691, 922], "warehouse_capacity_of_facility": [939, 946, 878], "cost_of_inspection": [14.048928651556235, 6.822292637141985, 12.488797056279573, 6.772312217762907], "expected_cost_of_repair": [60.320465371516555, 61.987093131989944, 58.83339561892694, 65.42500509431987], "cost_of_transportation": [83, 92], "holding_cost": [2.080113474161571, 2.2895534990346964, 1.8729122421786601], "rejection_cost": [200.0, 200.0, 200.0, 200.0]}