{"container_types": 4, "number_of_facilities": 2, "container_quality_level": 9, "time_periods": 14, "number_containers_arriving_to_facility_zero": [[256, 298, 189, 274, 248, 272, 281, 119, 125, 164, 290, 163, 104, 186], [204, 135, 116, 276, 245, 205, 123, 292, 232, 154, 205, 188, 200, 252], [263, 184, 182, 183, 240, 209, 280, 250, 231, 113, 113, 108, 254, 248], [246, 171, 145, 126, 187, 278, 205, 269, 110, 194, 236, 130, 251, 142]], "number_unexpected_containers_at_facilities": [[26, 72, 52], [15, 18, 14], [5, 96, 85], [88, 1, 5]], "number_good_quality_containers_at_facilities": [[79, 13, 98], [49, 25, 98], [18, 67, 14], [41, 11, 74]], "containers_demand_for_clients": [[225, 183, 234, 174, 174, 225, 184, 228, 204, 248, 235, 176, 209, 186], [194, 207, 206, 209, 215, 197, 276, 232, 228, 238, 249, 215, 222, 222], [238, 211, 197, 253, 212, 191, 212, 217, 253, 209, 252, 247, 226, 220], [253, 196, 211, 234, 235, 260, 239, 207, 197, 259, 261, 211, 258, 247]], "transportation_capacity": 688, "probability_original_quality_level": [[8.0, 13.0, 0.0, 0.0, 3.0, 17.0, 17.0, 13.0, 16.0, 13.0, 0.0], [6.0, 11.0, 11.0, 12.0, 13.0, 0.0, 2.0, 13.0, 15.0, 12.0, 5.0], [6.0, 8.0, 8.0, 8.0, 11.0, 8.0, 5.0, 17.0, 11.0, 14.0, 4.0], [8.0, 1.0, 21.0, 17.0, 2.0, 14.0, 1.0, 7.0, 21.0, 4.0, 4.0]], "number_hours_required_for_inspection": [0.4715568291877998, 0.38932167780819305, 0.7893399760631431, 0.6915517795807608], "number_hours_available_for_inspection": [308, 279, 241], "expected_number_hours_required_for_repair": [2.341034406832195, 1.9359369659581025, 2.1745621300647557, 1.9213189860975441], "number_hours_available_for_repair": [642, 628, 852], "warehouse_capacity_of_facility": [862, 851, 805], "cost_of_inspection": [9.431136583755995, 7.7864335561638605, 15.786799521262862, 13.831035591615215], "expected_cost_of_repair": [68.84547927547766, 56.96950375854882, 64.0874870331861, 56.827936676247084], "cost_of_transportation": [129, 113], "holding_cost": [2.991831243576061, 1.5211496277219436, 1.9508705052116904], "rejection_cost": [200.0, 200.0, 200.0, 200.0]}