{"container_types": 4, "number_of_facilities": 2, "container_quality_level": 9, "time_periods": 14, "number_containers_arriving_to_facility_zero": [[158, 181, 235, 207, 282, 168, 109, 249, 294, 271, 251, 292, 220, 288], [137, 247, 101, 103, 236, 235, 284, 200, 268, 110, 117, 231, 240, 242], [247, 233, 112, 130, 217, 241, 240, 139, 260, 218, 292, 264, 184, 215], [200, 188, 259, 281, 195, 212, 262, 150, 243, 284, 247, 173, 267, 157]], "number_unexpected_containers_at_facilities": [[41, 36, 22], [58, 29, 24], [96, 66, 1], [3, 63, 31]], "number_good_quality_containers_at_facilities": [[59, 63, 15], [32, 65, 91], [82, 19, 28], [76, 67, 83]], "containers_demand_for_clients": [[235, 222, 243, 218, 220, 289, 278, 266, 207, 258, 241, 227, 245, 258], [258, 279, 268, 268, 248, 256, 293, 228, 266, 292, 291, 232, 218, 256], [174, 203, 197, 245, 254, 235, 183, 260, 215, 251, 180, 203, 190, 255], [228, 248, 206, 268, 247, 265, 267, 257, 210, 264, 235, 205, 280, 240]], "transportation_capacity": 562, "probability_original_quality_level": [[8.0, 8.0, 13.0, 11.0, 10.0, 3.0, 4.0, 11.0, 12.0, 15.0, 5.0], [6.0, 20.0, 24.0, 7.0, 4.0, 0.0, 16.0, 13.0, 0.0, 10.0, 0.0], [6.0, 18.0, 5.0, 3.0, 7.0, 12.0, 12.0, 7.0, 5.0, 25.0, 0.0], [5.0, 8.0, 4.0, 25.0, 20.0, 7.0, 4.0, 6.0, 2.0, 18.0, 1.0]], "number_hours_required_for_inspection": [0.41086785863203773, 0.5991706097674286, 0.4638388153937728, 0.41586131039030527], "number_hours_available_for_inspection": [243, 252, 255], "expected_number_hours_required_for_repair": [2.014128910227038, 1.8011193520669735, 2.219870660014468, 1.986304641047192], "number_hours_available_for_repair": [642, 913, 949], "warehouse_capacity_of_facility": [857, 977, 1003], "cost_of_inspection": [8.217357172640755, 11.983412195348572, 9.276776307875457, 8.317226207806105], "expected_cost_of_repair": [58.834297131790294, 53.385984765892914, 65.45406795823236, 58.98425549790497], "cost_of_transportation": [119, 147], "holding_cost": [2.816076122231669, 1.5294246276778187, 1.7022900100984129], "rejection_cost": [200.0, 200.0, 200.0, 200.0]}