{"container_types": 4, "number_of_facilities": 2, "container_quality_level": 9, "time_periods": 14, "number_containers_arriving_to_facility_zero": [[126, 161, 188, 236, 262, 233, 211, 109, 258, 218, 226, 274, 124, 228], [146, 281, 286, 160, 237, 256, 233, 147, 207, 124, 209, 275, 290, 168], [272, 152, 270, 246, 214, 122, 278, 162, 223, 155, 119, 247, 226, 119], [242, 129, 186, 209, 250, 293, 141, 145, 201, 275, 186, 123, 257, 166]], "number_unexpected_containers_at_facilities": [[17, 42, 86], [18, 12, 37], [5, 62, 90], [10, 47, 14]], "number_good_quality_containers_at_facilities": [[31, 56, 3], [73, 62, 59], [40, 79, 0], [28, 93, 93]], "containers_demand_for_clients": [[204, 224, 191, 237, 230, 260, 249, 235, 261, 190, 248, 256, 253, 205], [252, 205, 219, 181, 199, 248, 207, 244, 200, 257, 224, 176, 176, 224], [241, 221, 273, 278, 266, 220, 271, 193, 190, 246, 266, 190, 271, 276], [187, 243, 219, 258, 242, 222, 229, 230, 200, 210, 177, 254, 184, 244]], "transportation_capacity": 662, "probability_original_quality_level": [[6.0, 8.0, 15.0, 4.0, 15.0, 5.0, 14.0, 13.0, 12.0, 8.0, 0.0], [6.0, 14.0, 1.0, 13.0, 4.0, 4.0, 6.0, 10.0, 21.0, 21.0, 0.0], [10.0, 12.0, 18.0, 13.0, 4.0, 10.0, 8.0, 20.0, 0.0, 3.0, 2.0], [8.0, 8.0, 7.0, 9.0, 14.0, 7.0, 4.0, 2.0, 14.0, 25.0, 2.0]], "number_hours_required_for_inspection": [0.33378476047925676, 0.6054767966171677, 0.6988212618463919, 0.5148708743437946], "number_hours_available_for_inspection": [255, 218, 201], "expected_number_hours_required_for_repair": [2.0818348988050515, 2.314781059518233, 1.7228642587814358, 2.204474819274513], "number_hours_available_for_repair": [654, 702, 749], "warehouse_capacity_of_facility": [919, 806, 825], "cost_of_inspection": [6.675695209585135, 12.109535932343354, 13.976425236927838, 10.297417486875894], "expected_cost_of_repair": [61.555014971769445, 68.81892994210546, 50.39054003116429, 64.70749827717816], "cost_of_transportation": [158, 75], "holding_cost": [2.787661902753898, 1.6780452599778042, 1.605403566638321], "rejection_cost": [200.0, 200.0, 200.0, 200.0]}