{"container_types": 4, "number_of_facilities": 2, "container_quality_level": 9, "time_periods": 14, "number_containers_arriving_to_facility_zero": [[106, 201, 163, 101, 131, 148, 238, 127, 190, 202, 130, 145, 256, 147], [138, 235, 116, 247, 180, 184, 187, 260, 267, 279, 205, 298, 254, 236], [185, 255, 148, 222, 243, 196, 282, 210, 221, 211, 146, 296, 285, 117], [233, 225, 271, 206, 249, 211, 287, 104, 201, 162, 134, 173, 194, 216]], "number_unexpected_containers_at_facilities": [[87, 89, 8], [18, 39, 20], [46, 1, 39], [71, 76, 33]], "number_good_quality_containers_at_facilities": [[79, 51, 30], [17, 68, 75], [35, 51, 27], [19, 62, 40]], "containers_demand_for_clients": [[211, 236, 253, 258, 203, 268, 246, 213, 232, 252, 193, 262, 208, 199], [162, 190, 167, 189, 199, 201, 221, 182, 182, 169, 188, 217, 185, 181], [274, 214, 201, 220, 234, 233, 242, 271, 248, 228, 221, 225, 227, 264], [183, 273, 241, 270, 235, 210, 265, 219, 253, 206, 246, 196, 189, 185]], "transportation_capacity": 578, "probability_original_quality_level": [[10.0, 1.0, 10.0, 0.0, 13.0, 18.0, 2.0, 16.0, 0.0, 26.0, 4.0], [5.0, 16.0, 4.0, 18.0, 10.0, 11.0, 0.0, 3.0, 16.0, 15.0, 2.0], [9.0, 6.0, 14.0, 8.0, 5.0, 14.0, 12.0, 16.0, 5.0, 9.0, 2.0], [10.0, 9.0, 9.0, 14.0, 10.0, 0.0, 9.0, 3.0, 14.0, 17.0, 5.0]], "number_hours_required_for_inspection": [0.5166571763846103, 0.513191250781775, 0.7959493544472223, 0.34488476588183103], "number_hours_available_for_inspection": [210, 195, 257], "expected_number_hours_required_for_repair": [2.2376793128018577, 1.9986547906767946, 1.9907421513500667, 1.9917811264831158], "number_hours_available_for_repair": [773, 634, 762], "warehouse_capacity_of_facility": [963, 823, 929], "cost_of_inspection": [10.333143527692206, 10.263825015635499, 15.918987088944444, 6.897695317636621], "expected_cost_of_repair": [65.8875711299932, 59.134901201311294, 58.712359577185424, 57.784554956297946], "cost_of_transportation": [96, 86], "holding_cost": [2.4146640074602344, 2.1460634465710777, 1.0594835920368801], "rejection_cost": [200.0, 200.0, 200.0, 200.0]}