{"container_types": 4, "number_of_facilities": 2, "container_quality_level": 9, "time_periods": 14, "number_containers_arriving_to_facility_zero": [[127, 237, 186, 131, 265, 119, 275, 109, 260, 107, 244, 253, 168, 208], [137, 272, 295, 273, 106, 167, 174, 240, 187, 290, 294, 161, 121, 280], [218, 216, 166, 254, 237, 169, 257, 296, 147, 296, 260, 140, 125, 263], [170, 222, 174, 163, 149, 161, 141, 235, 281, 277, 154, 274, 298, 193]], "number_unexpected_containers_at_facilities": [[2, 28, 6], [24, 85, 94], [27, 51, 8], [22, 29, 72]], "number_good_quality_containers_at_facilities": [[2, 89, 83], [80, 22, 20], [77, 56, 37], [19, 51, 68]], "containers_demand_for_clients": [[231, 220, 197, 188, 269, 231, 224, 232, 262, 194, 213, 253, 253, 215], [202, 179, 201, 180, 218, 221, 225, 227, 170, 228, 182, 222, 225, 176], [209, 243, 196, 193, 211, 196, 240, 266, 195, 223, 274, 216, 228, 240], [206, 221, 279, 257, 229, 257, 252, 257, 213, 221, 236, 232, 218, 272]], "transportation_capacity": 664, "probability_original_quality_level": [[6.0, 14.0, 7.0, 8.0, 8.0, 12.0, 9.0, 9.0, 14.0, 12.0, 1.0], [7.0, 15.0, 8.0, 9.0, 14.0, 15.0, 4.0, 0.0, 12.0, 13.0, 3.0], [9.0, 13.0, 10.0, 13.0, 5.0, 0.0, 14.0, 3.0, 16.0, 15.0, 2.0], [5.0, 0.0, 5.0, 16.0, 9.0, 8.0, 25.0, 2.0, 21.0, 7.0, 2.0]], "number_hours_required_for_inspection": [0.5372224689446689, 0.5065227673929159, 0.7552878268928699, 0.6053048143826663], "number_hours_available_for_inspection": [275, 322, 305], "expected_number_hours_required_for_repair": [2.0778397918805758, 1.890677584851145, 2.0132082239317763, 2.200747784135315], "number_hours_available_for_repair": [700, 850, 940], "warehouse_capacity_of_facility": [935, 965, 956], "cost_of_inspection": [10.744449378893377, 10.130455347858318, 15.105756537857397, 12.106096287653326], "expected_cost_of_repair": [61.23325863591047, 55.5513276215203, 59.14891553361931, 65.17268626001082], "cost_of_transportation": [155, 85], "holding_cost": [2.694915948530533, 1.651304024295002, 1.2399845371249028], "rejection_cost": [200.0, 200.0, 200.0, 200.0]}