{"container_types": 4, "number_of_facilities": 2, "container_quality_level": 9, "time_periods": 14, "number_containers_arriving_to_facility_zero": [[238, 242, 297, 160, 270, 125, 176, 158, 118, 167, 184, 222, 120, 233], [132, 217, 128, 270, 264, 246, 216, 101, 147, 240, 283, 274, 166, 164], [270, 148, 101, 242, 118, 167, 100, 193, 111, 172, 277, 255, 262, 293], [140, 212, 274, 275, 201, 145, 141, 149, 161, 160, 168, 269, 256, 208]], "number_unexpected_containers_at_facilities": [[71, 59, 93], [2, 65, 74], [56, 44, 38], [40, 52, 35]], "number_good_quality_containers_at_facilities": [[74, 66, 42], [87, 95, 81], [63, 28, 2], [85, 49, 76]], "containers_demand_for_clients": [[199, 225, 188, 234, 238, 236, 254, 225, 237, 248, 202, 198, 184, 208], [260, 187, 250, 213, 220, 265, 250, 201, 212, 204, 260, 218, 263, 238], [253, 259, 212, 220, 260, 269, 275, 233, 263, 266, 238, 195, 239, 199], [217, 245, 234, 197, 243, 242, 177, 210, 245, 217, 238, 184, 239, 215]], "transportation_capacity": 545, "probability_original_quality_level": [[8.0, 12.0, 12.0, 6.0, 12.0, 11.0, 11.0, 0.0, 12.0, 14.0, 2.0], [7.0, 0.0, 1.0, 13.0, 8.0, 19.0, 6.0, 12.0, 9.0, 21.0, 4.0], [5.0, 3.0, 0.0, 9.0, 4.0, 17.0, 13.0, 14.0, 9.0, 22.0, 4.0], [9.0, 11.0, 11.0, 12.0, 7.0, 12.0, 6.0, 10.0, 8.0, 10.0, 4.0]], "number_hours_required_for_inspection": [0.37099195276413666, 0.3920917455583331, 0.49659761984810097, 0.9186679779935394], "number_hours_available_for_inspection": [249, 217, 246], "expected_number_hours_required_for_repair": [1.9622960071278337, 2.295727067438861, 2.4416414151230152, 1.8804338373483147], "number_hours_available_for_repair": [798, 794, 660], "warehouse_capacity_of_facility": [942, 836, 876], "cost_of_inspection": [7.419839055282733, 7.841834911166662, 9.93195239696202, 18.37335955987079], "expected_cost_of_repair": [57.788538265051265, 67.93546625797016, 72.52452329629597, 54.7415601047114], "cost_of_transportation": [153, 152], "holding_cost": [2.4231442881159517, 2.198959066933894, 1.247648164472499], "rejection_cost": [200.0, 200.0, 200.0, 200.0]}