{"container_types": 4, "number_of_facilities": 2, "container_quality_level": 9, "time_periods": 14, "number_containers_arriving_to_facility_zero": [[240, 223, 183, 210, 250, 233, 168, 242, 264, 229, 120, 203, 212, 297], [268, 209, 224, 185, 254, 121, 119, 181, 269, 217, 229, 153, 194, 169], [112, 283, 107, 147, 210, 227, 257, 174, 140, 178, 134, 149, 180, 158], [196, 216, 146, 195, 131, 105, 170, 283, 131, 138, 260, 119, 231, 161]], "number_unexpected_containers_at_facilities": [[65, 66, 65], [29, 5, 72], [68, 87, 91], [18, 62, 66]], "number_good_quality_containers_at_facilities": [[81, 8, 20], [40, 63, 57], [35, 42, 80], [70, 96, 1]], "containers_demand_for_clients": [[233, 223, 185, 204, 195, 196, 192, 181, 225, 185, 203, 206, 219, 160], [208, 225, 225, 260, 274, 201, 207, 268, 248, 224, 225, 237, 237, 241], [249, 240, 200, 223, 221, 175, 257, 226, 221, 176, 227, 215, 188, 243], [202, 175, 171, 243, 231, 211, 204, 204, 223, 234, 172, 169, 174, 188]], "transportation_capacity": 473, "probability_original_quality_level": [[9.0, 3.0, 10.0, 9.0, 2.0, 10.0, 16.0, 15.0, 7.0, 18.0, 1.0], [10.0, 12.0, 3.0, 5.0, 18.0, 9.0, 4.0, 8.0, 11.0, 20.0, 0.0], [10.0, 11.0, 14.0, 12.0, 2.0, 14.0, 11.0, 9.0, 5.0, 11.0, 1.0], [8.0, 13.0, 4.0, 13.0, 8.0, 6.0, 10.0, 3.0, 16.0, 18.0, 1.0]], "number_hours_required_for_inspection": [0.5077405831611953, 0.43000665366504065, 0.8191779806038539, 0.3944647990951109], "number_hours_available_for_inspection": [206, 253, 270], "expected_number_hours_required_for_repair": [2.2247796814646192, 2.1778568506373293, 1.9232722275386818, 2.2012069052016012], "number_hours_available_for_repair": [915, 844, 686], "warehouse_capacity_of_facility": [911, 804, 829], "cost_of_inspection": [10.154811663223906, 8.600133073300814, 16.38355961207708, 7.889295981902218], "expected_cost_of_repair": [65.07477608543823, 63.49748920309372, 56.63025264330655, 64.75809629663237], "cost_of_transportation": [66, 146], "holding_cost": [2.9839551655255985, 2.0317756314704183, 1.1805623889673127], "rejection_cost": [200.0, 200.0, 200.0, 200.0]}