{"container_types": 4, "number_of_facilities": 2, "container_quality_level": 9, "time_periods": 14, "number_containers_arriving_to_facility_zero": [[159, 117, 188, 263, 283, 130, 107, 160, 188, 246, 274, 232, 197, 212], [163, 256, 299, 101, 150, 267, 107, 292, 128, 298, 116, 162, 280, 229], [272, 148, 157, 208, 253, 146, 258, 148, 251, 219, 240, 204, 234, 202], [161, 193, 155, 150, 297, 239, 123, 229, 229, 259, 200, 239, 141, 163]], "number_unexpected_containers_at_facilities": [[18, 89, 32], [67, 81, 56], [55, 88, 9], [1, 24, 19]], "number_good_quality_containers_at_facilities": [[68, 2, 57], [66, 28, 5], [70, 7, 29], [52, 61, 65]], "containers_demand_for_clients": [[231, 196, 230, 248, 213, 238, 216, 255, 220, 221, 211, 214, 228, 180], [236, 179, 201, 255, 182, 199, 206, 213, 226, 177, 175, 257, 240, 193], [263, 236, 266, 237, 195, 181, 183, 229, 200, 264, 235, 258, 230, 217], [201, 252, 215, 249, 247, 188, 265, 229, 222, 201, 183, 220, 210, 198]], "transportation_capacity": 666, "probability_original_quality_level": [[8.0, 12.0, 13.0, 17.0, 15.0, 8.0, 12.0, 0.0, 5.0, 10.0, 0.0], [5.0, 9.0, 0.0, 7.0, 13.0, 2.0, 23.0, 9.0, 16.0, 11.0, 5.0], [10.0, 0.0, 4.0, 22.0, 6.0, 10.0, 2.0, 12.0, 5.0, 25.0, 4.0], [8.0, 16.0, 0.0, 11.0, 6.0, 12.0, 15.0, 10.0, 10.0, 7.0, 5.0]], "number_hours_required_for_inspection": [0.6656834734699991, 0.3485027965077646, 0.5240910023763857, 0.492103108438328], "number_hours_available_for_inspection": [206, 235, 265], "expected_number_hours_required_for_repair": [1.8335643924785827, 2.2031974236358254, 2.23114429238856, 1.963538258410847], "number_hours_available_for_repair": [789, 652, 839], "warehouse_capacity_of_facility": [869, 855, 889], "cost_of_inspection": [13.313669469399983, 6.970055930155292, 10.481820047527714, 9.84206216876656], "expected_cost_of_repair": [53.687109203354865, 65.54855621342291, 65.42128773091186, 57.318414836711874], "cost_of_transportation": [110, 100], "holding_cost": [2.816447412074483, 1.8480222708907714, 1.9697459915815219], "rejection_cost": [200.0, 200.0, 200.0, 200.0]}