{"container_types": 4, "number_of_facilities": 2, "container_quality_level": 9, "time_periods": 14, "number_containers_arriving_to_facility_zero": [[208, 235, 169, 149, 291, 116, 241, 131, 169, 279, 118, 279, 206, 120], [253, 136, 101, 277, 167, 119, 204, 202, 171, 167, 170, 178, 215, 287], [245, 200, 205, 219, 109, 156, 242, 294, 181, 282, 116, 255, 284, 195], [110, 221, 188, 227, 116, 125, 226, 195, 195, 171, 263, 227, 143, 155]], "number_unexpected_containers_at_facilities": [[74, 62, 15], [96, 30, 45], [55, 40, 39], [14, 53, 56]], "number_good_quality_containers_at_facilities": [[61, 34, 6], [98, 79, 17], [24, 0, 43], [50, 64, 83]], "containers_demand_for_clients": [[216, 165, 196, 215, 186, 244, 229, 186, 197, 233, 244, 235, 198, 239], [223, 250, 225, 213, 197, 217, 192, 186, 238, 235, 249, 248, 245, 247], [187, 240, 211, 235, 197, 218, 249, 181, 179, 191, 222, 238, 235, 223], [223, 227, 233, 267, 226, 214, 191, 226, 248, 266, 246, 196, 199, 223]], "transportation_capacity": 529, "probability_original_quality_level": [[10.0, 21.0, 25.0, 0.0, 0.0, 5.0, 11.0, 11.0, 11.0, 6.0, 0.0], [10.0, 20.0, 2.0, 6.0, 11.0, 2.0, 21.0, 3.0, 0.0, 20.0, 5.0], [8.0, 13.0, 1.0, 5.0, 10.0, 3.0, 7.0, 15.0, 17.0, 16.0, 5.0], [9.0, 12.0, 4.0, 2.0, 9.0, 10.0, 12.0, 16.0, 7.0, 16.0, 3.0]], "number_hours_required_for_inspection": [0.9858922573557108, 0.9618765097926972, 0.7213960762709439, 0.35536301967517203], "number_hours_available_for_inspection": [340, 377, 369], "expected_number_hours_required_for_repair": [1.7633016100000591, 1.8716784361704821, 2.2002447451368368, 2.189568403464804], "number_hours_available_for_repair": [768, 711, 745], "warehouse_capacity_of_facility": [807, 777, 923], "cost_of_inspection": [19.717845147114218, 19.237530195853946, 14.427921525418878, 7.107260393503441], "expected_cost_of_repair": [51.12842695415962, 54.90176844043221, 64.9437486001063, 64.09706027230101], "cost_of_transportation": [137, 75], "holding_cost": [2.4938311106739133, 1.6141352013825174, 1.51432744820531], "rejection_cost": [200.0, 200.0, 200.0, 200.0]}