{"container_types": 4, "number_of_facilities": 2, "container_quality_level": 9, "time_periods": 14, "number_containers_arriving_to_facility_zero": [[252, 239, 293, 180, 100, 160, 174, 220, 284, 285, 193, 277, 274, 102], [291, 277, 294, 149, 228, 274, 288, 113, 173, 276, 227, 119, 166, 185], [133, 246, 184, 116, 212, 183, 274, 290, 229, 214, 275, 246, 103, 181], [126, 225, 264, 184, 261, 255, 156, 225, 165, 297, 228, 100, 232, 261]], "number_unexpected_containers_at_facilities": [[86, 51, 4], [13, 71, 13], [59, 50, 46], [47, 56, 66]], "number_good_quality_containers_at_facilities": [[67, 92, 85], [29, 76, 47], [81, 28, 56], [42, 41, 11]], "containers_demand_for_clients": [[244, 255, 185, 242, 246, 217, 229, 227, 246, 261, 239, 272, 223, 246], [267, 234, 246, 237, 285, 229, 278, 237, 257, 268, 269, 235, 227, 235], [228, 272, 216, 267, 246, 190, 189, 219, 221, 222, 278, 253, 229, 208], [241, 266, 236, 183, 243, 232, 270, 213, 209, 272, 239, 256, 253, 217]], "transportation_capacity": 661, "probability_original_quality_level": [[6.0, 3.0, 18.0, 3.0, 5.0, 21.0, 4.0, 7.0, 12.0, 21.0, 0.0], [9.0, 11.0, 12.0, 0.0, 0.0, 2.0, 9.0, 18.0, 21.0, 18.0, 0.0], [10.0, 15.0, 11.0, 11.0, 12.0, 6.0, 7.0, 3.0, 5.0, 19.0, 1.0], [7.0, 16.0, 0.0, 10.0, 13.0, 0.0, 15.0, 4.0, 14.0, 16.0, 5.0]], "number_hours_required_for_inspection": [0.6907802333575106, 0.5037721305580529, 0.687474937009006, 0.5424088016640785], "number_hours_available_for_inspection": [272, 277, 262], "expected_number_hours_required_for_repair": [2.211678306462174, 2.312171226898619, 1.8860986126977823, 2.0217090395018515], "number_hours_available_for_repair": [886, 877, 701], "warehouse_capacity_of_facility": [991, 980, 1012], "cost_of_inspection": [13.815604667150211, 10.075442611161058, 13.749498740180119, 10.848176033281568], "expected_cost_of_repair": [65.2259859935451, 67.89113696613667, 55.29482392838395, 59.84079208382652], "cost_of_transportation": [142, 87], "holding_cost": [2.8910310546697113, 2.243130355189434, 1.7732427654472005], "rejection_cost": [200.0, 200.0, 200.0, 200.0]}