{"container_types": 4, "number_of_facilities": 2, "container_quality_level": 9, "time_periods": 14, "number_containers_arriving_to_facility_zero": [[284, 271, 281, 286, 198, 182, 103, 287, 265, 280, 131, 197, 184, 284], [171, 166, 142, 132, 179, 238, 167, 136, 253, 284, 170, 282, 107, 175], [189, 151, 150, 140, 123, 198, 125, 170, 114, 293, 231, 164, 227, 289], [256, 201, 188, 292, 232, 108, 298, 155, 228, 127, 108, 235, 119, 142]], "number_unexpected_containers_at_facilities": [[53, 22, 55], [85, 22, 60], [81, 9, 29], [71, 78, 93]], "number_good_quality_containers_at_facilities": [[26, 30, 46], [77, 33, 23], [72, 72, 92], [18, 55, 6]], "containers_demand_for_clients": [[247, 212, 254, 230, 181, 197, 223, 220, 217, 217, 172, 230, 213, 194], [271, 227, 207, 264, 251, 287, 251, 256, 223, 258, 210, 199, 292, 241], [209, 198, 172, 221, 209, 226, 181, 187, 174, 176, 248, 202, 189, 217], [183, 222, 231, 244, 205, 169, 230, 242, 247, 211, 234, 223, 221, 202]], "transportation_capacity": 477, "probability_original_quality_level": [[10.0, 9.0, 15.0, 9.0, 2.0, 23.0, 15.0, 2.0, 4.0, 9.0, 2.0], [8.0, 3.0, 7.0, 4.0, 11.0, 11.0, 6.0, 14.0, 23.0, 11.0, 2.0], [7.0, 12.0, 17.0, 13.0, 8.0, 4.0, 5.0, 15.0, 5.0, 13.0, 1.0], [8.0, 0.0, 4.0, 9.0, 6.0, 10.0, 11.0, 15.0, 15.0, 18.0, 4.0]], "number_hours_required_for_inspection": [0.7401806226033971, 0.5152670189784458, 0.6110999447208096, 0.8496568036133932], "number_hours_available_for_inspection": [308, 265, 267], "expected_number_hours_required_for_repair": [1.8172856268342086, 2.2722756742958214, 1.9026514904595586, 2.3684648356624245], "number_hours_available_for_repair": [821, 657, 685], "warehouse_capacity_of_facility": [847, 806, 869], "cost_of_inspection": [14.803612452067942, 10.305340379568918, 12.221998894416192, 16.993136072267866], "expected_cost_of_repair": [53.178589377764865, 66.6720932224538, 56.12316634328181, 69.56525871510058], "cost_of_transportation": [70, 99], "holding_cost": [2.2041988684088087, 2.0051277789055035, 1.1639616119881717], "rejection_cost": [200.0, 200.0, 200.0, 200.0]}